{"config_name": "recursive_grid_0days",
 "logging_level": 0,
 "long": {"auto_unstuck_ema_dist": 0.002529618376948829,
          "auto_unstuck_wallet_exposure_threshold": 0.02894320382356861,
          "backwards_tp": true,
          "ddown_factor": 1.3635720925239054,
          "ema_span_0": 870.0444785423299,
          "ema_span_1": 185.4258469734295,
          "enabled": true,
          "initial_eprice_ema_dist": -0.0031868186477742905,
          "initial_qty_pct": 0.01,
          "markup_range": 0.007609112155078453,
          "min_markup": 0.0050206598765095145,
          "n_close_orders": 7,
          "rentry_pprice_dist": 0.029702688124187564,
          "rentry_pprice_dist_wallet_exposure_weighting": 0.0,
          "wallet_exposure_limit": 1.0},
 "short": {"auto_unstuck_ema_dist": 0.0012853192152176367,
           "auto_unstuck_wallet_exposure_threshold": 0.042055767564731485,
           "backwards_tp": true,
           "ddown_factor": 2.0133270971620547,
           "ema_span_0": 1161.373858572891,
           "ema_span_1": 52.60936439606938,
           "enabled": true,
           "initial_eprice_ema_dist": 0.0016953690806597503,
           "initial_qty_pct": 0.012953123689028193,
           "markup_range": 0.005819469323415894,
           "min_markup": 0.0015218317574201314,
           "n_close_orders": 5,
           "rentry_pprice_dist": 0.043517480191269754,
           "rentry_pprice_dist_wallet_exposure_weighting": 0.007198509103276211,
           "wallet_exposure_limit": 1.0}}