{"config_name": "recursive_grid_0days",
 "logging_level": 0,
 "long": {"auto_unstuck_ema_dist": 2.6919190951484382e-05,
          "auto_unstuck_wallet_exposure_threshold": 0.02998835673386585,
          "backwards_tp": true,
          "ddown_factor": 1.1314854668577574,
          "ema_span_0": 1332.3154077989375,
          "ema_span_1": 956.5475868830773,
          "enabled": true,
          "initial_eprice_ema_dist": 0.002047330104522076,
          "initial_qty_pct": 0.025325895559672944,
          "markup_range": 0.003985680135517919,
          "min_markup": 0.004077435966135286,
          "n_close_orders": 16,
          "rentry_pprice_dist": 0.04486957898571809,
          "rentry_pprice_dist_wallet_exposure_weighting": 1.154617425480739,
          "wallet_exposure_limit": 1},
 "short": {"auto_unstuck_ema_dist": 0.002345784905635298,
           "auto_unstuck_wallet_exposure_threshold": 0.05,
           "backwards_tp": true,
           "ddown_factor": 0.5157933578914586,
           "ema_span_0": 1439.7527625174487,
           "ema_span_1": 959.0859732640511,
           "enabled": true,
           "initial_eprice_ema_dist": 0.0025,
           "initial_qty_pct": 0.01662130151366287,
           "markup_range": 0.0001439939835805866,
           "min_markup": 0.005364203874738252,
           "n_close_orders": 15,
           "rentry_pprice_dist": 0.039406159986287506,
           "rentry_pprice_dist_wallet_exposure_weighting": 11.480683490582809,
           "wallet_exposure_limit": 1}}