{"config_name": "recursive_grid_0days",
 "logging_level": 0,
 "long": {"auto_unstuck_ema_dist": 0.0029420903699130902,
          "auto_unstuck_wallet_exposure_threshold": 0.029151397807844235,
          "backwards_tp": true,
          "ddown_factor": 1.2269810706315025,
          "ema_span_0": 457.03201425304786,
          "ema_span_1": 729.010783195327,
          "enabled": true,
          "initial_eprice_ema_dist": 0.0025,
          "initial_qty_pct": 0.02611424722084893,
          "markup_range": 0.0,
          "min_markup": 0.005424658988677223,
          "n_close_orders": 7,
          "rentry_pprice_dist": 0.027475982413212415,
          "rentry_pprice_dist_wallet_exposure_weighting": 5.996809623853549,
          "wallet_exposure_limit": 1.0},
 "short": {"auto_unstuck_ema_dist": 0.0023295364551669385,
           "auto_unstuck_wallet_exposure_threshold": 0.025545028678714686,
           "backwards_tp": true,
           "ddown_factor": 0.9767670356694778,
           "ema_span_0": 1124.4065897257826,
           "ema_span_1": 13.187569897338802,
           "enabled": true,
           "initial_eprice_ema_dist": -0.0019262611302291468,
           "initial_qty_pct": 0.016892848107940117,
           "markup_range": 0.005287911917106235,
           "min_markup": 0.004799321168340925,
           "n_close_orders": 8,
           "rentry_pprice_dist": 0.026191520702066325,
           "rentry_pprice_dist_wallet_exposure_weighting": 0.5664227525692911,
           "wallet_exposure_limit": 1.0}}