{"config_name": "recursive_grid_0days",
 "logging_level": 0,
 "long": {"auto_unstuck_ema_dist": 0.0022989835491086397,
          "auto_unstuck_wallet_exposure_threshold": 0.02702849029708939,
          "backwards_tp": true,
          "ddown_factor": 2.53728006788048,
          "ema_span_0": 1263.0412639535318,
          "ema_span_1": 564.5796242378158,
          "enabled": true,
          "initial_eprice_ema_dist": -0.07467329656526021,
          "initial_qty_pct": 0.011093255701680715,
          "markup_range": 0.0017978983305347244,
          "min_markup": 0.004176527087772508,
          "n_close_orders": 8,
          "rentry_pprice_dist": 0.0436731040739546,
          "rentry_pprice_dist_wallet_exposure_weighting": 2.5048709329596717,
          "wallet_exposure_limit": 1.0},
 "short": {"auto_unstuck_ema_dist": 0.002948762548076437,
           "auto_unstuck_wallet_exposure_threshold": 0.04039064909760435,
           "backwards_tp": true,
           "ddown_factor": 0.697329750668658,
           "ema_span_0": 184.34855972634512,
           "ema_span_1": 756.0219147669843,
           "enabled": true,
           "initial_eprice_ema_dist": -0.0006085600593631354,
           "initial_qty_pct": 0.01024252351859541,
           "markup_range": 0.0034798419854635923,
           "min_markup": 0.003840976527325819,
           "n_close_orders": 13,
           "rentry_pprice_dist": 0.04824701017361229,
           "rentry_pprice_dist_wallet_exposure_weighting": 2.8005025844650398e-05,
           "wallet_exposure_limit": 1.0}}