{"config_name": "recursive_grid_0days",
 "logging_level": 0,
 "long": {"auto_unstuck_ema_dist": 0.002800397265497633,
          "auto_unstuck_wallet_exposure_threshold": 0.02552223859189303,
          "backwards_tp": true,
          "ddown_factor": 0.852951790939134,
          "ema_span_0": 663.1057874355339,
          "ema_span_1": 709.9156124786249,
          "enabled": true,
          "initial_eprice_ema_dist": -0.0704659772550869,
          "initial_qty_pct": 0.013529264066020527,
          "markup_range": 0.00755706752870977,
          "min_markup": 0.0024225850515593936,
          "n_close_orders": 4,
          "rentry_pprice_dist": 0.040968429818591445,
          "rentry_pprice_dist_wallet_exposure_weighting": 1.172206185688139,
          "wallet_exposure_limit": 1.0},
 "short": {"auto_unstuck_ema_dist": 0.0007889871661522812,
           "auto_unstuck_wallet_exposure_threshold": 0.0387743303124009,
           "backwards_tp": true,
           "ddown_factor": 2.771526417158799,
           "ema_span_0": 1325.6632077132926,
           "ema_span_1": 245.7727086815599,
           "enabled": true,
           "initial_eprice_ema_dist": -0.00868367622009996,
           "initial_qty_pct": 0.01786943349783852,
           "markup_range": 0.0,
           "min_markup": 0.0051079580631914435,
           "n_close_orders": 6,
           "rentry_pprice_dist": 0.03774992451801042,
           "rentry_pprice_dist_wallet_exposure_weighting": 2.115560861185336,
           "wallet_exposure_limit": 1.0}}