{"config_name": "recursive_grid_0days",
 "logging_level": 0,
 "long": {"auto_unstuck_ema_dist": 0.0012529221923899747,
          "auto_unstuck_wallet_exposure_threshold": 0.040755497032000015,
          "backwards_tp": true,
          "ddown_factor": 1.3634397091685748,
          "ema_span_0": 1197.0620773121489,
          "ema_span_1": 66.00478089622737,
          "enabled": true,
          "initial_eprice_ema_dist": -0.006971609307278805,
          "initial_qty_pct": 0.01904526132672659,
          "markup_range": 0.007957486198625517,
          "min_markup": 0.0021398874070013294,
          "n_close_orders": 3,
          "rentry_pprice_dist": 0.03844990706986418,
          "rentry_pprice_dist_wallet_exposure_weighting": 2.1119016895489273,
          "wallet_exposure_limit": 1.0},
 "short": {"auto_unstuck_ema_dist": 0.0005161836023176029,
           "auto_unstuck_wallet_exposure_threshold": 0.03200893125241942,
           "backwards_tp": true,
           "ddown_factor": 0.44467775934984477,
           "ema_span_0": 1359.0741853944592,
           "ema_span_1": 464.83125589812613,
           "enabled": true,
           "initial_eprice_ema_dist": -0.008944993350202707,
           "initial_qty_pct": 0.012061719433482486,
           "markup_range": 0.004662755938094238,
           "min_markup": 0.005930877277803358,
           "n_close_orders": 8,
           "rentry_pprice_dist": 0.027701639902275265,
           "rentry_pprice_dist_wallet_exposure_weighting": 5.734835486072381,
           "wallet_exposure_limit": 1.0}}