{"config_name": "recursive_grid_0days",
 "logging_level": 0,
 "long": {"auto_unstuck_ema_dist": 0.0029848689358742274,
          "auto_unstuck_wallet_exposure_threshold": 0.034526817139762134,
          "backwards_tp": true,
          "ddown_factor": 0.294224114411436,
          "ema_span_0": 1323.6897373665904,
          "ema_span_1": 607.840607135428,
          "enabled": true,
          "initial_eprice_ema_dist": -0.008615928636680894,
          "initial_qty_pct": 0.014826431921360302,
          "markup_range": 0.005605820558073377,
          "min_markup": 0.0019731290789845235,
          "n_close_orders": 12,
          "rentry_pprice_dist": 0.04840742885333941,
          "rentry_pprice_dist_wallet_exposure_weighting": 2.6611093305565654,
          "wallet_exposure_limit": 1},
 "short": {"auto_unstuck_ema_dist": 0.002344206022306647,
           "auto_unstuck_wallet_exposure_threshold": 0.03339350167030392,
           "backwards_tp": true,
           "ddown_factor": 1.5139728894522764,
           "ema_span_0": 1209.6781743247057,
           "ema_span_1": 341.2927796579497,
           "enabled": true,
           "initial_eprice_ema_dist": -0.0015538183484476728,
           "initial_qty_pct": 0.010958532480309773,
           "markup_range": 0.0015696455629685105,
           "min_markup": 0.006339171183029832,
           "n_close_orders": 5,
           "rentry_pprice_dist": 0.015857471346415727,
           "rentry_pprice_dist_wallet_exposure_weighting": 6.477239509901674,
           "wallet_exposure_limit": 1}}