{"config_name": "recursive_grid_0days",
 "logging_level": 0,
 "long": {"auto_unstuck_ema_dist": 0.002589612345428582,
          "auto_unstuck_wallet_exposure_threshold": 0.040211168547214335,
          "backwards_tp": true,
          "ddown_factor": 2.12813330164993,
          "ema_span_0": 5.911721327587987,
          "ema_span_1": 1171.017044410714,
          "enabled": true,
          "initial_eprice_ema_dist": -0.0020921655623194566,
          "initial_qty_pct": 0.010148913896843057,
          "markup_range": 0.0005099392351876322,
          "min_markup": 0.00236554769502829,
          "n_close_orders": 15,
          "rentry_pprice_dist": 0.021559490663666633,
          "rentry_pprice_dist_wallet_exposure_weighting": 2.592914129908088,
          "wallet_exposure_limit": 1},
 "short": {"auto_unstuck_ema_dist": 0.0001140393261795737,
           "auto_unstuck_wallet_exposure_threshold": 0.03483498933885213,
           "backwards_tp": true,
           "ddown_factor": 0.4891381497668792,
           "ema_span_0": 718.8218157511031,
           "ema_span_1": 121.55119898078526,
           "enabled": true,
           "initial_eprice_ema_dist": 0.0023779268295617394,
           "initial_qty_pct": 0.010012705476701423,
           "markup_range": 5.399249829918063e-05,
           "min_markup": 0.0018725641923089682,
           "n_close_orders": 12,
           "rentry_pprice_dist": 0.017564025676618526,
           "rentry_pprice_dist_wallet_exposure_weighting": 4.458676108514271,
           "wallet_exposure_limit": 1}}