{"config_name": "recursive_grid_0days",
 "logging_level": 0,
 "long": {"auto_unstuck_ema_dist": 0.0005336322773600322,
          "auto_unstuck_wallet_exposure_threshold": 0.043376745271859446,
          "backwards_tp": true,
          "ddown_factor": 0.9030249225858307,
          "ema_span_0": 45.865984986368034,
          "ema_span_1": 199.71960077885893,
          "enabled": true,
          "initial_eprice_ema_dist": 0.0020750495699820358,
          "initial_qty_pct": 0.017623802955114128,
          "markup_range": 0.0034159972182408902,
          "min_markup": 0.002060076358451407,
          "n_close_orders": 5,
          "rentry_pprice_dist": 0.023573969960473944,
          "rentry_pprice_dist_wallet_exposure_weighting": 2.1099611817101356,
          "wallet_exposure_limit": 1.0},
 "short": {"auto_unstuck_ema_dist": 0.0001140393261795737,
           "auto_unstuck_wallet_exposure_threshold": 0.03483498933885213,
           "backwards_tp": true,
           "ddown_factor": 0.4891381497668792,
           "ema_span_0": 718.8218157511031,
           "ema_span_1": 121.55119898078526,
           "enabled": true,
           "initial_eprice_ema_dist": 0.0023779268295617394,
           "initial_qty_pct": 0.010012705476701423,
           "markup_range": 5.399249829918063e-05,
           "min_markup": 0.0018725641923089682,
           "n_close_orders": 12,
           "rentry_pprice_dist": 0.017564025676618526,
           "rentry_pprice_dist_wallet_exposure_weighting": 4.458676108514271,
           "wallet_exposure_limit": 1.0}}