{"config_name": "recursive_grid_0days",
 "logging_level": 0,
 "long": {"auto_unstuck_ema_dist": 0.0025765422937867226,
          "auto_unstuck_wallet_exposure_threshold": 0.02667462020524201,
          "backwards_tp": true,
          "ddown_factor": 0.9780514227141078,
          "ema_span_0": 1034.028943366633,
          "ema_span_1": 1233.9301691777505,
          "enabled": true,
          "initial_eprice_ema_dist": 0.0010109015811360991,
          "initial_qty_pct": 0.022537782908982312,
          "markup_range": 0.006502792058119411,
          "min_markup": 0.003200851378139565,
          "n_close_orders": 11,
          "rentry_pprice_dist": 0.035682923872540746,
          "rentry_pprice_dist_wallet_exposure_weighting": 3.210347943161577,
          "wallet_exposure_limit": 1.0},
 "short": {"auto_unstuck_ema_dist": 0.002992966790456509,
           "auto_unstuck_wallet_exposure_threshold": 0.029400223181671032,
           "backwards_tp": true,
           "ddown_factor": 1.355306726168762,
           "ema_span_0": 327.69800502306794,
           "ema_span_1": 941.6661151753606,
           "enabled": true,
           "initial_eprice_ema_dist": 0.002440623059882594,
           "initial_qty_pct": 0.012149709386305925,
           "markup_range": 0.005299134936254092,
           "min_markup": 0.009375275848946561,
           "n_close_orders": 5,
           "rentry_pprice_dist": 0.04255448901124661,
           "rentry_pprice_dist_wallet_exposure_weighting": 9.188988876887185,
           "wallet_exposure_limit": 1.0}}