{"config_name": "recursive_grid_0days",
 "logging_level": 0,
 "long": {"auto_unstuck_ema_dist": 0.002971408745999988,
          "auto_unstuck_wallet_exposure_threshold": 0.03191069539777101,
          "backwards_tp": true,
          "ddown_factor": 0.9823384025543069,
          "ema_span_0": 1355.333477512593,
          "ema_span_1": 814.387394052433,
          "enabled": true,
          "initial_eprice_ema_dist": -0.004140971515783996,
          "initial_qty_pct": 0.010915374274763934,
          "markup_range": 0.00577133792800028,
          "min_markup": 0.004425301313405335,
          "n_close_orders": 14,
          "rentry_pprice_dist": 0.021089888315468455,
          "rentry_pprice_dist_wallet_exposure_weighting": 3.6164260257145644,
          "wallet_exposure_limit": 1.0},
 "short": {"auto_unstuck_ema_dist": 0.0020897732980991774,
           "auto_unstuck_wallet_exposure_threshold": 0.02754153914919856,
           "backwards_tp": true,
           "ddown_factor": 1.783513436160345,
           "ema_span_0": 1308.6682636777878,
           "ema_span_1": 165.7650524924581,
           "enabled": true,
           "initial_eprice_ema_dist": 0.002479232049570458,
           "initial_qty_pct": 0.01681481742206656,
           "markup_range": 0.0006225033205784258,
           "min_markup": 0.004196880373097111,
           "n_close_orders": 4,
           "rentry_pprice_dist": 0.024973266832571565,
           "rentry_pprice_dist_wallet_exposure_weighting": 0.3128112013094905,
           "wallet_exposure_limit": 1.0}}