{"config_name": "recursive_grid_0days",
 "logging_level": 0,
 "long": {"auto_unstuck_ema_dist": 0.0005420704462259858,
          "auto_unstuck_wallet_exposure_threshold": 0.044062881483162626,
          "backwards_tp": true,
          "ddown_factor": 0.6272123085437107,
          "ema_span_0": 424.98071182517947,
          "ema_span_1": 1124.7213518442368,
          "enabled": true,
          "initial_eprice_ema_dist": 0.0024998422752016487,
          "initial_qty_pct": 0.015343510833087508,
          "markup_range": 0.003065321351040467,
          "min_markup": 0.004430401093598998,
          "n_close_orders": 12,
          "rentry_pprice_dist": 0.038302332298109004,
          "rentry_pprice_dist_wallet_exposure_weighting": 4.273683272622029,
          "wallet_exposure_limit": 1.0},
 "short": {"auto_unstuck_ema_dist": 0.002462159380430849,
           "auto_unstuck_wallet_exposure_threshold": 0.03158504829777252,
           "backwards_tp": true,
           "ddown_factor": 1.400276080423891,
           "ema_span_0": 17.13655001391044,
           "ema_span_1": 1244.332972183507,
           "enabled": true,
           "initial_eprice_ema_dist": -0.008111688864162423,
           "initial_qty_pct": 0.01213493507559322,
           "markup_range": 0.0026074226016330935,
           "min_markup": 0.006192934141781912,
           "n_close_orders": 7,
           "rentry_pprice_dist": 0.02374462017078883,
           "rentry_pprice_dist_wallet_exposure_weighting": 2.1908919848486055,
           "wallet_exposure_limit": 1.0}}