{"config_name": "recursive_grid_0days",
 "logging_level": 0,
 "long": {"auto_unstuck_ema_dist": 0.0028547964108230784,
          "auto_unstuck_wallet_exposure_threshold": 0.02899140639203901,
          "backwards_tp": true,
          "ddown_factor": 0.4956589497438791,
          "ema_span_0": 1323.9241894537565,
          "ema_span_1": 772.7177176280837,
          "enabled": true,
          "initial_eprice_ema_dist": 0.0015211503115571058,
          "initial_qty_pct": 0.011977475745283947,
          "markup_range": 0.0029487022384245857,
          "min_markup": 0.006472471988450983,
          "n_close_orders": 6,
          "rentry_pprice_dist": 0.020211166455542023,
          "rentry_pprice_dist_wallet_exposure_weighting": 3.5325005675524888,
          "wallet_exposure_limit": 1},
 "short": {"auto_unstuck_ema_dist": 0.0024169820841297815,
           "auto_unstuck_wallet_exposure_threshold": 0.03622101585885195,
           "backwards_tp": true,
           "ddown_factor": 2.8390648442746436,
           "ema_span_0": 82.82276752427993,
           "ema_span_1": 1001.6786622994331,
           "enabled": true,
           "initial_eprice_ema_dist": -0.0022182373885066622,
           "initial_qty_pct": 0.01933281378761903,
           "markup_range": 0.0001690408938587032,
           "min_markup": 0.006955371934720412,
           "n_close_orders": 13,
           "rentry_pprice_dist": 0.04287005162692838,
           "rentry_pprice_dist_wallet_exposure_weighting": 0.0,
           "wallet_exposure_limit": 1}}