{"config_name": "recursive_grid_0days",
 "logging_level": 0,
 "long": {"auto_unstuck_ema_dist": 0.002480954566615135,
          "auto_unstuck_wallet_exposure_threshold": 0.027011475369257715,
          "backwards_tp": true,
          "ddown_factor": 0.6794948309943367,
          "ema_span_0": 712.4877811106576,
          "ema_span_1": 1321.6638515566917,
          "enabled": true,
          "initial_eprice_ema_dist": 0.00039164363834582916,
          "initial_qty_pct": 0.01,
          "markup_range": 0.010902419052549815,
          "min_markup": 0.00937512228127932,
          "n_close_orders": 2,
          "rentry_pprice_dist": 0.0473706203952082,
          "rentry_pprice_dist_wallet_exposure_weighting": 3.513003647081004,
          "wallet_exposure_limit": 1},
 "short": {"auto_unstuck_ema_dist": 0.0021520973441985563,
           "auto_unstuck_wallet_exposure_threshold": 0.03998853817812128,
           "backwards_tp": true,
           "ddown_factor": 2.028937523986091,
           "ema_span_0": 615.320840351674,
           "ema_span_1": 1119.3584760438941,
           "enabled": true,
           "initial_eprice_ema_dist": -0.009211009631567253,
           "initial_qty_pct": 0.011103008637531794,
           "markup_range": 0.00686264756448551,
           "min_markup": 0.00819258290421578,
           "n_close_orders": 14,
           "rentry_pprice_dist": 0.034785705988306596,
           "rentry_pprice_dist_wallet_exposure_weighting": 3.889617033135329,
           "wallet_exposure_limit": 1}}