{"config_name": "recursive_grid_0days",
 "logging_level": 0,
 "long": {"auto_unstuck_ema_dist": 0.001835410041441785,
          "auto_unstuck_wallet_exposure_threshold": 0.03229808049354951,
          "backwards_tp": true,
          "ddown_factor": 0.46414790658567784,
          "ema_span_0": 967.1607641968792,
          "ema_span_1": 117.75718078138499,
          "enabled": true,
          "initial_eprice_ema_dist": -0.009629034251298432,
          "initial_qty_pct": 0.011774083327955605,
          "markup_range": 0.010732705477251867,
          "min_markup": 0.006503316709229608,
          "n_close_orders": 5,
          "rentry_pprice_dist": 0.030394998881163593,
          "rentry_pprice_dist_wallet_exposure_weighting": 1.4434523339498055,
          "wallet_exposure_limit": 1},
 "short": {"auto_unstuck_ema_dist": 0.002344206022306647,
           "auto_unstuck_wallet_exposure_threshold": 0.03339350167030392,
           "backwards_tp": true,
           "ddown_factor": 1.5139728894522764,
           "ema_span_0": 1209.6781743247057,
           "ema_span_1": 341.2927796579497,
           "enabled": true,
           "initial_eprice_ema_dist": -0.0015538183484476728,
           "initial_qty_pct": 0.010958532480309773,
           "markup_range": 0.0015696455629685105,
           "min_markup": 0.006339171183029832,
           "n_close_orders": 5,
           "rentry_pprice_dist": 0.015857471346415727,
           "rentry_pprice_dist_wallet_exposure_weighting": 6.477239509901674,
           "wallet_exposure_limit": 1}}