{"config_name": "recursive_grid_0days",
 "logging_level": 0,
 "long": {"auto_unstuck_ema_dist": 0.0019347172501999004,
          "auto_unstuck_wallet_exposure_threshold": 0.025102992533598954,
          "backwards_tp": true,
          "ddown_factor": 2.1823508072079147,
          "ema_span_0": 5.008537936070709,
          "ema_span_1": 927.2297033793692,
          "enabled": true,
          "initial_eprice_ema_dist": -0.06128547763897654,
          "initial_qty_pct": 0.015329494707861028,
          "markup_range": 0.0007657702228233568,
          "min_markup": 0.0022972378230585863,
          "n_close_orders": 16,
          "rentry_pprice_dist": 0.037897799807182095,
          "rentry_pprice_dist_wallet_exposure_weighting": 2.4486188028516804,
          "wallet_exposure_limit": 1},
 "short": {"auto_unstuck_ema_dist": 0.0025235883052327837,
           "auto_unstuck_wallet_exposure_threshold": 0.027563300738717468,
           "backwards_tp": true,
           "ddown_factor": 1.1114337031027939,
           "ema_span_0": 122.78790445883679,
           "ema_span_1": 466.8557961168145,
           "enabled": true,
           "initial_eprice_ema_dist": 0.0011396776352278946,
           "initial_qty_pct": 0.01061356718722278,
           "markup_range": 0.0025801442665862417,
           "min_markup": 0.006693901885162835,
           "n_close_orders": 14,
           "rentry_pprice_dist": 0.024189009496163094,
           "rentry_pprice_dist_wallet_exposure_weighting": 1.7668380427492956,
           "wallet_exposure_limit": 1}}