{"config_name": "recursive_grid_0days",
 "logging_level": 0,
 "long": {"auto_unstuck_ema_dist": 0.0014068100991629653,
          "auto_unstuck_wallet_exposure_threshold": 0.030066504353903668,
          "backwards_tp": true,
          "ddown_factor": 2.914329579724982,
          "ema_span_0": 1252.4614947154412,
          "ema_span_1": 1214.3757566232684,
          "enabled": true,
          "initial_eprice_ema_dist": 0.001179855645299852,
          "initial_qty_pct": 0.017790302769734163,
          "markup_range": 0.0005628486346149081,
          "min_markup": 0.006277810566334894,
          "n_close_orders": 13,
          "rentry_pprice_dist": 0.04080534387149283,
          "rentry_pprice_dist_wallet_exposure_weighting": 6.773438590076411,
          "wallet_exposure_limit": 1.0},
 "short": {"auto_unstuck_ema_dist": 0.002884608455054539,
           "auto_unstuck_wallet_exposure_threshold": 0.030722753289002865,
           "backwards_tp": true,
           "ddown_factor": 2.40629235182833,
           "ema_span_0": 568.7287608191168,
           "ema_span_1": 1417.734103699911,
           "enabled": true,
           "initial_eprice_ema_dist": 0.0018673906956455564,
           "initial_qty_pct": 0.02012952077372146,
           "markup_range": 0.002097389353441984,
           "min_markup": 0.0035333229418495326,
           "n_close_orders": 10,
           "rentry_pprice_dist": 0.0302323566548482,
           "rentry_pprice_dist_wallet_exposure_weighting": 3.699898476495882,
           "wallet_exposure_limit": 1.0}}