{"config_name": "recursive_grid_0days",
 "logging_level": 0,
 "long": {"auto_unstuck_ema_dist": 0.0011688534236658989,
          "auto_unstuck_wallet_exposure_threshold": 0.027484448311603904,
          "backwards_tp": true,
          "ddown_factor": 2.999927591002135,
          "ema_span_0": 916.6657272759754,
          "ema_span_1": 1019.2836275583759,
          "enabled": true,
          "initial_eprice_ema_dist": 0.002499101475338058,
          "initial_qty_pct": 0.01331275167470321,
          "markup_range": 0.0022336824396140893,
          "min_markup": 0.002784205747246699,
          "n_close_orders": 6,
          "rentry_pprice_dist": 0.047054782160113176,
          "rentry_pprice_dist_wallet_exposure_weighting": 5.457469878849881,
          "wallet_exposure_limit": 1},
 "short": {"auto_unstuck_ema_dist": 0.002291230234078525,
           "auto_unstuck_wallet_exposure_threshold": 0.03904166637871224,
           "backwards_tp": true,
           "ddown_factor": 1.91160352538953,
           "ema_span_0": 178.67556537618657,
           "ema_span_1": 1375.8727788100946,
           "enabled": true,
           "initial_eprice_ema_dist": -0.003326693376465993,
           "initial_qty_pct": 0.011688776207399656,
           "markup_range": 0.007602586803286844,
           "min_markup": 0.003936065408748908,
           "n_close_orders": 10,
           "rentry_pprice_dist": 0.023482378088964268,
           "rentry_pprice_dist_wallet_exposure_weighting": 4.9103005337247945,
           "wallet_exposure_limit": 1}}