{"config_name": "recursive_grid_0days",
 "logging_level": 0,
 "long": {"auto_unstuck_ema_dist": 0.0011688534236658989,
          "auto_unstuck_wallet_exposure_threshold": 0.027484448311603904,
          "backwards_tp": true,
          "ddown_factor": 2.999927591002135,
          "ema_span_0": 916.6657272759754,
          "ema_span_1": 1019.2836275583759,
          "enabled": true,
          "initial_eprice_ema_dist": 0.002499101475338058,
          "initial_qty_pct": 0.01331275167470321,
          "markup_range": 0.0022336824396140893,
          "min_markup": 0.002784205747246699,
          "n_close_orders": 6,
          "rentry_pprice_dist": 0.047054782160113176,
          "rentry_pprice_dist_wallet_exposure_weighting": 5.457469878849881,
          "wallet_exposure_limit": 1.0},
 "short": {"auto_unstuck_ema_dist": 0.0028234224013566124,
           "auto_unstuck_wallet_exposure_threshold": 0.029410239004199302,
           "backwards_tp": true,
           "ddown_factor": 2.3220509394084132,
           "ema_span_0": 423.07579183636494,
           "ema_span_1": 1432.4211017166378,
           "enabled": true,
           "initial_eprice_ema_dist": -0.0010674227683813511,
           "initial_qty_pct": 0.02558315751249361,
           "markup_range": 0.004709689283390562,
           "min_markup": 0.005094000742239336,
           "n_close_orders": 7,
           "rentry_pprice_dist": 0.047477470474722436,
           "rentry_pprice_dist_wallet_exposure_weighting": 3.2465944097072312,
           "wallet_exposure_limit": 1.0}}