{"config_name": "recursive_grid_0days",
 "logging_level": 0,
 "long": {"auto_unstuck_ema_dist": 0.0010844234582931655,
          "auto_unstuck_wallet_exposure_threshold": 0.045561241631290855,
          "backwards_tp": true,
          "ddown_factor": 0.7270084291673167,
          "ema_span_0": 18.69928509204652,
          "ema_span_1": 154.5787165819272,
          "enabled": true,
          "initial_eprice_ema_dist": -0.022688261800391532,
          "initial_qty_pct": 0.015430016685715727,
          "markup_range": 0.005117709398726128,
          "min_markup": 0.002058270342205255,
          "n_close_orders": 9,
          "rentry_pprice_dist": 0.021604720757313404,
          "rentry_pprice_dist_wallet_exposure_weighting": 1.4371007842118846,
          "wallet_exposure_limit": 1},
 "short": {"auto_unstuck_ema_dist": 0.002743633644313138,
           "auto_unstuck_wallet_exposure_threshold": 0.03731995595750036,
           "backwards_tp": true,
           "ddown_factor": 2.932323243659569,
           "ema_span_0": 908.3616129636229,
           "ema_span_1": 1188.8630606840475,
           "enabled": true,
           "initial_eprice_ema_dist": -0.020680063269725015,
           "initial_qty_pct": 0.01773856253482086,
           "markup_range": 0.002847904525901934,
           "min_markup": 0.003726578177160297,
           "n_close_orders": 7,
           "rentry_pprice_dist": 0.0485886645739024,
           "rentry_pprice_dist_wallet_exposure_weighting": 5.746528469708171,
           "wallet_exposure_limit": 1}}