{"config_name": "recursive_grid_0days",
 "logging_level": 0,
 "long": {"auto_unstuck_ema_dist": 0.0029452623736949783,
          "auto_unstuck_wallet_exposure_threshold": 0.027902381659621937,
          "backwards_tp": true,
          "ddown_factor": 1.6507667141466797,
          "ema_span_0": 972.5345203727594,
          "ema_span_1": 818.988739568681,
          "enabled": true,
          "initial_eprice_ema_dist": 0.001045921030566173,
          "initial_qty_pct": 0.013810452416108291,
          "markup_range": 0.006165288030110299,
          "min_markup": 0.0032765878827865137,
          "n_close_orders": 9,
          "rentry_pprice_dist": 0.02636055976163862,
          "rentry_pprice_dist_wallet_exposure_weighting": 1.7077220571284444,
          "wallet_exposure_limit": 1.0},
 "short": {"auto_unstuck_ema_dist": 0.0028143465646112372,
           "auto_unstuck_wallet_exposure_threshold": 0.03003905388434745,
           "backwards_tp": true,
           "ddown_factor": 1.7419404089322856,
           "ema_span_0": 633.5076225285122,
           "ema_span_1": 1406.1285387762414,
           "enabled": true,
           "initial_eprice_ema_dist": 0.001435332484942444,
           "initial_qty_pct": 0.013225231999544578,
           "markup_range": 0.0067622351630450645,
           "min_markup": 0.0026904509923573396,
           "n_close_orders": 6,
           "rentry_pprice_dist": 0.025905602813626506,
           "rentry_pprice_dist_wallet_exposure_weighting": 0.6531731360617841,
           "wallet_exposure_limit": 1.0}}