{"config_name": "recursive_grid_0days",
 "logging_level": 0,
 "long": {"auto_unstuck_ema_dist": 0.0029848689358742274,
          "auto_unstuck_wallet_exposure_threshold": 0.034526817139762134,
          "backwards_tp": true,
          "ddown_factor": 0.294224114411436,
          "ema_span_0": 1323.6897373665904,
          "ema_span_1": 607.840607135428,
          "enabled": true,
          "initial_eprice_ema_dist": -0.008615928636680894,
          "initial_qty_pct": 0.014826431921360302,
          "markup_range": 0.005605820558073377,
          "min_markup": 0.0019731290789845235,
          "n_close_orders": 12,
          "rentry_pprice_dist": 0.04840742885333941,
          "rentry_pprice_dist_wallet_exposure_weighting": 2.6611093305565654,
          "wallet_exposure_limit": 1},
 "short": {"auto_unstuck_ema_dist": 0.002938447223033073,
           "auto_unstuck_wallet_exposure_threshold": 0.03591058877558802,
           "backwards_tp": true,
           "ddown_factor": 1.1124458158596142,
           "ema_span_0": 1271.833618549594,
           "ema_span_1": 918.2224941320075,
           "enabled": true,
           "initial_eprice_ema_dist": -0.010719410273749813,
           "initial_qty_pct": 0.01,
           "markup_range": 0.007035905006748678,
           "min_markup": 0.008079205046368058,
           "n_close_orders": 8,
           "rentry_pprice_dist": 0.04222623301867195,
           "rentry_pprice_dist_wallet_exposure_weighting": 9.849123023154226,
           "wallet_exposure_limit": 1}}