{"config_name": "recursive_grid_0days",
 "logging_level": 0,
 "long": {"auto_unstuck_ema_dist": 2.3109561997077227e-06,
          "auto_unstuck_wallet_exposure_threshold": 0.039323591659449014,
          "backwards_tp": true,
          "ddown_factor": 1.1146737851870379,
          "ema_span_0": 1400.865329975009,
          "ema_span_1": 886.3616858255988,
          "enabled": true,
          "initial_eprice_ema_dist": 0.0025,
          "initial_qty_pct": 0.01561170525563447,
          "markup_range": 0.0025712152905012237,
          "min_markup": 0.002577400636060208,
          "n_close_orders": 13,
          "rentry_pprice_dist": 0.04720315391893732,
          "rentry_pprice_dist_wallet_exposure_weighting": 8.640490348483103e-07,
          "wallet_exposure_limit": 1},
 "short": {"auto_unstuck_ema_dist": 2.7607135754439337e-06,
           "auto_unstuck_wallet_exposure_threshold": 0.04969442464965445,
           "backwards_tp": true,
           "ddown_factor": 0.9129824326863561,
           "ema_span_0": 5.393389027192925,
           "ema_span_1": 5.454807621438095,
           "enabled": true,
           "initial_eprice_ema_dist": -0.09720044080352892,
           "initial_qty_pct": 0.010000810591713124,
           "markup_range": 0.011031975997114135,
           "min_markup": 0.008372175288267359,
           "n_close_orders": 5,
           "rentry_pprice_dist": 0.029256285057558597,
           "rentry_pprice_dist_wallet_exposure_weighting": 1.2193463042414352,
           "wallet_exposure_limit": 1}}