{"config_name": "recursive_grid_0days",
 "logging_level": 0,
 "long": {"auto_unstuck_ema_dist": 0.002511442376782297,
          "auto_unstuck_wallet_exposure_threshold": 0.043490239353041985,
          "backwards_tp": true,
          "ddown_factor": 2.6987693358712055,
          "ema_span_0": 716.1241739337236,
          "ema_span_1": 1259.3131493296248,
          "enabled": true,
          "initial_eprice_ema_dist": 0.001998764875944961,
          "initial_qty_pct": 0.020403680027954632,
          "markup_range": 0.0025557043071689502,
          "min_markup": 0.005920434059952234,
          "n_close_orders": 14,
          "rentry_pprice_dist": 0.03175253526672572,
          "rentry_pprice_dist_wallet_exposure_weighting": 1.3372843455165986,
          "wallet_exposure_limit": 1.0},
 "short": {"auto_unstuck_ema_dist": 0.0004962737640129645,
           "auto_unstuck_wallet_exposure_threshold": 0.04885076777735109,
           "backwards_tp": true,
           "ddown_factor": 0.7992521935093038,
           "ema_span_0": 1416.5663045979793,
           "ema_span_1": 202.18012369488923,
           "enabled": true,
           "initial_eprice_ema_dist": 0.0025,
           "initial_qty_pct": 0.027796834444027113,
           "markup_range": 0.0007822564634524069,
           "min_markup": 0.0019923764473577282,
           "n_close_orders": 9,
           "rentry_pprice_dist": 0.047514311758363306,
           "rentry_pprice_dist_wallet_exposure_weighting": 1.0920268882837798,
           "wallet_exposure_limit": 1.0}}