{"config_name": "recursive_grid_0days",
 "logging_level": 0,
 "long": {"auto_unstuck_ema_dist": 0.002800397265497633,
          "auto_unstuck_wallet_exposure_threshold": 0.02552223859189303,
          "backwards_tp": true,
          "ddown_factor": 0.852951790939134,
          "ema_span_0": 663.1057874355339,
          "ema_span_1": 709.9156124786249,
          "enabled": true,
          "initial_eprice_ema_dist": -0.0704659772550869,
          "initial_qty_pct": 0.013529264066020527,
          "markup_range": 0.00755706752870977,
          "min_markup": 0.0024225850515593936,
          "n_close_orders": 4,
          "rentry_pprice_dist": 0.040968429818591445,
          "rentry_pprice_dist_wallet_exposure_weighting": 1.172206185688139,
          "wallet_exposure_limit": 1},
 "short": {"auto_unstuck_ema_dist": 0.002692879126988692,
           "auto_unstuck_wallet_exposure_threshold": 0.04995338675915346,
           "backwards_tp": true,
           "ddown_factor": 0.9330158196777367,
           "ema_span_0": 42.394057792408404,
           "ema_span_1": 1399.120407489258,
           "enabled": true,
           "initial_eprice_ema_dist": -0.0008859333569350076,
           "initial_qty_pct": 0.011637669948426738,
           "markup_range": 0.005107712045324087,
           "min_markup": 0.006024231651693899,
           "n_close_orders": 4,
           "rentry_pprice_dist": 0.020266249276272408,
           "rentry_pprice_dist_wallet_exposure_weighting": 1.8916529438642602,
           "wallet_exposure_limit": 1}}