{"config_name": "recursive_grid_0days",
 "logging_level": 0,
 "long": {"auto_unstuck_ema_dist": 0.00047593054207906214,
          "auto_unstuck_wallet_exposure_threshold": 0.0448512038316783,
          "backwards_tp": true,
          "ddown_factor": 1.3009701167488148,
          "ema_span_0": 787.7873121970991,
          "ema_span_1": 425.88675438596005,
          "enabled": true,
          "initial_eprice_ema_dist": -0.007525557251239217,
          "initial_qty_pct": 0.019105748140234555,
          "markup_range": 0.0029757690977093073,
          "min_markup": 0.005681458790445507,
          "n_close_orders": 5,
          "rentry_pprice_dist": 0.02811928924640141,
          "rentry_pprice_dist_wallet_exposure_weighting": 2.432158348290359,
          "wallet_exposure_limit": 1.0},
 "short": {"auto_unstuck_ema_dist": 0.0027131227001511334,
           "auto_unstuck_wallet_exposure_threshold": 0.027557303576900127,
           "backwards_tp": true,
           "ddown_factor": 1.8823337368995752,
           "ema_span_0": 172.2732676829066,
           "ema_span_1": 843.7360882972923,
           "enabled": true,
           "initial_eprice_ema_dist": -0.007399134062645689,
           "initial_qty_pct": 0.01,
           "markup_range": 0.0038846838829410275,
           "min_markup": 0.0027918509038145603,
           "n_close_orders": 2,
           "rentry_pprice_dist": 0.026607027242538134,
           "rentry_pprice_dist_wallet_exposure_weighting": 2.9129957593479343,
           "wallet_exposure_limit": 1.0}}