{"config_name": "recursive_grid_0days",
 "logging_level": 0,
 "long": {"auto_unstuck_ema_dist": 0.002795536977425603,
          "auto_unstuck_wallet_exposure_threshold": 0.027726319089360837,
          "backwards_tp": true,
          "ddown_factor": 0.44042483285697703,
          "ema_span_0": 1211.1957462855598,
          "ema_span_1": 133.63483525526487,
          "enabled": true,
          "initial_eprice_ema_dist": 0.0011494248712193033,
          "initial_qty_pct": 0.01703429080671748,
          "markup_range": 0.007636215441739558,
          "min_markup": 0.009988588620484778,
          "n_close_orders": 2,
          "rentry_pprice_dist": 0.032769051733398044,
          "rentry_pprice_dist_wallet_exposure_weighting": 1.3380708461831223,
          "wallet_exposure_limit": 1.0},
 "short": {"auto_unstuck_ema_dist": 0.0014905014495983579,
           "auto_unstuck_wallet_exposure_threshold": 0.025005823857776888,
           "backwards_tp": true,
           "ddown_factor": 0.5201647402658159,
           "ema_span_0": 1352.2694280804665,
           "ema_span_1": 1439.5563097615868,
           "enabled": true,
           "initial_eprice_ema_dist": -0.002891772697120233,
           "initial_qty_pct": 0.015553968970648955,
           "markup_range": 0.016337863373805488,
           "min_markup": 0.005361341647437043,
           "n_close_orders": 3,
           "rentry_pprice_dist": 0.025845380840960334,
           "rentry_pprice_dist_wallet_exposure_weighting": 8.638548325336966,
           "wallet_exposure_limit": 1.0}}