{"config_name": "recursive_grid_0days",
 "logging_level": 0,
 "long": {"auto_unstuck_ema_dist": 0.0017763343709599688,
          "auto_unstuck_wallet_exposure_threshold": 0.035082351058877366,
          "backwards_tp": true,
          "ddown_factor": 2.2232840280929227,
          "ema_span_0": 1440,
          "ema_span_1": 1040.67405665966,
          "enabled": true,
          "initial_eprice_ema_dist": 0.0025,
          "initial_qty_pct": 0.01,
          "markup_range": 0.002562190607128998,
          "min_markup": 0.004376852041223439,
          "n_close_orders": 2,
          "rentry_pprice_dist": 0.023786289003344386,
          "rentry_pprice_dist_wallet_exposure_weighting": 4.934618931900018,
          "wallet_exposure_limit": 1},
 "short": {"auto_unstuck_ema_dist": 0.0012853192152176367,
           "auto_unstuck_wallet_exposure_threshold": 0.042055767564731485,
           "backwards_tp": true,
           "ddown_factor": 2.0133270971620547,
           "ema_span_0": 1161.373858572891,
           "ema_span_1": 52.60936439606938,
           "enabled": true,
           "initial_eprice_ema_dist": 0.0016953690806597503,
           "initial_qty_pct": 0.012953123689028193,
           "markup_range": 0.005819469323415894,
           "min_markup": 0.0015218317574201314,
           "n_close_orders": 5,
           "rentry_pprice_dist": 0.043517480191269754,
           "rentry_pprice_dist_wallet_exposure_weighting": 0.007198509103276211,
           "wallet_exposure_limit": 1}}