{"config_name": "recursive_grid_0days",
 "logging_level": 0,
 "long": {"auto_unstuck_ema_dist": 0.002666271780570179,
          "auto_unstuck_wallet_exposure_threshold": 0.02714845890586893,
          "backwards_tp": true,
          "ddown_factor": 0.11899328048498085,
          "ema_span_0": 9.542504964229078,
          "ema_span_1": 936.3299033983603,
          "enabled": true,
          "initial_eprice_ema_dist": 6.151777052474099e-05,
          "initial_qty_pct": 0.012685115853868086,
          "markup_range": 0.0043209440471334,
          "min_markup": 0.009749395783101791,
          "n_close_orders": 10,
          "rentry_pprice_dist": 0.034154975032494,
          "rentry_pprice_dist_wallet_exposure_weighting": 0.5503233179120527,
          "wallet_exposure_limit": 1},
 "short": {"auto_unstuck_ema_dist": 0.0029881915561667002,
           "auto_unstuck_wallet_exposure_threshold": 0.03215177938160326,
           "backwards_tp": true,
           "ddown_factor": 2.640458574332879,
           "ema_span_0": 1084.32282041946,
           "ema_span_1": 1307.0593133151558,
           "enabled": true,
           "initial_eprice_ema_dist": -0.02575914739949206,
           "initial_qty_pct": 0.013883597255569658,
           "markup_range": 0.003030561416501496,
           "min_markup": 0.0021793625113066093,
           "n_close_orders": 11,
           "rentry_pprice_dist": 0.04628174601668903,
           "rentry_pprice_dist_wallet_exposure_weighting": 1.435759095291251,
           "wallet_exposure_limit": 1}}