{"config_name": "recursive_grid_0days",
 "logging_level": 0,
 "long": {"auto_unstuck_ema_dist": 0.002696838284619187,
          "auto_unstuck_wallet_exposure_threshold": 0.035333300647901154,
          "backwards_tp": true,
          "ddown_factor": 0.9439054276520942,
          "ema_span_0": 1432.26352096159,
          "ema_span_1": 212.50030819025267,
          "enabled": true,
          "initial_eprice_ema_dist": -0.01544028821301137,
          "initial_qty_pct": 0.010007619876664505,
          "markup_range": 0.0023701871126848863,
          "min_markup": 0.005712672307256356,
          "n_close_orders": 7,
          "rentry_pprice_dist": 0.044121209528135974,
          "rentry_pprice_dist_wallet_exposure_weighting": 5.580215215175549,
          "wallet_exposure_limit": 1},
 "short": {"auto_unstuck_ema_dist": 0.0024869098451423275,
           "auto_unstuck_wallet_exposure_threshold": 0.025356326259647878,
           "backwards_tp": true,
           "ddown_factor": 1.2812571241382993,
           "ema_span_0": 978.9060433051014,
           "ema_span_1": 315.09103422809693,
           "enabled": true,
           "initial_eprice_ema_dist": -0.0014790980402097948,
           "initial_qty_pct": 0.01299078053919265,
           "markup_range": 0.0026267584744723215,
           "min_markup": 0.009273225395112586,
           "n_close_orders": 12,
           "rentry_pprice_dist": 0.017242163460809822,
           "rentry_pprice_dist_wallet_exposure_weighting": 4.3408086213268,
           "wallet_exposure_limit": 1}}