{"config_name": "recursive_grid_0days",
 "logging_level": 0,
 "long": {"auto_unstuck_ema_dist": 0.0024993809245539554,
          "auto_unstuck_wallet_exposure_threshold": 0.025008908425692488,
          "backwards_tp": true,
          "ddown_factor": 0.10000717073046156,
          "ema_span_0": 1265.846030575491,
          "ema_span_1": 69.15819257953446,
          "enabled": true,
          "initial_eprice_ema_dist": 0.0024996089581293805,
          "initial_qty_pct": 0.032827450515818694,
          "markup_range": 0.003898914808278619,
          "min_markup": 0.0032890818544737415,
          "n_close_orders": 6,
          "rentry_pprice_dist": 0.04171407158213363,
          "rentry_pprice_dist_wallet_exposure_weighting": 1.0719872632615464,
          "wallet_exposure_limit": 1.0},
 "short": {"auto_unstuck_ema_dist": 0.0011678158707421765,
           "auto_unstuck_wallet_exposure_threshold": 0.03089792224707815,
           "backwards_tp": true,
           "ddown_factor": 2.144384993325453,
           "ema_span_0": 1171.019305492071,
           "ema_span_1": 545.144354546506,
           "enabled": true,
           "initial_eprice_ema_dist": -0.0011210343502132674,
           "initial_qty_pct": 0.010868420460871246,
           "markup_range": 0.004923003749647987,
           "min_markup": 0.0027240045958841002,
           "n_close_orders": 3,
           "rentry_pprice_dist": 0.03585901468711058,
           "rentry_pprice_dist_wallet_exposure_weighting": 2.0621362855174237,
           "wallet_exposure_limit": 1.0}}