{"config_name": "recursive_grid_0days",
 "logging_level": 0,
 "long": {"auto_unstuck_ema_dist": 0.0029410701046789526,
          "auto_unstuck_wallet_exposure_threshold": 0.049597103450295846,
          "backwards_tp": true,
          "ddown_factor": 2.603567343603272,
          "ema_span_0": 1070.6632360170715,
          "ema_span_1": 1396.9497646386283,
          "enabled": true,
          "initial_eprice_ema_dist": -0.01107342115546463,
          "initial_qty_pct": 0.010368074853681308,
          "markup_range": 0.0032426542553226976,
          "min_markup": 0.002849541139398196,
          "n_close_orders": 7,
          "rentry_pprice_dist": 0.030498044118859178,
          "rentry_pprice_dist_wallet_exposure_weighting": 4.025518256664473,
          "wallet_exposure_limit": 1.0},
 "short": {"auto_unstuck_ema_dist": 0.0006253046903832416,
           "auto_unstuck_wallet_exposure_threshold": 0.025535846339659992,
           "backwards_tp": true,
           "ddown_factor": 0.3806096196134867,
           "ema_span_0": 841.6822440220715,
           "ema_span_1": 139.7551828044138,
           "enabled": true,
           "initial_eprice_ema_dist": 0.0023752163241423513,
           "initial_qty_pct": 0.018289178569178752,
           "markup_range": 0.006326025443748447,
           "min_markup": 0.01,
           "n_close_orders": 2,
           "rentry_pprice_dist": 0.0344438054199146,
           "rentry_pprice_dist_wallet_exposure_weighting": 2.7837623388202197,
           "wallet_exposure_limit": 1.0}}