{"config_name": "recursive_grid_0days",
 "logging_level": 0,
 "long": {"auto_unstuck_ema_dist": 0.0026830877807952403,
          "auto_unstuck_wallet_exposure_threshold": 0.031372267454299656,
          "backwards_tp": true,
          "ddown_factor": 2.276979595867648,
          "ema_span_0": 363.29009624811454,
          "ema_span_1": 484.2352054912623,
          "enabled": true,
          "initial_eprice_ema_dist": 0.0003247246729257543,
          "initial_qty_pct": 0.011081448409947495,
          "markup_range": 0.0034194549582242132,
          "min_markup": 0.00512702863157064,
          "n_close_orders": 7,
          "rentry_pprice_dist": 0.018238308999901122,
          "rentry_pprice_dist_wallet_exposure_weighting": 3.792550116764839,
          "wallet_exposure_limit": 1},
 "short": {"auto_unstuck_ema_dist": 0.0007845073675741333,
           "auto_unstuck_wallet_exposure_threshold": 0.027771920362051592,
           "backwards_tp": true,
           "ddown_factor": 2.267000070227049,
           "ema_span_0": 1267.8694052393703,
           "ema_span_1": 54.107124508086216,
           "enabled": true,
           "initial_eprice_ema_dist": 0.0025,
           "initial_qty_pct": 0.027132444294771102,
           "markup_range": 0.0007711756412411709,
           "min_markup": 0.0019591571010194025,
           "n_close_orders": 9,
           "rentry_pprice_dist": 0.030872220012677875,
           "rentry_pprice_dist_wallet_exposure_weighting": 2.4104736931664044,
           "wallet_exposure_limit": 1}}