{"config_name": "recursive_grid_0days",
 "logging_level": 0,
 "long": {"auto_unstuck_ema_dist": 0.00042329654452266685,
          "auto_unstuck_wallet_exposure_threshold": 0.0427665662973608,
          "backwards_tp": true,
          "ddown_factor": 1.250527975207579,
          "ema_span_0": 579.3087039698347,
          "ema_span_1": 985.0389543279042,
          "enabled": true,
          "initial_eprice_ema_dist": -0.001168631724608059,
          "initial_qty_pct": 0.011346929568871362,
          "markup_range": 0.003788446386364774,
          "min_markup": 0.006080193853657839,
          "n_close_orders": 4,
          "rentry_pprice_dist": 0.04640712152862975,
          "rentry_pprice_dist_wallet_exposure_weighting": 0.11094072388836101,
          "wallet_exposure_limit": 1.0},
 "short": {"auto_unstuck_ema_dist": 0.0019161980258705022,
           "auto_unstuck_wallet_exposure_threshold": 0.049866680975262284,
           "backwards_tp": true,
           "ddown_factor": 1.6856422975668908,
           "ema_span_0": 217.25352208627444,
           "ema_span_1": 798.5775287791041,
           "enabled": true,
           "initial_eprice_ema_dist": -0.0012794225393309715,
           "initial_qty_pct": 0.015940186211908052,
           "markup_range": 0.013630812940840962,
           "min_markup": 0.0044692209752499185,
           "n_close_orders": 2,
           "rentry_pprice_dist": 0.041529288832662374,
           "rentry_pprice_dist_wallet_exposure_weighting": 1.2730017477098428,
           "wallet_exposure_limit": 1.0}}