{"config_name": "recursive_grid_0days",
 "logging_level": 0,
 "long": {"auto_unstuck_ema_dist": 0.002800067024087318,
          "auto_unstuck_wallet_exposure_threshold": 0.04486092735188732,
          "backwards_tp": true,
          "ddown_factor": 2.5288116533709197,
          "ema_span_0": 1425.718512798684,
          "ema_span_1": 1402.3677657824426,
          "enabled": true,
          "initial_eprice_ema_dist": -0.0016558330545142707,
          "initial_qty_pct": 0.015566701472758866,
          "markup_range": 0.0016479494881552726,
          "min_markup": 0.006818373407215404,
          "n_close_orders": 15,
          "rentry_pprice_dist": 0.0331042614606353,
          "rentry_pprice_dist_wallet_exposure_weighting": 0.7385515877653313,
          "wallet_exposure_limit": 1.0},
 "short": {"auto_unstuck_ema_dist": 0.001769837694048092,
           "auto_unstuck_wallet_exposure_threshold": 0.04978957741495747,
           "backwards_tp": true,
           "ddown_factor": 1.3156795178108907,
           "ema_span_0": 999.4897633146464,
           "ema_span_1": 413.37812263162635,
           "enabled": true,
           "initial_eprice_ema_dist": -0.00014048102871665273,
           "initial_qty_pct": 0.014263822385685986,
           "markup_range": 0.004778138160623202,
           "min_markup": 0.003434330926618774,
           "n_close_orders": 14,
           "rentry_pprice_dist": 0.037574809390170126,
           "rentry_pprice_dist_wallet_exposure_weighting": 0.5935164893460442,
           "wallet_exposure_limit": 1.0}}