{"config_name": "recursive_grid_0days",
 "logging_level": 0,
 "long": {"auto_unstuck_ema_dist": 0.0005456477915914023,
          "auto_unstuck_wallet_exposure_threshold": 0.02547835715197612,
          "backwards_tp": true,
          "ddown_factor": 1.8685376556791642,
          "ema_span_0": 1207.3172414270755,
          "ema_span_1": 152.2590503484251,
          "enabled": true,
          "initial_eprice_ema_dist": -0.006659789495932894,
          "initial_qty_pct": 0.01452386948943715,
          "markup_range": 0.0038774654848468424,
          "min_markup": 0.009042391582471205,
          "n_close_orders": 9,
          "rentry_pprice_dist": 0.035095356486615555,
          "rentry_pprice_dist_wallet_exposure_weighting": 3.781687427516525,
          "wallet_exposure_limit": 1},
 "short": {"auto_unstuck_ema_dist": 0.0001140393261795737,
           "auto_unstuck_wallet_exposure_threshold": 0.03483498933885213,
           "backwards_tp": true,
           "ddown_factor": 0.4891381497668792,
           "ema_span_0": 718.8218157511031,
           "ema_span_1": 121.55119898078526,
           "enabled": true,
           "initial_eprice_ema_dist": 0.0023779268295617394,
           "initial_qty_pct": 0.010012705476701423,
           "markup_range": 5.399249829918063e-05,
           "min_markup": 0.0018725641923089682,
           "n_close_orders": 12,
           "rentry_pprice_dist": 0.017564025676618526,
           "rentry_pprice_dist_wallet_exposure_weighting": 4.458676108514271,
           "wallet_exposure_limit": 1}}