{"config_name": "recursive_grid_0days",
 "logging_level": 0,
 "long": {"auto_unstuck_ema_dist": 0.0021565833213896693,
          "auto_unstuck_wallet_exposure_threshold": 0.035405522727645654,
          "backwards_tp": true,
          "ddown_factor": 2.7686396480981292,
          "ema_span_0": 525.756446084581,
          "ema_span_1": 993.2640165567375,
          "enabled": true,
          "initial_eprice_ema_dist": -0.07180573649124906,
          "initial_qty_pct": 0.01196928915469371,
          "markup_range": 0.00034077584767481676,
          "min_markup": 0.0016302283748332507,
          "n_close_orders": 7,
          "rentry_pprice_dist": 0.03637833454282231,
          "rentry_pprice_dist_wallet_exposure_weighting": 4.18501288493426,
          "wallet_exposure_limit": 1.0},
 "short": {"auto_unstuck_ema_dist": 0,
           "auto_unstuck_wallet_exposure_threshold": 0.0302508637475364,
           "backwards_tp": true,
           "ddown_factor": 0.10718783816269266,
           "ema_span_0": 1241.9293618243275,
           "ema_span_1": 569.4712008908748,
           "enabled": true,
           "initial_eprice_ema_dist": -0.005718970567786529,
           "initial_qty_pct": 0.010002157751411887,
           "markup_range": 0.009525544138221802,
           "min_markup": 0.002412039919121227,
           "n_close_orders": 2,
           "rentry_pprice_dist": 0.035734178264541304,
           "rentry_pprice_dist_wallet_exposure_weighting": 7.005699539201136,
           "wallet_exposure_limit": 1.0}}