{"config_name": "recursive_grid_0days",
 "logging_level": 0,
 "long": {"auto_unstuck_ema_dist": 0.0028223758776125684,
          "auto_unstuck_wallet_exposure_threshold": 0.03177216258520081,
          "backwards_tp": true,
          "ddown_factor": 2.2909507150119,
          "ema_span_0": 109.8524992468999,
          "ema_span_1": 172.48635043688415,
          "enabled": true,
          "initial_eprice_ema_dist": 0.0024960563459157743,
          "initial_qty_pct": 0.011588180675950384,
          "markup_range": 0.004261047085445416,
          "min_markup": 0.004298814994308409,
          "n_close_orders": 5,
          "rentry_pprice_dist": 0.037643199982813846,
          "rentry_pprice_dist_wallet_exposure_weighting": 1.2390478274713732,
          "wallet_exposure_limit": 1.0},
 "short": {"auto_unstuck_ema_dist": 0.0012815101074439067,
           "auto_unstuck_wallet_exposure_threshold": 0.0429593292535878,
           "backwards_tp": true,
           "ddown_factor": 1.029017413606849,
           "ema_span_0": 1420.751983940897,
           "ema_span_1": 840.3302737412915,
           "enabled": true,
           "initial_eprice_ema_dist": 0.0025,
           "initial_qty_pct": 0.01,
           "markup_range": 0.0017350575272236178,
           "min_markup": 0.0017601500607403548,
           "n_close_orders": 10,
           "rentry_pprice_dist": 0.04064996429353322,
           "rentry_pprice_dist_wallet_exposure_weighting": 8.889081701008235,
           "wallet_exposure_limit": 1.0}}