{"config_name": "recursive_grid_0days",
 "logging_level": 0,
 "long": {"auto_unstuck_ema_dist": 0.0011688534236658989,
          "auto_unstuck_wallet_exposure_threshold": 0.027484448311603904,
          "backwards_tp": true,
          "ddown_factor": 2.999927591002135,
          "ema_span_0": 916.6657272759754,
          "ema_span_1": 1019.2836275583759,
          "enabled": true,
          "initial_eprice_ema_dist": 0.002499101475338058,
          "initial_qty_pct": 0.01331275167470321,
          "markup_range": 0.0022336824396140893,
          "min_markup": 0.002784205747246699,
          "n_close_orders": 6,
          "rentry_pprice_dist": 0.047054782160113176,
          "rentry_pprice_dist_wallet_exposure_weighting": 5.457469878849881,
          "wallet_exposure_limit": 1},
 "short": {"auto_unstuck_ema_dist": 0.0022038100199045065,
           "auto_unstuck_wallet_exposure_threshold": 0.03686390337416002,
           "backwards_tp": true,
           "ddown_factor": 2.5221962716722444,
           "ema_span_0": 274.3085857511889,
           "ema_span_1": 1124.5572914763582,
           "enabled": true,
           "initial_eprice_ema_dist": -0.0018826587949386801,
           "initial_qty_pct": 0.017588580579938697,
           "markup_range": 0.0017173135917639061,
           "min_markup": 0.0021543376885470628,
           "n_close_orders": 5,
           "rentry_pprice_dist": 0.013593240520429801,
           "rentry_pprice_dist_wallet_exposure_weighting": 5.554913618291518,
           "wallet_exposure_limit": 1}}