{"config_name": "recursive_grid_0days",
 "logging_level": 0,
 "long": {"auto_unstuck_ema_dist": 0.0029848689358742274,
          "auto_unstuck_wallet_exposure_threshold": 0.034526817139762134,
          "backwards_tp": true,
          "ddown_factor": 0.294224114411436,
          "ema_span_0": 1323.6897373665904,
          "ema_span_1": 607.840607135428,
          "enabled": true,
          "initial_eprice_ema_dist": -0.008615928636680894,
          "initial_qty_pct": 0.014826431921360302,
          "markup_range": 0.005605820558073377,
          "min_markup": 0.0019731290789845235,
          "n_close_orders": 12,
          "rentry_pprice_dist": 0.04840742885333941,
          "rentry_pprice_dist_wallet_exposure_weighting": 2.6611093305565654,
          "wallet_exposure_limit": 1},
 "short": {"auto_unstuck_ema_dist": 0.0024869098451423275,
           "auto_unstuck_wallet_exposure_threshold": 0.025356326259647878,
           "backwards_tp": true,
           "ddown_factor": 1.2812571241382993,
           "ema_span_0": 978.9060433051014,
           "ema_span_1": 315.09103422809693,
           "enabled": true,
           "initial_eprice_ema_dist": -0.0014790980402097948,
           "initial_qty_pct": 0.01299078053919265,
           "markup_range": 0.0026267584744723215,
           "min_markup": 0.009273225395112586,
           "n_close_orders": 12,
           "rentry_pprice_dist": 0.017242163460809822,
           "rentry_pprice_dist_wallet_exposure_weighting": 4.3408086213268,
           "wallet_exposure_limit": 1}}