{"config_name": "recursive_grid_0days",
 "logging_level": 0,
 "long": {"auto_unstuck_ema_dist": 0.002657903668489459,
          "auto_unstuck_wallet_exposure_threshold": 0.025282696356295382,
          "backwards_tp": true,
          "ddown_factor": 0.11018822468746826,
          "ema_span_0": 476.06144691148734,
          "ema_span_1": 1371.8701820732535,
          "enabled": true,
          "initial_eprice_ema_dist": -0.009567265742011017,
          "initial_qty_pct": 0.014320202157695486,
          "markup_range": 0.010949194067038686,
          "min_markup": 0.009623244833503507,
          "n_close_orders": 5,
          "rentry_pprice_dist": 0.044045595412694885,
          "rentry_pprice_dist_wallet_exposure_weighting": 1.4145308331806739,
          "wallet_exposure_limit": 1.0},
 "short": {"auto_unstuck_ema_dist": 0.0021770622130534156,
           "auto_unstuck_wallet_exposure_threshold": 0.03352633436735308,
           "backwards_tp": true,
           "ddown_factor": 2.232206257495561,
           "ema_span_0": 12.737912794573978,
           "ema_span_1": 51.54975239003387,
           "enabled": true,
           "initial_eprice_ema_dist": -0.0958253035208687,
           "initial_qty_pct": 0.034620682270249496,
           "markup_range": 0.005746575095922087,
           "min_markup": 0.0037464047273829326,
           "n_close_orders": 12,
           "rentry_pprice_dist": 0.03192398196376345,
           "rentry_pprice_dist_wallet_exposure_weighting": 0.5237508505552233,
           "wallet_exposure_limit": 1.0}}