{"config_name": "recursive_grid_0days",
 "logging_level": 0,
 "long": {"auto_unstuck_ema_dist": 0.0022100797252918806,
          "auto_unstuck_wallet_exposure_threshold": 0.03369733356307981,
          "backwards_tp": true,
          "ddown_factor": 0.49936261913375657,
          "ema_span_0": 1239.9115155702073,
          "ema_span_1": 1010.3929636125002,
          "enabled": true,
          "initial_eprice_ema_dist": -0.08079555628653196,
          "initial_qty_pct": 0.014871369520294012,
          "markup_range": 0.0011503525471677624,
          "min_markup": 0.0027308287869319365,
          "n_close_orders": 11,
          "rentry_pprice_dist": 0.026684223504852177,
          "rentry_pprice_dist_wallet_exposure_weighting": 1.2200239553877692,
          "wallet_exposure_limit": 1.0},
 "short": {"auto_unstuck_ema_dist": 0.002935588713611227,
           "auto_unstuck_wallet_exposure_threshold": 0.026263834319255,
           "backwards_tp": true,
           "ddown_factor": 2.8616486138391513,
           "ema_span_0": 725.6935743558594,
           "ema_span_1": 1197.2206821909463,
           "enabled": true,
           "initial_eprice_ema_dist": -3.6052825470912083e-05,
           "initial_qty_pct": 0.014536236279844931,
           "markup_range": 0.0019351055737930768,
           "min_markup": 0.004651276796950264,
           "n_close_orders": 6,
           "rentry_pprice_dist": 0.03515511921626428,
           "rentry_pprice_dist_wallet_exposure_weighting": 2.046311773549086,
           "wallet_exposure_limit": 1.0}}