{"config_name": "recursive_grid_0days",
 "logging_level": 0,
 "long": {"auto_unstuck_ema_dist": 1.7509997242033952e-07,
          "auto_unstuck_wallet_exposure_threshold": 0.030137151738150885,
          "backwards_tp": true,
          "ddown_factor": 1.9600513303684513,
          "ema_span_0": 1115.6903907693618,
          "ema_span_1": 753.2089445654822,
          "enabled": true,
          "initial_eprice_ema_dist": -0.003330459031769422,
          "initial_qty_pct": 0.011640825780261271,
          "markup_range": 0.005017262088228792,
          "min_markup": 0.006260608232828119,
          "n_close_orders": 8,
          "rentry_pprice_dist": 0.033222689709862446,
          "rentry_pprice_dist_wallet_exposure_weighting": 0.7013748131185745,
          "wallet_exposure_limit": 1.0},
 "short": {"auto_unstuck_ema_dist": 0.0024169820841297815,
           "auto_unstuck_wallet_exposure_threshold": 0.03622101585885195,
           "backwards_tp": true,
           "ddown_factor": 2.8390648442746436,
           "ema_span_0": 82.82276752427993,
           "ema_span_1": 1001.6786622994331,
           "enabled": true,
           "initial_eprice_ema_dist": -0.0022182373885066622,
           "initial_qty_pct": 0.01933281378761903,
           "markup_range": 0.0001690408938587032,
           "min_markup": 0.006955371934720412,
           "n_close_orders": 13,
           "rentry_pprice_dist": 0.04287005162692838,
           "rentry_pprice_dist_wallet_exposure_weighting": 0.0,
           "wallet_exposure_limit": 1.0}}