{"config_name": "recursive_grid_0days",
 "logging_level": 0,
 "long": {"auto_unstuck_ema_dist": 0.0029923462649749807,
          "auto_unstuck_wallet_exposure_threshold": 0.02841017921415526,
          "backwards_tp": true,
          "ddown_factor": 2.351727306116786,
          "ema_span_0": 142.07022636864866,
          "ema_span_1": 1362.0149781621465,
          "enabled": true,
          "initial_eprice_ema_dist": -0.05984544253457682,
          "initial_qty_pct": 0.011832697085837302,
          "markup_range": 3.258535487250963e-05,
          "min_markup": 0.002201055500836755,
          "n_close_orders": 8,
          "rentry_pprice_dist": 0.02862167849469212,
          "rentry_pprice_dist_wallet_exposure_weighting": 4.77209537800166,
          "wallet_exposure_limit": 1.0},
 "short": {"auto_unstuck_ema_dist": 0.002328275737295132,
           "auto_unstuck_wallet_exposure_threshold": 0.025646396227422198,
           "backwards_tp": true,
           "ddown_factor": 0.4565338046124389,
           "ema_span_0": 754.6714544910565,
           "ema_span_1": 1308.0049363028027,
           "enabled": true,
           "initial_eprice_ema_dist": 0.002499971245032033,
           "initial_qty_pct": 0.010244501232276163,
           "markup_range": 0.013589735534151368,
           "min_markup": 0.009632771812281947,
           "n_close_orders": 3,
           "rentry_pprice_dist": 0.02686654747966513,
           "rentry_pprice_dist_wallet_exposure_weighting": 3.747977736805178,
           "wallet_exposure_limit": 1.0}}