{
    "key": "d83a4c8936e6ed40d7aa696e5ba849a986a4648e191152abbbcd7400d67801e3",
    "balance_pct": 0.369,
    "ddown_factor": 2.494,
    "do_long": 1.0,
    "do_shrt": 1.0,
    "ema_span": 19323.0,
    "ema_spread": 0.0164,
    "entry_qty_pct": 0.1373,
    "grid_coefficient": 267.38,
    "grid_spacing": 0.00048,
    "leverage": 15.0,
    "max_markup": 0.0065,
    "min_close_qty_multiplier": 0.7,
    "min_markup": 0.00168,
    "n_close_orders": 14.0,
    "stop_loss_liq_diff": 0.0408,
    "stop_loss_pos_price_diff": 0.1374,
    "stop_loss_pos_reduction": 0.086,
    "net_pnl_plus_fees": 5162.2085480818,
    "profit_sum": 6339.399250000006,
    "loss_sum": 0.0,
    "fee_sum": -1177.1907019181986,
    "gain": 52.622085480817994,
    "average_daily_gain": 1.2191535364831103,
    "n_days": 20,
    "closest_shrt_liq": 0.13005958058504893,
    "closest_long_liq": 0.10581799341028017,
    "closest_liq": 0.10581799341028017,
    "max_n_hours_between_consec_trades": 8.420536944444445,
    "n_trades": 5952,
    "n_closes": 3281,
    "n_reentries": 282,
    "n_stop_losses": 0,
    "max_drawdown": 0.001130983661631724,
    "biggest_pos_size": 9050.5,
    "seconds_elapsed": 18.745394706726074
}