{
    "net_pnl_plus_fees": 7.109695858010492,
    "profit_sum": 6.052389205108391,
    "loss_sum": 0.0,
    "fee_sum": 1.0573066529021071,
    "gain": 1.7109695858010494,
    "average_daily_gain": 1.0551743584087867,
    "n_days": 10,
    "closest_shrt_liq": 0.12788351151770716,
    "closest_long_liq": 0.13327002734384613,
    "closest_liq": 0.12788351151770716,
    "max_n_hours_between_consec_trades": 10.334962222222222,
    "n_trades": 743,
    "n_closes": 380,
    "n_reentries": 113,
    "n_stop_losses": 0,
    "max_drawdown": 0.0,
    "biggest_pos_size": 347.0,
    "do_long": 1.0,
    "do_shrt": 1.0,
    "seconds_elapsed": 0.24949431419372559,
    "key": "69abb1b0b1619f78f0694dfdd457ae1d12a54ffe4859c97375b0517a54d7b983",
    "balance_pct": 0.732,
    "ddown_factor": 1.692,
    "ema_span": 48966.0,
    "ema_spread": 0.0062,
    "entry_qty_pct": 0.0162,
    "grid_coefficient": 93.2,
    "grid_spacing": 0.00286,
    "leverage": 24.0,
    "max_markup": 0.02841,
    "min_close_qty_multiplier": 0.6,
    "min_markup": 0.00171,
    "n_close_orders": 11.0,
    "stop_loss_liq_diff": 0.1001,
    "stop_loss_pos_price_diff": 0.0954,
    "stop_loss_pos_reduction": 0.206
}