{"config_name": "neat_grid_0days",
 "logging_level": 0,
 "long": {"auto_unstuck_ema_dist": 0.001756657266585319,
          "auto_unstuck_wallet_exposure_threshold": 0.0350738713515603,
          "backwards_tp": true,
          "ema_span_0": 926.0601940725588,
          "ema_span_1": 745.061776980432,
          "enabled": true,
          "eprice_exp_base": 1.208624208259861,
          "eqty_exp_base": 1.196205928453439,
          "grid_span": 0.11840331949500447,
          "initial_eprice_ema_dist": 0.0021921881042628734,
          "initial_qty_pct": 0.01290778975975071,
          "markup_range": 0.0025129314748184224,
          "max_n_entry_orders": 8,
          "min_markup": 0.002221248711713018,
          "n_close_orders": 14,
          "wallet_exposure_limit": 1},
 "short": {"auto_unstuck_ema_dist": 0.000555542118393698,
           "auto_unstuck_wallet_exposure_threshold": 0.03598249860184221,
           "backwards_tp": true,
           "ema_span_0": 427.15854522788396,
           "ema_span_1": 1308.7484069579382,
           "enabled": true,
           "eprice_exp_base": 1.2555147984402522,
           "eqty_exp_base": 1.6412383148750445,
           "grid_span": 0.17837468341235066,
           "initial_eprice_ema_dist": 0.002390838040942231,
           "initial_qty_pct": 0.01521492203078831,
           "markup_range": 0.0037333226508824927,
           "max_n_entry_orders": 10,
           "min_markup": 0.0073171520326013725,
           "n_close_orders": 4,
           "wallet_exposure_limit": 1}}