{"config_name": "neat_grid_0days",
 "logging_level": 0,
 "long": {"auto_unstuck_ema_dist": 0.0013640393002527288,
          "auto_unstuck_wallet_exposure_threshold": 0.04613597131754155,
          "backwards_tp": true,
          "ema_span_0": 711.5937086167794,
          "ema_span_1": 1282.086469227097,
          "enabled": true,
          "eprice_exp_base": 1.000000810867281,
          "eqty_exp_base": 2.8103783145892893,
          "grid_span": 0.16605345145029926,
          "initial_eprice_ema_dist": 0.0024998939649664444,
          "initial_qty_pct": 0.014268900153271244,
          "markup_range": 0.00025388663736987085,
          "max_n_entry_orders": 13,
          "min_markup": 0.005135954329914202,
          "n_close_orders": 4,
          "wallet_exposure_limit": 1},
 "short": {"auto_unstuck_ema_dist": 0.002949296529788843,
           "auto_unstuck_wallet_exposure_threshold": 0.025795725042840546,
           "backwards_tp": true,
           "ema_span_0": 1375.7125052982651,
           "ema_span_1": 804.2993907208321,
           "enabled": true,
           "eprice_exp_base": 1.1657765727699851,
           "eqty_exp_base": 2.114727979798365,
           "grid_span": 0.2918043698276065,
           "initial_eprice_ema_dist": 0.0022385936013823173,
           "initial_qty_pct": 0.015056207947635208,
           "markup_range": 0.013956928066046132,
           "max_n_entry_orders": 10,
           "min_markup": 0.00893120089731321,
           "n_close_orders": 8,
           "wallet_exposure_limit": 1}}