{"config_name": "neat_grid_0days",
 "logging_level": 0,
 "long": {"auto_unstuck_ema_dist": 0.002022170452454791,
          "auto_unstuck_wallet_exposure_threshold": 0.027299804421955925,
          "backwards_tp": true,
          "ema_span_0": 1314.768410182331,
          "ema_span_1": 721.215424869027,
          "enabled": true,
          "eprice_exp_base": 1.0003040257100362,
          "eqty_exp_base": 1.2658551469866264,
          "grid_span": 0.187617968983296,
          "initial_eprice_ema_dist": 0.002495424954552812,
          "initial_qty_pct": 0.01545326832564971,
          "markup_range": 0.00429544007513705,
          "max_n_entry_orders": 7,
          "min_markup": 0.006046046687661756,
          "n_close_orders": 3,
          "wallet_exposure_limit": 1},
 "short": {"auto_unstuck_ema_dist": 0.002667799660233961,
           "auto_unstuck_wallet_exposure_threshold": 0.04530589333776665,
           "backwards_tp": true,
           "ema_span_0": 135.62568184747911,
           "ema_span_1": 849.4135743604742,
           "enabled": true,
           "eprice_exp_base": 1.5796236526451293,
           "eqty_exp_base": 1.8987338834596414,
           "grid_span": 0.2017979624494006,
           "initial_eprice_ema_dist": 0.002256914834678222,
           "initial_qty_pct": 0.015387382680634139,
           "markup_range": 0.004247146149093854,
           "max_n_entry_orders": 9,
           "min_markup": 0.0025603140413223355,
           "n_close_orders": 12,
           "wallet_exposure_limit": 1}}