{"config_name": "neat_grid_0days",
 "logging_level": 0,
 "long": {"auto_unstuck_ema_dist": 0.002707751742713636,
          "auto_unstuck_wallet_exposure_threshold": 0.03006507267179342,
          "backwards_tp": true,
          "ema_span_0": 1145.3391720384557,
          "ema_span_1": 706.0001833788658,
          "enabled": true,
          "eprice_exp_base": 1.0061550438591227,
          "eqty_exp_base": 2.6661924630593976,
          "grid_span": 0.1067159432151759,
          "initial_eprice_ema_dist": -9.905079481566029e-05,
          "initial_qty_pct": 0.010590651034835818,
          "markup_range": 0.0004268934156904762,
          "max_n_entry_orders": 7,
          "min_markup": 0.0020651800640480566,
          "n_close_orders": 15,
          "wallet_exposure_limit": 1},
 "short": {"auto_unstuck_ema_dist": 0.0006938510159502743,
           "auto_unstuck_wallet_exposure_threshold": 0.032880460444080446,
           "backwards_tp": true,
           "ema_span_0": 286.67133459365067,
           "ema_span_1": 1234.517118440378,
           "enabled": true,
           "eprice_exp_base": 1.2765165720671217,
           "eqty_exp_base": 2.0530546834486967,
           "grid_span": 0.23203192740559647,
           "initial_eprice_ema_dist": 0.0006048208668501155,
           "initial_qty_pct": 0.01,
           "markup_range": 0.007188200373928984,
           "max_n_entry_orders": 8,
           "min_markup": 0.004491404406759286,
           "n_close_orders": 2,
           "wallet_exposure_limit": 1}}