{"config_name": "neat_grid_0days",
 "logging_level": 0,
 "long": {"auto_unstuck_ema_dist": 0.0019077168932704008,
          "auto_unstuck_wallet_exposure_threshold": 0.02542974218999968,
          "backwards_tp": true,
          "ema_span_0": 1023.6897308498742,
          "ema_span_1": 1148.3866105000723,
          "enabled": true,
          "eprice_exp_base": 1.1303063198400682,
          "eqty_exp_base": 1.835623877530801,
          "grid_span": 0.22829923388339848,
          "initial_eprice_ema_dist": 0.0020585046269058008,
          "initial_qty_pct": 0.010192457175623438,
          "markup_range": 0.002165552132875855,
          "max_n_entry_orders": 8,
          "min_markup": 0.005196424951077826,
          "n_close_orders": 8,
          "wallet_exposure_limit": 1},
 "short": {"auto_unstuck_ema_dist": 0.0011937938103556167,
           "auto_unstuck_wallet_exposure_threshold": 0.03570802645782047,
           "backwards_tp": true,
           "ema_span_0": 1359.4991439987318,
           "ema_span_1": 109.09419788482761,
           "enabled": true,
           "eprice_exp_base": 1.2407377956061305,
           "eqty_exp_base": 3.918164526218736,
           "grid_span": 0.11275167516690165,
           "initial_eprice_ema_dist": 0.0018100460367659085,
           "initial_qty_pct": 0.011735753434684375,
           "markup_range": 0.006959169886213917,
           "max_n_entry_orders": 8,
           "min_markup": 0.0037967845437772273,
           "n_close_orders": 4,
           "wallet_exposure_limit": 1}}