{"config_name": "neat_grid_0days",
 "logging_level": 0,
 "long": {"auto_unstuck_ema_dist": 0.002467927541897782,
          "auto_unstuck_wallet_exposure_threshold": 0.033713456756403685,
          "backwards_tp": true,
          "ema_span_0": 1056.5059040794408,
          "ema_span_1": 1280.600480903844,
          "enabled": true,
          "eprice_exp_base": 1.0055329424259853,
          "eqty_exp_base": 1.69183287674434,
          "grid_span": 0.23580329431834138,
          "initial_eprice_ema_dist": 0.0019438379605739753,
          "initial_qty_pct": 0.010245173971944351,
          "markup_range": 0.0005371737943925189,
          "max_n_entry_orders": 12,
          "min_markup": 0.009410143052944154,
          "n_close_orders": 10,
          "wallet_exposure_limit": 1},
 "short": {"auto_unstuck_ema_dist": 0.0006776063775556944,
           "auto_unstuck_wallet_exposure_threshold": 0.04991066743093317,
           "backwards_tp": true,
           "ema_span_0": 295.3468921152642,
           "ema_span_1": 1047.7924337410848,
           "enabled": true,
           "eprice_exp_base": 1.000601512872344,
           "eqty_exp_base": 1.5861687148020478,
           "grid_span": 0.6344135601402585,
           "initial_eprice_ema_dist": 0.0014278880607727883,
           "initial_qty_pct": 0.01000151319564419,
           "markup_range": 0.0004738856040117742,
           "max_n_entry_orders": 12,
           "min_markup": 0.0018198026683224108,
           "n_close_orders": 8,
           "wallet_exposure_limit": 1}}