{"config_name": "neat_grid_0days",
 "logging_level": 0,
 "long": {"auto_unstuck_ema_dist": 0.0007364520425904239,
          "auto_unstuck_wallet_exposure_threshold": 0.032308354361959,
          "backwards_tp": true,
          "ema_span_0": 30.139405348630344,
          "ema_span_1": 1388.3892339201732,
          "enabled": true,
          "eprice_exp_base": 1.0025548062079797,
          "eqty_exp_base": 1.4096315129159764,
          "grid_span": 0.18987562871934147,
          "initial_eprice_ema_dist": 0.0007038381842119025,
          "initial_qty_pct": 0.014381470764065872,
          "markup_range": 0.0074374939146487394,
          "max_n_entry_orders": 9,
          "min_markup": 0.009585203979705161,
          "n_close_orders": 6,
          "wallet_exposure_limit": 1},
 "short": {"auto_unstuck_ema_dist": 0.0029063154040587734,
           "auto_unstuck_wallet_exposure_threshold": 0.04297104214977969,
           "backwards_tp": true,
           "ema_span_0": 1296.9000397581908,
           "ema_span_1": 1198.1590636468236,
           "enabled": true,
           "eprice_exp_base": 1.007294862447572,
           "eqty_exp_base": 1.285603911562985,
           "grid_span": 0.14369073165311094,
           "initial_eprice_ema_dist": 0.0015442481080818991,
           "initial_qty_pct": 0.01082930497545399,
           "markup_range": 0.0065729184753888,
           "max_n_entry_orders": 14,
           "min_markup": 0.005735824925070627,
           "n_close_orders": 13,
           "wallet_exposure_limit": 1}}