{"config_name": "neat_grid_0days",
 "logging_level": 0,
 "long": {"auto_unstuck_ema_dist": 0.0013508287179051079,
          "auto_unstuck_wallet_exposure_threshold": 0.03246547871637329,
          "backwards_tp": true,
          "ema_span_0": 1419.8370999551457,
          "ema_span_1": 1333.3931257152908,
          "enabled": true,
          "eprice_exp_base": 1.000001687405096,
          "eqty_exp_base": 1.3114229085431521,
          "grid_span": 0.2030527261467115,
          "initial_eprice_ema_dist": 0.0018356578959297534,
          "initial_qty_pct": 0.013611167865567935,
          "markup_range": 0.0023180237606730404,
          "max_n_entry_orders": 12,
          "min_markup": 0.0016287924346482729,
          "n_close_orders": 13,
          "wallet_exposure_limit": 1},
 "short": {"auto_unstuck_ema_dist": 0.0012248663686211558,
           "auto_unstuck_wallet_exposure_threshold": 0.029736958055641655,
           "backwards_tp": true,
           "ema_span_0": 1313.1477812788476,
           "ema_span_1": 1414.2852212500202,
           "enabled": true,
           "eprice_exp_base": 1.0124860077102924,
           "eqty_exp_base": 3.150359471463281,
           "grid_span": 0.2624634962616542,
           "initial_eprice_ema_dist": 0.001561518386278126,
           "initial_qty_pct": 0.011411871606105278,
           "markup_range": 0.010908147209778138,
           "max_n_entry_orders": 20,
           "min_markup": 0.002111881110755641,
           "n_close_orders": 10,
           "wallet_exposure_limit": 1}}