{"config_name": "neat_grid_0days",
 "logging_level": 0,
 "long": {"auto_unstuck_ema_dist": 0.0024975108398817844,
          "auto_unstuck_wallet_exposure_threshold": 0.027451748807535467,
          "backwards_tp": true,
          "ema_span_0": 597.3630063312661,
          "ema_span_1": 722.4526922508728,
          "enabled": true,
          "eprice_exp_base": 1.0001151037997105,
          "eqty_exp_base": 1.3084177380686162,
          "grid_span": 0.1372347294535368,
          "initial_eprice_ema_dist": -7.329723627667216e-05,
          "initial_qty_pct": 0.013664437551210022,
          "markup_range": 0.0036537044239879227,
          "max_n_entry_orders": 18,
          "min_markup": 0.0017083106671074138,
          "n_close_orders": 2,
          "wallet_exposure_limit": 1},
 "short": {"auto_unstuck_ema_dist": 0.001326268987392274,
           "auto_unstuck_wallet_exposure_threshold": 0.03973647800611439,
           "backwards_tp": true,
           "ema_span_0": 234.32425703151378,
           "ema_span_1": 370.2987660680007,
           "enabled": true,
           "eprice_exp_base": 1.0705083762346164,
           "eqty_exp_base": 3.9730367924503205,
           "grid_span": 0.14870591011105982,
           "initial_eprice_ema_dist": 0.002478596918036074,
           "initial_qty_pct": 0.010718333345468503,
           "markup_range": 0.002071512792319135,
           "max_n_entry_orders": 13,
           "min_markup": 0.003953937193508087,
           "n_close_orders": 7,
           "wallet_exposure_limit": 1}}