{"config_name": "neat_grid_0days",
 "logging_level": 0,
 "long": {"auto_unstuck_ema_dist": 0.0017546714601108233,
          "auto_unstuck_wallet_exposure_threshold": 0.048416417543728746,
          "backwards_tp": true,
          "ema_span_0": 1213.3726501928388,
          "ema_span_1": 1167.654977148589,
          "enabled": true,
          "eprice_exp_base": 1.0234439189518072,
          "eqty_exp_base": 1.3037919804721991,
          "grid_span": 0.3033826623979455,
          "initial_eprice_ema_dist": 0.0024999986959574937,
          "initial_qty_pct": 0.012712437009056131,
          "markup_range": 0.002060990097084031,
          "max_n_entry_orders": 19,
          "min_markup": 0.0015839996862314358,
          "n_close_orders": 11,
          "wallet_exposure_limit": 1},
 "short": {"auto_unstuck_ema_dist": 0.0012893515089080331,
           "auto_unstuck_wallet_exposure_threshold": 0.04118036861957551,
           "backwards_tp": true,
           "ema_span_0": 101.1266850966287,
           "ema_span_1": 166.30694445947475,
           "enabled": true,
           "eprice_exp_base": 1.018703751510011,
           "eqty_exp_base": 1.95600077121056,
           "grid_span": 0.18288928847605743,
           "initial_eprice_ema_dist": 0.0024646716547160365,
           "initial_qty_pct": 0.015217477038342156,
           "markup_range": 0.0008637143022582366,
           "max_n_entry_orders": 8,
           "min_markup": 0.0022725336214266677,
           "n_close_orders": 7,
           "wallet_exposure_limit": 1}}