{"config_name": "neat_grid_0days",
 "logging_level": 0,
 "long": {"auto_unstuck_ema_dist": 0.0024975108398817844,
          "auto_unstuck_wallet_exposure_threshold": 0.027451748807535467,
          "backwards_tp": true,
          "ema_span_0": 597.3630063312661,
          "ema_span_1": 722.4526922508728,
          "enabled": true,
          "eprice_exp_base": 1.0001151037997105,
          "eqty_exp_base": 1.3084177380686162,
          "grid_span": 0.1372347294535368,
          "initial_eprice_ema_dist": -7.329723627667216e-05,
          "initial_qty_pct": 0.013664437551210022,
          "markup_range": 0.0036537044239879227,
          "max_n_entry_orders": 18,
          "min_markup": 0.0017083106671074138,
          "n_close_orders": 2,
          "wallet_exposure_limit": 1},
 "short": {"auto_unstuck_ema_dist": 0.0023232977815582983,
           "auto_unstuck_wallet_exposure_threshold": 0.04498435062282586,
           "backwards_tp": true,
           "ema_span_0": 1126.2873691998357,
           "ema_span_1": 1382.8920099809654,
           "enabled": true,
           "eprice_exp_base": 1.0185640120753856,
           "eqty_exp_base": 1.1122850707419556,
           "grid_span": 0.1793070673118146,
           "initial_eprice_ema_dist": -0.01040932282748848,
           "initial_qty_pct": 0.012622080925957934,
           "markup_range": 0.0012270066622624288,
           "max_n_entry_orders": 10,
           "min_markup": 0.005149875784901156,
           "n_close_orders": 14,
           "wallet_exposure_limit": 1}}