{"config_name": "neat_grid_0days",
 "logging_level": 0,
 "long": {"auto_unstuck_ema_dist": 0.002235839672936578,
          "auto_unstuck_wallet_exposure_threshold": 0.03630703279460463,
          "backwards_tp": true,
          "ema_span_0": 395.4983519926152,
          "ema_span_1": 709.2542299271994,
          "enabled": true,
          "eprice_exp_base": 1.0266944666765714,
          "eqty_exp_base": 1.1526499262446288,
          "grid_span": 0.24229610002465127,
          "initial_eprice_ema_dist": 0.0011676211093683032,
          "initial_qty_pct": 0.016285118251843398,
          "markup_range": 0.00445285540990409,
          "max_n_entry_orders": 8,
          "min_markup": 0.007043540888220206,
          "n_close_orders": 5,
          "wallet_exposure_limit": 1},
 "short": {"auto_unstuck_ema_dist": 0.0023625436309837764,
           "auto_unstuck_wallet_exposure_threshold": 0.027083204711836128,
           "backwards_tp": true,
           "ema_span_0": 672.8067519859139,
           "ema_span_1": 1440,
           "enabled": true,
           "eprice_exp_base": 1.0185830932985747,
           "eqty_exp_base": 1.1008540420726485,
           "grid_span": 0.4367768983399103,
           "initial_eprice_ema_dist": 0.002480609483808811,
           "initial_qty_pct": 0.010001801005958216,
           "markup_range": 0.003705524855231669,
           "max_n_entry_orders": 17,
           "min_markup": 0.00803128869748951,
           "n_close_orders": 10,
           "wallet_exposure_limit": 1}}