{"config_name": "neat_grid_0days",
 "logging_level": 0,
 "long": {"auto_unstuck_ema_dist": 0.002852332627186437,
          "auto_unstuck_wallet_exposure_threshold": 0.03196785859966203,
          "backwards_tp": true,
          "ema_span_0": 859.5278302433575,
          "ema_span_1": 516.8834477544518,
          "enabled": true,
          "eprice_exp_base": 1.0000003266920054,
          "eqty_exp_base": 1.8585468854908953,
          "grid_span": 0.1531996882057086,
          "initial_eprice_ema_dist": -0.015599138826588607,
          "initial_qty_pct": 0.012866628571991928,
          "markup_range": 0.0006840345772315376,
          "max_n_entry_orders": 10,
          "min_markup": 0.0050338298949125886,
          "n_close_orders": 6,
          "wallet_exposure_limit": 1},
 "short": {"auto_unstuck_ema_dist": 0.002463570381173741,
           "auto_unstuck_wallet_exposure_threshold": 0.030014440345947253,
           "backwards_tp": true,
           "ema_span_0": 94.41380506173138,
           "ema_span_1": 1217.9966146437464,
           "enabled": true,
           "eprice_exp_base": 1.0896575187940902,
           "eqty_exp_base": 2.3459600114707793,
           "grid_span": 0.343983132413463,
           "initial_eprice_ema_dist": 0.0013901669539160685,
           "initial_qty_pct": 0.010004979150645953,
           "markup_range": 0.0008137216510742375,
           "max_n_entry_orders": 10,
           "min_markup": 0.001846736907619043,
           "n_close_orders": 13,
           "wallet_exposure_limit": 1}}