{"config_name": "neat_grid_0days",
 "logging_level": 0,
 "long": {"auto_unstuck_ema_dist": 0.0026584484972598426,
          "auto_unstuck_wallet_exposure_threshold": 0.025606187159858674,
          "backwards_tp": true,
          "ema_span_0": 247.17500556226986,
          "ema_span_1": 1421.4902615865665,
          "enabled": true,
          "eprice_exp_base": 1.0623443754579946,
          "eqty_exp_base": 2.716591598443002,
          "grid_span": 0.19359839808246804,
          "initial_eprice_ema_dist": 0.0015101012179489991,
          "initial_qty_pct": 0.012465057977416712,
          "markup_range": 0.0026847389148279537,
          "max_n_entry_orders": 8,
          "min_markup": 0.001983079279046415,
          "n_close_orders": 4,
          "wallet_exposure_limit": 1},
 "short": {"auto_unstuck_ema_dist": 0.0027211746908564318,
           "auto_unstuck_wallet_exposure_threshold": 0.030137399875712234,
           "backwards_tp": true,
           "ema_span_0": 689.823546142369,
           "ema_span_1": 615.6101762728935,
           "enabled": true,
           "eprice_exp_base": 1.2346120427262846,
           "eqty_exp_base": 2.496435001853656,
           "grid_span": 0.19057941412090187,
           "initial_eprice_ema_dist": 0.001973944643268041,
           "initial_qty_pct": 0.013628592000994352,
           "markup_range": 0.001328621070783823,
           "max_n_entry_orders": 8,
           "min_markup": 0.006156218218860154,
           "n_close_orders": 3,
           "wallet_exposure_limit": 1}}