{"config_name": "neat_grid_0days",
 "logging_level": 0,
 "long": {"auto_unstuck_ema_dist": 0.0028912853070609816,
          "auto_unstuck_wallet_exposure_threshold": 0.025158319588253847,
          "backwards_tp": true,
          "ema_span_0": 5,
          "ema_span_1": 674.8806864673976,
          "enabled": true,
          "eprice_exp_base": 1.1404482770297124,
          "eqty_exp_base": 1.909275153725371,
          "grid_span": 0.30061837207086195,
          "initial_eprice_ema_dist": 0.002363774842911027,
          "initial_qty_pct": 0.013696287308947014,
          "markup_range": 0.0036413674370384497,
          "max_n_entry_orders": 7,
          "min_markup": 0.0017268857760056337,
          "n_close_orders": 4,
          "wallet_exposure_limit": 1},
 "short": {"auto_unstuck_ema_dist": 0.0009136961991500824,
           "auto_unstuck_wallet_exposure_threshold": 0.03339853849422933,
           "backwards_tp": true,
           "ema_span_0": 1369.72324218534,
           "ema_span_1": 683.9684232923303,
           "enabled": true,
           "eprice_exp_base": 1.0000256360043116,
           "eqty_exp_base": 2.073583178697038,
           "grid_span": 0.22018105466835985,
           "initial_eprice_ema_dist": -0.004751765024873409,
           "initial_qty_pct": 0.01775982956065582,
           "markup_range": 0.0027634540009032664,
           "max_n_entry_orders": 15,
           "min_markup": 0.007531472463057734,
           "n_close_orders": 11,
           "wallet_exposure_limit": 1}}