{"config_name": "neat_grid_0days",
 "logging_level": 0,
 "long": {"auto_unstuck_ema_dist": 0.001756657266585319,
          "auto_unstuck_wallet_exposure_threshold": 0.0350738713515603,
          "backwards_tp": true,
          "ema_span_0": 926.0601940725588,
          "ema_span_1": 745.061776980432,
          "enabled": true,
          "eprice_exp_base": 1.208624208259861,
          "eqty_exp_base": 1.196205928453439,
          "grid_span": 0.11840331949500447,
          "initial_eprice_ema_dist": 0.0021921881042628734,
          "initial_qty_pct": 0.01290778975975071,
          "markup_range": 0.0025129314748184224,
          "max_n_entry_orders": 8,
          "min_markup": 0.002221248711713018,
          "n_close_orders": 14,
          "wallet_exposure_limit": 1},
 "short": {"auto_unstuck_ema_dist": 0.0011272729547178962,
           "auto_unstuck_wallet_exposure_threshold": 0.032339854033445026,
           "backwards_tp": true,
           "ema_span_0": 857.118708359325,
           "ema_span_1": 5,
           "enabled": true,
           "eprice_exp_base": 1.59839323465023,
           "eqty_exp_base": 1.6698348492615565,
           "grid_span": 0.7,
           "initial_eprice_ema_dist": 0.0023672906019560035,
           "initial_qty_pct": 0.01190033726004514,
           "markup_range": 0.00018903685130656882,
           "max_n_entry_orders": 7,
           "min_markup": 0.0020373640711089766,
           "n_close_orders": 10,
           "wallet_exposure_limit": 1}}