{"config_name": "neat_grid_0days",
 "logging_level": 0,
 "long": {"auto_unstuck_ema_dist": 0.002542100074107942,
          "auto_unstuck_wallet_exposure_threshold": 0.03862571771120008,
          "backwards_tp": true,
          "ema_span_0": 399.8063460755529,
          "ema_span_1": 773.7451488611146,
          "enabled": true,
          "eprice_exp_base": 1.0379674949894955,
          "eqty_exp_base": 2.907078254207259,
          "grid_span": 0.15730105936774194,
          "initial_eprice_ema_dist": 0.0025,
          "initial_qty_pct": 0.013375060729065774,
          "markup_range": 0.007917400347818715,
          "max_n_entry_orders": 7,
          "min_markup": 0.00771620419719965,
          "n_close_orders": 2,
          "wallet_exposure_limit": 1},
 "short": {"auto_unstuck_ema_dist": 0.001025823558240069,
           "auto_unstuck_wallet_exposure_threshold": 0.025019184402933273,
           "backwards_tp": true,
           "ema_span_0": 12.936985051510812,
           "ema_span_1": 1328.6619158316757,
           "enabled": true,
           "eprice_exp_base": 1.0034482703292202,
           "eqty_exp_base": 1.723567582797523,
           "grid_span": 0.1,
           "initial_eprice_ema_dist": 0.0006934960957498702,
           "initial_qty_pct": 0.010448568891935144,
           "markup_range": 0.006845658459347705,
           "max_n_entry_orders": 8,
           "min_markup": 0.0073230260519814416,
           "n_close_orders": 14,
           "wallet_exposure_limit": 1}}