{"config_name": "neat_grid_0days",
 "logging_level": 0,
 "long": {"auto_unstuck_ema_dist": 0.0027822328232691433,
          "auto_unstuck_wallet_exposure_threshold": 0.034144191011259754,
          "backwards_tp": true,
          "ema_span_0": 1368.9352881812124,
          "ema_span_1": 1345.662709112945,
          "enabled": true,
          "eprice_exp_base": 1.0791339084713503,
          "eqty_exp_base": 3.5981551323258927,
          "grid_span": 0.17645157339871592,
          "initial_eprice_ema_dist": 0.0005659598993311301,
          "initial_qty_pct": 0.0112348714477791,
          "markup_range": 0.004993158455580022,
          "max_n_entry_orders": 8,
          "min_markup": 0.004105619526073625,
          "n_close_orders": 11,
          "wallet_exposure_limit": 1},
 "short": {"auto_unstuck_ema_dist": 0.00018147839578825628,
           "auto_unstuck_wallet_exposure_threshold": 0.047804486820015805,
           "backwards_tp": true,
           "ema_span_0": 66.22553983243043,
           "ema_span_1": 5.022061253802097,
           "enabled": true,
           "eprice_exp_base": 1.9972486917389725,
           "eqty_exp_base": 2.6468175179162996,
           "grid_span": 0.12037997682448245,
           "initial_eprice_ema_dist": -0.02622616676484965,
           "initial_qty_pct": 0.09401608885848702,
           "markup_range": 0.03767821288540465,
           "max_n_entry_orders": 15,
           "min_markup": 0.008086672835295648,
           "n_close_orders": 12,
           "wallet_exposure_limit": 1}}