{"config_name": "neat_grid_0days",
 "logging_level": 0,
 "long": {"auto_unstuck_ema_dist": 0.002235839672936578,
          "auto_unstuck_wallet_exposure_threshold": 0.03630703279460463,
          "backwards_tp": true,
          "ema_span_0": 395.4983519926152,
          "ema_span_1": 709.2542299271994,
          "enabled": true,
          "eprice_exp_base": 1.0266944666765714,
          "eqty_exp_base": 1.1526499262446288,
          "grid_span": 0.24229610002465127,
          "initial_eprice_ema_dist": 0.0011676211093683032,
          "initial_qty_pct": 0.016285118251843398,
          "markup_range": 0.00445285540990409,
          "max_n_entry_orders": 8,
          "min_markup": 0.007043540888220206,
          "n_close_orders": 5,
          "wallet_exposure_limit": 1},
 "short": {"auto_unstuck_ema_dist": 0.0029109531898667104,
           "auto_unstuck_wallet_exposure_threshold": 0.02679577459654685,
           "backwards_tp": true,
           "ema_span_0": 125.19344335402184,
           "ema_span_1": 1081.8133092613255,
           "enabled": true,
           "eprice_exp_base": 1.0948416476459872,
           "eqty_exp_base": 2.4764712204277743,
           "grid_span": 0.21950313430073595,
           "initial_eprice_ema_dist": -0.017031765251747058,
           "initial_qty_pct": 0.010707889791046216,
           "markup_range": 0.010194881969725206,
           "max_n_entry_orders": 9,
           "min_markup": 0.009934368239210642,
           "n_close_orders": 15,
           "wallet_exposure_limit": 1}}