{"config_name": "neat_grid_0days",
 "logging_level": 0,
 "long": {"auto_unstuck_ema_dist": 0.0007030186115153215,
          "auto_unstuck_wallet_exposure_threshold": 0.0406009401173635,
          "backwards_tp": true,
          "ema_span_0": 953.8307076630509,
          "ema_span_1": 769.0387439068337,
          "enabled": true,
          "eprice_exp_base": 1.0472569253298705,
          "eqty_exp_base": 1.5460829867815102,
          "grid_span": 0.3055094673362577,
          "initial_eprice_ema_dist": 0.0024964508666134545,
          "initial_qty_pct": 0.014236785936830698,
          "markup_range": 0.005971744852140227,
          "max_n_entry_orders": 8,
          "min_markup": 0.008783165340864157,
          "n_close_orders": 3,
          "wallet_exposure_limit": 1},
 "short": {"auto_unstuck_ema_dist": 0.0020595258391673766,
           "auto_unstuck_wallet_exposure_threshold": 0.04527757100941827,
           "backwards_tp": true,
           "ema_span_0": 1134.303211191553,
           "ema_span_1": 270.73083390975813,
           "enabled": true,
           "eprice_exp_base": 1.1688683790524634,
           "eqty_exp_base": 2.103342244112296,
           "grid_span": 0.17077289550975144,
           "initial_eprice_ema_dist": -0.0006915992865996501,
           "initial_qty_pct": 0.015793915698089956,
           "markup_range": 0.007177296810384182,
           "max_n_entry_orders": 11,
           "min_markup": 0.0059047818433788065,
           "n_close_orders": 15,
           "wallet_exposure_limit": 1}}