{"config_name": "neat_grid_0days",
 "logging_level": 0,
 "long": {"auto_unstuck_ema_dist": 0.0024698864352908265,
          "auto_unstuck_wallet_exposure_threshold": 0.03814467616180574,
          "backwards_tp": true,
          "ema_span_0": 1165.3004449331702,
          "ema_span_1": 896.6616505121415,
          "enabled": true,
          "eprice_exp_base": 1.034621360089321,
          "eqty_exp_base": 2.5360528961654523,
          "grid_span": 0.14759664882095624,
          "initial_eprice_ema_dist": -0.010964760486607111,
          "initial_qty_pct": 0.012852386704380454,
          "markup_range": 0.005921642872668186,
          "max_n_entry_orders": 8,
          "min_markup": 0.0017537402658054666,
          "n_close_orders": 7,
          "wallet_exposure_limit": 1},
 "short": {"auto_unstuck_ema_dist": 0.0003143423467891605,
           "auto_unstuck_wallet_exposure_threshold": 0.03137871840820834,
           "backwards_tp": true,
           "ema_span_0": 1212.1866435492855,
           "ema_span_1": 1375.3717971391586,
           "enabled": true,
           "eprice_exp_base": 1.0002891873792636,
           "eqty_exp_base": 2.448059665994853,
           "grid_span": 0.2939979243503847,
           "initial_eprice_ema_dist": -0.0052141156217863395,
           "initial_qty_pct": 0.010000149985344703,
           "markup_range": 0.006037351767440048,
           "max_n_entry_orders": 17,
           "min_markup": 0.009975233123995723,
           "n_close_orders": 13,
           "wallet_exposure_limit": 1}}