{"config_name": "neat_grid_0days",
 "logging_level": 0,
 "long": {"auto_unstuck_ema_dist": 0.0009499207039605187,
          "auto_unstuck_wallet_exposure_threshold": 0.03209641209268348,
          "backwards_tp": true,
          "ema_span_0": 774.3398568289525,
          "ema_span_1": 1070.9466083895597,
          "enabled": true,
          "eprice_exp_base": 1,
          "eqty_exp_base": 1.0514598925321237,
          "grid_span": 0.26058663429118745,
          "initial_eprice_ema_dist": 0.002127727489228875,
          "initial_qty_pct": 0.016301529220159174,
          "markup_range": 0.004094273939749953,
          "max_n_entry_orders": 8,
          "min_markup": 0.007220227116337647,
          "n_close_orders": 10,
          "wallet_exposure_limit": 1},
 "short": {"auto_unstuck_ema_dist": 0.002667799660233961,
           "auto_unstuck_wallet_exposure_threshold": 0.04530589333776665,
           "backwards_tp": true,
           "ema_span_0": 135.62568184747911,
           "ema_span_1": 849.4135743604742,
           "enabled": true,
           "eprice_exp_base": 1.5796236526451293,
           "eqty_exp_base": 1.8987338834596414,
           "grid_span": 0.2017979624494006,
           "initial_eprice_ema_dist": 0.002256914834678222,
           "initial_qty_pct": 0.015387382680634139,
           "markup_range": 0.004247146149093854,
           "max_n_entry_orders": 9,
           "min_markup": 0.0025603140413223355,
           "n_close_orders": 12,
           "wallet_exposure_limit": 1}}