{"config_name": "neat_grid_0days",
 "logging_level": 0,
 "long": {"auto_unstuck_ema_dist": 0.0014547811507677636,
          "auto_unstuck_wallet_exposure_threshold": 0.027331753545393724,
          "backwards_tp": true,
          "ema_span_0": 1295.517001573263,
          "ema_span_1": 657.7450652839418,
          "enabled": true,
          "eprice_exp_base": 1.0451245752468858,
          "eqty_exp_base": 3.502758237603705,
          "grid_span": 0.15984677968022887,
          "initial_eprice_ema_dist": 0.0011389520362510874,
          "initial_qty_pct": 0.010898996980672957,
          "markup_range": 0.010552607767484781,
          "max_n_entry_orders": 8,
          "min_markup": 0.004949644139593139,
          "n_close_orders": 8,
          "wallet_exposure_limit": 1},
 "short": {"auto_unstuck_ema_dist": 0.0022947998383894106,
           "auto_unstuck_wallet_exposure_threshold": 0.030248584946926702,
           "backwards_tp": true,
           "ema_span_0": 945.7816129846979,
           "ema_span_1": 17.625970202573185,
           "enabled": true,
           "eprice_exp_base": 1.0342830778303371,
           "eqty_exp_base": 1.378264186192419,
           "grid_span": 0.24913979559285737,
           "initial_eprice_ema_dist": 0.0024997706832263784,
           "initial_qty_pct": 0.01789545784085784,
           "markup_range": 0.0012590087176367272,
           "max_n_entry_orders": 8,
           "min_markup": 0.004368372694911098,
           "n_close_orders": 8,
           "wallet_exposure_limit": 1}}