{"config_name": "neat_grid_0days",
 "logging_level": 0,
 "long": {"auto_unstuck_ema_dist": 0.0011719114634259854,
          "auto_unstuck_wallet_exposure_threshold": 0.02691842835430973,
          "backwards_tp": true,
          "ema_span_0": 546.6002070082598,
          "ema_span_1": 976.7898817998661,
          "enabled": true,
          "eprice_exp_base": 1.0000001763945632,
          "eqty_exp_base": 1.9423196090132562,
          "grid_span": 0.1601829688824288,
          "initial_eprice_ema_dist": -0.0054707114603669196,
          "initial_qty_pct": 0.011747348811188926,
          "markup_range": 0.0025288158823870985,
          "max_n_entry_orders": 7,
          "min_markup": 0.0021620604075272363,
          "n_close_orders": 16,
          "wallet_exposure_limit": 1},
 "short": {"auto_unstuck_ema_dist": 0.001119825727117213,
           "auto_unstuck_wallet_exposure_threshold": 0.03460183992144519,
           "backwards_tp": true,
           "ema_span_0": 1319.3384969930053,
           "ema_span_1": 18.742871300125113,
           "enabled": true,
           "eprice_exp_base": 1.1410784124745337,
           "eqty_exp_base": 2.6822274458111166,
           "grid_span": 0.1876120968849488,
           "initial_eprice_ema_dist": 0.0025,
           "initial_qty_pct": 0.013476162175830577,
           "markup_range": 0.005607011595750834,
           "max_n_entry_orders": 8,
           "min_markup": 0.00718323636213833,
           "n_close_orders": 5,
           "wallet_exposure_limit": 1}}