{"config_name": "neat_grid_0days",
 "logging_level": 0,
 "long": {"auto_unstuck_ema_dist": 0.0027822328232691433,
          "auto_unstuck_wallet_exposure_threshold": 0.034144191011259754,
          "backwards_tp": true,
          "ema_span_0": 1368.9352881812124,
          "ema_span_1": 1345.662709112945,
          "enabled": true,
          "eprice_exp_base": 1.0791339084713503,
          "eqty_exp_base": 3.5981551323258927,
          "grid_span": 0.17645157339871592,
          "initial_eprice_ema_dist": 0.0005659598993311301,
          "initial_qty_pct": 0.0112348714477791,
          "markup_range": 0.004993158455580022,
          "max_n_entry_orders": 8,
          "min_markup": 0.004105619526073625,
          "n_close_orders": 11,
          "wallet_exposure_limit": 1},
 "short": {"auto_unstuck_ema_dist": 0.0028211480981952695,
           "auto_unstuck_wallet_exposure_threshold": 0.029598584747879478,
           "backwards_tp": true,
           "ema_span_0": 1327.6464614842585,
           "ema_span_1": 439.94393598482657,
           "enabled": true,
           "eprice_exp_base": 1,
           "eqty_exp_base": 1.134120993608763,
           "grid_span": 0.26336639054218036,
           "initial_eprice_ema_dist": -0.09476679768628053,
           "initial_qty_pct": 0.011178566168638207,
           "markup_range": 0.0029654598359018865,
           "max_n_entry_orders": 8,
           "min_markup": 0.003479653920822474,
           "n_close_orders": 2,
           "wallet_exposure_limit": 1}}