{"config_name": "neat_grid_0days",
 "logging_level": 0,
 "long": {"auto_unstuck_ema_dist": 0.002707751742713636,
          "auto_unstuck_wallet_exposure_threshold": 0.03006507267179342,
          "backwards_tp": true,
          "ema_span_0": 1145.3391720384557,
          "ema_span_1": 706.0001833788658,
          "enabled": true,
          "eprice_exp_base": 1.0061550438591227,
          "eqty_exp_base": 2.6661924630593976,
          "grid_span": 0.1067159432151759,
          "initial_eprice_ema_dist": -9.905079481566029e-05,
          "initial_qty_pct": 0.010590651034835818,
          "markup_range": 0.0004268934156904762,
          "max_n_entry_orders": 7,
          "min_markup": 0.0020651800640480566,
          "n_close_orders": 15,
          "wallet_exposure_limit": 1},
 "short": {"auto_unstuck_ema_dist": 0.000555542118393698,
           "auto_unstuck_wallet_exposure_threshold": 0.03598249860184221,
           "backwards_tp": true,
           "ema_span_0": 427.15854522788396,
           "ema_span_1": 1308.7484069579382,
           "enabled": true,
           "eprice_exp_base": 1.2555147984402522,
           "eqty_exp_base": 1.6412383148750445,
           "grid_span": 0.17837468341235066,
           "initial_eprice_ema_dist": 0.002390838040942231,
           "initial_qty_pct": 0.01521492203078831,
           "markup_range": 0.0037333226508824927,
           "max_n_entry_orders": 10,
           "min_markup": 0.0073171520326013725,
           "n_close_orders": 4,
           "wallet_exposure_limit": 1}}