{"config_name": "neat_grid_0days",
 "logging_level": 0,
 "long": {"auto_unstuck_ema_dist": 0.0014547811507677636,
          "auto_unstuck_wallet_exposure_threshold": 0.027331753545393724,
          "backwards_tp": true,
          "ema_span_0": 1295.517001573263,
          "ema_span_1": 657.7450652839418,
          "enabled": true,
          "eprice_exp_base": 1.0451245752468858,
          "eqty_exp_base": 3.502758237603705,
          "grid_span": 0.15984677968022887,
          "initial_eprice_ema_dist": 0.0011389520362510874,
          "initial_qty_pct": 0.010898996980672957,
          "markup_range": 0.010552607767484781,
          "max_n_entry_orders": 8,
          "min_markup": 0.004949644139593139,
          "n_close_orders": 8,
          "wallet_exposure_limit": 1},
 "short": {"auto_unstuck_ema_dist": 0.0026309765482961565,
           "auto_unstuck_wallet_exposure_threshold": 0.027506656789660147,
           "backwards_tp": true,
           "ema_span_0": 1257.8693712028423,
           "ema_span_1": 82.53791999656748,
           "enabled": true,
           "eprice_exp_base": 1.0757255438521058,
           "eqty_exp_base": 1.5522746632140973,
           "grid_span": 0.13937073516882706,
           "initial_eprice_ema_dist": -0.0007499779595701578,
           "initial_qty_pct": 0.01049993054007378,
           "markup_range": 0.0034689978803515843,
           "max_n_entry_orders": 10,
           "min_markup": 0.004255450143974444,
           "n_close_orders": 15,
           "wallet_exposure_limit": 1}}