{"config_name": "neat_grid_0days",
 "logging_level": 0,
 "long": {"auto_unstuck_ema_dist": 0.0003545701068443638,
          "auto_unstuck_wallet_exposure_threshold": 0.0267249916922491,
          "backwards_tp": true,
          "ema_span_0": 591.1587691041273,
          "ema_span_1": 528.1412133869383,
          "enabled": true,
          "eprice_exp_base": 1.0177555441624127,
          "eqty_exp_base": 1.1237189153187084,
          "grid_span": 0.3533290852693711,
          "initial_eprice_ema_dist": 0.0008146417553264988,
          "initial_qty_pct": 0.011995834894777948,
          "markup_range": 0.004536182943649652,
          "max_n_entry_orders": 10,
          "min_markup": 0.0015299808676250625,
          "n_close_orders": 11,
          "wallet_exposure_limit": 1},
 "short": {"auto_unstuck_ema_dist": 0.002667799660233961,
           "auto_unstuck_wallet_exposure_threshold": 0.04530589333776665,
           "backwards_tp": true,
           "ema_span_0": 135.62568184747911,
           "ema_span_1": 849.4135743604742,
           "enabled": true,
           "eprice_exp_base": 1.5796236526451293,
           "eqty_exp_base": 1.8987338834596414,
           "grid_span": 0.2017979624494006,
           "initial_eprice_ema_dist": 0.002256914834678222,
           "initial_qty_pct": 0.015387382680634139,
           "markup_range": 0.004247146149093854,
           "max_n_entry_orders": 9,
           "min_markup": 0.0025603140413223355,
           "n_close_orders": 12,
           "wallet_exposure_limit": 1}}