{"config_name": "neat_grid_0days",
 "logging_level": 0,
 "long": {"auto_unstuck_ema_dist": 0.003,
          "auto_unstuck_wallet_exposure_threshold": 0.035181541818557274,
          "backwards_tp": true,
          "ema_span_0": 1290.6814219478672,
          "ema_span_1": 157.05190460406337,
          "enabled": true,
          "eprice_exp_base": 1.0647903108592447,
          "eqty_exp_base": 1.1616056015139051,
          "grid_span": 0.1445678160172635,
          "initial_eprice_ema_dist": 0.0008223189780348042,
          "initial_qty_pct": 0.01368858428493949,
          "markup_range": 0.004844060205228525,
          "max_n_entry_orders": 7,
          "min_markup": 0.0060248345581945,
          "n_close_orders": 7,
          "wallet_exposure_limit": 1},
 "short": {"auto_unstuck_ema_dist": 0.0006776063775556944,
           "auto_unstuck_wallet_exposure_threshold": 0.04991066743093317,
           "backwards_tp": true,
           "ema_span_0": 295.3468921152642,
           "ema_span_1": 1047.7924337410848,
           "enabled": true,
           "eprice_exp_base": 1.000601512872344,
           "eqty_exp_base": 1.5861687148020478,
           "grid_span": 0.6344135601402585,
           "initial_eprice_ema_dist": 0.0014278880607727883,
           "initial_qty_pct": 0.01000151319564419,
           "markup_range": 0.0004738856040117742,
           "max_n_entry_orders": 12,
           "min_markup": 0.0018198026683224108,
           "n_close_orders": 8,
           "wallet_exposure_limit": 1}}