{"config_name": "neat_grid_0days",
 "logging_level": 0,
 "long": {"auto_unstuck_ema_dist": 0.0029350086426365267,
          "auto_unstuck_wallet_exposure_threshold": 0.034206045377053504,
          "backwards_tp": true,
          "ema_span_0": 1245.3804017451316,
          "ema_span_1": 57.4492837286057,
          "enabled": true,
          "eprice_exp_base": 1.0243964526478484,
          "eqty_exp_base": 2.6649564438606355,
          "grid_span": 0.1984103838155998,
          "initial_eprice_ema_dist": -0.0006395828933147687,
          "initial_qty_pct": 0.010145908119973216,
          "markup_range": 0.0007780689959180281,
          "max_n_entry_orders": 8,
          "min_markup": 0.007653327190364969,
          "n_close_orders": 3,
          "wallet_exposure_limit": 1},
 "short": {"auto_unstuck_ema_dist": 0.0028002446706099564,
           "auto_unstuck_wallet_exposure_threshold": 0.04080582698351235,
           "backwards_tp": true,
           "ema_span_0": 1201.3901714701929,
           "ema_span_1": 1413.0054509013091,
           "enabled": true,
           "eprice_exp_base": 1.0314839512902103,
           "eqty_exp_base": 1.378792915499355,
           "grid_span": 0.6914168468642651,
           "initial_eprice_ema_dist": 0.0015197310533457832,
           "initial_qty_pct": 0.011000727418544009,
           "markup_range": 0.0034167438493137615,
           "max_n_entry_orders": 20,
           "min_markup": 0.005485403486265531,
           "n_close_orders": 6,
           "wallet_exposure_limit": 1}}