{"config_name": "neat_grid_0days",
 "logging_level": 0,
 "long": {"auto_unstuck_ema_dist": 0.0008755302759995424,
          "auto_unstuck_wallet_exposure_threshold": 0.02718748844152467,
          "backwards_tp": true,
          "ema_span_0": 527.1401242212667,
          "ema_span_1": 1302.4374543803565,
          "enabled": true,
          "eprice_exp_base": 1.0851293582645658,
          "eqty_exp_base": 2.0389311627017745,
          "grid_span": 0.27982962832631586,
          "initial_eprice_ema_dist": 0.0024987954706799874,
          "initial_qty_pct": 0.020668606067000595,
          "markup_range": 0.003245554886057494,
          "max_n_entry_orders": 8,
          "min_markup": 0.0022157027824677303,
          "n_close_orders": 2,
          "wallet_exposure_limit": 1},
 "short": {"auto_unstuck_ema_dist": 0.0026777984411742416,
           "auto_unstuck_wallet_exposure_threshold": 0.030829055099541012,
           "backwards_tp": true,
           "ema_span_0": 1289.3375723221268,
           "ema_span_1": 856.2775430117888,
           "enabled": true,
           "eprice_exp_base": 1.1088472811761558,
           "eqty_exp_base": 1.005837121805452,
           "grid_span": 0.21524631596457464,
           "initial_eprice_ema_dist": 0.0022808918069086447,
           "initial_qty_pct": 0.012682093138620926,
           "markup_range": 0.006058814940573569,
           "max_n_entry_orders": 9,
           "min_markup": 0.002499901461725529,
           "n_close_orders": 15,
           "wallet_exposure_limit": 1}}