{"config_name": "neat_grid_0days",
 "logging_level": 0,
 "long": {"auto_unstuck_ema_dist": 0.0007364520425904239,
          "auto_unstuck_wallet_exposure_threshold": 0.032308354361959,
          "backwards_tp": true,
          "ema_span_0": 30.139405348630344,
          "ema_span_1": 1388.3892339201732,
          "enabled": true,
          "eprice_exp_base": 1.0025548062079797,
          "eqty_exp_base": 1.4096315129159764,
          "grid_span": 0.18987562871934147,
          "initial_eprice_ema_dist": 0.0007038381842119025,
          "initial_qty_pct": 0.014381470764065872,
          "markup_range": 0.0074374939146487394,
          "max_n_entry_orders": 9,
          "min_markup": 0.009585203979705161,
          "n_close_orders": 6,
          "wallet_exposure_limit": 1},
 "short": {"auto_unstuck_ema_dist": 0.002480431641383928,
           "auto_unstuck_wallet_exposure_threshold": 0.029526627490083033,
           "backwards_tp": true,
           "ema_span_0": 1095.3114122730212,
           "ema_span_1": 1290.7497109459407,
           "enabled": true,
           "eprice_exp_base": 1.1656406985634618,
           "eqty_exp_base": 1.0549534156682328,
           "grid_span": 0.36702218175293977,
           "initial_eprice_ema_dist": -0.001746783913719963,
           "initial_qty_pct": 0.01,
           "markup_range": 0.005924020854969044,
           "max_n_entry_orders": 12,
           "min_markup": 0.005990701862533527,
           "n_close_orders": 7,
           "wallet_exposure_limit": 1}}