{"config_name": "neat_grid_0days",
 "logging_level": 0,
 "long": {"auto_unstuck_ema_dist": 0.002785876503980317,
          "auto_unstuck_wallet_exposure_threshold": 0.03342245434190702,
          "backwards_tp": true,
          "ema_span_0": 683.8726930720385,
          "ema_span_1": 905.6259955026625,
          "enabled": true,
          "eprice_exp_base": 1.2096113408675577,
          "eqty_exp_base": 2.2042370453519884,
          "grid_span": 0.14533210869060137,
          "initial_eprice_ema_dist": 0.0024948553797233346,
          "initial_qty_pct": 0.010126359001156198,
          "markup_range": 0.0023907909298214926,
          "max_n_entry_orders": 7,
          "min_markup": 0.007455164754308687,
          "n_close_orders": 3,
          "wallet_exposure_limit": 1},
 "short": {"auto_unstuck_ema_dist": 0.0002934662821323238,
           "auto_unstuck_wallet_exposure_threshold": 0.049052120428141104,
           "backwards_tp": true,
           "ema_span_0": 119.82463437576986,
           "ema_span_1": 8.9114380478862,
           "enabled": true,
           "eprice_exp_base": 1,
           "eqty_exp_base": 3.9672706121088375,
           "grid_span": 0.1501573336061983,
           "initial_eprice_ema_dist": -0.010492677536748077,
           "initial_qty_pct": 0.010063931076029892,
           "markup_range": 0.00011850369543698308,
           "max_n_entry_orders": 7,
           "min_markup": 0.0012031981324928996,
           "n_close_orders": 11,
           "wallet_exposure_limit": 1}}