{"config_name": "neat_grid_0days",
 "logging_level": 0,
 "long": {"auto_unstuck_ema_dist": 0.002022170452454791,
          "auto_unstuck_wallet_exposure_threshold": 0.027299804421955925,
          "backwards_tp": true,
          "ema_span_0": 1314.768410182331,
          "ema_span_1": 721.215424869027,
          "enabled": true,
          "eprice_exp_base": 1.0003040257100362,
          "eqty_exp_base": 1.2658551469866264,
          "grid_span": 0.187617968983296,
          "initial_eprice_ema_dist": 0.002495424954552812,
          "initial_qty_pct": 0.01545326832564971,
          "markup_range": 0.00429544007513705,
          "max_n_entry_orders": 7,
          "min_markup": 0.006046046687661756,
          "n_close_orders": 3,
          "wallet_exposure_limit": 1},
 "short": {"auto_unstuck_ema_dist": 0.002463570381173741,
           "auto_unstuck_wallet_exposure_threshold": 0.030014440345947253,
           "backwards_tp": true,
           "ema_span_0": 94.41380506173138,
           "ema_span_1": 1217.9966146437464,
           "enabled": true,
           "eprice_exp_base": 1.0896575187940902,
           "eqty_exp_base": 2.3459600114707793,
           "grid_span": 0.343983132413463,
           "initial_eprice_ema_dist": 0.0013901669539160685,
           "initial_qty_pct": 0.010004979150645953,
           "markup_range": 0.0008137216510742375,
           "max_n_entry_orders": 10,
           "min_markup": 0.001846736907619043,
           "n_close_orders": 13,
           "wallet_exposure_limit": 1}}