{"config_name": "neat_grid_0days",
 "logging_level": 0,
 "long": {"auto_unstuck_ema_dist": 0.0027345082946838933,
          "auto_unstuck_wallet_exposure_threshold": 0.028356730233751185,
          "backwards_tp": true,
          "ema_span_0": 1320.3125473602197,
          "ema_span_1": 1092.5227525038918,
          "enabled": true,
          "eprice_exp_base": 1.0000000493392827,
          "eqty_exp_base": 1.2212729702515785,
          "grid_span": 0.33762427769204956,
          "initial_eprice_ema_dist": 0.0008018531082868006,
          "initial_qty_pct": 0.010402456838712519,
          "markup_range": 0.0031413829647823277,
          "max_n_entry_orders": 18,
          "min_markup": 0.002996138964457437,
          "n_close_orders": 4,
          "wallet_exposure_limit": 1},
 "short": {"auto_unstuck_ema_dist": 0.0027763690462400763,
           "auto_unstuck_wallet_exposure_threshold": 0.03319892257594696,
           "backwards_tp": true,
           "ema_span_0": 1346.417740047184,
           "ema_span_1": 472.38773627664614,
           "enabled": true,
           "eprice_exp_base": 1.072185546125647,
           "eqty_exp_base": 3.4523969359896114,
           "grid_span": 0.20662921321746358,
           "initial_eprice_ema_dist": -0.037304111025774835,
           "initial_qty_pct": 0.010000557841767732,
           "markup_range": 0.0035337023062716037,
           "max_n_entry_orders": 8,
           "min_markup": 0.0014090071589688315,
           "n_close_orders": 8,
           "wallet_exposure_limit": 1}}