{"config_name": "neat_grid_0days",
 "logging_level": 0,
 "long": {"auto_unstuck_ema_dist": 0.0019077168932704008,
          "auto_unstuck_wallet_exposure_threshold": 0.02542974218999968,
          "backwards_tp": true,
          "ema_span_0": 1023.6897308498742,
          "ema_span_1": 1148.3866105000723,
          "enabled": true,
          "eprice_exp_base": 1.1303063198400682,
          "eqty_exp_base": 1.835623877530801,
          "grid_span": 0.22829923388339848,
          "initial_eprice_ema_dist": 0.0020585046269058008,
          "initial_qty_pct": 0.010192457175623438,
          "markup_range": 0.002165552132875855,
          "max_n_entry_orders": 8,
          "min_markup": 0.005196424951077826,
          "n_close_orders": 8,
          "wallet_exposure_limit": 1},
 "short": {"auto_unstuck_ema_dist": 0.0020595258391673766,
           "auto_unstuck_wallet_exposure_threshold": 0.04527757100941827,
           "backwards_tp": true,
           "ema_span_0": 1134.303211191553,
           "ema_span_1": 270.73083390975813,
           "enabled": true,
           "eprice_exp_base": 1.1688683790524634,
           "eqty_exp_base": 2.103342244112296,
           "grid_span": 0.17077289550975144,
           "initial_eprice_ema_dist": -0.0006915992865996501,
           "initial_qty_pct": 0.015793915698089956,
           "markup_range": 0.007177296810384182,
           "max_n_entry_orders": 11,
           "min_markup": 0.0059047818433788065,
           "n_close_orders": 15,
           "wallet_exposure_limit": 1}}