{"config_name": "neat_grid_0days",
 "logging_level": 0,
 "long": {"auto_unstuck_ema_dist": 0.0003016350249359291,
          "auto_unstuck_wallet_exposure_threshold": 0.03240771341452908,
          "backwards_tp": true,
          "ema_span_0": 32.91267710732636,
          "ema_span_1": 1128.32862131596,
          "enabled": true,
          "eprice_exp_base": 1.0873326887151702,
          "eqty_exp_base": 1.3208093515001638,
          "grid_span": 0.23124445824583206,
          "initial_eprice_ema_dist": 0.002163104820588319,
          "initial_qty_pct": 0.0104145270437311,
          "markup_range": 0.0007163285306916663,
          "max_n_entry_orders": 9,
          "min_markup": 0.005224899265180008,
          "n_close_orders": 8,
          "wallet_exposure_limit": 1},
 "short": {"auto_unstuck_ema_dist": 0.0013943793570742994,
           "auto_unstuck_wallet_exposure_threshold": 0.025415418194600786,
           "backwards_tp": true,
           "ema_span_0": 1065.6846402782646,
           "ema_span_1": 172.2033187528263,
           "enabled": true,
           "eprice_exp_base": 1,
           "eqty_exp_base": 2.223123652066542,
           "grid_span": 0.1478036077928624,
           "initial_eprice_ema_dist": 0.0025,
           "initial_qty_pct": 0.012331256899241612,
           "markup_range": 0.0008517236171970289,
           "max_n_entry_orders": 18,
           "min_markup": 0.002655225522195244,
           "n_close_orders": 6,
           "wallet_exposure_limit": 1}}