{"config_name": "neat_grid_0days",
 "logging_level": 0,
 "long": {"auto_unstuck_ema_dist": 0.002467927541897782,
          "auto_unstuck_wallet_exposure_threshold": 0.033713456756403685,
          "backwards_tp": true,
          "ema_span_0": 1056.5059040794408,
          "ema_span_1": 1280.600480903844,
          "enabled": true,
          "eprice_exp_base": 1.0055329424259853,
          "eqty_exp_base": 1.69183287674434,
          "grid_span": 0.23580329431834138,
          "initial_eprice_ema_dist": 0.0019438379605739753,
          "initial_qty_pct": 0.010245173971944351,
          "markup_range": 0.0005371737943925189,
          "max_n_entry_orders": 12,
          "min_markup": 0.009410143052944154,
          "n_close_orders": 10,
          "wallet_exposure_limit": 1},
 "short": {"auto_unstuck_ema_dist": 0.0011847834526658725,
           "auto_unstuck_wallet_exposure_threshold": 0.030132186711612847,
           "backwards_tp": true,
           "ema_span_0": 1180.374782427517,
           "ema_span_1": 765.1757565001548,
           "enabled": true,
           "eprice_exp_base": 1.0000053202602137,
           "eqty_exp_base": 2.6983378434469043,
           "grid_span": 0.13596941646936306,
           "initial_eprice_ema_dist": 0.0025,
           "initial_qty_pct": 0.014679865472404973,
           "markup_range": 0.008500275410560696,
           "max_n_entry_orders": 8,
           "min_markup": 0.0058051555183408245,
           "n_close_orders": 5,
           "wallet_exposure_limit": 1}}