{"config_name": "neat_grid_0days",
 "logging_level": 0,
 "long": {"auto_unstuck_ema_dist": 0.0021050966646008066,
          "auto_unstuck_wallet_exposure_threshold": 0.04737285056054396,
          "backwards_tp": true,
          "ema_span_0": 1312.8548916597153,
          "ema_span_1": 1310.9777264639656,
          "enabled": true,
          "eprice_exp_base": 1.0455854672610372,
          "eqty_exp_base": 1.6457049326631246,
          "grid_span": 0.31547123526554316,
          "initial_eprice_ema_dist": -0.0007100375277348258,
          "initial_qty_pct": 0.010859220637196968,
          "markup_range": 0.006237467664218409,
          "max_n_entry_orders": 7,
          "min_markup": 0.005384077813692881,
          "n_close_orders": 8,
          "wallet_exposure_limit": 1},
 "short": {"auto_unstuck_ema_dist": 0.001391385067881476,
           "auto_unstuck_wallet_exposure_threshold": 0.028612722460015408,
           "backwards_tp": true,
           "ema_span_0": 1111.0265492445556,
           "ema_span_1": 98.20522188745447,
           "enabled": true,
           "eprice_exp_base": 1.2139580031337653,
           "eqty_exp_base": 1.2769084351449516,
           "grid_span": 0.3714339590242195,
           "initial_eprice_ema_dist": -0.000970149449799204,
           "initial_qty_pct": 0.012251230489396931,
           "markup_range": 0.00596278687660346,
           "max_n_entry_orders": 9,
           "min_markup": 0.006986436238345731,
           "n_close_orders": 10,
           "wallet_exposure_limit": 1}}