{"config_name": "neat_grid_0days",
 "logging_level": 0,
 "long": {"auto_unstuck_ema_dist": 0.0019377384111113572,
          "auto_unstuck_wallet_exposure_threshold": 0.026028095038164285,
          "backwards_tp": true,
          "ema_span_0": 762.7642087114098,
          "ema_span_1": 1234.166735813407,
          "enabled": true,
          "eprice_exp_base": 1.0000218555396148,
          "eqty_exp_base": 1.8729704745567686,
          "grid_span": 0.16999256908490004,
          "initial_eprice_ema_dist": 0.0024994432984376384,
          "initial_qty_pct": 0.011487875691422407,
          "markup_range": 0.009568717715466912,
          "max_n_entry_orders": 11,
          "min_markup": 0.008053321996133733,
          "n_close_orders": 12,
          "wallet_exposure_limit": 1},
 "short": {"auto_unstuck_ema_dist": 4.552212715115808e-05,
           "auto_unstuck_wallet_exposure_threshold": 0.04918639541941782,
           "backwards_tp": true,
           "ema_span_0": 1320.9960258756694,
           "ema_span_1": 969.758722834201,
           "enabled": true,
           "eprice_exp_base": 1.0393440340453166,
           "eqty_exp_base": 1.7815063069289603,
           "grid_span": 0.2228364075451775,
           "initial_eprice_ema_dist": -0.001702013850452684,
           "initial_qty_pct": 0.011865315493485594,
           "markup_range": 0.005232926848524431,
           "max_n_entry_orders": 18,
           "min_markup": 0.00717831197998005,
           "n_close_orders": 15,
           "wallet_exposure_limit": 1}}