{"config_name": "neat_grid_0days",
 "logging_level": 0,
 "long": {"auto_unstuck_ema_dist": 0.0022432243032986,
          "auto_unstuck_wallet_exposure_threshold": 0.025647395004375587,
          "backwards_tp": true,
          "ema_span_0": 194.06968482819337,
          "ema_span_1": 723.8013727451414,
          "enabled": true,
          "eprice_exp_base": 1.0739671633414292,
          "eqty_exp_base": 1.8665532517214383,
          "grid_span": 0.18891338792762247,
          "initial_eprice_ema_dist": 0.0023781667971775446,
          "initial_qty_pct": 0.010717475491106045,
          "markup_range": 0.0021399098080829167,
          "max_n_entry_orders": 9,
          "min_markup": 0.007116774776728303,
          "n_close_orders": 12,
          "wallet_exposure_limit": 1},
 "short": {"auto_unstuck_ema_dist": 0.0023232977815582983,
           "auto_unstuck_wallet_exposure_threshold": 0.04498435062282586,
           "backwards_tp": true,
           "ema_span_0": 1126.2873691998357,
           "ema_span_1": 1382.8920099809654,
           "enabled": true,
           "eprice_exp_base": 1.0185640120753856,
           "eqty_exp_base": 1.1122850707419556,
           "grid_span": 0.1793070673118146,
           "initial_eprice_ema_dist": -0.01040932282748848,
           "initial_qty_pct": 0.012622080925957934,
           "markup_range": 0.0012270066622624288,
           "max_n_entry_orders": 10,
           "min_markup": 0.005149875784901156,
           "n_close_orders": 14,
           "wallet_exposure_limit": 1}}