{"config_name": "neat_grid_0days",
 "logging_level": 0,
 "long": {"auto_unstuck_ema_dist": 0.002617635070573712,
          "auto_unstuck_wallet_exposure_threshold": 0.03431317530764496,
          "backwards_tp": true,
          "ema_span_0": 1236.9590117083997,
          "ema_span_1": 726.3436615492456,
          "enabled": true,
          "eprice_exp_base": 1.0028623159041123,
          "eqty_exp_base": 1.4726075835345291,
          "grid_span": 0.16125318527887614,
          "initial_eprice_ema_dist": 0.00022908987636475632,
          "initial_qty_pct": 0.01103844344900722,
          "markup_range": 0.005573566848202013,
          "max_n_entry_orders": 9,
          "min_markup": 0.008097204079558816,
          "n_close_orders": 9,
          "wallet_exposure_limit": 1},
 "short": {"auto_unstuck_ema_dist": 0.002463570381173741,
           "auto_unstuck_wallet_exposure_threshold": 0.030014440345947253,
           "backwards_tp": true,
           "ema_span_0": 94.41380506173138,
           "ema_span_1": 1217.9966146437464,
           "enabled": true,
           "eprice_exp_base": 1.0896575187940902,
           "eqty_exp_base": 2.3459600114707793,
           "grid_span": 0.343983132413463,
           "initial_eprice_ema_dist": 0.0013901669539160685,
           "initial_qty_pct": 0.010004979150645953,
           "markup_range": 0.0008137216510742375,
           "max_n_entry_orders": 10,
           "min_markup": 0.001846736907619043,
           "n_close_orders": 13,
           "wallet_exposure_limit": 1}}