{"config_name": "neat_grid_0days",
 "logging_level": 0,
 "long": {"auto_unstuck_ema_dist": 0.002014572108792925,
          "auto_unstuck_wallet_exposure_threshold": 0.02757460073881501,
          "backwards_tp": true,
          "ema_span_0": 1267.286848287587,
          "ema_span_1": 1198.130872413863,
          "enabled": true,
          "eprice_exp_base": 1.103694099775545,
          "eqty_exp_base": 1.1649753558103804,
          "grid_span": 0.29452503255150414,
          "initial_eprice_ema_dist": 0.0025,
          "initial_qty_pct": 0.012844016888099222,
          "markup_range": 0.004029355869046813,
          "max_n_entry_orders": 7,
          "min_markup": 0.0013995765515573627,
          "n_close_orders": 2,
          "wallet_exposure_limit": 1},
 "short": {"auto_unstuck_ema_dist": 0.001326268987392274,
           "auto_unstuck_wallet_exposure_threshold": 0.03973647800611439,
           "backwards_tp": true,
           "ema_span_0": 234.32425703151378,
           "ema_span_1": 370.2987660680007,
           "enabled": true,
           "eprice_exp_base": 1.0705083762346164,
           "eqty_exp_base": 3.9730367924503205,
           "grid_span": 0.14870591011105982,
           "initial_eprice_ema_dist": 0.002478596918036074,
           "initial_qty_pct": 0.010718333345468503,
           "markup_range": 0.002071512792319135,
           "max_n_entry_orders": 13,
           "min_markup": 0.003953937193508087,
           "n_close_orders": 7,
           "wallet_exposure_limit": 1}}