{"config_name": "neat_grid_0days",
 "logging_level": 0,
 "long": {"auto_unstuck_ema_dist": 0.0019077168932704008,
          "auto_unstuck_wallet_exposure_threshold": 0.02542974218999968,
          "backwards_tp": true,
          "ema_span_0": 1023.6897308498742,
          "ema_span_1": 1148.3866105000723,
          "enabled": true,
          "eprice_exp_base": 1.1303063198400682,
          "eqty_exp_base": 1.835623877530801,
          "grid_span": 0.22829923388339848,
          "initial_eprice_ema_dist": 0.0020585046269058008,
          "initial_qty_pct": 0.010192457175623438,
          "markup_range": 0.002165552132875855,
          "max_n_entry_orders": 8,
          "min_markup": 0.005196424951077826,
          "n_close_orders": 8,
          "wallet_exposure_limit": 1},
 "short": {"auto_unstuck_ema_dist": 0.001025823558240069,
           "auto_unstuck_wallet_exposure_threshold": 0.025019184402933273,
           "backwards_tp": true,
           "ema_span_0": 12.936985051510812,
           "ema_span_1": 1328.6619158316757,
           "enabled": true,
           "eprice_exp_base": 1.0034482703292202,
           "eqty_exp_base": 1.723567582797523,
           "grid_span": 0.1,
           "initial_eprice_ema_dist": 0.0006934960957498702,
           "initial_qty_pct": 0.010448568891935144,
           "markup_range": 0.006845658459347705,
           "max_n_entry_orders": 8,
           "min_markup": 0.0073230260519814416,
           "n_close_orders": 14,
           "wallet_exposure_limit": 1}}