{"config_name": "neat_grid_0days",
 "logging_level": 0,
 "long": {"auto_unstuck_ema_dist": 0.002497224819332599,
          "auto_unstuck_wallet_exposure_threshold": 0.02512075846964247,
          "backwards_tp": true,
          "ema_span_0": 567.3607977259088,
          "ema_span_1": 408.43570043367185,
          "enabled": true,
          "eprice_exp_base": 1,
          "eqty_exp_base": 1.764310541451131,
          "grid_span": 0.1921944014136969,
          "initial_eprice_ema_dist": -0.003477493652535262,
          "initial_qty_pct": 0.012955658755834067,
          "markup_range": 0.004178645898998653,
          "max_n_entry_orders": 9,
          "min_markup": 0.005892075305083186,
          "n_close_orders": 4,
          "wallet_exposure_limit": 1},
 "short": {"auto_unstuck_ema_dist": 0.0022597658882813234,
           "auto_unstuck_wallet_exposure_threshold": 0.03997118283103033,
           "backwards_tp": true,
           "ema_span_0": 302.16477389188066,
           "ema_span_1": 637.2359029973103,
           "enabled": true,
           "eprice_exp_base": 1.1357362621955451,
           "eqty_exp_base": 1.8026749129813693,
           "grid_span": 0.4582092270253832,
           "initial_eprice_ema_dist": -0.07532979028756681,
           "initial_qty_pct": 0.01020214114461497,
           "markup_range": 0.0006946750433209043,
           "max_n_entry_orders": 9,
           "min_markup": 0.0033313868228882202,
           "n_close_orders": 7,
           "wallet_exposure_limit": 1}}