{"config_name": "neat_grid_0days",
 "logging_level": 0,
 "long": {"auto_unstuck_ema_dist": 0.0016084751195527534,
          "auto_unstuck_wallet_exposure_threshold": 0.03178888930436293,
          "backwards_tp": true,
          "ema_span_0": 419.9828385481779,
          "ema_span_1": 425.75475173704376,
          "enabled": true,
          "eprice_exp_base": 1.0000013317002912,
          "eqty_exp_base": 1.0070419073107748,
          "grid_span": 0.17740659838487466,
          "initial_eprice_ema_dist": 0.0024897368002341643,
          "initial_qty_pct": 0.01103918201636838,
          "markup_range": 0.0001832405479495742,
          "max_n_entry_orders": 7,
          "min_markup": 0.002853434433236795,
          "n_close_orders": 7,
          "wallet_exposure_limit": 1},
 "short": {"auto_unstuck_ema_dist": 0.0029378291538973826,
           "auto_unstuck_wallet_exposure_threshold": 0.025038661544269335,
           "backwards_tp": true,
           "ema_span_0": 1334.8006214685502,
           "ema_span_1": 53.73944900633531,
           "enabled": true,
           "eprice_exp_base": 1.1199064910684622,
           "eqty_exp_base": 1.7056474771535575,
           "grid_span": 0.1482614263144115,
           "initial_eprice_ema_dist": -0.0011305086435349787,
           "initial_qty_pct": 0.012161023237987484,
           "markup_range": 0.0033270227537841573,
           "max_n_entry_orders": 9,
           "min_markup": 0.0031236552349185745,
           "n_close_orders": 5,
           "wallet_exposure_limit": 1}}