{"config_name": "neat_grid_0days",
 "logging_level": 0,
 "long": {"auto_unstuck_ema_dist": 0.0024206233487299497,
          "auto_unstuck_wallet_exposure_threshold": 0.04400716974751656,
          "backwards_tp": true,
          "ema_span_0": 65.09171159922076,
          "ema_span_1": 37.348502653779335,
          "enabled": true,
          "eprice_exp_base": 1.0003249432400732,
          "eqty_exp_base": 1.0046798891905855,
          "grid_span": 0.10466315913003739,
          "initial_eprice_ema_dist": 0.0024778364729591993,
          "initial_qty_pct": 0.011251134413818314,
          "markup_range": 0.0020958800115645024,
          "max_n_entry_orders": 12,
          "min_markup": 0.0032812592369004068,
          "n_close_orders": 14,
          "wallet_exposure_limit": 1},
 "short": {"auto_unstuck_ema_dist": 0.0013943793570742994,
           "auto_unstuck_wallet_exposure_threshold": 0.025415418194600786,
           "backwards_tp": true,
           "ema_span_0": 1065.6846402782646,
           "ema_span_1": 172.2033187528263,
           "enabled": true,
           "eprice_exp_base": 1,
           "eqty_exp_base": 2.223123652066542,
           "grid_span": 0.1478036077928624,
           "initial_eprice_ema_dist": 0.0025,
           "initial_qty_pct": 0.012331256899241612,
           "markup_range": 0.0008517236171970289,
           "max_n_entry_orders": 18,
           "min_markup": 0.002655225522195244,
           "n_close_orders": 6,
           "wallet_exposure_limit": 1}}