{"config_name": "neat_grid_0days",
 "logging_level": 0,
 "long": {"auto_unstuck_ema_dist": 0.0013593509057950918,
          "auto_unstuck_wallet_exposure_threshold": 0.030850390187784016,
          "backwards_tp": true,
          "ema_span_0": 488.09852959875815,
          "ema_span_1": 1320.4370046170563,
          "enabled": true,
          "eprice_exp_base": 1.000001330677379,
          "eqty_exp_base": 3.3187186493056706,
          "grid_span": 0.14140156628294712,
          "initial_eprice_ema_dist": -0.0037125776636400647,
          "initial_qty_pct": 0.011865682028078126,
          "markup_range": 0.006360541434271851,
          "max_n_entry_orders": 17,
          "min_markup": 0.0035436115514877148,
          "n_close_orders": 16,
          "wallet_exposure_limit": 1},
 "short": {"auto_unstuck_ema_dist": 0.0025602268424689714,
           "auto_unstuck_wallet_exposure_threshold": 0.03815421752326197,
           "backwards_tp": true,
           "ema_span_0": 1111.7287918596105,
           "ema_span_1": 913.2995399085529,
           "enabled": true,
           "eprice_exp_base": 1.1486234172128047,
           "eqty_exp_base": 2.015708236648099,
           "grid_span": 0.18890413199045178,
           "initial_eprice_ema_dist": 0.002456546384360188,
           "initial_qty_pct": 0.010935348213123792,
           "markup_range": 0.003508329339988845,
           "max_n_entry_orders": 9,
           "min_markup": 0.0094848403594235,
           "n_close_orders": 8,
           "wallet_exposure_limit": 1}}