{"config_name": "neat_grid_0days",
 "logging_level": 0,
 "long": {"auto_unstuck_ema_dist": 0.0018668244571375836,
          "auto_unstuck_wallet_exposure_threshold": 0.03344586273666497,
          "backwards_tp": true,
          "ema_span_0": 202.75553177362684,
          "ema_span_1": 1439.9893433549337,
          "enabled": true,
          "eprice_exp_base": 1.111848667818881,
          "eqty_exp_base": 2.639541462310838,
          "grid_span": 0.10628713628030882,
          "initial_eprice_ema_dist": -0.07849274431722823,
          "initial_qty_pct": 0.010135354643895669,
          "markup_range": 0.0021752192937833075,
          "max_n_entry_orders": 8,
          "min_markup": 0.002072855325946951,
          "n_close_orders": 3,
          "wallet_exposure_limit": 1},
 "short": {"auto_unstuck_ema_dist": 0.0013235369111620429,
           "auto_unstuck_wallet_exposure_threshold": 0.02880915950974655,
           "backwards_tp": true,
           "ema_span_0": 93.93633545106414,
           "ema_span_1": 707.875228183818,
           "enabled": true,
           "eprice_exp_base": 1.0008438294525785,
           "eqty_exp_base": 3.7534721199843504,
           "grid_span": 0.16739865332918205,
           "initial_eprice_ema_dist": -0.014544714304386162,
           "initial_qty_pct": 0.01051090610839782,
           "markup_range": 0.003186372661545907,
           "max_n_entry_orders": 8,
           "min_markup": 0.006685082197080559,
           "n_close_orders": 9,
           "wallet_exposure_limit": 1}}