{"config_name": "neat_grid_0days",
 "logging_level": 0,
 "long": {"auto_unstuck_ema_dist": 0.002707751742713636,
          "auto_unstuck_wallet_exposure_threshold": 0.03006507267179342,
          "backwards_tp": true,
          "ema_span_0": 1145.3391720384557,
          "ema_span_1": 706.0001833788658,
          "enabled": true,
          "eprice_exp_base": 1.0061550438591227,
          "eqty_exp_base": 2.6661924630593976,
          "grid_span": 0.1067159432151759,
          "initial_eprice_ema_dist": -9.905079481566029e-05,
          "initial_qty_pct": 0.010590651034835818,
          "markup_range": 0.0004268934156904762,
          "max_n_entry_orders": 7,
          "min_markup": 0.0020651800640480566,
          "n_close_orders": 15,
          "wallet_exposure_limit": 1},
 "short": {"auto_unstuck_ema_dist": 0.0027911521651337572,
           "auto_unstuck_wallet_exposure_threshold": 0.04561079472652261,
           "backwards_tp": true,
           "ema_span_0": 194.50231749372648,
           "ema_span_1": 636.4427648652573,
           "enabled": true,
           "eprice_exp_base": 1.0521945443047116,
           "eqty_exp_base": 3.6836639523628314,
           "grid_span": 0.13643216381329915,
           "initial_eprice_ema_dist": -0.02509195143651765,
           "initial_qty_pct": 0.011389421037135736,
           "markup_range": 0.0029897843177649095,
           "max_n_entry_orders": 8,
           "min_markup": 0.0019407967709090407,
           "n_close_orders": 7,
           "wallet_exposure_limit": 1}}