{"config_name": "clock_0days",
 "long": {"backwards_tp": true,
          "delay_between_fills_minutes_close": 1.0,
          "delay_between_fills_minutes_entry": 1348.3737896131524,
          "delay_weight_close": 0.0,
          "delay_weight_entry": 7.786409475803933,
          "ema_dist_close": 1.0,
          "ema_dist_entry": 0.0008279524096425176,
          "ema_span_0": 1261.39004582108,
          "ema_span_1": 472.358823186479,
          "enabled": true,
          "markup_range": 0.0053907442579894,
          "min_markup": 0.005321500246657434,
          "n_close_orders": 11,
          "qty_pct_close": 0.01,
          "qty_pct_entry": 0.011806132190954081,
          "wallet_exposure_limit": 1.0,
          "we_multiplier_close": 0.0,
          "we_multiplier_entry": 98.19718858880717},
 "short": {"backwards_tp": true,
           "delay_between_fills_minutes_close": 1.0,
           "delay_between_fills_minutes_entry": 943.4952618804723,
           "delay_weight_close": 0.0,
           "delay_weight_entry": 8.391233270713752,
           "ema_dist_close": 1.0,
           "ema_dist_entry": 0.0026540273885663004,
           "ema_span_0": 1413.0765916129626,
           "ema_span_1": 1415.9456435762124,
           "enabled": true,
           "markup_range": 0.00424548423490093,
           "min_markup": 0.004137249933155148,
           "n_close_orders": 9,
           "qty_pct_close": 0.01,
           "qty_pct_entry": 0.01003814248097598,
           "wallet_exposure_limit": 1.0,
           "we_multiplier_close": 0.0,
           "we_multiplier_entry": 71.95319524188065}}