{"config_name": "clock_0days",
 "long": {"backwards_tp": true,
          "delay_between_fills_minutes_close": 1.0,
          "delay_between_fills_minutes_entry": 1060.1548984222022,
          "delay_weight_close": 0.0,
          "delay_weight_entry": 22.926649184878492,
          "ema_dist_close": 1.0,
          "ema_dist_entry": -0.04074584565169707,
          "ema_span_0": 129.54174788818554,
          "ema_span_1": 1263.996428202953,
          "enabled": true,
          "markup_range": 0.002672660810123147,
          "min_markup": 0.0037907591222957624,
          "n_close_orders": 13,
          "qty_pct_close": 0.01,
          "qty_pct_entry": 0.01023980728572619,
          "wallet_exposure_limit": 1.0,
          "we_multiplier_close": 0.0,
          "we_multiplier_entry": 45.99262363147032},
 "short": {"backwards_tp": true,
           "delay_between_fills_minutes_close": 1.0,
           "delay_between_fills_minutes_entry": 848.6382118789273,
           "delay_weight_close": 0.0,
           "delay_weight_entry": 6.7423537240713864,
           "ema_dist_close": 1.0,
           "ema_dist_entry": -0.0006536819701902876,
           "ema_span_0": 768.1898145060104,
           "ema_span_1": 1298.7838969556021,
           "enabled": true,
           "markup_range": 0.005789575188174668,
           "min_markup": 0.006135626720975524,
           "n_close_orders": 14,
           "qty_pct_close": 0.01,
           "qty_pct_entry": 0.020122967827613632,
           "wallet_exposure_limit": 1.0,
           "we_multiplier_close": 0.0,
           "we_multiplier_entry": 75.52109739957093}}