{"config_name": "clock_0days",
 "long": {"backwards_tp": true,
          "delay_between_fills_minutes_close": 1.0,
          "delay_between_fills_minutes_entry": 1215.7264305814124,
          "delay_weight_close": 0.0,
          "delay_weight_entry": 10.140777780382644,
          "ema_dist_close": 1.0,
          "ema_dist_entry": 0.003471829128077797,
          "ema_span_0": 1044.8095852781807,
          "ema_span_1": 1137.8703427985474,
          "enabled": true,
          "markup_range": 0.011762198813188626,
          "min_markup": 0.0033136098706390005,
          "n_close_orders": 3,
          "qty_pct_close": 0.01,
          "qty_pct_entry": 0.010001089999480127,
          "wallet_exposure_limit": 1.0,
          "we_multiplier_close": 0.0,
          "we_multiplier_entry": 32.756786798944844},
 "short": {"backwards_tp": true,
           "delay_between_fills_minutes_close": 1.0,
           "delay_between_fills_minutes_entry": 1410.6384150703523,
           "delay_weight_close": 0.0,
           "delay_weight_entry": 27.170477357226247,
           "ema_dist_close": 1.0,
           "ema_dist_entry": -0.00025897683928936555,
           "ema_span_0": 1435.0082264088187,
           "ema_span_1": 1280.6070331901494,
           "enabled": true,
           "markup_range": 0.015466103089307286,
           "min_markup": 0.00786921111505596,
           "n_close_orders": 4,
           "qty_pct_close": 0.01,
           "qty_pct_entry": 0.013951293242473139,
           "wallet_exposure_limit": 1.0,
           "we_multiplier_close": 0.0,
           "we_multiplier_entry": 23.102985858503803}}