{"config_name": "clock_0days",
 "long": {"backwards_tp": true,
          "delay_between_fills_minutes_close": 1.0,
          "delay_between_fills_minutes_entry": 1003.9162692448862,
          "delay_weight_close": 0.0,
          "delay_weight_entry": 15.671190570973783,
          "ema_dist_close": 1.0,
          "ema_dist_entry": -0.0012579001642359475,
          "ema_span_0": 508.91578147552207,
          "ema_span_1": 298.83430842869484,
          "enabled": true,
          "markup_range": 0.00978934318117219,
          "min_markup": 0.007484700330643679,
          "n_close_orders": 8,
          "qty_pct_close": 0.01,
          "qty_pct_entry": 0.01111058752308279,
          "wallet_exposure_limit": 1.0,
          "we_multiplier_close": 0.0,
          "we_multiplier_entry": 30.864996556548903},
 "short": {"backwards_tp": true,
           "delay_between_fills_minutes_close": 1.0,
           "delay_between_fills_minutes_entry": 1229.3356242200282,
           "delay_weight_close": 0.0,
           "delay_weight_entry": 30.76671300736029,
           "ema_dist_close": 1.0,
           "ema_dist_entry": -0.029320431923669378,
           "ema_span_0": 1093.452444391201,
           "ema_span_1": 1188.456301967305,
           "enabled": true,
           "markup_range": 0.006307693672802334,
           "min_markup": 0.005990237615159987,
           "n_close_orders": 9,
           "qty_pct_close": 0.01,
           "qty_pct_entry": 0.018968632619740477,
           "wallet_exposure_limit": 1.0,
           "we_multiplier_close": 0.0,
           "we_multiplier_entry": 1.0190801179678841}}