{"config_name": "clock_0days",
 "long": {"backwards_tp": true,
          "delay_between_fills_minutes_close": 1.0,
          "delay_between_fills_minutes_entry": 583.2939902943648,
          "delay_weight_close": 0.0,
          "delay_weight_entry": 11.167837591066663,
          "ema_dist_close": 1.0,
          "ema_dist_entry": -0.04669751566684547,
          "ema_span_0": 653.0191740247081,
          "ema_span_1": 852.2371988955398,
          "enabled": true,
          "markup_range": 0.001902005866375197,
          "min_markup": 0.003254298769235413,
          "n_close_orders": 12,
          "qty_pct_close": 0.01,
          "qty_pct_entry": 0.012606233119863022,
          "wallet_exposure_limit": 1.0,
          "we_multiplier_close": 0.0,
          "we_multiplier_entry": 33.10758344657245},
 "short": {"backwards_tp": true,
           "delay_between_fills_minutes_close": 1.0,
           "delay_between_fills_minutes_entry": 791.5776322266485,
           "delay_weight_close": 0.0,
           "delay_weight_entry": 10.513543311184659,
           "ema_dist_close": 1.0,
           "ema_dist_entry": -0.03990845643590592,
           "ema_span_0": 27.291853178495536,
           "ema_span_1": 84.71657767212194,
           "enabled": true,
           "markup_range": 0.011164518923610077,
           "min_markup": 0.009300607802208153,
           "n_close_orders": 14,
           "qty_pct_close": 0.01,
           "qty_pct_entry": 0.012038768315796653,
           "wallet_exposure_limit": 1.0,
           "we_multiplier_close": 0.0,
           "we_multiplier_entry": 23.852926607241525}}