{"config_name": "clock_0days",
 "long": {"backwards_tp": true,
          "delay_between_fills_minutes_close": 1.0,
          "delay_between_fills_minutes_entry": 666.5435144792195,
          "delay_weight_close": 0.0,
          "delay_weight_entry": 58.929761820420566,
          "ema_dist_close": 1.0,
          "ema_dist_entry": 0.003978381779464072,
          "ema_span_0": 1259.6555259190957,
          "ema_span_1": 582.6189962149106,
          "enabled": true,
          "markup_range": 0.0027543718284593266,
          "min_markup": 0.0010590887192493505,
          "n_close_orders": 15,
          "qty_pct_close": 0.01,
          "qty_pct_entry": 0.010545231387196702,
          "wallet_exposure_limit": 1.0,
          "we_multiplier_close": 0.0,
          "we_multiplier_entry": 50.57644500824207},
 "short": {"backwards_tp": true,
           "delay_between_fills_minutes_close": 1.0,
           "delay_between_fills_minutes_entry": 896.1133057226931,
           "delay_weight_close": 0.0,
           "delay_weight_entry": 7.604815323557722,
           "ema_dist_close": 1.0,
           "ema_dist_entry": -0.04261516307755981,
           "ema_span_0": 664.7555477833396,
           "ema_span_1": 54.69969080202131,
           "enabled": true,
           "markup_range": 0.012579031320691363,
           "min_markup": 0.009452459910206022,
           "n_close_orders": 13,
           "qty_pct_close": 0.01,
           "qty_pct_entry": 0.01372774526768681,
           "wallet_exposure_limit": 1.0,
           "we_multiplier_close": 0.0,
           "we_multiplier_entry": 37.465155453982824}}