{"config_name": "clock_0days",
 "long": {"backwards_tp": true,
          "delay_between_fills_minutes_close": 1.0,
          "delay_between_fills_minutes_entry": 441.9157679304942,
          "delay_weight_close": 0.0,
          "delay_weight_entry": 44.86216890645343,
          "ema_dist_close": 1.0,
          "ema_dist_entry": 0.0019444627478297466,
          "ema_span_0": 162.98763026532316,
          "ema_span_1": 871.4621540132573,
          "enabled": true,
          "markup_range": 8.230871607442543e-07,
          "min_markup": 0.004053007762689895,
          "n_close_orders": 4,
          "qty_pct_close": 0.01,
          "qty_pct_entry": 0.01000344653006291,
          "wallet_exposure_limit": 1.0,
          "we_multiplier_close": 0.0,
          "we_multiplier_entry": 32.76096489210589},
 "short": {"backwards_tp": true,
           "delay_between_fills_minutes_close": 1.0,
           "delay_between_fills_minutes_entry": 1245.1567969671564,
           "delay_weight_close": 0.0,
           "delay_weight_entry": 41.106101033049725,
           "ema_dist_close": 1.0,
           "ema_dist_entry": -0.007760250212402133,
           "ema_span_0": 412.1741123723673,
           "ema_span_1": 619.8250385907795,
           "enabled": true,
           "markup_range": 0.009196385697530975,
           "min_markup": 0.0018245757411600148,
           "n_close_orders": 10,
           "qty_pct_close": 0.01,
           "qty_pct_entry": 0.016559269703905317,
           "wallet_exposure_limit": 1.0,
           "we_multiplier_close": 0.0,
           "we_multiplier_entry": 26.398326404664996}}