{"config_name": "clock_0days",
 "long": {"backwards_tp": true,
          "delay_between_fills_minutes_close": 1.0,
          "delay_between_fills_minutes_entry": 1011.9983600377288,
          "delay_weight_close": 0.0,
          "delay_weight_entry": 11.525733683946317,
          "ema_dist_close": 1.0,
          "ema_dist_entry": -0.04620642469089768,
          "ema_span_0": 499.5182412636588,
          "ema_span_1": 1034.4756025055658,
          "enabled": true,
          "markup_range": 0.006960072479282799,
          "min_markup": 0.004042916151613219,
          "n_close_orders": 5,
          "qty_pct_close": 0.01,
          "qty_pct_entry": 0.01,
          "wallet_exposure_limit": 1.0,
          "we_multiplier_close": 0.0,
          "we_multiplier_entry": 93.05779202554437},
 "short": {"backwards_tp": true,
           "delay_between_fills_minutes_close": 1.0,
           "delay_between_fills_minutes_entry": 870.2883030282086,
           "delay_weight_close": 0.0,
           "delay_weight_entry": 7.219885400159354,
           "ema_dist_close": 1.0,
           "ema_dist_entry": -0.0032809185707881523,
           "ema_span_0": 1350.2737046532634,
           "ema_span_1": 1012.390189796376,
           "enabled": true,
           "markup_range": 0.009084326832986054,
           "min_markup": 0.0030531912348235922,
           "n_close_orders": 9,
           "qty_pct_close": 0.01,
           "qty_pct_entry": 0.015896335153524732,
           "wallet_exposure_limit": 1.0,
           "we_multiplier_close": 0.0,
           "we_multiplier_entry": 99.97769517330963}}