{"config_name": "clock_0days",
 "long": {"backwards_tp": true,
          "delay_between_fills_minutes_close": 1.0,
          "delay_between_fills_minutes_entry": 1216.1050244478363,
          "delay_weight_close": 0.0,
          "delay_weight_entry": 53.64562492725637,
          "ema_dist_close": 1.0,
          "ema_dist_entry": -0.004389980001926116,
          "ema_span_0": 1121.0011139026096,
          "ema_span_1": 1072.2630836746416,
          "enabled": true,
          "markup_range": 0.00025157230223825724,
          "min_markup": 0.0014849813145314241,
          "n_close_orders": 11,
          "qty_pct_close": 0.01,
          "qty_pct_entry": 0.01,
          "wallet_exposure_limit": 1.0,
          "we_multiplier_close": 0.0,
          "we_multiplier_entry": 35.56334478179675},
 "short": {"backwards_tp": true,
           "delay_between_fills_minutes_close": 1.0,
           "delay_between_fills_minutes_entry": 553.7449751779322,
           "delay_weight_close": 0.0,
           "delay_weight_entry": 8.8103978561566,
           "ema_dist_close": 1.0,
           "ema_dist_entry": -0.012236492960255786,
           "ema_span_0": 1238.0983855486995,
           "ema_span_1": 1317.4324927021619,
           "enabled": true,
           "markup_range": 0.012904352878145156,
           "min_markup": 0.008557469171316001,
           "n_close_orders": 3,
           "qty_pct_close": 0.01,
           "qty_pct_entry": 0.012395409160939215,
           "wallet_exposure_limit": 1.0,
           "we_multiplier_close": 0.0,
           "we_multiplier_entry": 17.87749322304267}}