{"config_name": "clock_0days",
 "long": {"backwards_tp": true,
          "delay_between_fills_minutes_close": 1.0,
          "delay_between_fills_minutes_entry": 923.0005618433316,
          "delay_weight_close": 0.0,
          "delay_weight_entry": 17.629402041460683,
          "ema_dist_close": 1.0,
          "ema_dist_entry": 0.003998135033952253,
          "ema_span_0": 617.779799472887,
          "ema_span_1": 940.070366265467,
          "enabled": true,
          "markup_range": 0.005683238884833959,
          "min_markup": 0.0048286135492793154,
          "n_close_orders": 13,
          "qty_pct_close": 0.01,
          "qty_pct_entry": 0.01565672834471749,
          "wallet_exposure_limit": 1.0,
          "we_multiplier_close": 0.0,
          "we_multiplier_entry": 38.757433275208236},
 "short": {"backwards_tp": true,
           "delay_between_fills_minutes_close": 1.0,
           "delay_between_fills_minutes_entry": 702.2167796357348,
           "delay_weight_close": 0.0,
           "delay_weight_entry": 7.928351872935995,
           "ema_dist_close": 1.0,
           "ema_dist_entry": -0.0004555556649423041,
           "ema_span_0": 37.52223829793565,
           "ema_span_1": 745.4268851761135,
           "enabled": true,
           "markup_range": 0.01889776961616543,
           "min_markup": 0.006634867719275387,
           "n_close_orders": 3,
           "qty_pct_close": 0.01,
           "qty_pct_entry": 0.011617459809153241,
           "wallet_exposure_limit": 1.0,
           "we_multiplier_close": 0.0,
           "we_multiplier_entry": 16.706366084556407}}