{"config_name": "clock_0days",
 "long": {"backwards_tp": true,
          "delay_between_fills_minutes_close": 1.0,
          "delay_between_fills_minutes_entry": 549.6048026876938,
          "delay_weight_close": 0.0,
          "delay_weight_entry": 5.257002179636859,
          "ema_dist_close": 1.0,
          "ema_dist_entry": 0.0034908158888863044,
          "ema_span_0": 1075.460541797354,
          "ema_span_1": 7.070854151907764,
          "enabled": true,
          "markup_range": 0.006866215685580862,
          "min_markup": 0.007697815720063565,
          "n_close_orders": 13,
          "qty_pct_close": 0.01,
          "qty_pct_entry": 0.010000187121727195,
          "wallet_exposure_limit": 1.0,
          "we_multiplier_close": 0.0,
          "we_multiplier_entry": 44.507191579912195},
 "short": {"backwards_tp": true,
           "delay_between_fills_minutes_close": 1.0,
           "delay_between_fills_minutes_entry": 596.8052210187615,
           "delay_weight_close": 0.0,
           "delay_weight_entry": 18.129566081449944,
           "ema_dist_close": 1.0,
           "ema_dist_entry": -0.00019579057476246497,
           "ema_span_0": 289.9225525511785,
           "ema_span_1": 1394.7545211910913,
           "enabled": true,
           "markup_range": 0.006648975692417024,
           "min_markup": 0.004586797020128462,
           "n_close_orders": 13,
           "qty_pct_close": 0.01,
           "qty_pct_entry": 0.022116533145813553,
           "wallet_exposure_limit": 1.0,
           "we_multiplier_close": 0.0,
           "we_multiplier_entry": 12.56180698993377}}