{"config_name": "clock_0days",
 "long": {"backwards_tp": true,
          "delay_between_fills_minutes_close": 1.0,
          "delay_between_fills_minutes_entry": 202.9738038902849,
          "delay_weight_close": 0.0,
          "delay_weight_entry": 4.801322184552122,
          "ema_dist_close": 1.0,
          "ema_dist_entry": 0.0016769422796939332,
          "ema_span_0": 434.6193445706261,
          "ema_span_1": 7.538047278047027,
          "enabled": true,
          "markup_range": 1.979765931749147e-09,
          "min_markup": 0.005247322083981565,
          "n_close_orders": 14,
          "qty_pct_close": 0.01,
          "qty_pct_entry": 0.01,
          "wallet_exposure_limit": 1.0,
          "we_multiplier_close": 0.0,
          "we_multiplier_entry": 67.81898234284266},
 "short": {"backwards_tp": true,
           "delay_between_fills_minutes_close": 1.0,
           "delay_between_fills_minutes_entry": 157.2797116786045,
           "delay_weight_close": 0.0,
           "delay_weight_entry": 12.46373365810763,
           "ema_dist_close": 1.0,
           "ema_dist_entry": -0.011166142080085355,
           "ema_span_0": 592.9158743523194,
           "ema_span_1": 508.5814616227338,
           "enabled": true,
           "markup_range": 0.002273667109282877,
           "min_markup": 0.004247368222306784,
           "n_close_orders": 8,
           "qty_pct_close": 0.01,
           "qty_pct_entry": 0.010111690348962192,
           "wallet_exposure_limit": 1.0,
           "we_multiplier_close": 0.0,
           "we_multiplier_entry": 45.2220547324497}}