{"config_name": "clock_0days",
 "long": {"backwards_tp": true,
          "delay_between_fills_minutes_close": 1.0,
          "delay_between_fills_minutes_entry": 1265.6016466254953,
          "delay_weight_close": 0.0,
          "delay_weight_entry": 12.03805544642127,
          "ema_dist_close": 1.0,
          "ema_dist_entry": -0.0003894796304134091,
          "ema_span_0": 864.7476767450416,
          "ema_span_1": 1283.494277563203,
          "enabled": true,
          "markup_range": 0.006740408579245492,
          "min_markup": 0.0064896440583474616,
          "n_close_orders": 7,
          "qty_pct_close": 0.01,
          "qty_pct_entry": 0.01830934775612533,
          "wallet_exposure_limit": 1.0,
          "we_multiplier_close": 0.0,
          "we_multiplier_entry": 15.852944525319014},
 "short": {"backwards_tp": true,
           "delay_between_fills_minutes_close": 1.0,
           "delay_between_fills_minutes_entry": 150.93643171114041,
           "delay_weight_close": 0.0,
           "delay_weight_entry": 3.7149781632903682,
           "ema_dist_close": 1.0,
           "ema_dist_entry": -0.0035134189256241133,
           "ema_span_0": 986.7231997426667,
           "ema_span_1": 501.64289272723767,
           "enabled": true,
           "markup_range": 0.004089062075908078,
           "min_markup": 0.0041605437854341,
           "n_close_orders": 3,
           "qty_pct_close": 0.01,
           "qty_pct_entry": 0.01,
           "wallet_exposure_limit": 1.0,
           "we_multiplier_close": 0.0,
           "we_multiplier_entry": 8.935908334598402}}