{"config_name": "clock_0days",
 "long": {"backwards_tp": true,
          "delay_between_fills_minutes_close": 1.0,
          "delay_between_fills_minutes_entry": 1108.3537630012636,
          "delay_weight_close": 0.0,
          "delay_weight_entry": 14.727528162202047,
          "ema_dist_close": 1.0,
          "ema_dist_entry": -0.0022629758524782733,
          "ema_span_0": 1404.5018112138964,
          "ema_span_1": 1315.1971000840804,
          "enabled": true,
          "markup_range": 0.005281036657543576,
          "min_markup": 0.00539926139079066,
          "n_close_orders": 16,
          "qty_pct_close": 0.01,
          "qty_pct_entry": 0.017640759578909565,
          "wallet_exposure_limit": 1.0,
          "we_multiplier_close": 0.0,
          "we_multiplier_entry": 1.9737541947482484},
 "short": {"backwards_tp": true,
           "delay_between_fills_minutes_close": 1.0,
           "delay_between_fills_minutes_entry": 1207.5315996922177,
           "delay_weight_close": 0.0,
           "delay_weight_entry": 5.023700593299961,
           "ema_dist_close": 1.0,
           "ema_dist_entry": -0.003987041084997315,
           "ema_span_0": 1155.5877095246553,
           "ema_span_1": 1291.135171198279,
           "enabled": true,
           "markup_range": 0.005977156357244879,
           "min_markup": 0.0036246917140045566,
           "n_close_orders": 3,
           "qty_pct_close": 0.01,
           "qty_pct_entry": 0.010435022169238401,
           "wallet_exposure_limit": 1.0,
           "we_multiplier_close": 0.0,
           "we_multiplier_entry": 99.98730684827335}}