{"config_name": "clock_0days",
 "long": {"backwards_tp": true,
          "delay_between_fills_minutes_close": 1.0,
          "delay_between_fills_minutes_entry": 1277.782232117045,
          "delay_weight_close": 0.0,
          "delay_weight_entry": 10.439930666016426,
          "ema_dist_close": 1.0,
          "ema_dist_entry": -0.011532286081156003,
          "ema_span_0": 196.93889240370453,
          "ema_span_1": 188.81550391138995,
          "enabled": true,
          "markup_range": 0.002495101518094509,
          "min_markup": 0.004709266608993201,
          "n_close_orders": 3,
          "qty_pct_close": 0.01,
          "qty_pct_entry": 0.010000028624917693,
          "wallet_exposure_limit": 1.0,
          "we_multiplier_close": 0.0,
          "we_multiplier_entry": 19.75828429465782},
 "short": {"backwards_tp": true,
           "delay_between_fills_minutes_close": 1.0,
           "delay_between_fills_minutes_entry": 697.374044371198,
           "delay_weight_close": 0.0,
           "delay_weight_entry": 51.18900103706981,
           "ema_dist_close": 1.0,
           "ema_dist_entry": -0.015129959899412607,
           "ema_span_0": 815.6599549293672,
           "ema_span_1": 1273.4154879179193,
           "enabled": true,
           "markup_range": 0.0023388120271540334,
           "min_markup": 0.0027257908570867562,
           "n_close_orders": 9,
           "qty_pct_close": 0.01,
           "qty_pct_entry": 0.010093937596341878,
           "wallet_exposure_limit": 1.0,
           "we_multiplier_close": 0.0,
           "we_multiplier_entry": 64.03648704518511}}