{"config_name": "clock_0days",
 "long": {"backwards_tp": true,
          "delay_between_fills_minutes_close": 1.0,
          "delay_between_fills_minutes_entry": 611.3282955031966,
          "delay_weight_close": 0.0,
          "delay_weight_entry": 18.687743421902866,
          "ema_dist_close": 1.0,
          "ema_dist_entry": -0.020070112080374812,
          "ema_span_0": 95.48477953935746,
          "ema_span_1": 873.3692607523429,
          "enabled": true,
          "markup_range": 5.922526183138849e-05,
          "min_markup": 0.0020037595301433575,
          "n_close_orders": 11,
          "qty_pct_close": 0.01,
          "qty_pct_entry": 0.011619339773445212,
          "wallet_exposure_limit": 1.0,
          "we_multiplier_close": 0.0,
          "we_multiplier_entry": 87.55502410414962},
 "short": {"backwards_tp": true,
           "delay_between_fills_minutes_close": 1.0,
           "delay_between_fills_minutes_entry": 805.8641875553282,
           "delay_weight_close": 0.0,
           "delay_weight_entry": 8.27030005818579,
           "ema_dist_close": 1.0,
           "ema_dist_entry": -0.04358498262525322,
           "ema_span_0": 285.1567520808109,
           "ema_span_1": 207.50326550531483,
           "enabled": true,
           "markup_range": 0.007676320158379523,
           "min_markup": 0.007050410847142613,
           "n_close_orders": 16,
           "qty_pct_close": 0.01,
           "qty_pct_entry": 0.011489812954106136,
           "wallet_exposure_limit": 1.0,
           "we_multiplier_close": 0.0,
           "we_multiplier_entry": 47.163518846463056}}