{"config_name": "clock_0days",
 "long": {"backwards_tp": true,
          "delay_between_fills_minutes_close": 1.0,
          "delay_between_fills_minutes_entry": 1165.8074851555364,
          "delay_weight_close": 0.0,
          "delay_weight_entry": 18.252441072082203,
          "ema_dist_close": 1.0,
          "ema_dist_entry": -0.047560293943193714,
          "ema_span_0": 683.3766064654606,
          "ema_span_1": 705.8346157727162,
          "enabled": true,
          "markup_range": 0.0035770803692262826,
          "min_markup": 0.003361969435756587,
          "n_close_orders": 16,
          "qty_pct_close": 0.01,
          "qty_pct_entry": 0.011480751887863301,
          "wallet_exposure_limit": 1.0,
          "we_multiplier_close": 0.0,
          "we_multiplier_entry": 11.349173103679966},
 "short": {"backwards_tp": true,
           "delay_between_fills_minutes_close": 1.0,
           "delay_between_fills_minutes_entry": 484.6162458187609,
           "delay_weight_close": 0.0,
           "delay_weight_entry": 8.857724324506286,
           "ema_dist_close": 1.0,
           "ema_dist_entry": 0.0014647166181806525,
           "ema_span_0": 931.4479367078161,
           "ema_span_1": 1196.3780960941215,
           "enabled": true,
           "markup_range": 0.002247994014768508,
           "min_markup": 0.0060329400770847644,
           "n_close_orders": 13,
           "qty_pct_close": 0.01,
           "qty_pct_entry": 0.01525341294682633,
           "wallet_exposure_limit": 1.0,
           "we_multiplier_close": 0.0,
           "we_multiplier_entry": 49.751079360397675}}