{"config_name": "clock_0days",
 "long": {"backwards_tp": true,
          "delay_between_fills_minutes_close": 1.0,
          "delay_between_fills_minutes_entry": 1431.1235662050626,
          "delay_weight_close": 0.0,
          "delay_weight_entry": 11.161730961162911,
          "ema_dist_close": 1.0,
          "ema_dist_entry": -0.0025917836301736293,
          "ema_span_0": 1338.6292804751554,
          "ema_span_1": 864.2781181476439,
          "enabled": true,
          "markup_range": 0.012051757163785815,
          "min_markup": 0.008593639712001746,
          "n_close_orders": 2,
          "qty_pct_close": 0.01,
          "qty_pct_entry": 0.01708251269806688,
          "wallet_exposure_limit": 1.0,
          "we_multiplier_close": 0.0,
          "we_multiplier_entry": 5.913573557270398},
 "short": {"backwards_tp": true,
           "delay_between_fills_minutes_close": 1.0,
           "delay_between_fills_minutes_entry": 555.8039253650372,
           "delay_weight_close": 0.0,
           "delay_weight_entry": 7.895184400285562,
           "ema_dist_close": 1.0,
           "ema_dist_entry": 0.0022023344060848257,
           "ema_span_0": 136.70980292609764,
           "ema_span_1": 564.2201534759711,
           "enabled": true,
           "markup_range": 0.007042435475294265,
           "min_markup": 0.009523493491247792,
           "n_close_orders": 5,
           "qty_pct_close": 0.01,
           "qty_pct_entry": 0.010402027165322741,
           "wallet_exposure_limit": 1.0,
           "we_multiplier_close": 0.0,
           "we_multiplier_entry": 10.42036578750035}}