{"config_name": "clock_0days",
 "long": {"backwards_tp": true,
          "delay_between_fills_minutes_close": 1.0,
          "delay_between_fills_minutes_entry": 1094.7079732290072,
          "delay_weight_close": 0.0,
          "delay_weight_entry": 18.124875265562125,
          "ema_dist_close": 1.0,
          "ema_dist_entry": -0.025368488354738948,
          "ema_span_0": 1007.6685693129488,
          "ema_span_1": 719.2082962994816,
          "enabled": true,
          "markup_range": 0.007431006093957945,
          "min_markup": 0.00497835263690425,
          "n_close_orders": 4,
          "qty_pct_close": 0.01,
          "qty_pct_entry": 0.01216722467717275,
          "wallet_exposure_limit": 1.0,
          "we_multiplier_close": 0.0,
          "we_multiplier_entry": 80.20914649813946},
 "short": {"backwards_tp": true,
           "delay_between_fills_minutes_close": 1.0,
           "delay_between_fills_minutes_entry": 961.8659379961041,
           "delay_weight_close": 0.0,
           "delay_weight_entry": 6.479459797615124,
           "ema_dist_close": 1.0,
           "ema_dist_entry": 0.0021584283908439375,
           "ema_span_0": 393.97467881632775,
           "ema_span_1": 441.23800791848174,
           "enabled": true,
           "markup_range": 0.014775825965688119,
           "min_markup": 0.007506975578277583,
           "n_close_orders": 11,
           "qty_pct_close": 0.01,
           "qty_pct_entry": 0.012399180029843835,
           "wallet_exposure_limit": 1.0,
           "we_multiplier_close": 0.0,
           "we_multiplier_entry": 63.72474689651541}}