{"config_name": "clock_0days",
 "long": {"backwards_tp": true,
          "delay_between_fills_minutes_close": 1.0,
          "delay_between_fills_minutes_entry": 831.4395490376494,
          "delay_weight_close": 0.0,
          "delay_weight_entry": 26.41666500813837,
          "ema_dist_close": 1.0,
          "ema_dist_entry": -0.03897382610072877,
          "ema_span_0": 1116.879199933404,
          "ema_span_1": 1390.8524537591525,
          "enabled": true,
          "markup_range": 0.002438019577837435,
          "min_markup": 0.0036122791100725625,
          "n_close_orders": 4,
          "qty_pct_close": 0.01,
          "qty_pct_entry": 0.010229761821527194,
          "wallet_exposure_limit": 1.0,
          "we_multiplier_close": 0.0,
          "we_multiplier_entry": 7.623575315855606},
 "short": {"backwards_tp": true,
           "delay_between_fills_minutes_close": 1.0,
           "delay_between_fills_minutes_entry": 1099.8986102701504,
           "delay_weight_close": 0.0,
           "delay_weight_entry": 9.445293644852637,
           "ema_dist_close": 1.0,
           "ema_dist_entry": -0.009540717885396881,
           "ema_span_0": 1314.7316197918205,
           "ema_span_1": 790.7421885317316,
           "enabled": true,
           "markup_range": 0.008886519214257522,
           "min_markup": 0.009079088353011954,
           "n_close_orders": 4,
           "qty_pct_close": 0.01,
           "qty_pct_entry": 0.018003231241908172,
           "wallet_exposure_limit": 1.0,
           "we_multiplier_close": 0.0,
           "we_multiplier_entry": 74.32842927494386}}