{"config_name": "clock_0days",
 "long": {"backwards_tp": true,
          "delay_between_fills_minutes_close": 1.0,
          "delay_between_fills_minutes_entry": 1299.0926293349173,
          "delay_weight_close": 0.0,
          "delay_weight_entry": 6.918900242117687,
          "ema_dist_close": 1.0,
          "ema_dist_entry": -0.03735662759455501,
          "ema_span_0": 694.6298537201079,
          "ema_span_1": 188.21217544140458,
          "enabled": true,
          "markup_range": 0.000181352408779913,
          "min_markup": 0.0010182592838689996,
          "n_close_orders": 10,
          "qty_pct_close": 0.01,
          "qty_pct_entry": 0.01,
          "wallet_exposure_limit": 1.0,
          "we_multiplier_close": 0.0,
          "we_multiplier_entry": 2.580035413911853e-07},
 "short": {"backwards_tp": true,
           "delay_between_fills_minutes_close": 1.0,
           "delay_between_fills_minutes_entry": 778.9706653704704,
           "delay_weight_close": 0.0,
           "delay_weight_entry": 12.037195021603974,
           "ema_dist_close": 1.0,
           "ema_dist_entry": -0.008890796435860744,
           "ema_span_0": 68.06328382666831,
           "ema_span_1": 927.3332026427158,
           "enabled": true,
           "markup_range": 0.00775937219291864,
           "min_markup": 0.007338935113188355,
           "n_close_orders": 8,
           "qty_pct_close": 0.01,
           "qty_pct_entry": 0.015413536929191441,
           "wallet_exposure_limit": 1.0,
           "we_multiplier_close": 0.0,
           "we_multiplier_entry": 76.0904104567967}}