{"config_name": "clock_0days",
 "long": {"backwards_tp": true,
          "delay_between_fills_minutes_close": 1.0,
          "delay_between_fills_minutes_entry": 1118.8060514483864,
          "delay_weight_close": 0.0,
          "delay_weight_entry": 16.335907473859162,
          "ema_dist_close": 1.0,
          "ema_dist_entry": -0.0069972026630305325,
          "ema_span_0": 369.5131042168634,
          "ema_span_1": 1191.845595141346,
          "enabled": true,
          "markup_range": 9.227953067342023e-06,
          "min_markup": 0.002766083657817102,
          "n_close_orders": 16,
          "qty_pct_close": 0.01,
          "qty_pct_entry": 0.0242460490711546,
          "wallet_exposure_limit": 1.0,
          "we_multiplier_close": 0.0,
          "we_multiplier_entry": 91.94260500061309},
 "short": {"backwards_tp": true,
           "delay_between_fills_minutes_close": 1.0,
           "delay_between_fills_minutes_entry": 1087.3722023698315,
           "delay_weight_close": 0.0,
           "delay_weight_entry": 7.02746470308691,
           "ema_dist_close": 1.0,
           "ema_dist_entry": -0.005408941529220446,
           "ema_span_0": 1130.9251682550619,
           "ema_span_1": 1301.8805803423706,
           "enabled": true,
           "markup_range": 0.003728991014910973,
           "min_markup": 0.006987415945060002,
           "n_close_orders": 15,
           "qty_pct_close": 0.01,
           "qty_pct_entry": 0.036845457014865135,
           "wallet_exposure_limit": 1.0,
           "we_multiplier_close": 0.0,
           "we_multiplier_entry": 29.54335697315549}}