{"config_name": "clock_0days",
 "long": {"backwards_tp": true,
          "delay_between_fills_minutes_close": 1.0,
          "delay_between_fills_minutes_entry": 1071.3427020461022,
          "delay_weight_close": 0.0,
          "delay_weight_entry": 23.929914178990874,
          "ema_dist_close": 1.0,
          "ema_dist_entry": -0.004747607458050854,
          "ema_span_0": 246.680889909484,
          "ema_span_1": 140.82241113476985,
          "enabled": true,
          "markup_range": 0.0033249729498183132,
          "min_markup": 0.0032740308673679243,
          "n_close_orders": 13,
          "qty_pct_close": 0.01,
          "qty_pct_entry": 0.01,
          "wallet_exposure_limit": 1.0,
          "we_multiplier_close": 0.0,
          "we_multiplier_entry": 77.78096198282898},
 "short": {"backwards_tp": true,
           "delay_between_fills_minutes_close": 1.0,
           "delay_between_fills_minutes_entry": 826.7953171152001,
           "delay_weight_close": 0.0,
           "delay_weight_entry": 7.3832495866581285,
           "ema_dist_close": 1.0,
           "ema_dist_entry": -0.005661766931828808,
           "ema_span_0": 1438.4701328673477,
           "ema_span_1": 1424.4763255349214,
           "enabled": true,
           "markup_range": 0.010386166050935265,
           "min_markup": 0.009897971942525272,
           "n_close_orders": 4,
           "qty_pct_close": 0.01,
           "qty_pct_entry": 0.013087985914307114,
           "wallet_exposure_limit": 1.0,
           "we_multiplier_close": 0.0,
           "we_multiplier_entry": 54.61858168453601}}