{"config_name": "clock_0days",
 "long": {"backwards_tp": true,
          "delay_between_fills_minutes_close": 1.0,
          "delay_between_fills_minutes_entry": 1029.8969346218832,
          "delay_weight_close": 0.0,
          "delay_weight_entry": 9.143635326741618,
          "ema_dist_close": 1.0,
          "ema_dist_entry": 0.0031021182599293754,
          "ema_span_0": 1425.5717975260627,
          "ema_span_1": 646.1627243844787,
          "enabled": true,
          "markup_range": 0.014003996190188179,
          "min_markup": 0.006309997357226486,
          "n_close_orders": 11,
          "qty_pct_close": 0.01,
          "qty_pct_entry": 0.01,
          "wallet_exposure_limit": 1.0,
          "we_multiplier_close": 0.0,
          "we_multiplier_entry": 55.67225745281967},
 "short": {"backwards_tp": true,
           "delay_between_fills_minutes_close": 1.0,
           "delay_between_fills_minutes_entry": 269.04223621558026,
           "delay_weight_close": 0.0,
           "delay_weight_entry": 11.547295556094959,
           "ema_dist_close": 1.0,
           "ema_dist_entry": -0.014938913702250117,
           "ema_span_0": 938.8639805416935,
           "ema_span_1": 181.07680762134538,
           "enabled": true,
           "markup_range": 0.011367690381115658,
           "min_markup": 0.009449578353414175,
           "n_close_orders": 12,
           "qty_pct_close": 0.01,
           "qty_pct_entry": 0.01001632894701663,
           "wallet_exposure_limit": 1.0,
           "we_multiplier_close": 0.0,
           "we_multiplier_entry": 1.9661035190453247}}