{"config_name": "clock_0days",
 "long": {"backwards_tp": true,
          "delay_between_fills_minutes_close": 1.0,
          "delay_between_fills_minutes_entry": 1433.5651922826617,
          "delay_weight_close": 0.0,
          "delay_weight_entry": 15.044510572618927,
          "ema_dist_close": 1.0,
          "ema_dist_entry": -0.01126041722147411,
          "ema_span_0": 264.88165432705983,
          "ema_span_1": 1140.7502780884286,
          "enabled": true,
          "markup_range": 0.001652079292733468,
          "min_markup": 0.00780320335531206,
          "n_close_orders": 14,
          "qty_pct_close": 0.01,
          "qty_pct_entry": 0.01,
          "wallet_exposure_limit": 1.0,
          "we_multiplier_close": 0.0,
          "we_multiplier_entry": 3.2840469093126054e-08},
 "short": {"backwards_tp": true,
           "delay_between_fills_minutes_close": 1.0,
           "delay_between_fills_minutes_entry": 1178.912737703474,
           "delay_weight_close": 0.0,
           "delay_weight_entry": 10.817005100792624,
           "ema_dist_close": 1.0,
           "ema_dist_entry": -0.024098331823706836,
           "ema_span_0": 806.7278626982153,
           "ema_span_1": 60.89927074763966,
           "enabled": true,
           "markup_range": 0.01947716934059473,
           "min_markup": 0.0036456725444226627,
           "n_close_orders": 10,
           "qty_pct_close": 0.01,
           "qty_pct_entry": 0.01055866181647872,
           "wallet_exposure_limit": 1.0,
           "we_multiplier_close": 0.0,
           "we_multiplier_entry": 33.29503323307533}}