{"config_name": "clock_0days",
 "long": {"backwards_tp": true,
          "delay_between_fills_minutes_close": 1.0,
          "delay_between_fills_minutes_entry": 853.1693185100193,
          "delay_weight_close": 0.0,
          "delay_weight_entry": 12.539565159685976,
          "ema_dist_close": 1.0,
          "ema_dist_entry": -0.0019461987694157682,
          "ema_span_0": 980.1700299200006,
          "ema_span_1": 1246.079457130678,
          "enabled": true,
          "markup_range": 0.006882913449972975,
          "min_markup": 0.005344111509472244,
          "n_close_orders": 5,
          "qty_pct_close": 0.01,
          "qty_pct_entry": 0.010000136200074452,
          "wallet_exposure_limit": 1.0,
          "we_multiplier_close": 0.0,
          "we_multiplier_entry": 37.827351528463495},
 "short": {"backwards_tp": true,
           "delay_between_fills_minutes_close": 1.0,
           "delay_between_fills_minutes_entry": 332.72342822693753,
           "delay_weight_close": 0.0,
           "delay_weight_entry": 7.098898697287581,
           "ema_dist_close": 1.0,
           "ema_dist_entry": -0.009478651898362922,
           "ema_span_0": 1390.4607536407486,
           "ema_span_1": 818.0751215823447,
           "enabled": true,
           "markup_range": 0.0036230589323098523,
           "min_markup": 0.0044698695372356635,
           "n_close_orders": 8,
           "qty_pct_close": 0.01,
           "qty_pct_entry": 0.011767983347411552,
           "wallet_exposure_limit": 1.0,
           "we_multiplier_close": 0.0,
           "we_multiplier_entry": 75.93430289932155}}