{"config_name": "clock_0days",
 "long": {"backwards_tp": true,
          "delay_between_fills_minutes_close": 1.0,
          "delay_between_fills_minutes_entry": 1003.6392766049521,
          "delay_weight_close": 0.0,
          "delay_weight_entry": 29.849256824456912,
          "ema_dist_close": 1.0,
          "ema_dist_entry": 0.003995674556162914,
          "ema_span_0": 102.82885666103981,
          "ema_span_1": 34.14218524639542,
          "enabled": true,
          "markup_range": 0.0060330906800865934,
          "min_markup": 0.003939450571647912,
          "n_close_orders": 6,
          "qty_pct_close": 0.01,
          "qty_pct_entry": 0.010386696655623077,
          "wallet_exposure_limit": 1.0,
          "we_multiplier_close": 0.0,
          "we_multiplier_entry": 6.914842655743436},
 "short": {"backwards_tp": true,
           "delay_between_fills_minutes_close": 1.0,
           "delay_between_fills_minutes_entry": 195.51367389517273,
           "delay_weight_close": 0.0,
           "delay_weight_entry": 2.810370404831574,
           "ema_dist_close": 1.0,
           "ema_dist_entry": 0.00319918202175434,
           "ema_span_0": 462.2417450176541,
           "ema_span_1": 1420.1500395009245,
           "enabled": true,
           "markup_range": 0.0026777342535903715,
           "min_markup": 0.0056831984047116665,
           "n_close_orders": 13,
           "qty_pct_close": 0.01,
           "qty_pct_entry": 0.014588025131260663,
           "wallet_exposure_limit": 1.0,
           "we_multiplier_close": 0.0,
           "we_multiplier_entry": 39.74642816524864}}