{"config_name": "clock_0days",
 "long": {"backwards_tp": true,
          "delay_between_fills_minutes_close": 1.0,
          "delay_between_fills_minutes_entry": 938.7649884329185,
          "delay_weight_close": 0.0,
          "delay_weight_entry": 11.199071667140073,
          "ema_dist_close": 1.0,
          "ema_dist_entry": -0.0007503461889905723,
          "ema_span_0": 1349.593425163477,
          "ema_span_1": 1291.6335176332193,
          "enabled": true,
          "markup_range": 0.005932194171393023,
          "min_markup": 0.009026863396567468,
          "n_close_orders": 11,
          "qty_pct_close": 0.01,
          "qty_pct_entry": 0.01647589527758918,
          "wallet_exposure_limit": 1.0,
          "we_multiplier_close": 0.0,
          "we_multiplier_entry": 12.673033925468028},
 "short": {"backwards_tp": true,
           "delay_between_fills_minutes_close": 1.0,
           "delay_between_fills_minutes_entry": 179.64184182759894,
           "delay_weight_close": 0.0,
           "delay_weight_entry": 0.5141311371133588,
           "ema_dist_close": 1.0,
           "ema_dist_entry": -0.012338866129419881,
           "ema_span_0": 1003.8413943263281,
           "ema_span_1": 1340.7435774842008,
           "enabled": true,
           "markup_range": 0.0011753381104274573,
           "min_markup": 0.0019992697364384126,
           "n_close_orders": 4,
           "qty_pct_close": 0.01,
           "qty_pct_entry": 0.01240745615456259,
           "wallet_exposure_limit": 1.0,
           "we_multiplier_close": 0.0,
           "we_multiplier_entry": 94.50286687276989}}