{"config_name": "clock_0days",
 "long": {"backwards_tp": true,
          "delay_between_fills_minutes_close": 1.0,
          "delay_between_fills_minutes_entry": 1.0,
          "delay_weight_close": 0.0,
          "delay_weight_entry": 28.577323776447447,
          "ema_dist_close": 1.0,
          "ema_dist_entry": -0.04944243254916301,
          "ema_span_0": 5.000017122561166,
          "ema_span_1": 5.0,
          "enabled": true,
          "markup_range": 0.033129134505691646,
          "min_markup": 0.006152975858763639,
          "n_close_orders": 15,
          "qty_pct_close": 0.01,
          "qty_pct_entry": 0.09094492691090415,
          "wallet_exposure_limit": 1.0,
          "we_multiplier_close": 0.0,
          "we_multiplier_entry": 69.53387403775677},
 "short": {"backwards_tp": true,
           "delay_between_fills_minutes_close": 1.0,
           "delay_between_fills_minutes_entry": 221.80859874714562,
           "delay_weight_close": 0.0,
           "delay_weight_entry": 2.3713394855847585,
           "ema_dist_close": 1.0,
           "ema_dist_entry": -0.0027626956993569776,
           "ema_span_0": 135.28585262218857,
           "ema_span_1": 1423.7218462847532,
           "enabled": true,
           "markup_range": 0.005688342159369968,
           "min_markup": 0.0010171308971131247,
           "n_close_orders": 5,
           "qty_pct_close": 0.01,
           "qty_pct_entry": 0.011487799698029297,
           "wallet_exposure_limit": 1.0,
           "we_multiplier_close": 0.0,
           "we_multiplier_entry": 97.55052602261613}}