{"config_name": "clock_0days",
 "long": {"backwards_tp": true,
          "delay_between_fills_minutes_close": 1.0,
          "delay_between_fills_minutes_entry": 1416.8153905742256,
          "delay_weight_close": 0.0,
          "delay_weight_entry": 17.93990065808837,
          "ema_dist_close": 1.0,
          "ema_dist_entry": -0.008148186246738876,
          "ema_span_0": 1263.8698409498372,
          "ema_span_1": 1264.496915201919,
          "enabled": true,
          "markup_range": 0.005068750211381323,
          "min_markup": 0.004622823226674831,
          "n_close_orders": 12,
          "qty_pct_close": 0.01,
          "qty_pct_entry": 0.020915809009160437,
          "wallet_exposure_limit": 1.0,
          "we_multiplier_close": 0.0,
          "we_multiplier_entry": 37.229798542884474},
 "short": {"backwards_tp": true,
           "delay_between_fills_minutes_close": 1.0,
           "delay_between_fills_minutes_entry": 1229.303164961568,
           "delay_weight_close": 0.0,
           "delay_weight_entry": 9.61885398165312,
           "ema_dist_close": 1.0,
           "ema_dist_entry": 0.0018513662404670585,
           "ema_span_0": 1149.8736858879124,
           "ema_span_1": 1305.6548937786258,
           "enabled": true,
           "markup_range": 0.0025872252355802865,
           "min_markup": 0.004402803818232462,
           "n_close_orders": 15,
           "qty_pct_close": 0.01,
           "qty_pct_entry": 0.022666013689266663,
           "wallet_exposure_limit": 1.0,
           "we_multiplier_close": 0.0,
           "we_multiplier_entry": 93.8850346613617}}