{"config_name": "clock_0days",
 "long": {"backwards_tp": true,
          "delay_between_fills_minutes_close": 1.0,
          "delay_between_fills_minutes_entry": 373.33231440935344,
          "delay_weight_close": 0.0,
          "delay_weight_entry": 14.164750019584616,
          "ema_dist_close": 1.0,
          "ema_dist_entry": -0.0006441787485464216,
          "ema_span_0": 356.12907563923426,
          "ema_span_1": 344.70948887559433,
          "enabled": true,
          "markup_range": 0.004661688405922143,
          "min_markup": 0.00401782860417611,
          "n_close_orders": 3,
          "qty_pct_close": 0.01,
          "qty_pct_entry": 0.012423179731760688,
          "wallet_exposure_limit": 1.0,
          "we_multiplier_close": 0.0,
          "we_multiplier_entry": 25.628250113853642},
 "short": {"backwards_tp": true,
           "delay_between_fills_minutes_close": 1.0,
           "delay_between_fills_minutes_entry": 1213.982912221805,
           "delay_weight_close": 0.0,
           "delay_weight_entry": 15.048300670459843,
           "ema_dist_close": 1.0,
           "ema_dist_entry": 5.124235261505228e-05,
           "ema_span_0": 388.60814292947504,
           "ema_span_1": 141.81769760601233,
           "enabled": true,
           "markup_range": 0.0024508772102986762,
           "min_markup": 0.004904910844408159,
           "n_close_orders": 4,
           "qty_pct_close": 0.01,
           "qty_pct_entry": 0.01603011164798304,
           "wallet_exposure_limit": 1.0,
           "we_multiplier_close": 0.0,
           "we_multiplier_entry": 81.0370433466551}}