{"config_name": "clock_0days",
 "long": {"backwards_tp": true,
          "delay_between_fills_minutes_close": 1228.7678229361672,
          "delay_between_fills_minutes_entry": 677.5672513615225,
          "delay_weight_close": 0,
          "delay_weight_entry": 25.805637900214755,
          "ema_dist_close": -0.005813383662601891,
          "ema_dist_entry": -0.0005551526562097799,
          "ema_span_0": 1066.8544691399125,
          "ema_span_1": 795.3983928517741,
          "enabled": true,
          "markup_range": 0.0022706461259906327,
          "min_markup": 0.004570096799975549,
          "n_close_orders": 6,
          "qty_pct_close": 0.037006832481917454,
          "qty_pct_entry": 0.011578109421318402,
          "wallet_exposure_limit": 1,
          "we_multiplier_close": 0,
          "we_multiplier_entry": 161.45266457232626},
 "short": {"backwards_tp": true,
           "delay_between_fills_minutes_close": 971.4581311612351,
           "delay_between_fills_minutes_entry": 1194.0251761974207,
           "delay_weight_close": 0,
           "delay_weight_entry": 4.806227598810852,
           "ema_dist_close": -0.01020266105406052,
           "ema_dist_entry": 0.001927323991575397,
           "ema_span_0": 547.2924217520259,
           "ema_span_1": 1428.5217651633586,
           "enabled": true,
           "markup_range": 0.03531001217022025,
           "min_markup": 0.009992734451143003,
           "n_close_orders": 7,
           "qty_pct_close": 0.01597648877920018,
           "qty_pct_entry": 0.016591803348244564,
           "wallet_exposure_limit": 1,
           "we_multiplier_close": 0,
           "we_multiplier_entry": 53.43389767110242}}