{"config_name": "clock_0days",
 "long": {"backwards_tp": true,
          "delay_between_fills_minutes_close": 640.3802308664268,
          "delay_between_fills_minutes_entry": 1342.978617171683,
          "delay_weight_close": 0,
          "delay_weight_entry": 11.84896997408536,
          "ema_dist_close": -0.0007801114897517208,
          "ema_dist_entry": -0.0007522336481879672,
          "ema_span_0": 1411.0314683305844,
          "ema_span_1": 1262.594065581483,
          "enabled": true,
          "markup_range": 0.024912700445981453,
          "min_markup": 0.008743247170553057,
          "n_close_orders": 6,
          "qty_pct_close": 0.01005169977479771,
          "qty_pct_entry": 0.010340603172076248,
          "wallet_exposure_limit": 1,
          "we_multiplier_close": 0,
          "we_multiplier_entry": 8.812124789222894},
 "short": {"backwards_tp": true,
           "delay_between_fills_minutes_close": 1071.309182341114,
           "delay_between_fills_minutes_entry": 1184.9406265638818,
           "delay_weight_close": 0,
           "delay_weight_entry": 8.168510914612721,
           "ema_dist_close": 0.0016051963717545277,
           "ema_dist_entry": -0.0015132530213518912,
           "ema_span_0": 1239.041170790112,
           "ema_span_1": 1204.4426036522934,
           "enabled": true,
           "markup_range": 0.02075422020504458,
           "min_markup": 0.00845584966555895,
           "n_close_orders": 3,
           "qty_pct_close": 0.01244768505968251,
           "qty_pct_entry": 0.01503638095772436,
           "wallet_exposure_limit": 1,
           "we_multiplier_close": 0,
           "we_multiplier_entry": 60.33387966252906}}