{"config_name": "clock_0days",
 "long": {"backwards_tp": true,
          "delay_between_fills_minutes_close": 1072.5906559872662,
          "delay_between_fills_minutes_entry": 1397.2522464884603,
          "delay_weight_close": 0,
          "delay_weight_entry": 11.618157324208365,
          "ema_dist_close": -0.009320166848254123,
          "ema_dist_entry": 0.0026283386469041115,
          "ema_span_0": 1263.6136057836375,
          "ema_span_1": 1334.7183801124238,
          "enabled": true,
          "markup_range": 0.03917402294625172,
          "min_markup": 0.008789480494169881,
          "n_close_orders": 6,
          "qty_pct_close": 0.02186874516817333,
          "qty_pct_entry": 0.010111261320267007,
          "wallet_exposure_limit": 1,
          "we_multiplier_close": 0,
          "we_multiplier_entry": 30.497748903492308},
 "short": {"backwards_tp": true,
           "delay_between_fills_minutes_close": 1297.817516747461,
           "delay_between_fills_minutes_entry": 1330.7889321066157,
           "delay_weight_close": 0,
           "delay_weight_entry": 4.806227598810852,
           "ema_dist_close": -0.007277138904041391,
           "ema_dist_entry": -0.004503812001762428,
           "ema_span_0": 1374.2788866016263,
           "ema_span_1": 371.876923054893,
           "enabled": true,
           "markup_range": 0.021926890819028644,
           "min_markup": 0.004335944454748462,
           "n_close_orders": 2,
           "qty_pct_close": 0.016784223980436008,
           "qty_pct_entry": 0.011033930840779272,
           "wallet_exposure_limit": 1,
           "we_multiplier_close": 0,
           "we_multiplier_entry": 193.11423993900985}}