{"config_name": "clock_0days",
 "long": {"backwards_tp": true,
          "delay_between_fills_minutes_close": 1176.3429348311058,
          "delay_between_fills_minutes_entry": 1288.40767708512,
          "delay_weight_close": 0.0,
          "delay_weight_entry": 8.865578837384017,
          "ema_dist_close": 0.0029650520350281402,
          "ema_dist_entry": 0.0007014824480678764,
          "ema_span_0": 307.90078037888617,
          "ema_span_1": 1376.7300779684517,
          "enabled": true,
          "markup_range": 0.03717222368615589,
          "min_markup": 0.009997452599896246,
          "n_close_orders": 3,
          "qty_pct_close": 0.023995821758862713,
          "qty_pct_entry": 0.010013877910235447,
          "wallet_exposure_limit": 1.0,
          "we_multiplier_close": 0.0,
          "we_multiplier_entry": 41.393124173317375},
 "short": {"backwards_tp": true,
           "delay_between_fills_minutes_close": 1071.309182341114,
           "delay_between_fills_minutes_entry": 1184.9406265638818,
           "delay_weight_close": 0.0,
           "delay_weight_entry": 8.168510914612721,
           "ema_dist_close": 0.0016051963717545277,
           "ema_dist_entry": -0.0015132530213518912,
           "ema_span_0": 1239.041170790112,
           "ema_span_1": 1204.4426036522934,
           "enabled": true,
           "markup_range": 0.02075422020504458,
           "min_markup": 0.00845584966555895,
           "n_close_orders": 3,
           "qty_pct_close": 0.01244768505968251,
           "qty_pct_entry": 0.01503638095772436,
           "wallet_exposure_limit": 1.0,
           "we_multiplier_close": 0.0,
           "we_multiplier_entry": 60.33387966252906}}