{"config_name": "clock_0days",
 "long": {"backwards_tp": true,
          "delay_between_fills_minutes_close": 462.3816832392328,
          "delay_between_fills_minutes_entry": 1253.2571993634067,
          "delay_weight_close": 0.0,
          "delay_weight_entry": 8.00536817209852,
          "ema_dist_close": 0.0029794570533714063,
          "ema_dist_entry": 0.0015511500282722013,
          "ema_span_0": 1232.994150327152,
          "ema_span_1": 940.5744443494524,
          "enabled": true,
          "markup_range": 0.005536825358888181,
          "min_markup": 0.007526597935204356,
          "n_close_orders": 3,
          "qty_pct_close": 0.011970422743929383,
          "qty_pct_entry": 0.017327912258043435,
          "wallet_exposure_limit": 1.0,
          "we_multiplier_close": 0.0,
          "we_multiplier_entry": 87.99167341797488},
 "short": {"backwards_tp": true,
           "delay_between_fills_minutes_close": 1187.1552403555588,
           "delay_between_fills_minutes_entry": 865.6433807226862,
           "delay_weight_close": 0.0,
           "delay_weight_entry": 5.084136398774029,
           "ema_dist_close": -0.003990787052666091,
           "ema_dist_entry": 0.0011439169816837955,
           "ema_span_0": 425.9659898874097,
           "ema_span_1": 1246.9904775525874,
           "enabled": true,
           "markup_range": 0.010522141771546962,
           "min_markup": 0.006780666590165873,
           "n_close_orders": 13,
           "qty_pct_close": 0.017433648514608005,
           "qty_pct_entry": 0.011070177230284865,
           "wallet_exposure_limit": 1.0,
           "we_multiplier_close": 0.0,
           "we_multiplier_entry": 125.95253491309913}}