{"config_name": "clock_0days",
 "long": {"backwards_tp": true,
          "delay_between_fills_minutes_close": 463.0221896052678,
          "delay_between_fills_minutes_entry": 246.3576878530639,
          "delay_weight_close": 0.0,
          "delay_weight_entry": 17.20652019717233,
          "ema_dist_close": 0.002991601513798984,
          "ema_dist_entry": 0.00029936423476340635,
          "ema_span_0": 996.3772395788553,
          "ema_span_1": 999.4299758861589,
          "enabled": true,
          "markup_range": 0.006315476466406871,
          "min_markup": 0.002034461871087926,
          "n_close_orders": 9,
          "qty_pct_close": 0.04529471600113068,
          "qty_pct_entry": 0.010583772028909305,
          "wallet_exposure_limit": 1.0,
          "we_multiplier_close": 0.0,
          "we_multiplier_entry": 68.48767536086375},
 "short": {"backwards_tp": true,
           "delay_between_fills_minutes_close": 1410.8373109255738,
           "delay_between_fills_minutes_entry": 1004.6701280996944,
           "delay_weight_close": 0.0,
           "delay_weight_entry": 7.713405099262923,
           "ema_dist_close": 0.0011133281952680058,
           "ema_dist_entry": -0.01784546371064684,
           "ema_span_0": 1418.6308259163263,
           "ema_span_1": 1289.5625687842285,
           "enabled": true,
           "markup_range": 0.0074186799700520015,
           "min_markup": 0.007474915989304967,
           "n_close_orders": 8,
           "qty_pct_close": 0.03277012353723478,
           "qty_pct_entry": 0.013171030240417787,
           "wallet_exposure_limit": 1.0,
           "we_multiplier_close": 0.0,
           "we_multiplier_entry": 140.42516770246831}}