{"config_name": "clock_0days",
 "long": {"backwards_tp": true,
          "delay_between_fills_minutes_close": 1037.086882384081,
          "delay_between_fills_minutes_entry": 1287.7934069885973,
          "delay_weight_close": 0.0,
          "delay_weight_entry": 12.044012525294873,
          "ema_dist_close": -0.00012248509470895092,
          "ema_dist_entry": 0.0027607975671700047,
          "ema_span_0": 1370.5184467160132,
          "ema_span_1": 647.5787002532585,
          "enabled": true,
          "markup_range": 0.030588113015539136,
          "min_markup": 0.008911726330947497,
          "n_close_orders": 6,
          "qty_pct_close": 0.013111212065619783,
          "qty_pct_entry": 0.010017770525396036,
          "wallet_exposure_limit": 1.0,
          "we_multiplier_close": 0.0,
          "we_multiplier_entry": 32.754996536352074},
 "short": {"backwards_tp": true,
           "delay_between_fills_minutes_close": 994.5252403780127,
           "delay_between_fills_minutes_entry": 846.1796295063431,
           "delay_weight_close": 0.0,
           "delay_weight_entry": 23.305681585830104,
           "ema_dist_close": 0.002447557581674639,
           "ema_dist_entry": 0.001644143457825261,
           "ema_span_0": 619.9225859126287,
           "ema_span_1": 117.92680856146116,
           "enabled": true,
           "markup_range": 0.006010779053511614,
           "min_markup": 0.0032481248208163743,
           "n_close_orders": 11,
           "qty_pct_close": 0.012142791905419467,
           "qty_pct_entry": 0.010001039105987236,
           "wallet_exposure_limit": 1.0,
           "we_multiplier_close": 0.0,
           "we_multiplier_entry": 108.76344027897392}}