{"config_name": "clock_0days",
 "long": {"backwards_tp": true,
          "delay_between_fills_minutes_close": 640.3802308664268,
          "delay_between_fills_minutes_entry": 1342.978617171683,
          "delay_weight_close": 0,
          "delay_weight_entry": 11.84896997408536,
          "ema_dist_close": -0.0007801114897517208,
          "ema_dist_entry": -0.0007522336481879672,
          "ema_span_0": 1411.0314683305844,
          "ema_span_1": 1262.594065581483,
          "enabled": true,
          "markup_range": 0.024912700445981453,
          "min_markup": 0.008743247170553057,
          "n_close_orders": 6,
          "qty_pct_close": 0.01005169977479771,
          "qty_pct_entry": 0.010340603172076248,
          "wallet_exposure_limit": 1,
          "we_multiplier_close": 0,
          "we_multiplier_entry": 8.812124789222894},
 "short": {"backwards_tp": true,
           "delay_between_fills_minutes_close": 867.9391492398988,
           "delay_between_fills_minutes_entry": 921.1110948390369,
           "delay_weight_close": 0,
           "delay_weight_entry": 10.330599294017809,
           "ema_dist_close": -0.0024250808293839656,
           "ema_dist_entry": -0.0072657090112672905,
           "ema_span_0": 986.0664710634446,
           "ema_span_1": 804.1495559680259,
           "enabled": true,
           "markup_range": 0.017377007379532797,
           "min_markup": 0.007475497579489314,
           "n_close_orders": 12,
           "qty_pct_close": 0.010607609468950025,
           "qty_pct_entry": 0.012765282106413046,
           "wallet_exposure_limit": 1,
           "we_multiplier_close": 0,
           "we_multiplier_entry": 51.53230677567865}}