{"config_name": "clock_0days",
 "long": {"backwards_tp": true,
          "delay_between_fills_minutes_close": 1429.73124091081,
          "delay_between_fills_minutes_entry": 602.7039720558483,
          "delay_weight_close": 0.0,
          "delay_weight_entry": 27.39257903802578,
          "ema_dist_close": 0.0009052074624332077,
          "ema_dist_entry": 0.00299819800833419,
          "ema_span_0": 1077.2433898934594,
          "ema_span_1": 1030.3194214151958,
          "enabled": true,
          "markup_range": 0.0071348072402910205,
          "min_markup": 0.004833043320212306,
          "n_close_orders": 4,
          "qty_pct_close": 0.0174138383468055,
          "qty_pct_entry": 0.01001677064719973,
          "wallet_exposure_limit": 1.0,
          "we_multiplier_close": 0.0,
          "we_multiplier_entry": 35.92450712236986},
 "short": {"backwards_tp": true,
           "delay_between_fills_minutes_close": 1317.8357268778507,
           "delay_between_fills_minutes_entry": 462.4361501704706,
           "delay_weight_close": 0.0,
           "delay_weight_entry": 3.469926944726157,
           "ema_dist_close": 0.0011847871215058994,
           "ema_dist_entry": 0.000515925460416929,
           "ema_span_0": 1222.5116639986043,
           "ema_span_1": 1173.3779672792339,
           "enabled": true,
           "markup_range": 0.01021121410010364,
           "min_markup": 0.003606357135888126,
           "n_close_orders": 10,
           "qty_pct_close": 0.014774483485500185,
           "qty_pct_entry": 0.011459399560472509,
           "wallet_exposure_limit": 1.0,
           "we_multiplier_close": 0.0,
           "we_multiplier_entry": 123.7731767961798}}