{"config_name": "clock_0days",
 "long": {"backwards_tp": true,
          "delay_between_fills_minutes_close": 869.435699953074,
          "delay_between_fills_minutes_entry": 1439.783150452735,
          "delay_weight_close": 0,
          "delay_weight_entry": 13.521639157586396,
          "ema_dist_close": 0.002930903321404109,
          "ema_dist_entry": 0.0029375485978193998,
          "ema_span_0": 1409.6810524156285,
          "ema_span_1": 1177.1428245009113,
          "enabled": true,
          "markup_range": 0.019435942984422753,
          "min_markup": 0.008315739982568812,
          "n_close_orders": 3,
          "qty_pct_close": 0.027901119152747306,
          "qty_pct_entry": 0.01137996404045952,
          "wallet_exposure_limit": 1,
          "we_multiplier_close": 0,
          "we_multiplier_entry": 68.67175712090815},
 "short": {"backwards_tp": true,
           "delay_between_fills_minutes_close": 1291.9366609862764,
           "delay_between_fills_minutes_entry": 1318.9222606767285,
           "delay_weight_close": 0,
           "delay_weight_entry": 13.490259115263335,
           "ema_dist_close": 0.00039262072935284086,
           "ema_dist_entry": 0.0007763288709871369,
           "ema_span_0": 1298.8870414102385,
           "ema_span_1": 1127.573475767648,
           "enabled": true,
           "markup_range": 0.009361401498678253,
           "min_markup": 0.006275001215787043,
           "n_close_orders": 8,
           "qty_pct_close": 0.012236450881809824,
           "qty_pct_entry": 0.013932961878438762,
           "wallet_exposure_limit": 1,
           "we_multiplier_close": 0,
           "we_multiplier_entry": 86.63068392388583}}