{"config_name": "clock_0days",
 "long": {"backwards_tp": true,
          "delay_between_fills_minutes_close": 1308.2702790818837,
          "delay_between_fills_minutes_entry": 1069.4329073016345,
          "delay_weight_close": 0,
          "delay_weight_entry": 24.516040182581342,
          "ema_dist_close": -0.016537239627668187,
          "ema_dist_entry": -0.0034321666311259006,
          "ema_span_0": 1089.2232392381738,
          "ema_span_1": 1256.6565493745493,
          "enabled": true,
          "markup_range": 0.006978576197348684,
          "min_markup": 0.007949101090806234,
          "n_close_orders": 5,
          "qty_pct_close": 0.031808342242918106,
          "qty_pct_entry": 0.012700605452000278,
          "wallet_exposure_limit": 1,
          "we_multiplier_close": 0,
          "we_multiplier_entry": 50.759869981351606},
 "short": {"backwards_tp": true,
           "delay_between_fills_minutes_close": 1071.309182341114,
           "delay_between_fills_minutes_entry": 1184.9406265638818,
           "delay_weight_close": 0,
           "delay_weight_entry": 8.168510914612721,
           "ema_dist_close": 0.0016051963717545277,
           "ema_dist_entry": -0.0015132530213518912,
           "ema_span_0": 1239.041170790112,
           "ema_span_1": 1204.4426036522934,
           "enabled": true,
           "markup_range": 0.02075422020504458,
           "min_markup": 0.00845584966555895,
           "n_close_orders": 3,
           "qty_pct_close": 0.01244768505968251,
           "qty_pct_entry": 0.01503638095772436,
           "wallet_exposure_limit": 1,
           "we_multiplier_close": 0,
           "we_multiplier_entry": 60.33387966252906}}