{"config_name": "clock_0days",
 "long": {"backwards_tp": true,
          "delay_between_fills_minutes_close": 1228.7678229361672,
          "delay_between_fills_minutes_entry": 677.5672513615225,
          "delay_weight_close": 0.0,
          "delay_weight_entry": 25.805637900214755,
          "ema_dist_close": -0.005813383662601891,
          "ema_dist_entry": -0.0005551526562097799,
          "ema_span_0": 1066.8544691399125,
          "ema_span_1": 795.3983928517741,
          "enabled": true,
          "markup_range": 0.0022706461259906327,
          "min_markup": 0.004570096799975549,
          "n_close_orders": 6,
          "qty_pct_close": 0.037006832481917454,
          "qty_pct_entry": 0.011578109421318402,
          "wallet_exposure_limit": 1.0,
          "we_multiplier_close": 0.0,
          "we_multiplier_entry": 161.45266457232626},
 "short": {"backwards_tp": true,
           "delay_between_fills_minutes_close": 1392.5089709051713,
           "delay_between_fills_minutes_entry": 594.3385714953531,
           "delay_weight_close": 0.0,
           "delay_weight_entry": 4.3939406893172395,
           "ema_dist_close": -0.004814591017551133,
           "ema_dist_entry": -0.021918319407824086,
           "ema_span_0": 1328.2778164487358,
           "ema_span_1": 417.20079713609795,
           "enabled": true,
           "markup_range": 0.0028788462416539044,
           "min_markup": 0.00954808312628098,
           "n_close_orders": 3,
           "qty_pct_close": 0.010099263575037005,
           "qty_pct_entry": 0.013078234405510874,
           "wallet_exposure_limit": 1.0,
           "we_multiplier_close": 0.0,
           "we_multiplier_entry": 34.87700571905277}}