{"config_name": "clock_0days",
 "long": {"backwards_tp": true,
          "delay_between_fills_minutes_close": 640.3802308664268,
          "delay_between_fills_minutes_entry": 1342.978617171683,
          "delay_weight_close": 0.0,
          "delay_weight_entry": 11.84896997408536,
          "ema_dist_close": -0.0007801114897517208,
          "ema_dist_entry": -0.0007522336481879672,
          "ema_span_0": 1411.0314683305844,
          "ema_span_1": 1262.594065581483,
          "enabled": true,
          "markup_range": 0.024912700445981453,
          "min_markup": 0.008743247170553057,
          "n_close_orders": 6,
          "qty_pct_close": 0.01005169977479771,
          "qty_pct_entry": 0.010340603172076248,
          "wallet_exposure_limit": 1.0,
          "we_multiplier_close": 0.0,
          "we_multiplier_entry": 8.812124789222894},
 "short": {"backwards_tp": true,
           "delay_between_fills_minutes_close": 1308.9310994410062,
           "delay_between_fills_minutes_entry": 1224.2939305278628,
           "delay_weight_close": 0.0,
           "delay_weight_entry": 13.42008568765888,
           "ema_dist_close": -0.00503476250727179,
           "ema_dist_entry": 0.0029739806166094117,
           "ema_span_0": 1283.7159603374769,
           "ema_span_1": 1161.7680376955423,
           "enabled": true,
           "markup_range": 0.02375696017721112,
           "min_markup": 0.009696069492328884,
           "n_close_orders": 5,
           "qty_pct_close": 0.01961950248746804,
           "qty_pct_entry": 0.01076018729788961,
           "wallet_exposure_limit": 1.0,
           "we_multiplier_close": 0.0,
           "we_multiplier_entry": 70.76425960062984}}