{"config_name": "clock_0days",
 "long": {"backwards_tp": true,
          "delay_between_fills_minutes_close": 769.2364471564072,
          "delay_between_fills_minutes_entry": 1312.9142490946592,
          "delay_weight_close": 0,
          "delay_weight_entry": 22.222413554954258,
          "ema_dist_close": 0.0029934006247013347,
          "ema_dist_entry": -0.001252757613532926,
          "ema_span_0": 639.2139348624672,
          "ema_span_1": 940.010273878271,
          "enabled": true,
          "markup_range": 0.0021263960142896164,
          "min_markup": 0.00999634811132669,
          "n_close_orders": 2,
          "qty_pct_close": 0.011310449407762869,
          "qty_pct_entry": 0.011154691778701835,
          "wallet_exposure_limit": 1,
          "we_multiplier_close": 0,
          "we_multiplier_entry": 48.50160088609887},
 "short": {"backwards_tp": true,
           "delay_between_fills_minutes_close": 1417.4144469010246,
           "delay_between_fills_minutes_entry": 945.5878015753299,
           "delay_weight_close": 0,
           "delay_weight_entry": 6.130922224342817,
           "ema_dist_close": -0.0007281119820146217,
           "ema_dist_entry": 0.0014892462313858283,
           "ema_span_0": 1330.0074754388436,
           "ema_span_1": 1395.0742312614818,
           "enabled": true,
           "markup_range": 0.020790468972998452,
           "min_markup": 0.005286028139132552,
           "n_close_orders": 12,
           "qty_pct_close": 0.011869688178160481,
           "qty_pct_entry": 0.01319848105941998,
           "wallet_exposure_limit": 1,
           "we_multiplier_close": 0,
           "we_multiplier_entry": 61.73351173765782}}