{"config_name": "clock_0days",
 "long": {"backwards_tp": true,
          "delay_between_fills_minutes_close": 1072.5906559872662,
          "delay_between_fills_minutes_entry": 1397.2522464884603,
          "delay_weight_close": 0,
          "delay_weight_entry": 11.618157324208365,
          "ema_dist_close": -0.009320166848254123,
          "ema_dist_entry": 0.0026283386469041115,
          "ema_span_0": 1263.6136057836375,
          "ema_span_1": 1334.7183801124238,
          "enabled": true,
          "markup_range": 0.03917402294625172,
          "min_markup": 0.008789480494169881,
          "n_close_orders": 6,
          "qty_pct_close": 0.02186874516817333,
          "qty_pct_entry": 0.010111261320267007,
          "wallet_exposure_limit": 1,
          "we_multiplier_close": 0,
          "we_multiplier_entry": 30.497748903492308},
 "short": {"backwards_tp": true,
           "delay_between_fills_minutes_close": 1223.4253702591936,
           "delay_between_fills_minutes_entry": 1326.6797006310353,
           "delay_weight_close": 0,
           "delay_weight_entry": 11.508628284992716,
           "ema_dist_close": 0.002328612559286179,
           "ema_dist_entry": 0.0006359075329477336,
           "ema_span_0": 1367.6785549629753,
           "ema_span_1": 258.72070875450675,
           "enabled": true,
           "markup_range": 0.02977617639489048,
           "min_markup": 0.008563079282813572,
           "n_close_orders": 12,
           "qty_pct_close": 0.013932384727570957,
           "qty_pct_entry": 0.010625509250583058,
           "wallet_exposure_limit": 1,
           "we_multiplier_close": 0,
           "we_multiplier_entry": 17.43039121946147}}