{"config_name": "clock_0days",
 "long": {"backwards_tp": true,
          "delay_between_fills_minutes_close": 1178.8194913154396,
          "delay_between_fills_minutes_entry": 1110.246126750489,
          "delay_weight_close": 0,
          "delay_weight_entry": 16.27889292187313,
          "ema_dist_close": -0.003586088684319794,
          "ema_dist_entry": 0.0028036947688440186,
          "ema_span_0": 598.8113547257287,
          "ema_span_1": 1299.1477865303452,
          "enabled": true,
          "markup_range": 0.002842204807415789,
          "min_markup": 0.00832482001761448,
          "n_close_orders": 11,
          "qty_pct_close": 0.03960263805518248,
          "qty_pct_entry": 0.014035230137018847,
          "wallet_exposure_limit": 1,
          "we_multiplier_close": 0,
          "we_multiplier_entry": 188.8668239931235},
 "short": {"backwards_tp": true,
           "delay_between_fills_minutes_close": 1322.6683980777123,
           "delay_between_fills_minutes_entry": 783.7288810401969,
           "delay_weight_close": 0,
           "delay_weight_entry": 10.726026551448715,
           "ema_dist_close": -0.00036236315065836305,
           "ema_dist_entry": -0.00017736211889161178,
           "ema_span_0": 1291.7142422367792,
           "ema_span_1": 182.26586681932343,
           "enabled": true,
           "markup_range": 0.022936007786431706,
           "min_markup": 0.007189139671112418,
           "n_close_orders": 8,
           "qty_pct_close": 0.03564857100963025,
           "qty_pct_entry": 0.010000004559302906,
           "wallet_exposure_limit": 1,
           "we_multiplier_close": 0,
           "we_multiplier_entry": 89.21412917849696}}