{"config_name": "clock_0days",
 "long": {"backwards_tp": true,
          "delay_between_fills_minutes_close": 1270.5087293362242,
          "delay_between_fills_minutes_entry": 1426.538475498057,
          "delay_weight_close": 0,
          "delay_weight_entry": 22.09391794628298,
          "ema_dist_close": -0.01415807534535423,
          "ema_dist_entry": -0.0010277779498659165,
          "ema_span_0": 780.5004748669738,
          "ema_span_1": 1424.8503728947326,
          "enabled": true,
          "markup_range": 0.010977896275558246,
          "min_markup": 0.006112649830851382,
          "n_close_orders": 14,
          "qty_pct_close": 0.04408421518119603,
          "qty_pct_entry": 0.01003636330966103,
          "wallet_exposure_limit": 1,
          "we_multiplier_close": 0,
          "we_multiplier_entry": 148.88097467182382},
 "short": {"backwards_tp": true,
           "delay_between_fills_minutes_close": 1055.8240203545304,
           "delay_between_fills_minutes_entry": 1136.4498176773327,
           "delay_weight_close": 0,
           "delay_weight_entry": 13.46895606038435,
           "ema_dist_close": 0.003,
           "ema_dist_entry": -0.006287505819462358,
           "ema_span_0": 1115.925595230531,
           "ema_span_1": 683.9287744036524,
           "enabled": true,
           "markup_range": 0.00039403963626103485,
           "min_markup": 0.007884149031330792,
           "n_close_orders": 6,
           "qty_pct_close": 0.010003553610769475,
           "qty_pct_entry": 0.01639300863167074,
           "wallet_exposure_limit": 1,
           "we_multiplier_close": 0,
           "we_multiplier_entry": 102.37465376176776}}