{"config_name": "clock_0days",
 "long": {"backwards_tp": true,
          "delay_between_fills_minutes_close": 869.803093345539,
          "delay_between_fills_minutes_entry": 1165.7055648649653,
          "delay_weight_close": 0.0,
          "delay_weight_entry": 8.979243152890202,
          "ema_dist_close": -0.0001846778291075072,
          "ema_dist_entry": 0.0008624948359221921,
          "ema_span_0": 1332.3904581559634,
          "ema_span_1": 923.8186673606128,
          "enabled": true,
          "markup_range": 0.03775487760713613,
          "min_markup": 0.00906641887182998,
          "n_close_orders": 6,
          "qty_pct_close": 0.02325285095275814,
          "qty_pct_entry": 0.010060719851820358,
          "wallet_exposure_limit": 1.0,
          "we_multiplier_close": 0.0,
          "we_multiplier_entry": 49.715661783936234},
 "short": {"backwards_tp": true,
           "delay_between_fills_minutes_close": 1189.5853868686677,
           "delay_between_fills_minutes_entry": 626.2521378994976,
           "delay_weight_close": 0.0,
           "delay_weight_entry": 4.897171236043127,
           "ema_dist_close": -0.0005320143451126975,
           "ema_dist_entry": 0.0006233956579320429,
           "ema_span_0": 1318.7327466485526,
           "ema_span_1": 1017.884562180642,
           "enabled": true,
           "markup_range": 0.00304826336506076,
           "min_markup": 0.009755685087214038,
           "n_close_orders": 3,
           "qty_pct_close": 0.01022450120127152,
           "qty_pct_entry": 0.013306474844107475,
           "wallet_exposure_limit": 1.0,
           "we_multiplier_close": 0.0,
           "we_multiplier_entry": 123.34293101767311}}