{"config_name": "clock_0days",
 "long": {"backwards_tp": true,
          "delay_between_fills_minutes_close": 857.3535981548665,
          "delay_between_fills_minutes_entry": 876.075515137849,
          "delay_weight_close": 0.0,
          "delay_weight_entry": 10.580530775123151,
          "ema_dist_close": 0.0023575482843656483,
          "ema_dist_entry": 0.0011238788172012863,
          "ema_span_0": 695.0291929991326,
          "ema_span_1": 1247.5515857503808,
          "enabled": true,
          "markup_range": 0.04,
          "min_markup": 0.009009066530937315,
          "n_close_orders": 5,
          "qty_pct_close": 0.022449082455470653,
          "qty_pct_entry": 0.010515623772842165,
          "wallet_exposure_limit": 1.0,
          "we_multiplier_close": 0.0,
          "we_multiplier_entry": 12.121801345871091},
 "short": {"backwards_tp": true,
           "delay_between_fills_minutes_close": 1056.809112440018,
           "delay_between_fills_minutes_entry": 398.2637772975118,
           "delay_weight_close": 0.0,
           "delay_weight_entry": 43.54168042292987,
           "ema_dist_close": 0.0023738544782517332,
           "ema_dist_entry": 0.0006249358959002757,
           "ema_span_0": 1365.093414851316,
           "ema_span_1": 158.55654653641997,
           "enabled": true,
           "markup_range": 0.003179491197199502,
           "min_markup": 0.003050578525683805,
           "n_close_orders": 8,
           "qty_pct_close": 0.012835162090409235,
           "qty_pct_entry": 0.015762395480821752,
           "wallet_exposure_limit": 1.0,
           "we_multiplier_close": 0.0,
           "we_multiplier_entry": 54.137960194355664}}