{"config_name": "clock_0days",
 "long": {"backwards_tp": true,
          "delay_between_fills_minutes_close": 697.0779477607653,
          "delay_between_fills_minutes_entry": 1326.557595727769,
          "delay_weight_close": 0,
          "delay_weight_entry": 13.01746419379223,
          "ema_dist_close": -0.01831786954319173,
          "ema_dist_entry": 0.0029960826881370826,
          "ema_span_0": 418.5215657049089,
          "ema_span_1": 1399.6209421702722,
          "enabled": true,
          "markup_range": 0.03998102796474843,
          "min_markup": 0.005701136860230372,
          "n_close_orders": 5,
          "qty_pct_close": 0.028355877754715268,
          "qty_pct_entry": 0.0100206912351227,
          "wallet_exposure_limit": 1,
          "we_multiplier_close": 0,
          "we_multiplier_entry": 132.31041676052345},
 "short": {"backwards_tp": true,
           "delay_between_fills_minutes_close": 1440,
           "delay_between_fills_minutes_entry": 952.9364733196873,
           "delay_weight_close": 0,
           "delay_weight_entry": 6.917705701259906,
           "ema_dist_close": 0.002997862507036341,
           "ema_dist_entry": -0.002942747776848565,
           "ema_span_0": 575.7596234410863,
           "ema_span_1": 1264.7796078123217,
           "enabled": true,
           "markup_range": 0.004343524581736722,
           "min_markup": 0.004335944454748462,
           "n_close_orders": 4,
           "qty_pct_close": 0.010000002464831589,
           "qty_pct_entry": 0.017269283776060306,
           "wallet_exposure_limit": 1,
           "we_multiplier_close": 0,
           "we_multiplier_entry": 189.76576640995557}}