{"config_name": "clock_0days",
 "long": {"backwards_tp": true,
          "delay_between_fills_minutes_close": 697.0779477607653,
          "delay_between_fills_minutes_entry": 1326.557595727769,
          "delay_weight_close": 0.0,
          "delay_weight_entry": 13.01746419379223,
          "ema_dist_close": -0.01831786954319173,
          "ema_dist_entry": 0.0029960826881370826,
          "ema_span_0": 418.5215657049089,
          "ema_span_1": 1399.6209421702722,
          "enabled": true,
          "markup_range": 0.03998102796474843,
          "min_markup": 0.005701136860230372,
          "n_close_orders": 5,
          "qty_pct_close": 0.028355877754715268,
          "qty_pct_entry": 0.0100206912351227,
          "wallet_exposure_limit": 1.0,
          "we_multiplier_close": 0.0,
          "we_multiplier_entry": 132.31041676052345},
 "short": {"backwards_tp": true,
           "delay_between_fills_minutes_close": 1177.1871783715123,
           "delay_between_fills_minutes_entry": 677.5421143576824,
           "delay_weight_close": 0.0,
           "delay_weight_entry": 7.0001580585381395,
           "ema_dist_close": -0.0010683838098219038,
           "ema_dist_entry": -0.0038675289758637035,
           "ema_span_0": 1434.4119237357377,
           "ema_span_1": 1282.9558581551662,
           "enabled": true,
           "markup_range": 0.009389569473387286,
           "min_markup": 0.0037195428094676086,
           "n_close_orders": 5,
           "qty_pct_close": 0.016794731090533487,
           "qty_pct_entry": 0.012750391852768918,
           "wallet_exposure_limit": 1.0,
           "we_multiplier_close": 0.0,
           "we_multiplier_entry": 100.13890268680493}}