{"config_name": "clock_0days",
 "long": {"backwards_tp": true,
          "delay_between_fills_minutes_close": 1289.9784296138473,
          "delay_between_fills_minutes_entry": 885.5689374015816,
          "delay_weight_close": 0.0,
          "delay_weight_entry": 17.854100369415818,
          "ema_dist_close": 0.0029591444740568883,
          "ema_dist_entry": -0.0005380953071493602,
          "ema_span_0": 1001.1896873857706,
          "ema_span_1": 1349.0910917045567,
          "enabled": true,
          "markup_range": 0.005586840092949058,
          "min_markup": 0.004304161885747648,
          "n_close_orders": 3,
          "qty_pct_close": 0.01649746538818101,
          "qty_pct_entry": 0.010006421024856521,
          "wallet_exposure_limit": 1.0,
          "we_multiplier_close": 0.0,
          "we_multiplier_entry": 121.0710087908461},
 "short": {"backwards_tp": true,
           "delay_between_fills_minutes_close": 1364.700564283295,
           "delay_between_fills_minutes_entry": 1274.7201764548945,
           "delay_weight_close": 0.0,
           "delay_weight_entry": 13.122294673450902,
           "ema_dist_close": -0.007934802529026655,
           "ema_dist_entry": -0.007148045744907341,
           "ema_span_0": 1374.2788866016263,
           "ema_span_1": 1367.6292590939747,
           "enabled": true,
           "markup_range": 0.019916467425667144,
           "min_markup": 0.00813899919234778,
           "n_close_orders": 9,
           "qty_pct_close": 0.012236909150658636,
           "qty_pct_entry": 0.016739445476527455,
           "wallet_exposure_limit": 1.0,
           "we_multiplier_close": 0.0,
           "we_multiplier_entry": 45.29800813019194}}