{"config_name": "clock_0days",
 "long": {"backwards_tp": true,
          "delay_between_fills_minutes_close": 1261.3376321551304,
          "delay_between_fills_minutes_entry": 1246.593552263103,
          "delay_weight_close": 0.0,
          "delay_weight_entry": 13.668313649004782,
          "ema_dist_close": 0.0009082137825669917,
          "ema_dist_entry": 0.0014226960423837753,
          "ema_span_0": 1053.787930530248,
          "ema_span_1": 1270.0979214647452,
          "enabled": true,
          "markup_range": 0.023929045504801516,
          "min_markup": 0.008189964159383199,
          "n_close_orders": 11,
          "qty_pct_close": 0.01122304528661913,
          "qty_pct_entry": 0.012388246762412587,
          "wallet_exposure_limit": 1.0,
          "we_multiplier_close": 0.0,
          "we_multiplier_entry": 17.655858047076958},
 "short": {"backwards_tp": true,
           "delay_between_fills_minutes_close": 1342.7227609182705,
           "delay_between_fills_minutes_entry": 1435.1232587068826,
           "delay_weight_close": 0.0,
           "delay_weight_entry": 12.617169477739909,
           "ema_dist_close": -0.010505473297706508,
           "ema_dist_entry": -0.0019790345548081944,
           "ema_span_0": 1263.4621009530388,
           "ema_span_1": 931.1618620080159,
           "enabled": true,
           "markup_range": 0.01298043138357881,
           "min_markup": 0.0074597652095002255,
           "n_close_orders": 5,
           "qty_pct_close": 0.012135339056253325,
           "qty_pct_entry": 0.014084971867551173,
           "wallet_exposure_limit": 1.0,
           "we_multiplier_close": 0.0,
           "we_multiplier_entry": 112.53367830865339}}