{"config_name": "clock_0days",
 "long": {"backwards_tp": true,
          "delay_between_fills_minutes_close": 1236.8359818422618,
          "delay_between_fills_minutes_entry": 1340.463827544549,
          "delay_weight_close": 0.0,
          "delay_weight_entry": 28.47931656062859,
          "ema_dist_close": -0.003244001990256501,
          "ema_dist_entry": 0.001927747325417675,
          "ema_span_0": 693.9461820008846,
          "ema_span_1": 852.7139591416668,
          "enabled": true,
          "markup_range": 0.005877195801843354,
          "min_markup": 0.004772433906862586,
          "n_close_orders": 11,
          "qty_pct_close": 0.028196776925020806,
          "qty_pct_entry": 0.010213025553371094,
          "wallet_exposure_limit": 1.0,
          "we_multiplier_close": 0.0,
          "we_multiplier_entry": 173.65231339416866},
 "short": {"backwards_tp": true,
           "delay_between_fills_minutes_close": 1413.2939370690672,
           "delay_between_fills_minutes_entry": 320.62254169982293,
           "delay_weight_close": 0.0,
           "delay_weight_entry": 10.189474471162004,
           "ema_dist_close": -0.008791042886608862,
           "ema_dist_entry": -0.0009493452092290221,
           "ema_span_0": 886.4887010846487,
           "ema_span_1": 764.1731254897725,
           "enabled": true,
           "markup_range": 0.004619617071369711,
           "min_markup": 0.0050785675555637365,
           "n_close_orders": 7,
           "qty_pct_close": 0.010890759384728773,
           "qty_pct_entry": 0.010009785556808834,
           "wallet_exposure_limit": 1.0,
           "we_multiplier_close": 0.0,
           "we_multiplier_entry": 61.41316683895002}}