{"config_name": "clock_0days",
 "long": {"backwards_tp": true,
          "delay_between_fills_minutes_close": 1345.2951187265123,
          "delay_between_fills_minutes_entry": 1197.5369125186269,
          "delay_weight_close": 0.0,
          "delay_weight_entry": 12.87413787373209,
          "ema_dist_close": 0.0021304493495709837,
          "ema_dist_entry": 0.0029846042045745926,
          "ema_span_0": 1093.3712124658377,
          "ema_span_1": 1069.9791806970095,
          "enabled": true,
          "markup_range": 0.005555762370256817,
          "min_markup": 0.009002181822074788,
          "n_close_orders": 14,
          "qty_pct_close": 0.010158262277821609,
          "qty_pct_entry": 0.013902434459992305,
          "wallet_exposure_limit": 1.0,
          "we_multiplier_close": 0.0,
          "we_multiplier_entry": 59.84821197134927},
 "short": {"backwards_tp": true,
           "delay_between_fills_minutes_close": 1440.0,
           "delay_between_fills_minutes_entry": 952.9364733196873,
           "delay_weight_close": 0.0,
           "delay_weight_entry": 6.917705701259906,
           "ema_dist_close": 0.002997862507036341,
           "ema_dist_entry": -0.002942747776848565,
           "ema_span_0": 575.7596234410863,
           "ema_span_1": 1264.7796078123217,
           "enabled": true,
           "markup_range": 0.004343524581736722,
           "min_markup": 0.004335944454748462,
           "n_close_orders": 4,
           "qty_pct_close": 0.010000002464831589,
           "qty_pct_entry": 0.017269283776060306,
           "wallet_exposure_limit": 1.0,
           "we_multiplier_close": 0.0,
           "we_multiplier_entry": 189.76576640995557}}