{"config_name": "clock_0days",
 "long": {"backwards_tp": true,
          "delay_between_fills_minutes_close": 1392.445497292419,
          "delay_between_fills_minutes_entry": 985.4657412337289,
          "delay_weight_close": 0.0,
          "delay_weight_entry": 17.10496383700635,
          "ema_dist_close": -0.0427914759667053,
          "ema_dist_entry": -0.0020859955675419537,
          "ema_span_0": 1344.3809032880852,
          "ema_span_1": 282.12836907254183,
          "enabled": true,
          "markup_range": 0.003541166785642673,
          "min_markup": 0.005952126800407171,
          "n_close_orders": 12,
          "qty_pct_close": 0.014061408450636073,
          "qty_pct_entry": 0.012690869856635766,
          "wallet_exposure_limit": 1.0,
          "we_multiplier_close": 0.0,
          "we_multiplier_entry": 194.00482544057087},
 "short": {"backwards_tp": true,
           "delay_between_fills_minutes_close": 717.5978550997861,
           "delay_between_fills_minutes_entry": 502.8895911873467,
           "delay_weight_close": 0.0,
           "delay_weight_entry": 19.144774105239726,
           "ema_dist_close": 0.002840613848623586,
           "ema_dist_entry": -0.0012286860235099977,
           "ema_span_0": 1376.5416652772335,
           "ema_span_1": 842.9304911817546,
           "enabled": true,
           "markup_range": 0.0052175836572853,
           "min_markup": 0.005066252480618341,
           "n_close_orders": 5,
           "qty_pct_close": 0.014447512270324689,
           "qty_pct_entry": 0.015845851291406234,
           "wallet_exposure_limit": 1.0,
           "we_multiplier_close": 0.0,
           "we_multiplier_entry": 100.63253337295376}}