{"config_name": "clock_0days",
 "long": {"backwards_tp": true,
          "delay_between_fills_minutes_close": 811.6254643290185,
          "delay_between_fills_minutes_entry": 955.5449131500891,
          "delay_weight_close": 0.0,
          "delay_weight_entry": 9.210876875286706,
          "ema_dist_close": -0.0043824721617476015,
          "ema_dist_entry": 0.0029828318544406316,
          "ema_span_0": 1305.024295484779,
          "ema_span_1": 1163.439906859741,
          "enabled": true,
          "markup_range": 0.030126034972399452,
          "min_markup": 0.009275109227313338,
          "n_close_orders": 8,
          "qty_pct_close": 0.01000866717806938,
          "qty_pct_entry": 0.010312852878794283,
          "wallet_exposure_limit": 1.0,
          "we_multiplier_close": 0.0,
          "we_multiplier_entry": 51.16766042105752},
 "short": {"backwards_tp": true,
           "delay_between_fills_minutes_close": 896.6111696983726,
           "delay_between_fills_minutes_entry": 1139.564334872056,
           "delay_weight_close": 0.0,
           "delay_weight_entry": 9.481727475284403,
           "ema_dist_close": -0.020999688924514225,
           "ema_dist_entry": -0.0021703435760667754,
           "ema_span_0": 1112.5305693451535,
           "ema_span_1": 794.9614220460912,
           "enabled": true,
           "markup_range": 0.03272205851987009,
           "min_markup": 0.006672025119899742,
           "n_close_orders": 14,
           "qty_pct_close": 0.010886288720636685,
           "qty_pct_entry": 0.012094875646516009,
           "wallet_exposure_limit": 1.0,
           "we_multiplier_close": 0.0,
           "we_multiplier_entry": 127.83813782150207}}