{"config_name": "clock_0days",
 "long": {"backwards_tp": true,
          "delay_between_fills_minutes_close": 1439.9889435946054,
          "delay_between_fills_minutes_entry": 1406.9405387468526,
          "delay_weight_close": 0.0,
          "delay_weight_entry": 31.97304243355883,
          "ema_dist_close": 0.0021258786540847394,
          "ema_dist_entry": -0.0011953801435517159,
          "ema_span_0": 1073.520018415865,
          "ema_span_1": 1172.8471573720503,
          "enabled": true,
          "markup_range": 0.005305846991732739,
          "min_markup": 0.0038234455564020295,
          "n_close_orders": 8,
          "qty_pct_close": 0.01432339054319192,
          "qty_pct_entry": 0.01,
          "wallet_exposure_limit": 1.0,
          "we_multiplier_close": 0.0,
          "we_multiplier_entry": 178.0061617407703},
 "short": {"backwards_tp": true,
           "delay_between_fills_minutes_close": 1375.560052067866,
           "delay_between_fills_minutes_entry": 717.7568088971381,
           "delay_weight_close": 0.0,
           "delay_weight_entry": 7.466755687365472,
           "ema_dist_close": -0.007512604108329797,
           "ema_dist_entry": -0.002727840664277994,
           "ema_span_0": 1241.3730152677995,
           "ema_span_1": 374.3269346806206,
           "enabled": true,
           "markup_range": 0.0115910709139196,
           "min_markup": 0.0064422939961109186,
           "n_close_orders": 9,
           "qty_pct_close": 0.010600011335200657,
           "qty_pct_entry": 0.013772805485700765,
           "wallet_exposure_limit": 1.0,
           "we_multiplier_close": 0.0,
           "we_multiplier_entry": 158.7095154495881}}