{"config_name": "clock_0days",
 "long": {"backwards_tp": true,
          "delay_between_fills_minutes_close": 1334.3757764801442,
          "delay_between_fills_minutes_entry": 950.3693839503094,
          "delay_weight_close": 0.0,
          "delay_weight_entry": 23.22485085659408,
          "ema_dist_close": -0.015276553956479534,
          "ema_dist_entry": 0.003,
          "ema_span_0": 1171.00258952435,
          "ema_span_1": 855.3204052279518,
          "enabled": true,
          "markup_range": 0.0028116616799531004,
          "min_markup": 0.003423797057537643,
          "n_close_orders": 6,
          "qty_pct_close": 0.02113083424478466,
          "qty_pct_entry": 0.014262731640083981,
          "wallet_exposure_limit": 1.0,
          "we_multiplier_close": 0.0,
          "we_multiplier_entry": 176.99529548257982},
 "short": {"backwards_tp": true,
           "delay_between_fills_minutes_close": 1349.0799272986103,
           "delay_between_fills_minutes_entry": 847.5822452651064,
           "delay_weight_close": 0.0,
           "delay_weight_entry": 19.851111040852476,
           "ema_dist_close": 0.002421435298465894,
           "ema_dist_entry": -0.001891159274351741,
           "ema_span_0": 858.6453656295693,
           "ema_span_1": 843.8764262186072,
           "enabled": true,
           "markup_range": 0.005993941410101911,
           "min_markup": 0.006225402263980486,
           "n_close_orders": 12,
           "qty_pct_close": 0.011394795060516074,
           "qty_pct_entry": 0.010756898119971476,
           "wallet_exposure_limit": 1.0,
           "we_multiplier_close": 0.0,
           "we_multiplier_entry": 178.34077617935907}}