{"config_name": "clock_0days",
 "long": {"backwards_tp": true,
          "delay_between_fills_minutes_close": 1145.5444562926139,
          "delay_between_fills_minutes_entry": 1227.338597747378,
          "delay_weight_close": 0.0,
          "delay_weight_entry": 6.281237934570081,
          "ema_dist_close": 0.0028680019066061792,
          "ema_dist_entry": -0.007038341495138812,
          "ema_span_0": 1062.695640106294,
          "ema_span_1": 1263.9140893725855,
          "enabled": true,
          "markup_range": 0.011885978822785977,
          "min_markup": 0.00782802476229268,
          "n_close_orders": 15,
          "qty_pct_close": 0.01566987573863793,
          "qty_pct_entry": 0.011809955761623457,
          "wallet_exposure_limit": 1.0,
          "we_multiplier_close": 0.0,
          "we_multiplier_entry": 103.8710261386424},
 "short": {"backwards_tp": true,
           "delay_between_fills_minutes_close": 647.9706092084931,
           "delay_between_fills_minutes_entry": 240.84846828420814,
           "delay_weight_close": 0.0,
           "delay_weight_entry": 2.082852828163023,
           "ema_dist_close": 0.001444330967987438,
           "ema_dist_entry": 0.002622370975758735,
           "ema_span_0": 1342.3128077359368,
           "ema_span_1": 1356.2750370230804,
           "enabled": true,
           "markup_range": 0.002675710274173291,
           "min_markup": 0.006735757369164681,
           "n_close_orders": 9,
           "qty_pct_close": 0.024621408078263823,
           "qty_pct_entry": 0.012363891078039844,
           "wallet_exposure_limit": 1.0,
           "we_multiplier_close": 0.0,
           "we_multiplier_entry": 95.63068988615034}}