{"config_name": "clock_0days",
 "long": {"backwards_tp": true,
          "delay_between_fills_minutes_close": 1326.7051110842392,
          "delay_between_fills_minutes_entry": 1373.459823048871,
          "delay_weight_close": 0.0,
          "delay_weight_entry": 20.125268240011245,
          "ema_dist_close": -0.0027272111046583326,
          "ema_dist_entry": 0.0028970976514002315,
          "ema_span_0": 563.2166792210633,
          "ema_span_1": 1116.9273113085114,
          "enabled": true,
          "markup_range": 0.012483093247376793,
          "min_markup": 0.00794967311462603,
          "n_close_orders": 15,
          "qty_pct_close": 0.010721048917506876,
          "qty_pct_entry": 0.013336929326978327,
          "wallet_exposure_limit": 1.0,
          "we_multiplier_close": 0.0,
          "we_multiplier_entry": 19.9585224382834},
 "short": {"backwards_tp": true,
           "delay_between_fills_minutes_close": 1425.8836931322542,
           "delay_between_fills_minutes_entry": 227.49145998980958,
           "delay_weight_close": 0.0,
           "delay_weight_entry": 6.2780506317292835,
           "ema_dist_close": 0.0028862737742493382,
           "ema_dist_entry": 7.536686652573646e-05,
           "ema_span_0": 1155.0870103951418,
           "ema_span_1": 865.8395291598055,
           "enabled": true,
           "markup_range": 0.0012111880602528984,
           "min_markup": 0.008656300733283637,
           "n_close_orders": 13,
           "qty_pct_close": 0.010416222927393595,
           "qty_pct_entry": 0.01,
           "wallet_exposure_limit": 1.0,
           "we_multiplier_close": 0.0,
           "we_multiplier_entry": 62.78716399921034}}