{"config_name": "clock_0days",
 "long": {"backwards_tp": true,
          "delay_between_fills_minutes_close": 790.1089025706692,
          "delay_between_fills_minutes_entry": 693.1374700082829,
          "delay_weight_close": 0.0,
          "delay_weight_entry": 13.729135460778293,
          "ema_dist_close": 0.00299999160517668,
          "ema_dist_entry": 0.00026581676141080197,
          "ema_span_0": 855.3265133365537,
          "ema_span_1": 1306.9134254773978,
          "enabled": true,
          "markup_range": 0.01334628514319665,
          "min_markup": 0.007616009497697031,
          "n_close_orders": 10,
          "qty_pct_close": 0.024693085802880647,
          "qty_pct_entry": 0.010792360182049042,
          "wallet_exposure_limit": 1.0,
          "we_multiplier_close": 0.0,
          "we_multiplier_entry": 34.80222422964561},
 "short": {"backwards_tp": true,
           "delay_between_fills_minutes_close": 830.562517314851,
           "delay_between_fills_minutes_entry": 1072.707962093091,
           "delay_weight_close": 0.0,
           "delay_weight_entry": 20.132207169533654,
           "ema_dist_close": -0.00029339216937820906,
           "ema_dist_entry": 0.0007652244793108585,
           "ema_span_0": 166.30675327693143,
           "ema_span_1": 462.1063307415484,
           "enabled": true,
           "markup_range": 0.00782591594304661,
           "min_markup": 0.005857952759260532,
           "n_close_orders": 10,
           "qty_pct_close": 0.01000001747878361,
           "qty_pct_entry": 0.01614610858642066,
           "wallet_exposure_limit": 1.0,
           "we_multiplier_close": 0.0,
           "we_multiplier_entry": 60.99542249864683}}