{"config_name": "clock_0days",
 "long": {"backwards_tp": true,
          "delay_between_fills_minutes_close": 298.71734772302545,
          "delay_between_fills_minutes_entry": 973.0485927647065,
          "delay_weight_close": 0.0,
          "delay_weight_entry": 34.69575116976541,
          "ema_dist_close": 0.0024114032998717332,
          "ema_dist_entry": 0.002976851602541515,
          "ema_span_0": 1155.5522681738482,
          "ema_span_1": 642.6310841650368,
          "enabled": true,
          "markup_range": 0.004039733574566805,
          "min_markup": 0.004798618521191469,
          "n_close_orders": 13,
          "qty_pct_close": 0.041768538904000785,
          "qty_pct_entry": 0.011103241192574224,
          "wallet_exposure_limit": 1.0,
          "we_multiplier_close": 0.0,
          "we_multiplier_entry": 9.69931805185869},
 "short": {"backwards_tp": true,
           "delay_between_fills_minutes_close": 971.4581311612351,
           "delay_between_fills_minutes_entry": 1194.0251761974207,
           "delay_weight_close": 0.0,
           "delay_weight_entry": 4.806227598810852,
           "ema_dist_close": -0.01020266105406052,
           "ema_dist_entry": 0.001927323991575397,
           "ema_span_0": 547.2924217520259,
           "ema_span_1": 1428.5217651633586,
           "enabled": true,
           "markup_range": 0.03531001217022025,
           "min_markup": 0.009992734451143003,
           "n_close_orders": 7,
           "qty_pct_close": 0.01597648877920018,
           "qty_pct_entry": 0.016591803348244564,
           "wallet_exposure_limit": 1.0,
           "we_multiplier_close": 0.0,
           "we_multiplier_entry": 53.43389767110242}}