{"config_name": "clock_0days",
 "long": {"backwards_tp": true,
          "delay_between_fills_minutes_close": 640.3802308664268,
          "delay_between_fills_minutes_entry": 1342.978617171683,
          "delay_weight_close": 0,
          "delay_weight_entry": 11.84896997408536,
          "ema_dist_close": -0.0007801114897517208,
          "ema_dist_entry": -0.0007522336481879672,
          "ema_span_0": 1411.0314683305844,
          "ema_span_1": 1262.594065581483,
          "enabled": true,
          "markup_range": 0.024912700445981453,
          "min_markup": 0.008743247170553057,
          "n_close_orders": 6,
          "qty_pct_close": 0.01005169977479771,
          "qty_pct_entry": 0.010340603172076248,
          "wallet_exposure_limit": 1,
          "we_multiplier_close": 0,
          "we_multiplier_entry": 8.812124789222894},
 "short": {"backwards_tp": true,
           "delay_between_fills_minutes_close": 374.2366086009557,
           "delay_between_fills_minutes_entry": 1369.2098423880745,
           "delay_weight_close": 0,
           "delay_weight_entry": 50.33418522049491,
           "ema_dist_close": -0.03519015182247889,
           "ema_dist_entry": 0.002999993533131066,
           "ema_span_0": 1025.916635355051,
           "ema_span_1": 1019.1402434063219,
           "enabled": true,
           "markup_range": 0.009449950081868105,
           "min_markup": 0.007235226262545918,
           "n_close_orders": 11,
           "qty_pct_close": 0.012864926155018223,
           "qty_pct_entry": 0.012888204522919874,
           "wallet_exposure_limit": 1,
           "we_multiplier_close": 0,
           "we_multiplier_entry": 76.23802670424543}}