{"config_name": "clock_0days",
 "long": {"backwards_tp": true,
          "delay_between_fills_minutes_close": 1181.4679438264611,
          "delay_between_fills_minutes_entry": 780.1161399742537,
          "delay_weight_close": 0.0,
          "delay_weight_entry": 8.349299848595713,
          "ema_dist_close": 0.0028881085787066958,
          "ema_dist_entry": -0.0010412897657056269,
          "ema_span_0": 1428.1304034794575,
          "ema_span_1": 1351.418086011675,
          "enabled": true,
          "markup_range": 0.008298951037672819,
          "min_markup": 0.009250836648643115,
          "n_close_orders": 3,
          "qty_pct_close": 0.02249611168421972,
          "qty_pct_entry": 0.015075033432922534,
          "wallet_exposure_limit": 1.0,
          "we_multiplier_close": 0.0,
          "we_multiplier_entry": 23.26804331208836},
 "short": {"backwards_tp": true,
           "delay_between_fills_minutes_close": 1440.0,
           "delay_between_fills_minutes_entry": 157.3060558212174,
           "delay_weight_close": 0.0,
           "delay_weight_entry": 0.22582526650964974,
           "ema_dist_close": 0.003,
           "ema_dist_entry": -0.040935911333420956,
           "ema_span_0": 229.622711151206,
           "ema_span_1": 432.26722912837397,
           "enabled": true,
           "markup_range": 0.0021972325562105957,
           "min_markup": 0.0020423888206081765,
           "n_close_orders": 4,
           "qty_pct_close": 0.01,
           "qty_pct_entry": 0.010117295729818652,
           "wallet_exposure_limit": 1.0,
           "we_multiplier_close": 0.0,
           "we_multiplier_entry": 62.574483574725136}}