{"config_name": "clock_0days",
 "long": {"backwards_tp": true,
          "delay_between_fills_minutes_close": 1275.6269610325896,
          "delay_between_fills_minutes_entry": 1358.9459660251332,
          "delay_weight_close": 0.0,
          "delay_weight_entry": 9.3110464890831,
          "ema_dist_close": -0.0024833708412723035,
          "ema_dist_entry": -0.005096835802300732,
          "ema_span_0": 301.1232762055893,
          "ema_span_1": 1415.8087637143653,
          "enabled": true,
          "markup_range": 0.032153998621630715,
          "min_markup": 0.009333948848909328,
          "n_close_orders": 13,
          "qty_pct_close": 0.01872967309057629,
          "qty_pct_entry": 0.010003013325389302,
          "wallet_exposure_limit": 1.0,
          "we_multiplier_close": 0.0,
          "we_multiplier_entry": 35.122222063702075},
 "short": {"backwards_tp": true,
           "delay_between_fills_minutes_close": 915.7786851253974,
           "delay_between_fills_minutes_entry": 677.4454966297187,
           "delay_weight_close": 0.0,
           "delay_weight_entry": 12.193964461214172,
           "ema_dist_close": -0.002287455399984802,
           "ema_dist_entry": -0.0014763916790408297,
           "ema_span_0": 1253.8965165450209,
           "ema_span_1": 560.6990698197268,
           "enabled": true,
           "markup_range": 0.006547471018488714,
           "min_markup": 0.007241999643369663,
           "n_close_orders": 11,
           "qty_pct_close": 0.027609099644638004,
           "qty_pct_entry": 0.014968026963807652,
           "wallet_exposure_limit": 1.0,
           "we_multiplier_close": 0.0,
           "we_multiplier_entry": 52.976809220083325}}