{"config_name": "clock_0days",
 "long": {"backwards_tp": true,
          "delay_between_fills_minutes_close": 329.1995064389106,
          "delay_between_fills_minutes_entry": 970.9619086157867,
          "delay_weight_close": 0,
          "delay_weight_entry": 24.014181439594257,
          "ema_dist_close": 0.0027402101341321788,
          "ema_dist_entry": 0.0005693751412367438,
          "ema_span_0": 523.3276766523293,
          "ema_span_1": 1374.2070277875337,
          "enabled": true,
          "markup_range": 2.810017795201859e-06,
          "min_markup": 0.006692188671496908,
          "n_close_orders": 9,
          "qty_pct_close": 0.010544074921300392,
          "qty_pct_entry": 0.011957301936227814,
          "wallet_exposure_limit": 1,
          "we_multiplier_close": 0,
          "we_multiplier_entry": 34.373129087588836},
 "short": {"backwards_tp": true,
           "delay_between_fills_minutes_close": 1440,
           "delay_between_fills_minutes_entry": 1233.9904295953702,
           "delay_weight_close": 0,
           "delay_weight_entry": 29.14803766082176,
           "ema_dist_close": 0.0025292205959706604,
           "ema_dist_entry": -0.0021956625120941797,
           "ema_span_0": 923.7387355766683,
           "ema_span_1": 309.1067910329972,
           "enabled": true,
           "markup_range": 0.003257438290602177,
           "min_markup": 0.002723657269964439,
           "n_close_orders": 12,
           "qty_pct_close": 0.01010616933694794,
           "qty_pct_entry": 0.010065618834140212,
           "wallet_exposure_limit": 1,
           "we_multiplier_close": 0,
           "we_multiplier_entry": 122.79749440826512}}