{"config_name": "clock_0days",
 "long": {"backwards_tp": true,
          "delay_between_fills_minutes_close": 995.0267745416938,
          "delay_between_fills_minutes_entry": 1343.5980049267305,
          "delay_weight_close": 0.0,
          "delay_weight_entry": 7.56988076908875,
          "ema_dist_close": -0.002421470808108237,
          "ema_dist_entry": 0.0029999988916898836,
          "ema_span_0": 128.60645032400475,
          "ema_span_1": 1234.5695617183485,
          "enabled": true,
          "markup_range": 0.020802316757355464,
          "min_markup": 0.009273217486859782,
          "n_close_orders": 14,
          "qty_pct_close": 0.03284249622866415,
          "qty_pct_entry": 0.01294048113827572,
          "wallet_exposure_limit": 1.0,
          "we_multiplier_close": 0.0,
          "we_multiplier_entry": 127.45169174486658},
 "short": {"backwards_tp": true,
           "delay_between_fills_minutes_close": 1223.4253702591936,
           "delay_between_fills_minutes_entry": 1326.6797006310353,
           "delay_weight_close": 0.0,
           "delay_weight_entry": 11.508628284992716,
           "ema_dist_close": 0.002328612559286179,
           "ema_dist_entry": 0.0006359075329477336,
           "ema_span_0": 1367.6785549629753,
           "ema_span_1": 258.72070875450675,
           "enabled": true,
           "markup_range": 0.02977617639489048,
           "min_markup": 0.008563079282813572,
           "n_close_orders": 12,
           "qty_pct_close": 0.013932384727570957,
           "qty_pct_entry": 0.010625509250583058,
           "wallet_exposure_limit": 1.0,
           "we_multiplier_close": 0.0,
           "we_multiplier_entry": 17.43039121946147}}