{"config_name": "clock_0days",
 "long": {"backwards_tp": true,
          "delay_between_fills_minutes_close": 1246.7524871794487,
          "delay_between_fills_minutes_entry": 1270.3099823128457,
          "delay_weight_close": 0.0,
          "delay_weight_entry": 27.554212700198054,
          "ema_dist_close": -0.0022535568377572202,
          "ema_dist_entry": 0.0029839440945628546,
          "ema_span_0": 1222.1612752749252,
          "ema_span_1": 296.79557356896356,
          "enabled": true,
          "markup_range": 0.001050494492708042,
          "min_markup": 0.008088298873968794,
          "n_close_orders": 10,
          "qty_pct_close": 0.042016156774231476,
          "qty_pct_entry": 0.012693669377689088,
          "wallet_exposure_limit": 1.0,
          "we_multiplier_close": 0.0,
          "we_multiplier_entry": 122.32676666870506},
 "short": {"backwards_tp": true,
           "delay_between_fills_minutes_close": 1243.8316493159675,
           "delay_between_fills_minutes_entry": 342.3991313687622,
           "delay_weight_close": 0.0,
           "delay_weight_entry": 34.921334356623966,
           "ema_dist_close": 0.002982128510117718,
           "ema_dist_entry": -0.015962125623531637,
           "ema_span_0": 1089.844413488197,
           "ema_span_1": 1126.1215281779944,
           "enabled": true,
           "markup_range": 0.003089952160349176,
           "min_markup": 0.001790676582278317,
           "n_close_orders": 4,
           "qty_pct_close": 0.012572563396804117,
           "qty_pct_entry": 0.010000844619943754,
           "wallet_exposure_limit": 1.0,
           "we_multiplier_close": 0.0,
           "we_multiplier_entry": 30.601795881700408}}