{"config_name": "binance_btcusd_perp_212days_adg0.27%_bkr57.95%",
 "logging_level": 0,
 "long": {"enabled": true,
          "iprc_MAr_coeffs": [[0.07037832553162715, -0.2035959444147604],
                              [0.18350998602188984, -0.14577573065806046],
                              [0.04971082192042545, 0.2906352490362159]],
          "iprc_const": 0.9775443863349297,
          "iqty_MAr_coeffs": [[0.2010164549995175, 0.21407915619206166],
                              [-0.23643795797075362, 0.1120515210369303],
                              [-0.06541890894457922, -0.025102854035420948]],
          "iqty_const": 0.26336571263317254,
          "markup_MAr_coeffs": [[-0.17393516451129976, 0.32078993997498056],
                                [0.028875870227098067, -0.17140315869791406],
                                [-0.03813497623315244, 0.26394852946306624]],
          "markup_const": 1.0095790390383448,
          "pbr_limit": 0.3877460962672708,
          "pbr_stop_loss": -0.0939159216456213,
          "rprc_MAr_coeffs": [[-0.0979901868861193, -0.07039624367127587],
                              [-0.0696199189854714, 0.25992130233414557],
                              [0.23244038796207478, 0.4]],
          "rprc_PBr_coeffs": [[-0.2229341497557914, -0.3252338365890912]],
          "rprc_const": 0.9841478837510579,
          "rqty_MAr_coeffs": [[-0.2171149683967852, 0.28098141922046077],
                              [-0.14696235276639252, -0.16038634282018785],
                              [-0.06378222299199644, 0.07817933461339334]],
          "rqty_const": 1.1187519877537224},
 "max_span": 3240.981188940138,
 "min_span": 1298.2121278257066,
 "n_spans": 3,
 "shrt": {"enabled": true,
          "iprc_MAr_coeffs": [[0.2095189593671323, 0.09080642723870114],
                              [0.02842227883066406, 0.007883723534885355],
                              [0.15380719988936165, -0.13662516519547246]],
          "iprc_const": 1.0004808289145908,
          "iqty_MAr_coeffs": [[-0.07064088332046656, -0.09921537700107608],
                              [-0.2080741791096129, 0.2511773606010903],
                              [-0.19728246903776828, -0.18161284936916974]],
          "iqty_const": 0.2795530850824428,
          "markup_MAr_coeffs": [[-0.2925481697605159, -0.3343189387079475],
                                [0.14369440920520016, -0.11549300992049467],
                                [0.24808247528456828, -0.31424212969648196]],
          "markup_const": 0.9824750054563318,
          "pbr_limit": 1.5005408611934803,
          "pbr_stop_loss": 0.1736594378546419,
          "rprc_MAr_coeffs": [[-0.09942349155629737, 0.022373061335067283],
                              [-0.044946472021831566, -0.06786392429868958],
                              [-0.4, -0.14770392124575168]],
          "rprc_PBr_coeffs": [[0.6648621057913611, 0.24752478854552012]],
          "rprc_const": 1.0179105648164684,
          "rqty_MAr_coeffs": [[0.04752494091703632, 0.1709609854029731],
                              [0.20947185182199385, -0.19931706998133927],
                              [-0.022826731280782706, -0.15763657334308023]],
          "rqty_const": 0.6077399974086098}}
