{"config_name": "clock_0days",
 "long": {"backwards_tp": true,
          "delay_between_fills_minutes_close": 745.3345382356779,
          "delay_between_fills_minutes_entry": 827.9905980355888,
          "delay_weight_close": 65.41108523905193,
          "delay_weight_entry": 41.403229934348346,
          "ema_dist_close": 0.0008478263934710593,
          "ema_dist_entry": -0.023240118439516164,
          "ema_span_0": 1173.7410548756454,
          "ema_span_1": 1174.803511305159,
          "enabled": true,
          "markup_range": 0.007201289859112534,
          "min_markup": 0.0040499673892647236,
          "n_close_orders": 12,
          "qty_pct_close": 0.047820074425353444,
          "qty_pct_entry": 0.013774306721293135,
          "wallet_exposure_limit": 1.0,
          "we_multiplier_close": 0.38301864237029765,
          "we_multiplier_entry": 65.51527890766977},
 "short": {"backwards_tp": true,
           "delay_between_fills_minutes_close": 1333.7877699955816,
           "delay_between_fills_minutes_entry": 630.2779320129915,
           "delay_weight_close": 97.7368770742472,
           "delay_weight_entry": 12.815181354548526,
           "ema_dist_close": 0.003977152292703994,
           "ema_dist_entry": -0.020028532553824762,
           "ema_span_0": 1427.4993180614974,
           "ema_span_1": 323.9953689945195,
           "enabled": true,
           "markup_range": 0.011854362612370193,
           "min_markup": 0.0026240118596931633,
           "n_close_orders": 6,
           "qty_pct_close": 0.04109382911325213,
           "qty_pct_entry": 0.013814172589267443,
           "wallet_exposure_limit": 1.0,
           "we_multiplier_close": 0.004731909639058364,
           "we_multiplier_entry": 70.91885014431533}}