{"config_name": "clock_0days",
 "long": {"backwards_tp": true,
          "delay_between_fills_minutes_close": 1137.0492894442414,
          "delay_between_fills_minutes_entry": 1388.67959450144,
          "delay_weight_close": 54.57336666808344,
          "delay_weight_entry": 17.66622850693293,
          "ema_dist_close": 0.0020887134608604807,
          "ema_dist_entry": 0.0005034618290810194,
          "ema_span_0": 575.332413970307,
          "ema_span_1": 530.1235633512713,
          "enabled": true,
          "markup_range": 0.017905426038402904,
          "min_markup": 0.0030343561206284428,
          "n_close_orders": 16,
          "qty_pct_close": 0.01798445054466958,
          "qty_pct_entry": 0.011657802839347142,
          "wallet_exposure_limit": 1.0,
          "we_multiplier_close": 2.189644424615611,
          "we_multiplier_entry": 44.15912418876161},
 "short": {"backwards_tp": true,
           "delay_between_fills_minutes_close": 1175.4964597093995,
           "delay_between_fills_minutes_entry": 792.5646924326525,
           "delay_weight_close": 69.34895857569938,
           "delay_weight_entry": 23.393867456447293,
           "ema_dist_close": -0.004871785046841483,
           "ema_dist_entry": -0.0053598654620017235,
           "ema_span_0": 727.811605193094,
           "ema_span_1": 890.6668607638635,
           "enabled": true,
           "markup_range": 0.017752936073513203,
           "min_markup": 0.003949771948870549,
           "n_close_orders": 9,
           "qty_pct_close": 0.010086723319623528,
           "qty_pct_entry": 0.011600765700814442,
           "wallet_exposure_limit": 1.0,
           "we_multiplier_close": 10.076023189282894,
           "we_multiplier_entry": 44.05099809729874}}