{"config_name": "clock_0days",
 "long": {"backwards_tp": true,
          "delay_between_fills_minutes_close": 753.957732211676,
          "delay_between_fills_minutes_entry": 667.7922707926674,
          "delay_weight_close": 24.194254024643275,
          "delay_weight_entry": 15.209884971357782,
          "ema_dist_close": 0.0010080374704404698,
          "ema_dist_entry": 0.0015083300364923087,
          "ema_span_0": 1078.258235986571,
          "ema_span_1": 1090.400099809143,
          "enabled": true,
          "markup_range": 0.05283697645039752,
          "min_markup": 0.023789377628625392,
          "n_close_orders": 8,
          "qty_pct_close": 0.08825031297539368,
          "qty_pct_entry": 0.011280225403153269,
          "wallet_exposure_limit": 1.0,
          "we_multiplier_close": 8.200049643673188,
          "we_multiplier_entry": 90.98439572123472},
 "short": {"backwards_tp": true,
           "delay_between_fills_minutes_close": 560.2949290455147,
           "delay_between_fills_minutes_entry": 1166.2658257328542,
           "delay_weight_close": 96.4300565306382,
           "delay_weight_entry": 27.07105584482331,
           "ema_dist_close": -0.036574656189915546,
           "ema_dist_entry": 0.003999991502606784,
           "ema_span_0": 305.2855731727201,
           "ema_span_1": 1049.6533955551472,
           "enabled": true,
           "markup_range": 0.04355682406239921,
           "min_markup": 0.028540120544568937,
           "n_close_orders": 10,
           "qty_pct_close": 0.0521642509911144,
           "qty_pct_entry": 0.01000347836270137,
           "wallet_exposure_limit": 1.0,
           "we_multiplier_close": 9.749080752353532,
           "we_multiplier_entry": 24.150796967754378}}