{"config_name": "clock_0days",
 "long": {"backwards_tp": true,
          "delay_between_fills_minutes_close": 1317.5195022854134,
          "delay_between_fills_minutes_entry": 1306.5859640241447,
          "delay_weight_close": 45.98378294702683,
          "delay_weight_entry": 17.747086939209307,
          "ema_dist_close": -0.004236114337473471,
          "ema_dist_entry": -0.010396105994018518,
          "ema_span_0": 1272.8430540432591,
          "ema_span_1": 716.0076441831724,
          "enabled": true,
          "markup_range": 0.05902696832649206,
          "min_markup": 0.01724106773644486,
          "n_close_orders": 4,
          "qty_pct_close": 0.010644250740050657,
          "qty_pct_entry": 0.01021984256463552,
          "wallet_exposure_limit": 1.0,
          "we_multiplier_close": 1.4046701005285442,
          "we_multiplier_entry": 35.22286742375898},
 "short": {"backwards_tp": true,
           "delay_between_fills_minutes_close": 1315.9664571482099,
           "delay_between_fills_minutes_entry": 482.63762940447214,
           "delay_weight_close": 18.06180224142579,
           "delay_weight_entry": 24.657723010955433,
           "ema_dist_close": -0.01063972992418888,
           "ema_dist_entry": 0.0033578747680185323,
           "ema_span_0": 1039.8103975590654,
           "ema_span_1": 315.1049058963648,
           "enabled": true,
           "markup_range": 0.044551002212917926,
           "min_markup": 0.021603989272471102,
           "n_close_orders": 14,
           "qty_pct_close": 0.05505750309145697,
           "qty_pct_entry": 0.010476980848126838,
           "wallet_exposure_limit": 1.0,
           "we_multiplier_close": 2.1817444556792704,
           "we_multiplier_entry": 21.411900399586663}}