{"config_name": "clock_0days",
 "long": {"backwards_tp": true,
          "delay_between_fills_minutes_close": 1394.5487337208924,
          "delay_between_fills_minutes_entry": 1137.7522612347498,
          "delay_weight_close": 57.944159408336574,
          "delay_weight_entry": 14.482974293803327,
          "ema_dist_close": -0.03716465178437701,
          "ema_dist_entry": -0.0018093113137772287,
          "ema_span_0": 586.9325260825558,
          "ema_span_1": 132.78017377655215,
          "enabled": true,
          "markup_range": 0.030788818923012207,
          "min_markup": 0.009249031261909502,
          "n_close_orders": 14,
          "qty_pct_close": 0.02982102801780637,
          "qty_pct_entry": 0.010731586072010729,
          "wallet_exposure_limit": 1.0,
          "we_multiplier_close": 0.48628312268260654,
          "we_multiplier_entry": 72.64540200295075},
 "short": {"backwards_tp": true,
           "delay_between_fills_minutes_close": 1330.8985361279188,
           "delay_between_fills_minutes_entry": 563.4189296781848,
           "delay_weight_close": 30.518234440546973,
           "delay_weight_entry": 7.625996307671694,
           "ema_dist_close": 0.0037364703695627324,
           "ema_dist_entry": -0.03501251651209125,
           "ema_span_0": 1191.0747679039675,
           "ema_span_1": 1154.2318317455054,
           "enabled": true,
           "markup_range": 0.046979547147459784,
           "min_markup": 0.0060319757381715085,
           "n_close_orders": 6,
           "qty_pct_close": 0.08866531180884316,
           "qty_pct_entry": 0.012368373379435483,
           "wallet_exposure_limit": 1.0,
           "we_multiplier_close": 47.45196899134288,
           "we_multiplier_entry": 91.4750526531542}}