{"config_name": "clock_0days",
 "long": {"backwards_tp": true,
          "delay_between_fills_minutes_close": 1282.9914899482926,
          "delay_between_fills_minutes_entry": 1157.215163968803,
          "delay_weight_close": 76.249192640432,
          "delay_weight_entry": 20.53228206163468,
          "ema_dist_close": -0.04849553804612705,
          "ema_dist_entry": 0.0029315733604796798,
          "ema_span_0": 280.2989915525009,
          "ema_span_1": 1179.2716164426852,
          "enabled": true,
          "markup_range": 0.004336761857231982,
          "min_markup": 0.009817551658838573,
          "n_close_orders": 14,
          "qty_pct_close": 0.018383814547140997,
          "qty_pct_entry": 0.015732463722310703,
          "wallet_exposure_limit": 1.0,
          "we_multiplier_close": 1.956827527608366,
          "we_multiplier_entry": 32.35746694833301},
 "short": {"backwards_tp": true,
           "delay_between_fills_minutes_close": 1104.6426333642225,
           "delay_between_fills_minutes_entry": 716.6674256369989,
           "delay_weight_close": 22.164064219303757,
           "delay_weight_entry": 9.280192297916791,
           "ema_dist_close": 0.0020289339659668093,
           "ema_dist_entry": -0.001351994186762406,
           "ema_span_0": 1317.5442498370205,
           "ema_span_1": 1440,
           "enabled": true,
           "markup_range": 0.03202451285608419,
           "min_markup": 0.004093031702530551,
           "n_close_orders": 12,
           "qty_pct_close": 0.05291272984910081,
           "qty_pct_entry": 0.012190728858126483,
           "wallet_exposure_limit": 1.0,
           "we_multiplier_close": 2.2202544736576653,
           "we_multiplier_entry": 71.61103148762798}}