{"config_name": "clock_0days",
 "long": {"backwards_tp": true,
          "delay_between_fills_minutes_close": 720.2162995906477,
          "delay_between_fills_minutes_entry": 938.6523483443143,
          "delay_weight_close": 78.96417560788953,
          "delay_weight_entry": 27.051195868276075,
          "ema_dist_close": -0.007784675234195927,
          "ema_dist_entry": 0.00302522676827438,
          "ema_span_0": 1008.8896964110216,
          "ema_span_1": 237.63280585072715,
          "enabled": true,
          "markup_range": 0.049304753939784854,
          "min_markup": 0.018099413537055336,
          "n_close_orders": 15,
          "qty_pct_close": 0.049517929177945945,
          "qty_pct_entry": 0.01000036138715798,
          "wallet_exposure_limit": 1.0,
          "we_multiplier_close": 1.1826839247805014,
          "we_multiplier_entry": 51.8612762043768},
 "short": {"backwards_tp": true,
           "delay_between_fills_minutes_close": 1324.5448948132623,
           "delay_between_fills_minutes_entry": 935.0283798724421,
           "delay_weight_close": 39.250146470089454,
           "delay_weight_entry": 24.169369203972984,
           "ema_dist_close": -0.02259759917149216,
           "ema_dist_entry": 0.0014598024185886477,
           "ema_span_0": 837.347658238455,
           "ema_span_1": 826.933173527553,
           "enabled": true,
           "markup_range": 0.03269467943209753,
           "min_markup": 0.008443788784949323,
           "n_close_orders": 10,
           "qty_pct_close": 0.021247989406979532,
           "qty_pct_entry": 0.01229456160320219,
           "wallet_exposure_limit": 1.0,
           "we_multiplier_close": 1.3493140810828017,
           "we_multiplier_entry": 35.37079223880829}}