{"config_name": "clock_0days",
 "long": {"backwards_tp": true,
          "delay_between_fills_minutes_close": 1046.4803516660074,
          "delay_between_fills_minutes_entry": 1068.6937849265369,
          "delay_weight_close": 78.40787403160948,
          "delay_weight_entry": 12.993105519685008,
          "ema_dist_close": 0.0017438861856032522,
          "ema_dist_entry": 0.0012725895710412433,
          "ema_span_0": 1050.0047084560722,
          "ema_span_1": 1279.506196617575,
          "enabled": true,
          "markup_range": 0.004407177230015621,
          "min_markup": 0.01498360063673509,
          "n_close_orders": 6,
          "qty_pct_close": 0.01790134788772085,
          "qty_pct_entry": 0.018216130934492574,
          "wallet_exposure_limit": 1.0,
          "we_multiplier_close": 9.38714479139404,
          "we_multiplier_entry": 97.00576912917458},
 "short": {"backwards_tp": true,
           "delay_between_fills_minutes_close": 941.084222239553,
           "delay_between_fills_minutes_entry": 923.2146946988504,
           "delay_weight_close": 85.16058246140864,
           "delay_weight_entry": 17.160010516641083,
           "ema_dist_close": -0.01073424881244667,
           "ema_dist_entry": 6.635813637251367e-05,
           "ema_span_0": 916.2995156998693,
           "ema_span_1": 211.46310237154333,
           "enabled": true,
           "markup_range": 0.02663794107770627,
           "min_markup": 0.02443228978265214,
           "n_close_orders": 13,
           "qty_pct_close": 0.03109181861645915,
           "qty_pct_entry": 0.015145432098859797,
           "wallet_exposure_limit": 1.0,
           "we_multiplier_close": 2.516570099015409,
           "we_multiplier_entry": 100.0}}