{"config_name": "clock_0days",
 "long": {"backwards_tp": true,
          "delay_between_fills_minutes_close": 1284.089946028888,
          "delay_between_fills_minutes_entry": 559.3186185668444,
          "delay_weight_close": 89.14410607557018,
          "delay_weight_entry": 14.15918551195697,
          "ema_dist_close": -0.00633674482492056,
          "ema_dist_entry": -0.017822244901912015,
          "ema_span_0": 893.2982472010208,
          "ema_span_1": 1413.00129730594,
          "enabled": true,
          "markup_range": 0.015477386559224761,
          "min_markup": 0.017485330239100323,
          "n_close_orders": 15,
          "qty_pct_close": 0.09681519970930748,
          "qty_pct_entry": 0.013639438596763,
          "wallet_exposure_limit": 1.0,
          "we_multiplier_close": 9.91951028500389,
          "we_multiplier_entry": 78.5423748246322},
 "short": {"backwards_tp": true,
           "delay_between_fills_minutes_close": 706.4938952466581,
           "delay_between_fills_minutes_entry": 601.1142788073048,
           "delay_weight_close": 79.40185062732587,
           "delay_weight_entry": 22.811529223365287,
           "ema_dist_close": -0.004257590842686431,
           "ema_dist_entry": -0.00733555745504124,
           "ema_span_0": 709.6279900588708,
           "ema_span_1": 864.6646162493671,
           "enabled": true,
           "markup_range": 0.02572266943338592,
           "min_markup": 0.020380938283612836,
           "n_close_orders": 9,
           "qty_pct_close": 0.021334787416820742,
           "qty_pct_entry": 0.010897593734695486,
           "wallet_exposure_limit": 1.0,
           "we_multiplier_close": 5.860310550396702,
           "we_multiplier_entry": 60.60661593182071}}