{"config_name": "clock_0days",
 "long": {"backwards_tp": true,
          "delay_between_fills_minutes_close": 1231.3415481077775,
          "delay_between_fills_minutes_entry": 1078.7884237257074,
          "delay_weight_close": 17.591752714851477,
          "delay_weight_entry": 14.771803726311957,
          "ema_dist_close": -0.011952200326085051,
          "ema_dist_entry": 0.003750134221985541,
          "ema_span_0": 84.18406261709386,
          "ema_span_1": 1230.5238716074969,
          "enabled": true,
          "markup_range": 0.04617315853497995,
          "min_markup": 0.0027504166467775264,
          "n_close_orders": 9,
          "qty_pct_close": 0.06534190643173754,
          "qty_pct_entry": 0.02234211491723466,
          "wallet_exposure_limit": 1.0,
          "we_multiplier_close": 42.771145920356616,
          "we_multiplier_entry": 92.4613736021861},
 "short": {"backwards_tp": true,
           "delay_between_fills_minutes_close": 1435.0618792264415,
           "delay_between_fills_minutes_entry": 570.8355740116949,
           "delay_weight_close": 52.278943515964215,
           "delay_weight_entry": 9.734996324054093,
           "ema_dist_close": -0.0015288905474567576,
           "ema_dist_entry": -0.03910789330116415,
           "ema_span_0": 887.5096519872006,
           "ema_span_1": 1182.0636414558041,
           "enabled": true,
           "markup_range": 0.02389212171466423,
           "min_markup": 0.0017986966654029036,
           "n_close_orders": 6,
           "qty_pct_close": 0.010062439409879519,
           "qty_pct_entry": 0.011168146851629767,
           "wallet_exposure_limit": 1.0,
           "we_multiplier_close": 11.750493843621165,
           "we_multiplier_entry": 32.2065548762018}}