{"config_name": "clock_0days",
 "long": {"backwards_tp": true,
          "delay_between_fills_minutes_close": 1021.2824036770771,
          "delay_between_fills_minutes_entry": 1102.5978726953942,
          "delay_weight_close": 82.99415283120557,
          "delay_weight_entry": 22.762932629502988,
          "ema_dist_close": -0.0008303158907984051,
          "ema_dist_entry": -0.005206060097353726,
          "ema_span_0": 813.2766224478642,
          "ema_span_1": 778.4994755466566,
          "enabled": true,
          "markup_range": 0.020666166726378717,
          "min_markup": 0.01020906918075723,
          "n_close_orders": 10,
          "qty_pct_close": 0.07930084086392125,
          "qty_pct_entry": 0.011784694357100424,
          "wallet_exposure_limit": 1.0,
          "we_multiplier_close": 8.980788669828808,
          "we_multiplier_entry": 99.96849973137331},
 "short": {"backwards_tp": true,
           "delay_between_fills_minutes_close": 1107.0544017496534,
           "delay_between_fills_minutes_entry": 454.71446244030807,
           "delay_weight_close": 72.53204668297246,
           "delay_weight_entry": 4.704356898327379,
           "ema_dist_close": -0.001588315506956413,
           "ema_dist_entry": -0.0007017842138814658,
           "ema_span_0": 384.97067823773307,
           "ema_span_1": 401.83821083107347,
           "enabled": true,
           "markup_range": 0.004219475011554685,
           "min_markup": 0.01049213424885573,
           "n_close_orders": 13,
           "qty_pct_close": 0.0105572107470698,
           "qty_pct_entry": 0.02400367176816706,
           "wallet_exposure_limit": 1.0,
           "we_multiplier_close": 0.24409870419989002,
           "we_multiplier_entry": 50.81583102044497}}