{"config_name": "clock_0days",
 "long": {"backwards_tp": true,
          "delay_between_fills_minutes_close": 793.5737272335733,
          "delay_between_fills_minutes_entry": 1034.874653644691,
          "delay_weight_close": 36.521448924545076,
          "delay_weight_entry": 12.951755697498104,
          "ema_dist_close": 0.003999979655798851,
          "ema_dist_entry": -0.009112655669579325,
          "ema_span_0": 299.23822793831914,
          "ema_span_1": 1080.3987813389733,
          "enabled": true,
          "markup_range": 0.022667635079942322,
          "min_markup": 0.006469244081221816,
          "n_close_orders": 14,
          "qty_pct_close": 0.01539254739349426,
          "qty_pct_entry": 0.013068281543204573,
          "wallet_exposure_limit": 1.0,
          "we_multiplier_close": 0.595523375159008,
          "we_multiplier_entry": 27.631547627569578},
 "short": {"backwards_tp": true,
           "delay_between_fills_minutes_close": 1290.4729076855488,
           "delay_between_fills_minutes_entry": 1204.4618289049224,
           "delay_weight_close": 75.84554238800858,
           "delay_weight_entry": 36.479205144879735,
           "ema_dist_close": -0.006761359367226306,
           "ema_dist_entry": -0.02460658955188603,
           "ema_span_0": 1191.7319355923325,
           "ema_span_1": 960.2313389806602,
           "enabled": true,
           "markup_range": 0.016506179840190656,
           "min_markup": 0.004605389196927376,
           "n_close_orders": 11,
           "qty_pct_close": 0.012811042444884627,
           "qty_pct_entry": 0.010619883526694076,
           "wallet_exposure_limit": 1.0,
           "we_multiplier_close": 10.008961447895745,
           "we_multiplier_entry": 72.97309914350954}}