{"config_name": "clock_0days",
 "long": {"backwards_tp": true,
          "delay_between_fills_minutes_close": 920.7591801206205,
          "delay_between_fills_minutes_entry": 1397.4010199959177,
          "delay_weight_close": 89.14972663017396,
          "delay_weight_entry": 6.355605577289662,
          "ema_dist_close": -0.005338587315483642,
          "ema_dist_entry": 0.001903427231943629,
          "ema_span_0": 425.7892250342272,
          "ema_span_1": 576.2593020807278,
          "enabled": true,
          "markup_range": 0.007966504029373924,
          "min_markup": 0.015094304000519004,
          "n_close_orders": 10,
          "qty_pct_close": 0.010000433674420743,
          "qty_pct_entry": 0.04925813210630302,
          "wallet_exposure_limit": 1.0,
          "we_multiplier_close": 0.45219549497865036,
          "we_multiplier_entry": 74.01496615417314},
 "short": {"backwards_tp": true,
           "delay_between_fills_minutes_close": 1143.6918865588204,
           "delay_between_fills_minutes_entry": 1178.2985697976567,
           "delay_weight_close": 15.942289624699464,
           "delay_weight_entry": 31.69070021636975,
           "ema_dist_close": 0.0030047461764929253,
           "ema_dist_entry": -0.012220095886059015,
           "ema_span_0": 1337.0418007325545,
           "ema_span_1": 1150.6869954459096,
           "enabled": true,
           "markup_range": 0.01708502330259848,
           "min_markup": 0.01711322236628578,
           "n_close_orders": 6,
           "qty_pct_close": 0.015257190285233885,
           "qty_pct_entry": 0.01804439222202561,
           "wallet_exposure_limit": 1.0,
           "we_multiplier_close": 1.9469623408521606,
           "we_multiplier_entry": 3.6294726655921945}}