{"config_name": "clock_0days",
 "long": {"backwards_tp": true,
          "delay_between_fills_minutes_close": 387.93360877189855,
          "delay_between_fills_minutes_entry": 610.5234446402134,
          "delay_weight_close": 89.10663663135686,
          "delay_weight_entry": 18.345665451160684,
          "ema_dist_close": 0.003992391929577093,
          "ema_dist_entry": -0.002153316052781053,
          "ema_span_0": 866.4699673889767,
          "ema_span_1": 998.136776770971,
          "enabled": true,
          "markup_range": 0.014645270786421322,
          "min_markup": 0.011708017710605645,
          "n_close_orders": 8,
          "qty_pct_close": 0.08304003167842794,
          "qty_pct_entry": 0.012206934889201859,
          "wallet_exposure_limit": 1.0,
          "we_multiplier_close": 4.7808663351260074,
          "we_multiplier_entry": 76.74840495956165},
 "short": {"backwards_tp": true,
           "delay_between_fills_minutes_close": 1135.4886878061066,
           "delay_between_fills_minutes_entry": 1238.738255710254,
           "delay_weight_close": 52.16363638569572,
           "delay_weight_entry": 30.23794567731162,
           "ema_dist_close": -0.03285782308619847,
           "ema_dist_entry": -0.024210822965803173,
           "ema_span_0": 1270.0255647366005,
           "ema_span_1": 194.65787982096626,
           "enabled": true,
           "markup_range": 0.002966271765601664,
           "min_markup": 0.005824678284231145,
           "n_close_orders": 10,
           "qty_pct_close": 0.021375183796702484,
           "qty_pct_entry": 0.015544579243697135,
           "wallet_exposure_limit": 1.0,
           "we_multiplier_close": 1.2102046530074198,
           "we_multiplier_entry": 67.52692477200036}}