{"config_name": "clock_0days",
 "long": {"backwards_tp": true,
          "delay_between_fills_minutes_close": 422.760586719272,
          "delay_between_fills_minutes_entry": 610.4168642157259,
          "delay_weight_close": 87.88345723415185,
          "delay_weight_entry": 18.347875858797806,
          "ema_dist_close": 0.003999999078311788,
          "ema_dist_entry": -0.0023407347581331957,
          "ema_span_0": 866.7505460024167,
          "ema_span_1": 995.2211376498016,
          "enabled": true,
          "markup_range": 0.015549647822345511,
          "min_markup": 0.009999999929340534,
          "n_close_orders": 8,
          "qty_pct_close": 0.0833489148800938,
          "qty_pct_entry": 0.012124522164926847,
          "wallet_exposure_limit": 1.0,
          "we_multiplier_close": 2.956452425897425,
          "we_multiplier_entry": 77.2985498533222},
 "short": {"backwards_tp": true,
           "delay_between_fills_minutes_close": 1135.1897155873467,
           "delay_between_fills_minutes_entry": 1238.6584108108552,
           "delay_weight_close": 52.1269892304868,
           "delay_weight_entry": 30.272596112639818,
           "ema_dist_close": -0.032860188936820384,
           "ema_dist_entry": -0.02413465976696541,
           "ema_span_0": 1270.1354371833722,
           "ema_span_1": 195.0027501308876,
           "enabled": true,
           "markup_range": 0.0029401657480213486,
           "min_markup": 0.005901551779561229,
           "n_close_orders": 10,
           "qty_pct_close": 0.020744535571469384,
           "qty_pct_entry": 0.015694944684848045,
           "wallet_exposure_limit": 1.0,
           "we_multiplier_close": 1.3545641477351673,
           "we_multiplier_entry": 67.6041986363765}}