{"config_name": "clock_0days",
 "long": {"backwards_tp": true,
          "delay_between_fills_minutes_close": 1405.0364144916343,
          "delay_between_fills_minutes_entry": 980.0191454250197,
          "delay_weight_close": 47.96217832263138,
          "delay_weight_entry": 16.23319267778468,
          "ema_dist_close": -0.03472778475706651,
          "ema_dist_entry": -0.0008879128410345737,
          "ema_span_0": 629.7825583889961,
          "ema_span_1": 808.5416159526133,
          "enabled": true,
          "markup_range": 0.05303325712808212,
          "min_markup": 0.0010852776583887122,
          "n_close_orders": 11,
          "qty_pct_close": 0.03594014263698643,
          "qty_pct_entry": 0.010937979128031414,
          "wallet_exposure_limit": 1.0,
          "we_multiplier_close": 5.7920031949225015,
          "we_multiplier_entry": 86.2242310616157},
 "short": {"backwards_tp": true,
           "delay_between_fills_minutes_close": 1050.27733312891,
           "delay_between_fills_minutes_entry": 1253.492194704147,
           "delay_weight_close": 1.8983322266692144,
           "delay_weight_entry": 38.81087609099371,
           "ema_dist_close": 0.0029260811260180047,
           "ema_dist_entry": -0.048221648054040285,
           "ema_span_0": 375.82698176648023,
           "ema_span_1": 1347.61623086993,
           "enabled": true,
           "markup_range": 0.04410284009829176,
           "min_markup": 0.00999668361762541,
           "n_close_orders": 15,
           "qty_pct_close": 0.06332658733442811,
           "qty_pct_entry": 0.010065950445841416,
           "wallet_exposure_limit": 1.0,
           "we_multiplier_close": 8.298830056559796,
           "we_multiplier_entry": 0.02449526903075553}}