{"config_name": "clock_0days",
 "long": {"backwards_tp": true,
          "delay_between_fills_minutes_close": 1440.0,
          "delay_between_fills_minutes_entry": 1409.5488956828701,
          "delay_weight_close": 97.65528671124154,
          "delay_weight_entry": 31.837048091331877,
          "ema_dist_close": -0.041707435200153804,
          "ema_dist_entry": -0.008873652386488226,
          "ema_span_0": 1134.6912060801365,
          "ema_span_1": 1124.281947278643,
          "enabled": true,
          "markup_range": 0.023150397942647345,
          "min_markup": 0.009983755865482233,
          "n_close_orders": 10,
          "qty_pct_close": 0.04417005118201769,
          "qty_pct_entry": 0.010006667686149183,
          "wallet_exposure_limit": 1.0,
          "we_multiplier_close": 0.206818661826579,
          "we_multiplier_entry": 27.750211463108194},
 "short": {"backwards_tp": true,
           "delay_between_fills_minutes_close": 1091.0787417113775,
           "delay_between_fills_minutes_entry": 331.644319263535,
           "delay_weight_close": 73.3364887592956,
           "delay_weight_entry": 6.673721572939434,
           "ema_dist_close": -0.0014277088826191468,
           "ema_dist_entry": -0.009641206511256268,
           "ema_span_0": 51.27254775025273,
           "ema_span_1": 625.1214192503968,
           "enabled": true,
           "markup_range": 0.0050632058652073895,
           "min_markup": 0.003571007770244448,
           "n_close_orders": 15,
           "qty_pct_close": 0.01326746835701001,
           "qty_pct_entry": 0.013529641570936671,
           "wallet_exposure_limit": 1.0,
           "we_multiplier_close": 1.191384018242711,
           "we_multiplier_entry": 82.29634078036607}}