{"config_name": "clock_0days",
 "long": {"backwards_tp": true,
          "delay_between_fills_minutes_close": 1440.0,
          "delay_between_fills_minutes_entry": 1409.9842797170622,
          "delay_weight_close": 97.71266455305103,
          "delay_weight_entry": 31.852613928992586,
          "ema_dist_close": -0.0420915833784155,
          "ema_dist_entry": -0.008797302130361473,
          "ema_span_0": 1133.5559095251913,
          "ema_span_1": 1117.6905180808262,
          "enabled": true,
          "markup_range": 0.022784166343028458,
          "min_markup": 0.015331223518310084,
          "n_close_orders": 10,
          "qty_pct_close": 0.044126712005921796,
          "qty_pct_entry": 0.01000422857113028,
          "wallet_exposure_limit": 1.0,
          "we_multiplier_close": 0.2469313909460165,
          "we_multiplier_entry": 27.728834368564176},
 "short": {"backwards_tp": true,
           "delay_between_fills_minutes_close": 920.014143645222,
           "delay_between_fills_minutes_entry": 483.82280009512994,
           "delay_weight_close": 37.43595056621234,
           "delay_weight_entry": 22.99171006627624,
           "ema_dist_close": -0.00639615712658493,
           "ema_dist_entry": -0.0005115172781078357,
           "ema_span_0": 1153.4830969951583,
           "ema_span_1": 1122.5589758945143,
           "enabled": true,
           "markup_range": 0.006307649652595573,
           "min_markup": 0.013697037023601318,
           "n_close_orders": 10,
           "qty_pct_close": 0.013754662907002025,
           "qty_pct_entry": 0.01,
           "wallet_exposure_limit": 1.0,
           "we_multiplier_close": 0.9875721034224285,
           "we_multiplier_entry": 29.074859837965736}}