{"config_name": "clock_0days",
 "long": {"backwards_tp": true,
          "delay_between_fills_minutes_close": 988.0759330926439,
          "delay_between_fills_minutes_entry": 1381.775492104133,
          "delay_weight_close": 42.861170581936015,
          "delay_weight_entry": 16.420420169213717,
          "ema_dist_close": 0.0033556959447492637,
          "ema_dist_entry": 0.00043254875301633477,
          "ema_span_0": 1327.609693376332,
          "ema_span_1": 40.98959895731889,
          "enabled": true,
          "markup_range": 0.053401215735231586,
          "min_markup": 0.028240982010494284,
          "n_close_orders": 13,
          "qty_pct_close": 0.019065732203844766,
          "qty_pct_entry": 0.01001356338948936,
          "wallet_exposure_limit": 1.0,
          "we_multiplier_close": 0.11901991256449854,
          "we_multiplier_entry": 22.99219763342499},
 "short": {"backwards_tp": true,
           "delay_between_fills_minutes_close": 761.0065803695745,
           "delay_between_fills_minutes_entry": 1109.40491852523,
           "delay_weight_close": 66.432310174071,
           "delay_weight_entry": 8.185171523910418,
           "ema_dist_close": -0.04305664241261803,
           "ema_dist_entry": 0.00243902619248694,
           "ema_span_0": 1211.9121302117642,
           "ema_span_1": 812.5765645924872,
           "enabled": true,
           "markup_range": 0.05162735122159508,
           "min_markup": 0.029914935794150603,
           "n_close_orders": 8,
           "qty_pct_close": 0.06615680867305415,
           "qty_pct_entry": 0.010000011643630367,
           "wallet_exposure_limit": 1.0,
           "we_multiplier_close": 0.0008431444191681587,
           "we_multiplier_entry": 89.90970276267976}}