{"config_name": "clock_0days",
 "long": {"backwards_tp": true,
          "delay_between_fills_minutes_close": 1418.5438012294424,
          "delay_between_fills_minutes_entry": 1265.8479121348546,
          "delay_weight_close": 76.35356061265007,
          "delay_weight_entry": 13.224457864621462,
          "ema_dist_close": -0.03407251169408717,
          "ema_dist_entry": 0.00393063238287455,
          "ema_span_0": 1247.9658402543866,
          "ema_span_1": 8.8884276765016,
          "enabled": true,
          "markup_range": 0.04925172520602318,
          "min_markup": 0.009996534674427777,
          "n_close_orders": 12,
          "qty_pct_close": 0.03211926825329929,
          "qty_pct_entry": 0.010000025051519099,
          "wallet_exposure_limit": 1.0,
          "we_multiplier_close": 3.547776002725395,
          "we_multiplier_entry": 76.07084445042624},
 "short": {"backwards_tp": true,
           "delay_between_fills_minutes_close": 1367.0702585488946,
           "delay_between_fills_minutes_entry": 834.3832214596772,
           "delay_weight_close": 19.589965697167695,
           "delay_weight_entry": 8.98225179738369,
           "ema_dist_close": 0.0007961544373525613,
           "ema_dist_entry": 0.0016534280647319888,
           "ema_span_0": 1233.481669742058,
           "ema_span_1": 210.06141768590786,
           "enabled": true,
           "markup_range": 0.022952871629532353,
           "min_markup": 0.004776366633083015,
           "n_close_orders": 3,
           "qty_pct_close": 0.01788134230308806,
           "qty_pct_entry": 0.024536458759315656,
           "wallet_exposure_limit": 1.0,
           "we_multiplier_close": 1.100658144636813,
           "we_multiplier_entry": 24.666822317723312}}