{"config_name": "clock_0days",
 "long": {"backwards_tp": true,
          "delay_between_fills_minutes_close": 1437.2692551405078,
          "delay_between_fills_minutes_entry": 1404.1982476520639,
          "delay_weight_close": 1.4058249083222323,
          "delay_weight_entry": 8.351569139127957,
          "ema_dist_close": 0.0036920289229501217,
          "ema_dist_entry": -0.00019921682940361127,
          "ema_span_0": 801.0021197855814,
          "ema_span_1": 1396.422951348843,
          "enabled": true,
          "markup_range": 0.05485000675975473,
          "min_markup": 0.026324844766869658,
          "n_close_orders": 11,
          "qty_pct_close": 0.06593337082068167,
          "qty_pct_entry": 0.010010281832477985,
          "wallet_exposure_limit": 1.0,
          "we_multiplier_close": 0.008453212568909445,
          "we_multiplier_entry": 34.97710344448776},
 "short": {"backwards_tp": true,
           "delay_between_fills_minutes_close": 1367.2587999031398,
           "delay_between_fills_minutes_entry": 778.1392350847726,
           "delay_weight_close": 41.043405171614495,
           "delay_weight_entry": 27.25111984624078,
           "ema_dist_close": -0.02986143709873278,
           "ema_dist_entry": -0.02959068158170679,
           "ema_span_0": 360.1061046783935,
           "ema_span_1": 259.3000514436428,
           "enabled": true,
           "markup_range": 0.04350669021813432,
           "min_markup": 0.008098585544387481,
           "n_close_orders": 9,
           "qty_pct_close": 0.03339845247445686,
           "qty_pct_entry": 0.01,
           "wallet_exposure_limit": 1.0,
           "we_multiplier_close": 3.423268592441954,
           "we_multiplier_entry": 32.191495415825855}}