{"config_name": "clock_0days",
 "long": {"backwards_tp": true,
          "delay_between_fills_minutes_close": 1435.429582118171,
          "delay_between_fills_minutes_entry": 1370.953967950777,
          "delay_weight_close": 96.58821309839696,
          "delay_weight_entry": 22.26803622267691,
          "ema_dist_close": -0.043685929035495556,
          "ema_dist_entry": 0.003664506819395512,
          "ema_span_0": 782.5622232962402,
          "ema_span_1": 429.0184319915353,
          "enabled": true,
          "markup_range": 0.034082001274225615,
          "min_markup": 0.009999847639628034,
          "n_close_orders": 10,
          "qty_pct_close": 0.09998023077357529,
          "qty_pct_entry": 0.010000081862594136,
          "wallet_exposure_limit": 1.0,
          "we_multiplier_close": 7.5364039852483735,
          "we_multiplier_entry": 99.52762036830377},
 "short": {"backwards_tp": true,
           "delay_between_fills_minutes_close": 1155.9957257209808,
           "delay_between_fills_minutes_entry": 865.0629289069268,
           "delay_weight_close": 38.46608551229483,
           "delay_weight_entry": 12.403181534020828,
           "ema_dist_close": 0.0017367794732548322,
           "ema_dist_entry": -0.00016623674514311661,
           "ema_span_0": 1043.934678140693,
           "ema_span_1": 1403.4285063681639,
           "enabled": true,
           "markup_range": 0.04324961721113725,
           "min_markup": 0.007759524715802114,
           "n_close_orders": 3,
           "qty_pct_close": 0.013185719266327894,
           "qty_pct_entry": 0.01,
           "wallet_exposure_limit": 1.0,
           "we_multiplier_close": 1.6838095094151615,
           "we_multiplier_entry": 19.28811969274813}}