{"config_name": "clock_0days",
 "long": {"backwards_tp": true,
          "delay_between_fills_minutes_close": 604.2897902645541,
          "delay_between_fills_minutes_entry": 1045.5538431266439,
          "delay_weight_close": 77.5531784429388,
          "delay_weight_entry": 8.706164287774005,
          "ema_dist_close": 0.0019739837340151285,
          "ema_dist_entry": -0.0016773066309988159,
          "ema_span_0": 1439.3098147857422,
          "ema_span_1": 1288.8134140126465,
          "enabled": true,
          "markup_range": 0.04302830140748022,
          "min_markup": 0.005469362626378064,
          "n_close_orders": 6,
          "qty_pct_close": 0.01,
          "qty_pct_entry": 0.01071702742846958,
          "wallet_exposure_limit": 1.0,
          "we_multiplier_close": 3.0891811227076613,
          "we_multiplier_entry": 66.6001857289198},
 "short": {"backwards_tp": true,
           "delay_between_fills_minutes_close": 1368.5717343086758,
           "delay_between_fills_minutes_entry": 1012.7158732111594,
           "delay_weight_close": 35.71098413508901,
           "delay_weight_entry": 0,
           "ema_dist_close": -0.008442944134107329,
           "ema_dist_entry": -0.0032470062568781795,
           "ema_span_0": 1272.3644942265328,
           "ema_span_1": 1003.3294005007859,
           "enabled": true,
           "markup_range": 0.03686387446154844,
           "min_markup": 0.009971481385824597,
           "n_close_orders": 11,
           "qty_pct_close": 0.010000000655334303,
           "qty_pct_entry": 0.01174649816119315,
           "wallet_exposure_limit": 1.0,
           "we_multiplier_close": 0.0003082271977537028,
           "we_multiplier_entry": 36.9602480270092}}