{"config_name": "clock_0days",
 "long": {"backwards_tp": true,
          "delay_between_fills_minutes_close": 1005.4622706168312,
          "delay_between_fills_minutes_entry": 696.6311639846981,
          "delay_weight_close": 17.90793723104169,
          "delay_weight_entry": 7.038237142444585,
          "ema_dist_close": 0.0027151070544192543,
          "ema_dist_entry": -0.008670358525198128,
          "ema_span_0": 1439.9997777673743,
          "ema_span_1": 18.300744042826835,
          "enabled": true,
          "markup_range": 0.057920739351301195,
          "min_markup": 0.007167140971670226,
          "n_close_orders": 3,
          "qty_pct_close": 0.09146758144933854,
          "qty_pct_entry": 0.010000882656242513,
          "wallet_exposure_limit": 1.0,
          "we_multiplier_close": 57.60067234850593,
          "we_multiplier_entry": 42.23719997904926},
 "short": {"backwards_tp": true,
           "delay_between_fills_minutes_close": 1199.8526782560587,
           "delay_between_fills_minutes_entry": 913.2316197589915,
           "delay_weight_close": 14.091209933276613,
           "delay_weight_entry": 5.1734350791910115,
           "ema_dist_close": -0.002775379555201632,
           "ema_dist_entry": -0.009498618759648688,
           "ema_span_0": 1408.454568869042,
           "ema_span_1": 1381.23571863859,
           "enabled": true,
           "markup_range": 0.018700824453981114,
           "min_markup": 0.007431384263638665,
           "n_close_orders": 11,
           "qty_pct_close": 0.07214341060564314,
           "qty_pct_entry": 0.013739464385691694,
           "wallet_exposure_limit": 1.0,
           "we_multiplier_close": 0,
           "we_multiplier_entry": 89.04916389537422}}