{"config_name": "clock_0days",
 "long": {"backwards_tp": true,
          "delay_between_fills_minutes_close": 271.0901828998165,
          "delay_between_fills_minutes_entry": 925.2106688591529,
          "delay_weight_close": 41.044206946220235,
          "delay_weight_entry": 8.726198764444517,
          "ema_dist_close": 0.004,
          "ema_dist_entry": 0.0013549371807426802,
          "ema_span_0": 1274.5156491304547,
          "ema_span_1": 1293.3967803353366,
          "enabled": true,
          "markup_range": 0.05999165595755475,
          "min_markup": 0.02995744105881711,
          "n_close_orders": 6,
          "qty_pct_close": 0.01,
          "qty_pct_entry": 0.010000221593637598,
          "wallet_exposure_limit": 1.0,
          "we_multiplier_close": 0.8945807199080076,
          "we_multiplier_entry": 80.30408383169649},
 "short": {"backwards_tp": true,
           "delay_between_fills_minutes_close": 378.5923136980844,
           "delay_between_fills_minutes_entry": 1057.4784124056453,
           "delay_weight_close": 38.315662206911654,
           "delay_weight_entry": 25.28093460307974,
           "ema_dist_close": 0.0039952136796423,
           "ema_dist_entry": 0.001927900815794782,
           "ema_span_0": 512.555954203083,
           "ema_span_1": 81.02369932548355,
           "enabled": true,
           "markup_range": 0.003385223958819875,
           "min_markup": 0.0026529800898907304,
           "n_close_orders": 4,
           "qty_pct_close": 0.04962533594588173,
           "qty_pct_entry": 0.010029930954969802,
           "wallet_exposure_limit": 1.0,
           "we_multiplier_close": 9.878345539592722,
           "we_multiplier_entry": 80.95447333332369}}