{"config_name": "clock_0days",
 "long": {"backwards_tp": true,
          "delay_between_fills_minutes_close": 1147.3477492004513,
          "delay_between_fills_minutes_entry": 666.9009904636164,
          "delay_weight_close": 69.97062628317666,
          "delay_weight_entry": 16.033370903430512,
          "ema_dist_close": -0.009535111354247413,
          "ema_dist_entry": 0.0015405831771090333,
          "ema_span_0": 1249.4053554109796,
          "ema_span_1": 175.58254126248292,
          "enabled": true,
          "markup_range": 0.05664865496031179,
          "min_markup": 0.02756457210859001,
          "n_close_orders": 8,
          "qty_pct_close": 0.08927968467982697,
          "qty_pct_entry": 0.013258878019142148,
          "wallet_exposure_limit": 1.0,
          "we_multiplier_close": 2.197237132810841,
          "we_multiplier_entry": 63.36672594605013},
 "short": {"backwards_tp": true,
           "delay_between_fills_minutes_close": 1053.5197285415964,
           "delay_between_fills_minutes_entry": 140.2626750369082,
           "delay_weight_close": 67.11280017743077,
           "delay_weight_entry": 14.722488453513474,
           "ema_dist_close": 0.002459701605697236,
           "ema_dist_entry": -0.03620078334745,
           "ema_span_0": 1290.1006064807927,
           "ema_span_1": 223.77933096513388,
           "enabled": true,
           "markup_range": 0.002120226511763081,
           "min_markup": 0.004424863142862127,
           "n_close_orders": 12,
           "qty_pct_close": 0.020561613738676727,
           "qty_pct_entry": 0.01433204188511104,
           "wallet_exposure_limit": 1.0,
           "we_multiplier_close": 4.673168231869098,
           "we_multiplier_entry": 30.981035259040436}}