{"config_name": "clock_0days",
 "long": {"backwards_tp": true,
          "delay_between_fills_minutes_close": 1009.4107769363766,
          "delay_between_fills_minutes_entry": 1389.5933045196966,
          "delay_weight_close": 54.257168837019975,
          "delay_weight_entry": 23.92545552830127,
          "ema_dist_close": -0.010210949047031263,
          "ema_dist_entry": -0.010770350581879378,
          "ema_span_0": 833.7520020961782,
          "ema_span_1": 495.0117661515311,
          "enabled": true,
          "markup_range": 0.011517088539332131,
          "min_markup": 0.022941376195966087,
          "n_close_orders": 12,
          "qty_pct_close": 0.01475259129388673,
          "qty_pct_entry": 0.011669767898779916,
          "wallet_exposure_limit": 1.0,
          "we_multiplier_close": 0.1949199038817543,
          "we_multiplier_entry": 48.38255446516889},
 "short": {"backwards_tp": true,
           "delay_between_fills_minutes_close": 1439.5163677291966,
           "delay_between_fills_minutes_entry": 377.3362754907821,
           "delay_weight_close": 97.0867707402627,
           "delay_weight_entry": 16.740053911438302,
           "ema_dist_close": -0.00016274414345185777,
           "ema_dist_entry": -0.03127695909032985,
           "ema_span_0": 1378.4576493069108,
           "ema_span_1": 506.7048564494614,
           "enabled": true,
           "markup_range": 0.05318630285036511,
           "min_markup": 0.019869976795482993,
           "n_close_orders": 4,
           "qty_pct_close": 0.09977519747264216,
           "qty_pct_entry": 0.010000405763098451,
           "wallet_exposure_limit": 1.0,
           "we_multiplier_close": 9.479971471209067,
           "we_multiplier_entry": 24.397200510521326}}