{"config_name": "clock_0days",
 "long": {"backwards_tp": true,
          "delay_between_fills_minutes_close": 1042.6453025229612,
          "delay_between_fills_minutes_entry": 1439.3996837858158,
          "delay_weight_close": 52.2485112331773,
          "delay_weight_entry": 7.2942622756059405,
          "ema_dist_close": 0.00011702773944074528,
          "ema_dist_entry": 0.0017749943989885612,
          "ema_span_0": 1294.8483430865076,
          "ema_span_1": 745.0699105768011,
          "enabled": true,
          "markup_range": 0.05146246929089813,
          "min_markup": 0.02185801941663346,
          "n_close_orders": 4,
          "qty_pct_close": 0.010000000246122942,
          "qty_pct_entry": 0.01,
          "wallet_exposure_limit": 1.0,
          "we_multiplier_close": 1.3391283371860654,
          "we_multiplier_entry": 88.71986662716404},
 "short": {"backwards_tp": true,
           "delay_between_fills_minutes_close": 1402.2891782569607,
           "delay_between_fills_minutes_entry": 1385.3787355387196,
           "delay_weight_close": 7.602169876393645,
           "delay_weight_entry": 13.99758904127947,
           "ema_dist_close": -0.0009734151450492274,
           "ema_dist_entry": -0.002197777388283317,
           "ema_span_0": 1435.8858144685569,
           "ema_span_1": 1252.9621796235424,
           "enabled": true,
           "markup_range": 0.009394511669589023,
           "min_markup": 0.013757050859730375,
           "n_close_orders": 9,
           "qty_pct_close": 0.08658473566196571,
           "qty_pct_entry": 0.019718065117510033,
           "wallet_exposure_limit": 1.0,
           "we_multiplier_close": 2.2028340895621628,
           "we_multiplier_entry": 81.74539811883298}}