{"config_name": "clock_0days",
 "long": {"backwards_tp": true,
          "delay_between_fills_minutes_close": 1423.7126739068644,
          "delay_between_fills_minutes_entry": 1196.9566237801057,
          "delay_weight_close": 34.26819160534302,
          "delay_weight_entry": 13.77762707427642,
          "ema_dist_close": 0.0030742141437956724,
          "ema_dist_entry": 0.0025996633235908654,
          "ema_span_0": 1420.574522362511,
          "ema_span_1": 1302.2809390765117,
          "enabled": true,
          "markup_range": 0.05023334783321816,
          "min_markup": 0.004698942958757572,
          "n_close_orders": 13,
          "qty_pct_close": 0.05533786030061771,
          "qty_pct_entry": 0.01,
          "wallet_exposure_limit": 1.0,
          "we_multiplier_close": 4.606147141521473,
          "we_multiplier_entry": 99.40963760412554},
 "short": {"backwards_tp": true,
           "delay_between_fills_minutes_close": 1026.8225507606087,
           "delay_between_fills_minutes_entry": 861.5802501879263,
           "delay_weight_close": 87.9979271897424,
           "delay_weight_entry": 9.740669833050935,
           "ema_dist_close": -0.018392734241254455,
           "ema_dist_entry": -0.046310549180822974,
           "ema_span_0": 217.33345670449393,
           "ema_span_1": 854.8351650442162,
           "enabled": true,
           "markup_range": 0.0513481120949874,
           "min_markup": 0.01,
           "n_close_orders": 13,
           "qty_pct_close": 0.01,
           "qty_pct_entry": 0.013764122126623876,
           "wallet_exposure_limit": 1.0,
           "we_multiplier_close": 3.249649819875473,
           "we_multiplier_entry": 88.4190176269659}}