{"config_name": "clock_0days",
 "long": {"backwards_tp": true,
          "delay_between_fills_minutes_close": 1372.6592696037712,
          "delay_between_fills_minutes_entry": 1181.540358512033,
          "delay_weight_close": 44.10081448906201,
          "delay_weight_entry": 8.23817509156737,
          "ema_dist_close": 0.003129611980582255,
          "ema_dist_entry": -0.002078864872643053,
          "ema_span_0": 1100.583096117257,
          "ema_span_1": 854.8554615244086,
          "enabled": true,
          "markup_range": 0.013386362167432088,
          "min_markup": 0.02212106631250913,
          "n_close_orders": 11,
          "qty_pct_close": 0.010833782848807563,
          "qty_pct_entry": 0.011200116402003172,
          "wallet_exposure_limit": 1.0,
          "we_multiplier_close": 0.1963924330261902,
          "we_multiplier_entry": 42.90804740848345},
 "short": {"backwards_tp": true,
           "delay_between_fills_minutes_close": 1394.8778834468462,
           "delay_between_fills_minutes_entry": 901.5138087730726,
           "delay_weight_close": 17.854385173908064,
           "delay_weight_entry": 31.414306969848987,
           "ema_dist_close": -0.0032216994213473318,
           "ema_dist_entry": -0.04622475981338302,
           "ema_span_0": 270.00588986664775,
           "ema_span_1": 844.2347010496269,
           "enabled": true,
           "markup_range": 0.0028852236486811454,
           "min_markup": 0.010746464102576446,
           "n_close_orders": 10,
           "qty_pct_close": 0.0855641393626327,
           "qty_pct_entry": 0.01686864073574004,
           "wallet_exposure_limit": 1.0,
           "we_multiplier_close": 0.06168801859803727,
           "we_multiplier_entry": 39.57327828717244}}