{"config_name": "clock_0days",
 "long": {"backwards_tp": true,
          "delay_between_fills_minutes_close": 930.3113891525453,
          "delay_between_fills_minutes_entry": 1197.4101920436049,
          "delay_weight_close": 69.08006561961271,
          "delay_weight_entry": 26.977836804623077,
          "ema_dist_close": -0.0014151238843862447,
          "ema_dist_entry": -0.029894573664508813,
          "ema_span_0": 954.916197645903,
          "ema_span_1": 384.9764317986064,
          "enabled": true,
          "markup_range": 0.04127914705285814,
          "min_markup": 0.009179661524289355,
          "n_close_orders": 9,
          "qty_pct_close": 0.057042110559506705,
          "qty_pct_entry": 0.010055782193526373,
          "wallet_exposure_limit": 1.0,
          "we_multiplier_close": 0.8760913112389507,
          "we_multiplier_entry": 64.5978974632265},
 "short": {"backwards_tp": true,
           "delay_between_fills_minutes_close": 1107.1194155642593,
           "delay_between_fills_minutes_entry": 471.145570111366,
           "delay_weight_close": 22.779322215529234,
           "delay_weight_entry": 27.887186193283807,
           "ema_dist_close": 0.0037981315850604443,
           "ema_dist_entry": -0.00739899263285785,
           "ema_span_0": 552.6136677831894,
           "ema_span_1": 451.7252429616633,
           "enabled": true,
           "markup_range": 0.0036129003710684815,
           "min_markup": 0.005852363813919083,
           "n_close_orders": 15,
           "qty_pct_close": 0.06881096945388532,
           "qty_pct_entry": 0.010814091502151084,
           "wallet_exposure_limit": 1.0,
           "we_multiplier_close": 52.71465242576626,
           "we_multiplier_entry": 6.027420078616596}}