{"config_name": "clock_0days",
 "long": {"backwards_tp": true,
          "delay_between_fills_minutes_close": 1052.8460151957206,
          "delay_between_fills_minutes_entry": 1336.784584244544,
          "delay_weight_close": 53.29062778984662,
          "delay_weight_entry": 11.663878632072969,
          "ema_dist_close": 0.00015428140160684902,
          "ema_dist_entry": 0.004,
          "ema_span_0": 1333.8576565098979,
          "ema_span_1": 506.03689261692193,
          "enabled": true,
          "markup_range": 0.01147800178944243,
          "min_markup": 0.020221015565045374,
          "n_close_orders": 11,
          "qty_pct_close": 0.08667860852466742,
          "qty_pct_entry": 0.022278728622567613,
          "wallet_exposure_limit": 1.0,
          "we_multiplier_close": 4.45027150954357,
          "we_multiplier_entry": 99.99523406271496},
 "short": {"backwards_tp": true,
           "delay_between_fills_minutes_close": 1308.939707879255,
           "delay_between_fills_minutes_entry": 1064.631709097661,
           "delay_weight_close": 22.248600120477242,
           "delay_weight_entry": 10.501526756080821,
           "ema_dist_close": -0.003966229398331243,
           "ema_dist_entry": -0.035140095907552835,
           "ema_span_0": 31.236285542383033,
           "ema_span_1": 1237.7709348355015,
           "enabled": true,
           "markup_range": 0.05117126804274499,
           "min_markup": 0.008059995363653703,
           "n_close_orders": 12,
           "qty_pct_close": 0.01608232800003291,
           "qty_pct_entry": 0.016424477262266497,
           "wallet_exposure_limit": 1.0,
           "we_multiplier_close": 2.0004688709288474,
           "we_multiplier_entry": 10.201560480455278}}