{"config_name": "clock_0days",
 "long": {"backwards_tp": true,
          "delay_between_fills_minutes_close": 1182.3104492878174,
          "delay_between_fills_minutes_entry": 1101.030364590301,
          "delay_weight_close": 63.59409781394503,
          "delay_weight_entry": 31.13466678719541,
          "ema_dist_close": -0.02110548579840573,
          "ema_dist_entry": 0.002873976242190757,
          "ema_span_0": 1104.920486058313,
          "ema_span_1": 1178.3684035991257,
          "enabled": true,
          "markup_range": 0.01673273223724898,
          "min_markup": 0.011771501909706692,
          "n_close_orders": 16,
          "qty_pct_close": 0.028776249919280045,
          "qty_pct_entry": 0.010138527212610406,
          "wallet_exposure_limit": 1.0,
          "we_multiplier_close": 0.007711535544129174,
          "we_multiplier_entry": 58.291993271267664},
 "short": {"backwards_tp": true,
           "delay_between_fills_minutes_close": 1081.7348497907474,
           "delay_between_fills_minutes_entry": 877.7701760874459,
           "delay_weight_close": 97.94638190395627,
           "delay_weight_entry": 12.962059365990253,
           "ema_dist_close": -0.025127614576269015,
           "ema_dist_entry": 0.003995143629539367,
           "ema_span_0": 595.47724037087,
           "ema_span_1": 1011.7095926891802,
           "enabled": true,
           "markup_range": 0.0032380612497208182,
           "min_markup": 0.009781373573617731,
           "n_close_orders": 6,
           "qty_pct_close": 0.022093553112957423,
           "qty_pct_entry": 0.011017561996578806,
           "wallet_exposure_limit": 1.0,
           "we_multiplier_close": 2.1024925115768043,
           "we_multiplier_entry": 83.8117324456728}}