{"config_name": "clock_0days",
 "long": {"backwards_tp": true,
          "delay_between_fills_minutes_close": 982.3560436609769,
          "delay_between_fills_minutes_entry": 1326.0420609109196,
          "delay_weight_close": 63.461827914181875,
          "delay_weight_entry": 14.580852630210293,
          "ema_dist_close": 0.003847755416358332,
          "ema_dist_entry": 0.0020250585934087077,
          "ema_span_0": 279.53347817814563,
          "ema_span_1": 1330.3179260646946,
          "enabled": true,
          "markup_range": 0.05002811722397829,
          "min_markup": 0.017988151664226407,
          "n_close_orders": 9,
          "qty_pct_close": 0.025050237693281765,
          "qty_pct_entry": 0.012812596811930102,
          "wallet_exposure_limit": 1.0,
          "we_multiplier_close": 1.614951971779829,
          "we_multiplier_entry": 51.436237327693846},
 "short": {"backwards_tp": true,
           "delay_between_fills_minutes_close": 1322.5900944421087,
           "delay_between_fills_minutes_entry": 955.352507500593,
           "delay_weight_close": 50.323717226336974,
           "delay_weight_entry": 19.938471246391753,
           "ema_dist_close": -0.006482205475345641,
           "ema_dist_entry": 0.0007124467970839671,
           "ema_span_0": 572.9895033094879,
           "ema_span_1": 380.8446347467309,
           "enabled": true,
           "markup_range": 0.01995846848939792,
           "min_markup": 0.01316509953928624,
           "n_close_orders": 6,
           "qty_pct_close": 0.011391391890837843,
           "qty_pct_entry": 0.010898061522964601,
           "wallet_exposure_limit": 1.0,
           "we_multiplier_close": 6.942124778119976,
           "we_multiplier_entry": 78.94936964685678}}