{"config_name": "clock_0days",
 "long": {"backwards_tp": true,
          "delay_between_fills_minutes_close": 1269.7818052488515,
          "delay_between_fills_minutes_entry": 1275.8093955869494,
          "delay_weight_close": 63.58573637998685,
          "delay_weight_entry": 15.277579941985012,
          "ema_dist_close": -0.024465273726949073,
          "ema_dist_entry": 0.0031147992337415453,
          "ema_span_0": 850.1033166210227,
          "ema_span_1": 916.1026271247066,
          "enabled": true,
          "markup_range": 0.011801769026014115,
          "min_markup": 0.026955125474942748,
          "n_close_orders": 13,
          "qty_pct_close": 0.015296062671659713,
          "qty_pct_entry": 0.015198603580048006,
          "wallet_exposure_limit": 1.0,
          "we_multiplier_close": 0.2335811898894801,
          "we_multiplier_entry": 60.09154234501934},
 "short": {"backwards_tp": true,
           "delay_between_fills_minutes_close": 1276.7406937422782,
           "delay_between_fills_minutes_entry": 773.6532687008979,
           "delay_weight_close": 42.41630109873812,
           "delay_weight_entry": 16.698827565952826,
           "ema_dist_close": -0.0012091162110156675,
           "ema_dist_entry": 0.002393883164775861,
           "ema_span_0": 592.066610607893,
           "ema_span_1": 1198.7029040659022,
           "enabled": true,
           "markup_range": 0.04097430290881534,
           "min_markup": 0.014840518415008518,
           "n_close_orders": 10,
           "qty_pct_close": 0.035678830720526696,
           "qty_pct_entry": 0.01999448016608505,
           "wallet_exposure_limit": 1.0,
           "we_multiplier_close": 1.0954718603012905,
           "we_multiplier_entry": 50.83692461171635}}