{"config_name": "clock_0days",
 "long": {"backwards_tp": true,
          "delay_between_fills_minutes_close": 1350.8402104717832,
          "delay_between_fills_minutes_entry": 986.278595569562,
          "delay_weight_close": 90.40484740962245,
          "delay_weight_entry": 18.20493374235286,
          "ema_dist_close": -0.003493416490724457,
          "ema_dist_entry": -0.03696545187641281,
          "ema_span_0": 1108.1939417053263,
          "ema_span_1": 1414.4733589351843,
          "enabled": true,
          "markup_range": 0.05704756674391399,
          "min_markup": 0.009999724281070583,
          "n_close_orders": 9,
          "qty_pct_close": 0.03844112923185955,
          "qty_pct_entry": 0.01,
          "wallet_exposure_limit": 1.0,
          "we_multiplier_close": 0.5190338870264021,
          "we_multiplier_entry": 47.19416585587876},
 "short": {"backwards_tp": true,
           "delay_between_fills_minutes_close": 813.5951014759752,
           "delay_between_fills_minutes_entry": 1424.151554137267,
           "delay_weight_close": 32.7043062801139,
           "delay_weight_entry": 10.017851139757326,
           "ema_dist_close": -0.024416120890023575,
           "ema_dist_entry": 0.003988786085063601,
           "ema_span_0": 308.8426376055576,
           "ema_span_1": 1430.9177511630758,
           "enabled": true,
           "markup_range": 0.042046503099033496,
           "min_markup": 0.009985380629041085,
           "n_close_orders": 12,
           "qty_pct_close": 0.09892740235752034,
           "qty_pct_entry": 0.010001676465620528,
           "wallet_exposure_limit": 1.0,
           "we_multiplier_close": 9.590205913983754,
           "we_multiplier_entry": 89.01724026420683}}