{"config_name": "clock_0days",
 "long": {"backwards_tp": true,
          "delay_between_fills_minutes_close": 1425.5859712293166,
          "delay_between_fills_minutes_entry": 1270.8126461910342,
          "delay_weight_close": 74.97692702200627,
          "delay_weight_entry": 15.759458747773825,
          "ema_dist_close": -0.010351004649927718,
          "ema_dist_entry": -0.04541180508188018,
          "ema_span_0": 660.5262722924053,
          "ema_span_1": 951.5141692303806,
          "enabled": true,
          "markup_range": 0.05442808589320574,
          "min_markup": 0.018785471544155292,
          "n_close_orders": 10,
          "qty_pct_close": 0.02530225635757162,
          "qty_pct_entry": 0.01,
          "wallet_exposure_limit": 1.0,
          "we_multiplier_close": 1.1098528952145283,
          "we_multiplier_entry": 86.71929860364186},
 "short": {"backwards_tp": true,
           "delay_between_fills_minutes_close": 851.1916816425843,
           "delay_between_fills_minutes_entry": 1423.4511922059176,
           "delay_weight_close": 32.814680722263255,
           "delay_weight_entry": 9.953270748755573,
           "ema_dist_close": -0.024448068928089255,
           "ema_dist_entry": 0.003943558358622748,
           "ema_span_0": 309.2421186133787,
           "ema_span_1": 1439.329557964609,
           "enabled": true,
           "markup_range": 0.04054773194534487,
           "min_markup": 0.01610690524926061,
           "n_close_orders": 12,
           "qty_pct_close": 0.0989479783219971,
           "qty_pct_entry": 0.010011264800762523,
           "wallet_exposure_limit": 1.0,
           "we_multiplier_close": 9.387765148829665,
           "we_multiplier_entry": 89.04106004949998}}