{"config_name": "clock_0days",
 "long": {"backwards_tp": true,
          "delay_between_fills_minutes_close": 1060.4320759807756,
          "delay_between_fills_minutes_entry": 968.972738079653,
          "delay_weight_close": 92.12011116739671,
          "delay_weight_entry": 14.861075254468169,
          "ema_dist_close": 0.0025190829918994573,
          "ema_dist_entry": -0.016510400636954248,
          "ema_span_0": 1439.1427898811492,
          "ema_span_1": 1221.9828444692785,
          "enabled": true,
          "markup_range": 0.016876944588040312,
          "min_markup": 0.02756471717656802,
          "n_close_orders": 6,
          "qty_pct_close": 0.04759344444977699,
          "qty_pct_entry": 0.010006472340494081,
          "wallet_exposure_limit": 1.0,
          "we_multiplier_close": 0.002487218640368728,
          "we_multiplier_entry": 33.59153235376451},
 "short": {"backwards_tp": true,
           "delay_between_fills_minutes_close": 1314.130776940766,
           "delay_between_fills_minutes_entry": 383.1891641420626,
           "delay_weight_close": 38.87780971505889,
           "delay_weight_entry": 8.773577839871308,
           "ema_dist_close": 0.0027418409538958826,
           "ema_dist_entry": -0.0056434325699668405,
           "ema_span_0": 781.2012861058781,
           "ema_span_1": 1439.4276912825308,
           "enabled": true,
           "markup_range": 0.029717387822660573,
           "min_markup": 0.019956813943279847,
           "n_close_orders": 7,
           "qty_pct_close": 0.06991843498000873,
           "qty_pct_entry": 0.01061153216273146,
           "wallet_exposure_limit": 1.0,
           "we_multiplier_close": 0.050672932244657104,
           "we_multiplier_entry": 38.45701814201397}}