{"config_name": "clock_0days",
 "long": {"backwards_tp": true,
          "delay_between_fills_minutes_close": 1085.0727671874954,
          "delay_between_fills_minutes_entry": 1309.3016594532,
          "delay_weight_close": 57.37925656864508,
          "delay_weight_entry": 14.683694632455888,
          "ema_dist_close": 0.0006361670121719308,
          "ema_dist_entry": -0.0007942878479597121,
          "ema_span_0": 1101.9831409560927,
          "ema_span_1": 1103.016581764692,
          "enabled": true,
          "markup_range": 0.03784741092483149,
          "min_markup": 0.01549959772478127,
          "n_close_orders": 9,
          "qty_pct_close": 0.010713936302143897,
          "qty_pct_entry": 0.01,
          "wallet_exposure_limit": 1.0,
          "we_multiplier_close": 0.336575306383512,
          "we_multiplier_entry": 93.9591316226957},
 "short": {"backwards_tp": true,
           "delay_between_fills_minutes_close": 1118.0501762262459,
           "delay_between_fills_minutes_entry": 471.05686879562467,
           "delay_weight_close": 43.579364157912465,
           "delay_weight_entry": 19.393755457685753,
           "ema_dist_close": -0.0025527867913704458,
           "ema_dist_entry": -0.009409058638343152,
           "ema_span_0": 1360.4120069483852,
           "ema_span_1": 431.3760100074323,
           "enabled": true,
           "markup_range": 0.015050170118610005,
           "min_markup": 0.023640685150419682,
           "n_close_orders": 13,
           "qty_pct_close": 0.0649514198161012,
           "qty_pct_entry": 0.015831659096431375,
           "wallet_exposure_limit": 1.0,
           "we_multiplier_close": 0.9001573910268893,
           "we_multiplier_entry": 61.29814529664881}}