{"config_name": "clock_0days",
 "long": {"backwards_tp": true,
          "delay_between_fills_minutes_close": 699.6691219390899,
          "delay_between_fills_minutes_entry": 497.20359079955125,
          "delay_weight_close": 44.64756316870185,
          "delay_weight_entry": 11.217619021342111,
          "ema_dist_close": -0.0005515759454809657,
          "ema_dist_entry": 0.0021070825487782825,
          "ema_span_0": 1354.3632368380784,
          "ema_span_1": 1197.937445226095,
          "enabled": true,
          "markup_range": 0.05999199919702277,
          "min_markup": 0.00926036416008436,
          "n_close_orders": 15,
          "qty_pct_close": 0.09884171107430599,
          "qty_pct_entry": 0.01015885615893755,
          "wallet_exposure_limit": 1.0,
          "we_multiplier_close": 33.60002012203404,
          "we_multiplier_entry": 87.5491944412129},
 "short": {"backwards_tp": true,
           "delay_between_fills_minutes_close": 1026.4540842518006,
           "delay_between_fills_minutes_entry": 997.6682752670736,
           "delay_weight_close": 56.52949900408859,
           "delay_weight_entry": 19.05325839269509,
           "ema_dist_close": -0.011696147595381677,
           "ema_dist_entry": -0.015442345127011562,
           "ema_span_0": 574.784539896209,
           "ema_span_1": 402.45812719871833,
           "enabled": true,
           "markup_range": 0.01619516602598618,
           "min_markup": 0.0052830657117752455,
           "n_close_orders": 15,
           "qty_pct_close": 0.01324935372222708,
           "qty_pct_entry": 0.01124953133419995,
           "wallet_exposure_limit": 1.0,
           "we_multiplier_close": 0.41942982126452133,
           "we_multiplier_entry": 43.86171027686109}}