{"config_name": "clock_0days",
 "long": {"backwards_tp": true,
          "delay_between_fills_minutes_close": 1009.9519571119979,
          "delay_between_fills_minutes_entry": 879.0214264439354,
          "delay_weight_close": 85.03818075965523,
          "delay_weight_entry": 18.99077297150395,
          "ema_dist_close": -0.002060613961822302,
          "ema_dist_entry": 0.002183498406093484,
          "ema_span_0": 1413.9412839010697,
          "ema_span_1": 1194.3303196345626,
          "enabled": true,
          "markup_range": 0.05877606958036542,
          "min_markup": 0.005538827493809808,
          "n_close_orders": 10,
          "qty_pct_close": 0.08622388316082005,
          "qty_pct_entry": 0.010000004044773293,
          "wallet_exposure_limit": 1.0,
          "we_multiplier_close": 3.461203248553571,
          "we_multiplier_entry": 91.0690369886188},
 "short": {"backwards_tp": true,
           "delay_between_fills_minutes_close": 692.406557592238,
           "delay_between_fills_minutes_entry": 1215.714221274538,
           "delay_weight_close": 51.102413369667175,
           "delay_weight_entry": 18.185861618937963,
           "ema_dist_close": -0.024471994807543734,
           "ema_dist_entry": 0.0034563808084988267,
           "ema_span_0": 34.64542606932698,
           "ema_span_1": 34.68459775556449,
           "enabled": true,
           "markup_range": 0.014334797691823966,
           "min_markup": 0.014254259436364526,
           "n_close_orders": 9,
           "qty_pct_close": 0.010576497596525718,
           "qty_pct_entry": 0.010193976940198912,
           "wallet_exposure_limit": 1.0,
           "we_multiplier_close": 0.5716294858484271,
           "we_multiplier_entry": 92.58485306386372}}