{"config_name": "clock_0days",
 "long": {"backwards_tp": true,
          "delay_between_fills_minutes_close": 1070.0316613391408,
          "delay_between_fills_minutes_entry": 1246.6560348870232,
          "delay_weight_close": 76.03495576134291,
          "delay_weight_entry": 9.889003930529176,
          "ema_dist_close": -0.035489933515549764,
          "ema_dist_entry": 0.003999962854419955,
          "ema_span_0": 1043.9774713187435,
          "ema_span_1": 1243.0505096543018,
          "enabled": true,
          "markup_range": 0.05329018467792843,
          "min_markup": 0.004024876814210213,
          "n_close_orders": 6,
          "qty_pct_close": 0.012520940090128874,
          "qty_pct_entry": 0.010001823580240656,
          "wallet_exposure_limit": 1.0,
          "we_multiplier_close": 1.937882506733416,
          "we_multiplier_entry": 88.39003451024217},
 "short": {"backwards_tp": true,
           "delay_between_fills_minutes_close": 1164.87035080679,
           "delay_between_fills_minutes_entry": 873.8284020539016,
           "delay_weight_close": 49.004089099499815,
           "delay_weight_entry": 8.967576627090757,
           "ema_dist_close": 0.0039995502432797906,
           "ema_dist_entry": -0.009043349557362267,
           "ema_span_0": 1267.4589714104288,
           "ema_span_1": 22.401884241508682,
           "enabled": true,
           "markup_range": 0.04555956842642448,
           "min_markup": 0.0011407049036450177,
           "n_close_orders": 11,
           "qty_pct_close": 0.010007629233038584,
           "qty_pct_entry": 0.010000007117196645,
           "wallet_exposure_limit": 1.0,
           "we_multiplier_close": 1.9660228752667899,
           "we_multiplier_entry": 52.240828780611956}}