{"config_name": "clock_0days",
 "long": {"backwards_tp": true,
          "delay_between_fills_minutes_close": 1185.9387913056141,
          "delay_between_fills_minutes_entry": 1435.2015339821246,
          "delay_weight_close": 47.497219080056645,
          "delay_weight_entry": 9.270467111730818,
          "ema_dist_close": 0.002150949692868377,
          "ema_dist_entry": 2.793395139763926e-05,
          "ema_span_0": 1219.70470054941,
          "ema_span_1": 1218.3458657765202,
          "enabled": true,
          "markup_range": 0.024297193391609243,
          "min_markup": 0.022888819902624494,
          "n_close_orders": 5,
          "qty_pct_close": 0.01491058471904569,
          "qty_pct_entry": 0.01,
          "wallet_exposure_limit": 1.0,
          "we_multiplier_close": 3.4544420792909345,
          "we_multiplier_entry": 51.907771814114824},
 "short": {"backwards_tp": true,
           "delay_between_fills_minutes_close": 1210.3988777963852,
           "delay_between_fills_minutes_entry": 733.2298294956668,
           "delay_weight_close": 44.20852240012682,
           "delay_weight_entry": 14.661986889048688,
           "ema_dist_close": -0.002105931257312333,
           "ema_dist_entry": -0.007801299387726504,
           "ema_span_0": 211.33712094379922,
           "ema_span_1": 1439.8529037607957,
           "enabled": true,
           "markup_range": 0.03933380391817836,
           "min_markup": 0.026413979715820463,
           "n_close_orders": 7,
           "qty_pct_close": 0.010000243171808743,
           "qty_pct_entry": 0.012779323253788378,
           "wallet_exposure_limit": 1.0,
           "we_multiplier_close": 0.5854568190752032,
           "we_multiplier_entry": 13.850174538318578}}