{"config_name": "clock_0days",
 "long": {"backwards_tp": true,
          "delay_between_fills_minutes_close": 1150.7003410299533,
          "delay_between_fills_minutes_entry": 827.6678281916916,
          "delay_weight_close": 96.79984813990467,
          "delay_weight_entry": 27.237098758259254,
          "ema_dist_close": -0.0005378412551612242,
          "ema_dist_entry": -0.0005699072118997533,
          "ema_span_0": 1239.453807897859,
          "ema_span_1": 1396.8493134287685,
          "enabled": true,
          "markup_range": 0.03801559780290375,
          "min_markup": 0.004010815332081157,
          "n_close_orders": 3,
          "qty_pct_close": 0.07244187508954884,
          "qty_pct_entry": 0.01810469308910341,
          "wallet_exposure_limit": 1.0,
          "we_multiplier_close": 8.404845209034503,
          "we_multiplier_entry": 34.772305646661856},
 "short": {"backwards_tp": true,
           "delay_between_fills_minutes_close": 1388.8414829100204,
           "delay_between_fills_minutes_entry": 842.2615450092381,
           "delay_weight_close": 98.79074062752463,
           "delay_weight_entry": 31.17114494911889,
           "ema_dist_close": -0.014364796969769857,
           "ema_dist_entry": -0.002863317392923062,
           "ema_span_0": 1390.5552633341022,
           "ema_span_1": 1348.2947814623167,
           "enabled": true,
           "markup_range": 0.05883905981766465,
           "min_markup": 0.007892072725015693,
           "n_close_orders": 12,
           "qty_pct_close": 0.0998967041147861,
           "qty_pct_entry": 0.015247434550998865,
           "wallet_exposure_limit": 1.0,
           "we_multiplier_close": 88.23251094264336,
           "we_multiplier_entry": 3.795645370268192}}