{"config_name": "clock_0days",
 "long": {"backwards_tp": true,
          "delay_between_fills_minutes_close": 1403.1600666086488,
          "delay_between_fills_minutes_entry": 1432.040166541682,
          "delay_weight_close": 99.9882852171285,
          "delay_weight_entry": 27.121636553410486,
          "ema_dist_close": 0.0034236530960426574,
          "ema_dist_entry": 0.0032996969767865167,
          "ema_span_0": 1069.6446374282623,
          "ema_span_1": 1333.5694525746762,
          "enabled": true,
          "markup_range": 0.025812910499706517,
          "min_markup": 0.02600135176786706,
          "n_close_orders": 6,
          "qty_pct_close": 0.04489562923791157,
          "qty_pct_entry": 0.014720948582956776,
          "wallet_exposure_limit": 1.0,
          "we_multiplier_close": 3.711301414595891,
          "we_multiplier_entry": 54.44685520361662},
 "short": {"backwards_tp": true,
           "delay_between_fills_minutes_close": 1029.6290036514338,
           "delay_between_fills_minutes_entry": 701.6913424291597,
           "delay_weight_close": 40.98345035585517,
           "delay_weight_entry": 23.27693060713534,
           "ema_dist_close": -0.0005402261587406535,
           "ema_dist_entry": -0.0030242021558283716,
           "ema_span_0": 1226.2217565928725,
           "ema_span_1": 1031.440052617313,
           "enabled": true,
           "markup_range": 0.02184071188234206,
           "min_markup": 0.013133700923338078,
           "n_close_orders": 12,
           "qty_pct_close": 0.023435942604704323,
           "qty_pct_entry": 0.010174214102659295,
           "wallet_exposure_limit": 1.0,
           "we_multiplier_close": 0.42801838550668225,
           "we_multiplier_entry": 27.99906342891522}}