{"config_name": "clock_0days",
 "long": {"backwards_tp": true,
          "delay_between_fills_minutes_close": 1389.118268128861,
          "delay_between_fills_minutes_entry": 1402.9662619543062,
          "delay_weight_close": 94.26710765918308,
          "delay_weight_entry": 22.050827510294408,
          "ema_dist_close": -0.0012658032934870934,
          "ema_dist_entry": -0.04104756621513276,
          "ema_span_0": 631.3362301636176,
          "ema_span_1": 1439.9973133112144,
          "enabled": true,
          "markup_range": 0.004159681940261228,
          "min_markup": 0.007157663703838044,
          "n_close_orders": 5,
          "qty_pct_close": 0.08365854834648004,
          "qty_pct_entry": 0.012950966501142165,
          "wallet_exposure_limit": 1.0,
          "we_multiplier_close": 0.0006657929153135297,
          "we_multiplier_entry": 53.2021764346706},
 "short": {"backwards_tp": true,
           "delay_between_fills_minutes_close": 1421.8001773988394,
           "delay_between_fills_minutes_entry": 974.9065956657216,
           "delay_weight_close": 45.52678666155278,
           "delay_weight_entry": 10.307692603731393,
           "ema_dist_close": -0.04618971741480083,
           "ema_dist_entry": -0.0035140260540265696,
           "ema_span_0": 808.1853125734661,
           "ema_span_1": 1433.5401366103524,
           "enabled": true,
           "markup_range": 0.023966757101073464,
           "min_markup": 0.02328506533397648,
           "n_close_orders": 6,
           "qty_pct_close": 0.02249860179206272,
           "qty_pct_entry": 0.011814333006313245,
           "wallet_exposure_limit": 1.0,
           "we_multiplier_close": 1.2283687676766346,
           "we_multiplier_entry": 78.11402885381224}}