{"config_name": "clock_0days",
 "long": {"backwards_tp": true,
          "delay_between_fills_minutes_close": 1320.769020238212,
          "delay_between_fills_minutes_entry": 1331.5317808928512,
          "delay_weight_close": 82.44407815915623,
          "delay_weight_entry": 9.930236682028047,
          "ema_dist_close": 0.003927147860770881,
          "ema_dist_entry": -0.00794617633484233,
          "ema_span_0": 605.5096217843951,
          "ema_span_1": 65.18157588031767,
          "enabled": true,
          "markup_range": 0.02024936469256858,
          "min_markup": 0.02725305961375116,
          "n_close_orders": 13,
          "qty_pct_close": 0.014408692582940518,
          "qty_pct_entry": 0.012528157710334284,
          "wallet_exposure_limit": 1.0,
          "we_multiplier_close": 0.4109247075162844,
          "we_multiplier_entry": 83.77298994019593},
 "short": {"backwards_tp": true,
           "delay_between_fills_minutes_close": 829.2970494814296,
           "delay_between_fills_minutes_entry": 300.3365974461152,
           "delay_weight_close": 74.19327129885154,
           "delay_weight_entry": 7.4976007153442366,
           "ema_dist_close": -0.008359285771860285,
           "ema_dist_entry": -0.007105000162469684,
           "ema_span_0": 1340.5673231022686,
           "ema_span_1": 656.4554492275782,
           "enabled": true,
           "markup_range": 0.022473053514159156,
           "min_markup": 0.006740089997633585,
           "n_close_orders": 14,
           "qty_pct_close": 0.0770149317903978,
           "qty_pct_entry": 0.01,
           "wallet_exposure_limit": 1.0,
           "we_multiplier_close": 0.09320038986189197,
           "we_multiplier_entry": 86.82800159394644}}