{"config_name": "clock_0days",
 "long": {"backwards_tp": true,
          "delay_between_fills_minutes_close": 1197.0071780586875,
          "delay_between_fills_minutes_entry": 946.6132857207415,
          "delay_weight_close": 17.53472206908545,
          "delay_weight_entry": 14.702932101311486,
          "ema_dist_close": 0.0027167383726404855,
          "ema_dist_entry": 0.001575815267408689,
          "ema_span_0": 690.9757501619306,
          "ema_span_1": 1314.634392755174,
          "enabled": true,
          "markup_range": 0.033505701417722925,
          "min_markup": 0.009952401848674044,
          "n_close_orders": 13,
          "qty_pct_close": 0.09893492924020908,
          "qty_pct_entry": 0.011364732869244039,
          "wallet_exposure_limit": 1.0,
          "we_multiplier_close": 23.083893104983154,
          "we_multiplier_entry": 33.12120057211909},
 "short": {"backwards_tp": true,
           "delay_between_fills_minutes_close": 1340.9939754139652,
           "delay_between_fills_minutes_entry": 1021.0411231762677,
           "delay_weight_close": 71.35055257684641,
           "delay_weight_entry": 26.44882313723804,
           "ema_dist_close": -0.014309156351126593,
           "ema_dist_entry": -0.00030273931993706485,
           "ema_span_0": 1365.2649134973337,
           "ema_span_1": 1086.328416878698,
           "enabled": true,
           "markup_range": 0.01783340084202221,
           "min_markup": 0.008646446980860045,
           "n_close_orders": 15,
           "qty_pct_close": 0.011954571767805072,
           "qty_pct_entry": 0.014388350153250105,
           "wallet_exposure_limit": 1.0,
           "we_multiplier_close": 7.1584867017728575,
           "we_multiplier_entry": 14.713472941038699}}