{"config_name": "clock_0days",
 "long": {"backwards_tp": true,
          "delay_between_fills_minutes_close": 960.6928286394442,
          "delay_between_fills_minutes_entry": 1416.6000729563025,
          "delay_weight_close": 83.55194806558683,
          "delay_weight_entry": 15.918519653231472,
          "ema_dist_close": -0.017450113653560258,
          "ema_dist_entry": 0.004,
          "ema_span_0": 694.034930428752,
          "ema_span_1": 1319.123390906732,
          "enabled": true,
          "markup_range": 0.0410609550411014,
          "min_markup": 0.02686980081730743,
          "n_close_orders": 10,
          "qty_pct_close": 0.031533933244758276,
          "qty_pct_entry": 0.010007652635561817,
          "wallet_exposure_limit": 1.0,
          "we_multiplier_close": 0.10322115386008454,
          "we_multiplier_entry": 59.67498114945469},
 "short": {"backwards_tp": true,
           "delay_between_fills_minutes_close": 1297.3896733616948,
           "delay_between_fills_minutes_entry": 1290.9047554725903,
           "delay_weight_close": 53.34893629442429,
           "delay_weight_entry": 9.215661584030245,
           "ema_dist_close": 0.00107176216699279,
           "ema_dist_entry": -0.0013371597702258086,
           "ema_span_0": 986.2303525400931,
           "ema_span_1": 1335.2958257517128,
           "enabled": true,
           "markup_range": 0.047476102036725705,
           "min_markup": 0.02830133668840578,
           "n_close_orders": 8,
           "qty_pct_close": 0.022303382756264,
           "qty_pct_entry": 0.014114430887639109,
           "wallet_exposure_limit": 1.0,
           "we_multiplier_close": 0.74768172973628,
           "we_multiplier_entry": 79.31538736423589}}