{"config_name": "clock_0days",
 "long": {"backwards_tp": true,
          "delay_between_fills_minutes_close": 1408.045163014211,
          "delay_between_fills_minutes_entry": 709.6315078392615,
          "delay_weight_close": 86.48321393788711,
          "delay_weight_entry": 11.227201753599424,
          "ema_dist_close": -0.007656379837434568,
          "ema_dist_entry": 0.0014722413218769767,
          "ema_span_0": 227.78564285179888,
          "ema_span_1": 988.4465694203437,
          "enabled": true,
          "markup_range": 0.05761639036850196,
          "min_markup": 0.03,
          "n_close_orders": 14,
          "qty_pct_close": 0.048707159728777975,
          "qty_pct_entry": 0.014104354072052216,
          "wallet_exposure_limit": 1.0,
          "we_multiplier_close": 5.226739111249479,
          "we_multiplier_entry": 69.88539839110625},
 "short": {"backwards_tp": true,
           "delay_between_fills_minutes_close": 1411.3286560303286,
           "delay_between_fills_minutes_entry": 771.6162987670907,
           "delay_weight_close": 36.164003134562556,
           "delay_weight_entry": 11.870029084912083,
           "ema_dist_close": -0.007075377694213895,
           "ema_dist_entry": 0.003990447010337897,
           "ema_span_0": 48.464839825995895,
           "ema_span_1": 1333.9244508295794,
           "enabled": true,
           "markup_range": 0.01013097778038281,
           "min_markup": 0.02589320044429027,
           "n_close_orders": 15,
           "qty_pct_close": 0.011666307634795743,
           "qty_pct_entry": 0.010328325654024606,
           "wallet_exposure_limit": 1.0,
           "we_multiplier_close": 6.259613108622673,
           "we_multiplier_entry": 36.66846106985774}}