{"config_name": "clock_0days",
 "long": {"backwards_tp": true,
          "delay_between_fills_minutes_close": 976.1884692467091,
          "delay_between_fills_minutes_entry": 404.1377690217687,
          "delay_weight_close": 98.84846784018539,
          "delay_weight_entry": 7.369594402026135,
          "ema_dist_close": 0.003963141360272911,
          "ema_dist_entry": 0.0003501997840336152,
          "ema_span_0": 942.3771304615874,
          "ema_span_1": 400.9694554153367,
          "enabled": true,
          "markup_range": 0.05992392234655201,
          "min_markup": 0.0028287277820477166,
          "n_close_orders": 3,
          "qty_pct_close": 0.05522230559560021,
          "qty_pct_entry": 0.013638942881941814,
          "wallet_exposure_limit": 1.0,
          "we_multiplier_close": 77.09196139405108,
          "we_multiplier_entry": 69.28837830821104},
 "short": {"backwards_tp": true,
           "delay_between_fills_minutes_close": 1313.8333827200527,
           "delay_between_fills_minutes_entry": 699.7980266374612,
           "delay_weight_close": 67.52647934393303,
           "delay_weight_entry": 10.620480944249328,
           "ema_dist_close": -0.0016617793621474186,
           "ema_dist_entry": 0.001557071288799437,
           "ema_span_0": 1383.1255223549003,
           "ema_span_1": 566.7153506671284,
           "enabled": true,
           "markup_range": 0.0323550692112988,
           "min_markup": 0.0018985694283734534,
           "n_close_orders": 9,
           "qty_pct_close": 0.010011055951617933,
           "qty_pct_entry": 0.010001595435697204,
           "wallet_exposure_limit": 1.0,
           "we_multiplier_close": 3.2525005598603824,
           "we_multiplier_entry": 41.9012052451404}}