{"config_name": "clock_0days",
 "long": {"backwards_tp": true,
          "delay_between_fills_minutes_close": 261.6956957721218,
          "delay_between_fills_minutes_entry": 1228.5049798987009,
          "delay_weight_close": 96.41886200882624,
          "delay_weight_entry": 15.68254751079853,
          "ema_dist_close": 0.0038950949423300625,
          "ema_dist_entry": 0.002971741727979606,
          "ema_span_0": 191.81484265596245,
          "ema_span_1": 1103.6958852564696,
          "enabled": true,
          "markup_range": 0.05194966858537567,
          "min_markup": 0.02355722360818624,
          "n_close_orders": 9,
          "qty_pct_close": 0.03731446803102126,
          "qty_pct_entry": 0.01305020536481713,
          "wallet_exposure_limit": 1.0,
          "we_multiplier_close": 2.6201179246906356,
          "we_multiplier_entry": 93.83032369548717},
 "short": {"backwards_tp": true,
           "delay_between_fills_minutes_close": 828.418050666492,
           "delay_between_fills_minutes_entry": 743.9368080711304,
           "delay_weight_close": 96.71724103618237,
           "delay_weight_entry": 13.823908169821813,
           "ema_dist_close": -0.010219390800656708,
           "ema_dist_entry": 0.003347796878856846,
           "ema_span_0": 236.41435149250663,
           "ema_span_1": 282.5804127608351,
           "enabled": true,
           "markup_range": 0.0010152426233334495,
           "min_markup": 0.019083673380020573,
           "n_close_orders": 11,
           "qty_pct_close": 0.010038762258780004,
           "qty_pct_entry": 0.01,
           "wallet_exposure_limit": 1.0,
           "we_multiplier_close": 0.05458659137594344,
           "we_multiplier_entry": 43.361179231193795}}