{"config_name": "clock_0days",
 "long": {"backwards_tp": true,
          "delay_between_fills_minutes_close": 1212.2761640266624,
          "delay_between_fills_minutes_entry": 1018.7361662123081,
          "delay_weight_close": 45.992684958955984,
          "delay_weight_entry": 16.95290460046149,
          "ema_dist_close": -0.004332499658944086,
          "ema_dist_entry": 0.001191640709595618,
          "ema_span_0": 1268.4603177677911,
          "ema_span_1": 1228.859232855145,
          "enabled": true,
          "markup_range": 0.05377662485381704,
          "min_markup": 0.01,
          "n_close_orders": 13,
          "qty_pct_close": 0.010011703532591273,
          "qty_pct_entry": 0.010736610607795686,
          "wallet_exposure_limit": 1.0,
          "we_multiplier_close": 0.013977664863790177,
          "we_multiplier_entry": 11.983028002466598},
 "short": {"backwards_tp": true,
           "delay_between_fills_minutes_close": 1440,
           "delay_between_fills_minutes_entry": 1419.2530778052692,
           "delay_weight_close": 94.07643775624193,
           "delay_weight_entry": 35.25099785021261,
           "ema_dist_close": -0.01022293314657262,
           "ema_dist_entry": 0.004,
           "ema_span_0": 68.11258118916881,
           "ema_span_1": 316.7929744406629,
           "enabled": true,
           "markup_range": 0.059938865790241644,
           "min_markup": 0.0023943024831215728,
           "n_close_orders": 2,
           "qty_pct_close": 0.099028319352659,
           "qty_pct_entry": 0.010670018517753621,
           "wallet_exposure_limit": 1.0,
           "we_multiplier_close": 6.559841152137564,
           "we_multiplier_entry": 89.79995045722161}}