{"config_name": "clock_0days",
 "long": {"backwards_tp": true,
          "delay_between_fills_minutes_close": 1439.8609371694663,
          "delay_between_fills_minutes_entry": 1233.2474669561582,
          "delay_weight_close": 94.03461278902704,
          "delay_weight_entry": 18.463253097150698,
          "ema_dist_close": -0.03387222799976545,
          "ema_dist_entry": 0.0006670528585724604,
          "ema_span_0": 586.7831762239074,
          "ema_span_1": 65.02839285692438,
          "enabled": true,
          "markup_range": 0.05283306684988135,
          "min_markup": 0.009784987657908152,
          "n_close_orders": 8,
          "qty_pct_close": 0.04325324660057692,
          "qty_pct_entry": 0.010000865784587091,
          "wallet_exposure_limit": 1.0,
          "we_multiplier_close": 93.48874648419401,
          "we_multiplier_entry": 69.70740257215446},
 "short": {"backwards_tp": true,
           "delay_between_fills_minutes_close": 1274.2503873094204,
           "delay_between_fills_minutes_entry": 446.881087209838,
           "delay_weight_close": 75.84749451182007,
           "delay_weight_entry": 4.896492096452098,
           "ema_dist_close": 0.0035254078033118666,
           "ema_dist_entry": -0.007263374418407654,
           "ema_span_0": 1060.0699283073334,
           "ema_span_1": 717.4294220608452,
           "enabled": true,
           "markup_range": 0.010691141949901832,
           "min_markup": 0.006786679219465399,
           "n_close_orders": 10,
           "qty_pct_close": 0.01083949168790932,
           "qty_pct_entry": 0.01,
           "wallet_exposure_limit": 1.0,
           "we_multiplier_close": 3.379850961803524,
           "we_multiplier_entry": 37.94924263888066}}