{"config_name": "clock_0days",
 "long": {"backwards_tp": true,
          "delay_between_fills_minutes_close": 1367.910311753911,
          "delay_between_fills_minutes_entry": 1424.3018736902045,
          "delay_weight_close": 52.149611612740216,
          "delay_weight_entry": 19.552011994485937,
          "ema_dist_close": -0.016379083612617494,
          "ema_dist_entry": -0.04479649590071623,
          "ema_span_0": 857.5568209534742,
          "ema_span_1": 1304.3728805030596,
          "enabled": true,
          "markup_range": 0.05495453162773522,
          "min_markup": 0.004822902363857136,
          "n_close_orders": 5,
          "qty_pct_close": 0.09565515429337647,
          "qty_pct_entry": 0.010787069972141738,
          "wallet_exposure_limit": 1.0,
          "we_multiplier_close": 97.00687028931637,
          "we_multiplier_entry": 76.08426742940597},
 "short": {"backwards_tp": true,
           "delay_between_fills_minutes_close": 1348.4404638413648,
           "delay_between_fills_minutes_entry": 436.2470741107031,
           "delay_weight_close": 94.04970903373268,
           "delay_weight_entry": 10.112661367317967,
           "ema_dist_close": -0.0059798933349207856,
           "ema_dist_entry": -0.023963868788116433,
           "ema_span_0": 1260.836456314768,
           "ema_span_1": 1280.668796705669,
           "enabled": true,
           "markup_range": 0.004073734187709024,
           "min_markup": 0.003988526768960737,
           "n_close_orders": 12,
           "qty_pct_close": 0.01171391343438275,
           "qty_pct_entry": 0.012500865840581576,
           "wallet_exposure_limit": 1.0,
           "we_multiplier_close": 0.00044836150565627676,
           "we_multiplier_entry": 66.16163785960985}}