{"config_name": "clock_0days",
 "long": {"backwards_tp": true,
          "delay_between_fills_minutes_close": 1396.9019158808271,
          "delay_between_fills_minutes_entry": 952.8260312506577,
          "delay_weight_close": 42.69422503031609,
          "delay_weight_entry": 22.957079420771866,
          "ema_dist_close": -0.005123544323340686,
          "ema_dist_entry": -0.004714382318589165,
          "ema_span_0": 940.2607565197608,
          "ema_span_1": 1159.46140105544,
          "enabled": true,
          "markup_range": 0.056737587847590455,
          "min_markup": 0.024611668679865004,
          "n_close_orders": 10,
          "qty_pct_close": 0.06172353155322214,
          "qty_pct_entry": 0.011755541021692855,
          "wallet_exposure_limit": 1.0,
          "we_multiplier_close": 0.8676902645532448,
          "we_multiplier_entry": 23.035057452134296},
 "short": {"backwards_tp": true,
           "delay_between_fills_minutes_close": 1323.1746357667653,
           "delay_between_fills_minutes_entry": 488.6098027526235,
           "delay_weight_close": 46.83208596995736,
           "delay_weight_entry": 9.643952732783236,
           "ema_dist_close": -0.0088968085477898,
           "ema_dist_entry": -0.0005840344321879946,
           "ema_span_0": 1381.7759022803032,
           "ema_span_1": 242.4514765132359,
           "enabled": true,
           "markup_range": 0.010047492928119057,
           "min_markup": 0.013017488373600967,
           "n_close_orders": 6,
           "qty_pct_close": 0.05598346063854122,
           "qty_pct_entry": 0.010035307919502232,
           "wallet_exposure_limit": 1.0,
           "we_multiplier_close": 0.1077325048231808,
           "we_multiplier_entry": 92.08769424729611}}