{"config_name": "clock_0days",
 "long": {"backwards_tp": true,
          "delay_between_fills_minutes_close": 880.4987640778367,
          "delay_between_fills_minutes_entry": 683.2704455102336,
          "delay_weight_close": 87.81088387380242,
          "delay_weight_entry": 17.183125366888977,
          "ema_dist_close": -0.004292372359549388,
          "ema_dist_entry": -0.006805175454985986,
          "ema_span_0": 104.02134244932265,
          "ema_span_1": 1370.0461947419528,
          "enabled": true,
          "markup_range": 0.02525307237338486,
          "min_markup": 0.022007771020171995,
          "n_close_orders": 13,
          "qty_pct_close": 0.07114327838052593,
          "qty_pct_entry": 0.014362766228563889,
          "wallet_exposure_limit": 1.0,
          "we_multiplier_close": 0.9941305297179838,
          "we_multiplier_entry": 33.53122399403577},
 "short": {"backwards_tp": true,
           "delay_between_fills_minutes_close": 907.2876820062264,
           "delay_between_fills_minutes_entry": 1297.4534662950532,
           "delay_weight_close": 47.50854329293727,
           "delay_weight_entry": 35.063994162730985,
           "ema_dist_close": -0.01575502765556668,
           "ema_dist_entry": -0.0029076528847734855,
           "ema_span_0": 1321.8762315081735,
           "ema_span_1": 1375.4862267846197,
           "enabled": true,
           "markup_range": 0.055288288618286434,
           "min_markup": 0.022597079315364258,
           "n_close_orders": 8,
           "qty_pct_close": 0.04943668936320043,
           "qty_pct_entry": 0.010357377589269936,
           "wallet_exposure_limit": 1.0,
           "we_multiplier_close": 0.35344216420006286,
           "we_multiplier_entry": 8.523247440810646}}