{"config_name": "clock_0days",
 "long": {"backwards_tp": true,
          "delay_between_fills_minutes_close": 1039.899272852501,
          "delay_between_fills_minutes_entry": 1439.999997057347,
          "delay_weight_close": 49.995570174945584,
          "delay_weight_entry": 23.585919784584878,
          "ema_dist_close": -0.03444705555476639,
          "ema_dist_entry": 0.003999723843533409,
          "ema_span_0": 1437.0188101259391,
          "ema_span_1": 459.98428980127386,
          "enabled": true,
          "markup_range": 0.013524717042681721,
          "min_markup": 0.0019515876294790048,
          "n_close_orders": 4,
          "qty_pct_close": 0.08912475561725547,
          "qty_pct_entry": 0.017784951323389756,
          "wallet_exposure_limit": 1.0,
          "we_multiplier_close": 0.0760122215020537,
          "we_multiplier_entry": 93.67327237682262},
 "short": {"backwards_tp": true,
           "delay_between_fills_minutes_close": 1208.3489923231602,
           "delay_between_fills_minutes_entry": 1341.0536925381386,
           "delay_weight_close": 30.378902595201705,
           "delay_weight_entry": 12.557524690915287,
           "ema_dist_close": 0.00041963379325125227,
           "ema_dist_entry": 0.0024556309764993084,
           "ema_span_0": 476.3989796306991,
           "ema_span_1": 1087.7412656305023,
           "enabled": true,
           "markup_range": 0.025169385287772156,
           "min_markup": 0.009278506309409431,
           "n_close_orders": 15,
           "qty_pct_close": 0.011285204222539372,
           "qty_pct_entry": 0.01314283020267657,
           "wallet_exposure_limit": 1.0,
           "we_multiplier_close": 0.8086911910115473,
           "we_multiplier_entry": 45.4836047238907}}