{"config_name": "clock_0days",
 "long": {"backwards_tp": true,
          "delay_between_fills_minutes_close": 1434.2054218310855,
          "delay_between_fills_minutes_entry": 749.5107370976161,
          "delay_weight_close": 47.938007740862986,
          "delay_weight_entry": 16.117659468128508,
          "ema_dist_close": -0.044967522274656044,
          "ema_dist_entry": -0.002866380484493756,
          "ema_span_0": 485.26554309804413,
          "ema_span_1": 1128.5697734253808,
          "enabled": true,
          "markup_range": 0.0223541303173196,
          "min_markup": 0.007915626960701357,
          "n_close_orders": 8,
          "qty_pct_close": 0.010000076122281747,
          "qty_pct_entry": 0.01032918022259894,
          "wallet_exposure_limit": 1.0,
          "we_multiplier_close": 7.374061460603497,
          "we_multiplier_entry": 90.23695694494512},
 "short": {"backwards_tp": true,
           "delay_between_fills_minutes_close": 1156.966641861219,
           "delay_between_fills_minutes_entry": 1358.7130224753964,
           "delay_weight_close": 13.539443251763794,
           "delay_weight_entry": 19.675493839613225,
           "ema_dist_close": 0.0037544240401214163,
           "ema_dist_entry": -0.0039042912214846213,
           "ema_span_0": 1427.3920553744017,
           "ema_span_1": 200.93411796000797,
           "enabled": true,
           "markup_range": 0.05824419634986554,
           "min_markup": 0.024318498791141493,
           "n_close_orders": 11,
           "qty_pct_close": 0.030384669343859805,
           "qty_pct_entry": 0.010947038398419753,
           "wallet_exposure_limit": 1.0,
           "we_multiplier_close": 2.613775812461752,
           "we_multiplier_entry": 21.862573558574347}}