{"config_name": "clock_0days",
 "long": {"backwards_tp": true,
          "delay_between_fills_minutes_close": 1064.4564964378167,
          "delay_between_fills_minutes_entry": 1313.8632926740893,
          "delay_weight_close": 33.47711872708181,
          "delay_weight_entry": 18.762193810342584,
          "ema_dist_close": -0.004836233792268261,
          "ema_dist_entry": 0.003995602414379112,
          "ema_span_0": 472.30707032763695,
          "ema_span_1": 1380.4846341284351,
          "enabled": true,
          "markup_range": 0.05999946085047668,
          "min_markup": 0.029999844201785152,
          "n_close_orders": 13,
          "qty_pct_close": 0.052071377544711604,
          "qty_pct_entry": 0.01,
          "wallet_exposure_limit": 1.0,
          "we_multiplier_close": 3.0093956808704867,
          "we_multiplier_entry": 18.504960850432695},
 "short": {"backwards_tp": true,
           "delay_between_fills_minutes_close": 1192.0544352374804,
           "delay_between_fills_minutes_entry": 1432.80384024152,
           "delay_weight_close": 63.27592622875485,
           "delay_weight_entry": 10.220858198961594,
           "ema_dist_close": -0.003578544488522428,
           "ema_dist_entry": 0.002204860559356143,
           "ema_span_0": 1429.268305338858,
           "ema_span_1": 794.7272076883544,
           "enabled": true,
           "markup_range": 0.03518997312556102,
           "min_markup": 0.026134175518921693,
           "n_close_orders": 15,
           "qty_pct_close": 0.04183344086735819,
           "qty_pct_entry": 0.023010911454308603,
           "wallet_exposure_limit": 1.0,
           "we_multiplier_close": 1.8315738519939297,
           "we_multiplier_entry": 77.40332970966526}}