{"config_name": "clock_0days",
 "long": {"backwards_tp": true,
          "delay_between_fills_minutes_close": 1373.3390020138522,
          "delay_between_fills_minutes_entry": 571.0563164265475,
          "delay_weight_close": 79.61728357475015,
          "delay_weight_entry": 20.168072325199297,
          "ema_dist_close": 0.003478356046150859,
          "ema_dist_entry": -0.003950507621599717,
          "ema_span_0": 55.43579321742972,
          "ema_span_1": 1360.8421964240267,
          "enabled": true,
          "markup_range": 0.000546339052244385,
          "min_markup": 0.006632467526063705,
          "n_close_orders": 14,
          "qty_pct_close": 0.064088272869907,
          "qty_pct_entry": 0.021952534604358635,
          "wallet_exposure_limit": 1.0,
          "we_multiplier_close": 34.26265913030902,
          "we_multiplier_entry": 33.68786025907373},
 "short": {"backwards_tp": true,
           "delay_between_fills_minutes_close": 1077.7972763337734,
           "delay_between_fills_minutes_entry": 499.2155321950718,
           "delay_weight_close": 85.46204429736139,
           "delay_weight_entry": 8.39043056019873,
           "ema_dist_close": -0.03570355350224785,
           "ema_dist_entry": -0.005866514385869937,
           "ema_span_0": 394.7249540350485,
           "ema_span_1": 932.4674290607439,
           "enabled": true,
           "markup_range": 0.04107923158120614,
           "min_markup": 0.008945584501913174,
           "n_close_orders": 12,
           "qty_pct_close": 0.08742329121528382,
           "qty_pct_entry": 0.010000025255410964,
           "wallet_exposure_limit": 1.0,
           "we_multiplier_close": 52.85073783091597,
           "we_multiplier_entry": 99.40402922533747}}