{"config_name": "clock_0days",
 "long": {"backwards_tp": true,
          "delay_between_fills_minutes_close": 1392.1562573565536,
          "delay_between_fills_minutes_entry": 557.2683958096494,
          "delay_weight_close": 42.3092069434826,
          "delay_weight_entry": 16.02377806739667,
          "ema_dist_close": 0.003998309060794384,
          "ema_dist_entry": -0.04536726899841091,
          "ema_span_0": 395.81581033901097,
          "ema_span_1": 834.9853430075896,
          "enabled": true,
          "markup_range": 0.053693367325272495,
          "min_markup": 0.009511241716286282,
          "n_close_orders": 7,
          "qty_pct_close": 0.03831803568415716,
          "qty_pct_entry": 0.01,
          "wallet_exposure_limit": 1.0,
          "we_multiplier_close": 0.10731244822762398,
          "we_multiplier_entry": 3.0659415046141203},
 "short": {"backwards_tp": true,
           "delay_between_fills_minutes_close": 1440.0,
           "delay_between_fills_minutes_entry": 978.1874095680082,
           "delay_weight_close": 54.76569517203054,
           "delay_weight_entry": 33.36222688731485,
           "ema_dist_close": 0.0005502583235776531,
           "ema_dist_entry": 0.0031339629780845865,
           "ema_span_0": 1397.252070740439,
           "ema_span_1": 60.93015402925925,
           "enabled": true,
           "markup_range": 0.0018965916370247814,
           "min_markup": 0.0051231157413267475,
           "n_close_orders": 6,
           "qty_pct_close": 0.040743450452498775,
           "qty_pct_entry": 0.01,
           "wallet_exposure_limit": 1.0,
           "we_multiplier_close": 1.2273091021379063,
           "we_multiplier_entry": 97.04688607502878}}