{"config_name": "clock_0days",
 "long": {"backwards_tp": true,
          "delay_between_fills_minutes_close": 1170.9093350916207,
          "delay_between_fills_minutes_entry": 1307.8924805016031,
          "delay_weight_close": 95.31132436403666,
          "delay_weight_entry": 15.042703465476814,
          "ema_dist_close": 0.0027161816335064363,
          "ema_dist_entry": -0.03569535254732023,
          "ema_span_0": 557.8960347161204,
          "ema_span_1": 958.6082253634316,
          "enabled": true,
          "markup_range": 0.031193885049387454,
          "min_markup": 0.0010000479381672156,
          "n_close_orders": 5,
          "qty_pct_close": 0.025422836820478453,
          "qty_pct_entry": 0.010187933722081374,
          "wallet_exposure_limit": 1.0,
          "we_multiplier_close": 0,
          "we_multiplier_entry": 26.840802669550104},
 "short": {"backwards_tp": true,
           "delay_between_fills_minutes_close": 835.9650119261806,
           "delay_between_fills_minutes_entry": 443.32745323360405,
           "delay_weight_close": 80.67728629649129,
           "delay_weight_entry": 16.196048428419395,
           "ema_dist_close": -0.0001595590496568423,
           "ema_dist_entry": -0.004714412741878419,
           "ema_span_0": 1422.1727419611511,
           "ema_span_1": 1359.5693247418312,
           "enabled": true,
           "markup_range": 0.011656736129494033,
           "min_markup": 0.003416448775540605,
           "n_close_orders": 5,
           "qty_pct_close": 0.017429618659614877,
           "qty_pct_entry": 0.011307211845225663,
           "wallet_exposure_limit": 1.0,
           "we_multiplier_close": 2.9117189092685534,
           "we_multiplier_entry": 79.9259554120057}}