{"config_name": "clock_0days",
 "long": {"backwards_tp": true,
          "delay_between_fills_minutes_close": 1277.6950044623493,
          "delay_between_fills_minutes_entry": 1091.7164971949574,
          "delay_weight_close": 71.46296974968286,
          "delay_weight_entry": 14.628453521143626,
          "ema_dist_close": -0.010739185066291727,
          "ema_dist_entry": -0.0011294585141699404,
          "ema_span_0": 1007.6844507934519,
          "ema_span_1": 1384.7754028915938,
          "enabled": true,
          "markup_range": 0.057382159336698504,
          "min_markup": 0.028182947752841293,
          "n_close_orders": 11,
          "qty_pct_close": 0.09803742786433833,
          "qty_pct_entry": 0.012040140563524537,
          "wallet_exposure_limit": 1.0,
          "we_multiplier_close": 5.656168492958469,
          "we_multiplier_entry": 39.06800988423066},
 "short": {"backwards_tp": true,
           "delay_between_fills_minutes_close": 1056.4904956259213,
           "delay_between_fills_minutes_entry": 622.6054377238105,
           "delay_weight_close": 52.62940375275428,
           "delay_weight_entry": 5.945961861928276,
           "ema_dist_close": -0.007979316462063903,
           "ema_dist_entry": 0.0002805727659567129,
           "ema_span_0": 936.5555021017379,
           "ema_span_1": 988.7897457773533,
           "enabled": true,
           "markup_range": 0.033500319606347896,
           "min_markup": 0.013026259805103958,
           "n_close_orders": 15,
           "qty_pct_close": 0.026178643779718958,
           "qty_pct_entry": 0.011558814644198088,
           "wallet_exposure_limit": 1.0,
           "we_multiplier_close": 1.411549837489303,
           "we_multiplier_entry": 58.34893288946022}}