{"config_name": "clock_0days",
 "long": {"backwards_tp": true,
          "delay_between_fills_minutes_close": 1152.562601540285,
          "delay_between_fills_minutes_entry": 1368.6449148379568,
          "delay_weight_close": 71.62286442407664,
          "delay_weight_entry": 15.054167249633233,
          "ema_dist_close": -0.00191430910719219,
          "ema_dist_entry": 0.0012171130882487346,
          "ema_span_0": 851.7650462394729,
          "ema_span_1": 1201.5853841539745,
          "enabled": true,
          "markup_range": 0.015263574634594766,
          "min_markup": 0.0078011179723891065,
          "n_close_orders": 9,
          "qty_pct_close": 0.06086131501348294,
          "qty_pct_entry": 0.010848821136155127,
          "wallet_exposure_limit": 1.0,
          "we_multiplier_close": 96.25185980070398,
          "we_multiplier_entry": 71.18062360818338},
 "short": {"backwards_tp": true,
           "delay_between_fills_minutes_close": 1071.3864057331507,
           "delay_between_fills_minutes_entry": 1263.5584798913947,
           "delay_weight_close": 56.760803014264546,
           "delay_weight_entry": 21.87038581203465,
           "ema_dist_close": -0.0014901318126386517,
           "ema_dist_entry": -0.002373354310736654,
           "ema_span_0": 821.4636054314352,
           "ema_span_1": 1109.275344609106,
           "enabled": true,
           "markup_range": 0.0056187116119774776,
           "min_markup": 0.004732121474424819,
           "n_close_orders": 5,
           "qty_pct_close": 0.019049338386295734,
           "qty_pct_entry": 0.01620523266691561,
           "wallet_exposure_limit": 1.0,
           "we_multiplier_close": 1.8557328466415295,
           "we_multiplier_entry": 89.4964199011691}}