{"config_name": "clock_0days",
 "long": {"backwards_tp": true,
          "delay_between_fills_minutes_close": 1382.0347269938368,
          "delay_between_fills_minutes_entry": 708.161230159774,
          "delay_weight_close": 61.356676691439766,
          "delay_weight_entry": 11.35189578624044,
          "ema_dist_close": -0.028877961311567203,
          "ema_dist_entry": 0.0039503414887585965,
          "ema_span_0": 1110.0168241613417,
          "ema_span_1": 615.6688369534966,
          "enabled": true,
          "markup_range": 0.027782157464525063,
          "min_markup": 0.018157315751295887,
          "n_close_orders": 13,
          "qty_pct_close": 0.01639819759646535,
          "qty_pct_entry": 0.010007887164073899,
          "wallet_exposure_limit": 1.0,
          "we_multiplier_close": 7.061613347477579e-05,
          "we_multiplier_entry": 77.3181162145486},
 "short": {"backwards_tp": true,
           "delay_between_fills_minutes_close": 1282.2454779957206,
           "delay_between_fills_minutes_entry": 902.5114837462045,
           "delay_weight_close": 11.628459371058181,
           "delay_weight_entry": 6.946485645905525,
           "ema_dist_close": 0.0020224042223619273,
           "ema_dist_entry": -0.008843743264778001,
           "ema_span_0": 908.6495194241106,
           "ema_span_1": 1408.5327066934797,
           "enabled": true,
           "markup_range": 0.025125645092348454,
           "min_markup": 0.005656418667113274,
           "n_close_orders": 9,
           "qty_pct_close": 0.045683557416935416,
           "qty_pct_entry": 0.01,
           "wallet_exposure_limit": 1.0,
           "we_multiplier_close": 2.3373775949728817,
           "we_multiplier_entry": 72.54801306950674}}