{"config_name": "clock_0days",
 "long": {"backwards_tp": true,
          "delay_between_fills_minutes_close": 1233.5102299508333,
          "delay_between_fills_minutes_entry": 751.951843319965,
          "delay_weight_close": 96.80035216977281,
          "delay_weight_entry": 27.69738451016978,
          "ema_dist_close": -0.0030571382955598614,
          "ema_dist_entry": 0.00293086445217959,
          "ema_span_0": 23.8383601587274,
          "ema_span_1": 295.90548035991554,
          "enabled": true,
          "markup_range": 0.051327304097918816,
          "min_markup": 0.024261965298143805,
          "n_close_orders": 5,
          "qty_pct_close": 0.057101716618262396,
          "qty_pct_entry": 0.01,
          "wallet_exposure_limit": 1.0,
          "we_multiplier_close": 2.1406191047523246,
          "we_multiplier_entry": 89.82679368089848},
 "short": {"backwards_tp": true,
           "delay_between_fills_minutes_close": 1188.957789123684,
           "delay_between_fills_minutes_entry": 1160.4484382995158,
           "delay_weight_close": 95.66786187350854,
           "delay_weight_entry": 6.223795798787451,
           "ema_dist_close": -0.02093311940753002,
           "ema_dist_entry": -0.0119202109572082,
           "ema_span_0": 1049.0696600937251,
           "ema_span_1": 310.5630840505134,
           "enabled": true,
           "markup_range": 0.02535402856100136,
           "min_markup": 0.023822752004307134,
           "n_close_orders": 7,
           "qty_pct_close": 0.01,
           "qty_pct_entry": 0.01,
           "wallet_exposure_limit": 1.0,
           "we_multiplier_close": 0.4453227727434805,
           "we_multiplier_entry": 89.51646095087447}}