{"config_name": "clock_0days",
 "long": {"backwards_tp": true,
          "delay_between_fills_minutes_close": 1176.471551759958,
          "delay_between_fills_minutes_entry": 1340.2580713397756,
          "delay_weight_close": 42.23128719585057,
          "delay_weight_entry": 42.91044190279322,
          "ema_dist_close": 0.003383210532088875,
          "ema_dist_entry": 0.003990237980394423,
          "ema_span_0": 230.62847203936013,
          "ema_span_1": 961.5440151313414,
          "enabled": true,
          "markup_range": 0.016797632503256537,
          "min_markup": 0.0012010513580351628,
          "n_close_orders": 12,
          "qty_pct_close": 0.09999482187542229,
          "qty_pct_entry": 0.010000058257110587,
          "wallet_exposure_limit": 1.0,
          "we_multiplier_close": 0.08029921257687853,
          "we_multiplier_entry": 13.32577869825439},
 "short": {"backwards_tp": true,
           "delay_between_fills_minutes_close": 1325.782702879422,
           "delay_between_fills_minutes_entry": 1189.2171474277698,
           "delay_weight_close": 66.13268422519097,
           "delay_weight_entry": 15.944453967848716,
           "ema_dist_close": -0.04876248903158314,
           "ema_dist_entry": 0.003996161744045012,
           "ema_span_0": 903.141752326756,
           "ema_span_1": 882.0571721782424,
           "enabled": true,
           "markup_range": 0.048490353676695026,
           "min_markup": 0.006870899197614985,
           "n_close_orders": 10,
           "qty_pct_close": 0.04125765623833697,
           "qty_pct_entry": 0.010005620067275236,
           "wallet_exposure_limit": 1.0,
           "we_multiplier_close": 71.11824591235704,
           "we_multiplier_entry": 91.92202270491357}}