{"config_name": "clock_0days",
 "long": {"backwards_tp": true,
          "delay_between_fills_minutes_close": 763.9696815314132,
          "delay_between_fills_minutes_entry": 808.7693900323159,
          "delay_weight_close": 38.69267306707511,
          "delay_weight_entry": 9.558241643037173,
          "ema_dist_close": 0.004,
          "ema_dist_entry": 0.003966129762421446,
          "ema_span_0": 5,
          "ema_span_1": 1440.0,
          "enabled": true,
          "markup_range": 0.05829504395927162,
          "min_markup": 0.0032756080496022105,
          "n_close_orders": 5,
          "qty_pct_close": 0.0705461234189693,
          "qty_pct_entry": 0.016989404806756474,
          "wallet_exposure_limit": 1.0,
          "we_multiplier_close": 8.99567922597982,
          "we_multiplier_entry": 24.82548219661021},
 "short": {"backwards_tp": true,
           "delay_between_fills_minutes_close": 1323.794146402271,
           "delay_between_fills_minutes_entry": 515.0137554409242,
           "delay_weight_close": 89.0184652033337,
           "delay_weight_entry": 3.062246177301744,
           "ema_dist_close": 0.0035883770231887806,
           "ema_dist_entry": 0.003998376643246804,
           "ema_span_0": 1075.8156681071714,
           "ema_span_1": 1436.996246880217,
           "enabled": true,
           "markup_range": 0.013597603509755175,
           "min_markup": 0.001969171912807315,
           "n_close_orders": 11,
           "qty_pct_close": 0.01088549890962032,
           "qty_pct_entry": 0.014795685602550316,
           "wallet_exposure_limit": 1.0,
           "we_multiplier_close": 10.605043562943068,
           "we_multiplier_entry": 72.7189050621645}}