{"config_name": "clock_0days",
 "long": {"backwards_tp": true,
          "delay_between_fills_minutes_close": 1276.852500248147,
          "delay_between_fills_minutes_entry": 1008.5519626203122,
          "delay_weight_close": 66.41087309284174,
          "delay_weight_entry": 12.24897627799197,
          "ema_dist_close": 0.00399089872157404,
          "ema_dist_entry": -0.00024373918192936627,
          "ema_span_0": 1391.433368948319,
          "ema_span_1": 1076.7809495527774,
          "enabled": true,
          "markup_range": 0.01750539548374653,
          "min_markup": 0.029788308350200243,
          "n_close_orders": 12,
          "qty_pct_close": 0.0211204814656308,
          "qty_pct_entry": 0.01422149307825075,
          "wallet_exposure_limit": 1.0,
          "we_multiplier_close": 1.2769111619475546,
          "we_multiplier_entry": 32.54793455307039},
 "short": {"backwards_tp": true,
           "delay_between_fills_minutes_close": 1040.3564644869127,
           "delay_between_fills_minutes_entry": 994.0050908222286,
           "delay_weight_close": 47.94087910287293,
           "delay_weight_entry": 18.530199997858293,
           "ema_dist_close": 0.0006300871745831642,
           "ema_dist_entry": -0.0009332232916180366,
           "ema_span_0": 1224.4674881444441,
           "ema_span_1": 1159.9897982028278,
           "enabled": true,
           "markup_range": 0.030421762057667973,
           "min_markup": 0.00367133759948258,
           "n_close_orders": 15,
           "qty_pct_close": 0.022586109971007608,
           "qty_pct_entry": 0.015007774595654314,
           "wallet_exposure_limit": 1.0,
           "we_multiplier_close": 9.385692454330913,
           "we_multiplier_entry": 39.40806683245403}}