{"config_name": "clock_0days",
 "long": {"backwards_tp": true,
          "delay_between_fills_minutes_close": 1038.9201643702606,
          "delay_between_fills_minutes_entry": 1437.6857039957029,
          "delay_weight_close": 27.075580771197128,
          "delay_weight_entry": 15.950188515717711,
          "ema_dist_close": 0.002435721984919285,
          "ema_dist_entry": 0.0035474896607351337,
          "ema_span_0": 1440.0,
          "ema_span_1": 1420.1576901369024,
          "enabled": true,
          "markup_range": 0.05287481847724865,
          "min_markup": 0.007348259647674855,
          "n_close_orders": 14,
          "qty_pct_close": 0.056857447271792615,
          "qty_pct_entry": 0.012273544232828126,
          "wallet_exposure_limit": 1.0,
          "we_multiplier_close": 52.47525210492731,
          "we_multiplier_entry": 36.54625662098275},
 "short": {"backwards_tp": true,
           "delay_between_fills_minutes_close": 1130.6340907128758,
           "delay_between_fills_minutes_entry": 1221.8065450618942,
           "delay_weight_close": 72.32559333470998,
           "delay_weight_entry": 10.614046705542219,
           "ema_dist_close": 0.003908308226385685,
           "ema_dist_entry": -0.009346941597163871,
           "ema_span_0": 1393.657227796241,
           "ema_span_1": 691.0407817001886,
           "enabled": true,
           "markup_range": 0.0013356955169941188,
           "min_markup": 0.007883157955982828,
           "n_close_orders": 12,
           "qty_pct_close": 0.031186407837968517,
           "qty_pct_entry": 0.010008936464282655,
           "wallet_exposure_limit": 1.0,
           "we_multiplier_close": 92.98410681171579,
           "we_multiplier_entry": 99.84522035665695}}