{"config_name": "clock_0days",
 "long": {"backwards_tp": true,
          "delay_between_fills_minutes_close": 1315.3056149018018,
          "delay_between_fills_minutes_entry": 1201.7905640276033,
          "delay_weight_close": 51.62503105945989,
          "delay_weight_entry": 11.010690919411529,
          "ema_dist_close": -0.022010593464673177,
          "ema_dist_entry": -0.011271356577896683,
          "ema_span_0": 941.6267767881978,
          "ema_span_1": 877.8423163721036,
          "enabled": true,
          "markup_range": 0.046341254453253704,
          "min_markup": 0.009990974270849896,
          "n_close_orders": 16,
          "qty_pct_close": 0.02339698892639773,
          "qty_pct_entry": 0.012369158584026166,
          "wallet_exposure_limit": 1.0,
          "we_multiplier_close": 0.014280689764029198,
          "we_multiplier_entry": 51.35825620145132},
 "short": {"backwards_tp": true,
           "delay_between_fills_minutes_close": 1304.4678055040529,
           "delay_between_fills_minutes_entry": 1140.1134135060672,
           "delay_weight_close": 17.39889650859109,
           "delay_weight_entry": 15.628310720470985,
           "ema_dist_close": -0.00012753849121275202,
           "ema_dist_entry": 0.00045781207504196937,
           "ema_span_0": 155.21347392598713,
           "ema_span_1": 1352.2404138153152,
           "enabled": true,
           "markup_range": 0.05190266334604409,
           "min_markup": 0.009460176580590507,
           "n_close_orders": 14,
           "qty_pct_close": 0.016950285412879743,
           "qty_pct_entry": 0.010000959789841148,
           "wallet_exposure_limit": 1.0,
           "we_multiplier_close": 5.42754723758513,
           "we_multiplier_entry": 15.313533944725009}}