{"config_name": "clock_0days",
 "long": {"backwards_tp": true,
          "delay_between_fills_minutes_close": 1413.1862804004916,
          "delay_between_fills_minutes_entry": 994.9504420688073,
          "delay_weight_close": 42.71606172953838,
          "delay_weight_entry": 6.193966376081945,
          "ema_dist_close": -0.0028609347077853814,
          "ema_dist_entry": -0.009796558118506124,
          "ema_span_0": 1400.1754063482774,
          "ema_span_1": 1077.5375098916456,
          "enabled": true,
          "markup_range": 0.0408246722946205,
          "min_markup": 0.025471986271335016,
          "n_close_orders": 9,
          "qty_pct_close": 0.010100017918382269,
          "qty_pct_entry": 0.010104561341331312,
          "wallet_exposure_limit": 1.0,
          "we_multiplier_close": 0.19755150242202127,
          "we_multiplier_entry": 6.760402833103315},
 "short": {"backwards_tp": true,
           "delay_between_fills_minutes_close": 1304.003621234323,
           "delay_between_fills_minutes_entry": 485.8283256710771,
           "delay_weight_close": 50.45020180142644,
           "delay_weight_entry": 18.032497616058485,
           "ema_dist_close": 0.003794896551198945,
           "ema_dist_entry": -0.027434737384206275,
           "ema_span_0": 1106.387663063866,
           "ema_span_1": 363.06545122373893,
           "enabled": true,
           "markup_range": 0.006715558938936219,
           "min_markup": 0.004223129041516523,
           "n_close_orders": 5,
           "qty_pct_close": 0.019690459808411984,
           "qty_pct_entry": 0.01315336361398858,
           "wallet_exposure_limit": 1.0,
           "we_multiplier_close": 1.184432192396856,
           "we_multiplier_entry": 88.5954039842384}}