{"config_name": "clock_0days",
 "long": {"backwards_tp": true,
          "delay_between_fills_minutes_close": 26.57470039678291,
          "delay_between_fills_minutes_entry": 356.99732027597184,
          "delay_weight_close": 34.233868633155296,
          "delay_weight_entry": 17.049723292125627,
          "ema_dist_close": 0.004,
          "ema_dist_entry": -0.0008072216945985416,
          "ema_span_0": 1439.6673355449884,
          "ema_span_1": 1327.120474727819,
          "enabled": true,
          "markup_range": 0.05999999707346045,
          "min_markup": 0.008547887219232797,
          "n_close_orders": 14,
          "qty_pct_close": 0.03453059673537803,
          "qty_pct_entry": 0.016045471737134102,
          "wallet_exposure_limit": 1.0,
          "we_multiplier_close": 5.107577226390996,
          "we_multiplier_entry": 13.712874991003899},
 "short": {"backwards_tp": true,
           "delay_between_fills_minutes_close": 1431.925452997142,
           "delay_between_fills_minutes_entry": 1130.9880519074688,
           "delay_weight_close": 15.226152700301599,
           "delay_weight_entry": 13.54673797321387,
           "ema_dist_close": -0.0005644077208265579,
           "ema_dist_entry": -0.0014937558921820854,
           "ema_span_0": 609.2138698467344,
           "ema_span_1": 661.2145629960285,
           "enabled": true,
           "markup_range": 0.01744823189831054,
           "min_markup": 0.00528153382842411,
           "n_close_orders": 10,
           "qty_pct_close": 0.010040926719198278,
           "qty_pct_entry": 0.010000016650942719,
           "wallet_exposure_limit": 1.0,
           "we_multiplier_close": 0.9351080360809307,
           "we_multiplier_entry": 71.09757666842553}}