{"config_name": "clock_0days",
 "long": {"backwards_tp": true,
          "delay_between_fills_minutes_close": 1013.067591918579,
          "delay_between_fills_minutes_entry": 1427.2615789464232,
          "delay_weight_close": 19.78497029455284,
          "delay_weight_entry": 5.617286437960766,
          "ema_dist_close": 0.0012364906039157575,
          "ema_dist_entry": -0.0006510276393841535,
          "ema_span_0": 316.7882256468728,
          "ema_span_1": 1317.4466611307412,
          "enabled": true,
          "markup_range": 0.05306996852149247,
          "min_markup": 0.025411731161354315,
          "n_close_orders": 13,
          "qty_pct_close": 0.019912028188974765,
          "qty_pct_entry": 0.012121166866390769,
          "wallet_exposure_limit": 1.0,
          "we_multiplier_close": 0.6200344762064589,
          "we_multiplier_entry": 56.86072668130471},
 "short": {"backwards_tp": true,
           "delay_between_fills_minutes_close": 637.8413528213936,
           "delay_between_fills_minutes_entry": 497.1490077099323,
           "delay_weight_close": 99.65555968028507,
           "delay_weight_entry": 0.24941411163710664,
           "ema_dist_close": -0.006229409321987505,
           "ema_dist_entry": -0.01215800263100345,
           "ema_span_0": 1314.9574891224352,
           "ema_span_1": 566.2828028484932,
           "enabled": true,
           "markup_range": 0.051563489409968626,
           "min_markup": 0.0038883525616894613,
           "n_close_orders": 6,
           "qty_pct_close": 0.012661661747655489,
           "qty_pct_entry": 0.021156328258180146,
           "wallet_exposure_limit": 1.0,
           "we_multiplier_close": 1.4213619129921586,
           "we_multiplier_entry": 44.84263268875803}}