{"config_name": "clock_0days",
 "long": {"backwards_tp": true,
          "delay_between_fills_minutes_close": 1350.9200627844277,
          "delay_between_fills_minutes_entry": 1417.0939816666469,
          "delay_weight_close": 38.11226940840036,
          "delay_weight_entry": 22.998293469892996,
          "ema_dist_close": -0.005739927846718277,
          "ema_dist_entry": 0.0010980168270680866,
          "ema_span_0": 1413.267752841288,
          "ema_span_1": 396.0001355011477,
          "enabled": true,
          "markup_range": 0.05637995594251537,
          "min_markup": 0.007659083146400961,
          "n_close_orders": 13,
          "qty_pct_close": 0.09998039773676629,
          "qty_pct_entry": 0.01759027246523587,
          "wallet_exposure_limit": 1.0,
          "we_multiplier_close": 57.71316051497539,
          "we_multiplier_entry": 39.76260138446928},
 "short": {"backwards_tp": true,
           "delay_between_fills_minutes_close": 1405.9107620363116,
           "delay_between_fills_minutes_entry": 996.5454433856363,
           "delay_weight_close": 10.423208272526901,
           "delay_weight_entry": 24.47903804721358,
           "ema_dist_close": -0.01701141707872734,
           "ema_dist_entry": 0.003982857232521797,
           "ema_span_0": 1293.3598219759567,
           "ema_span_1": 902.8324140884621,
           "enabled": true,
           "markup_range": 0.032224630975536336,
           "min_markup": 0.009988057673721115,
           "n_close_orders": 6,
           "qty_pct_close": 0.09649752370034709,
           "qty_pct_entry": 0.010124003471799568,
           "wallet_exposure_limit": 1.0,
           "we_multiplier_close": 27.90636423785398,
           "we_multiplier_entry": 89.47743801146848}}