{"config_name": "clock_0days",
 "long": {"backwards_tp": true,
          "delay_between_fills_minutes_close": 683.2669026684138,
          "delay_between_fills_minutes_entry": 1084.880433904927,
          "delay_weight_close": 1.0231693787844867,
          "delay_weight_entry": 13.926062018639906,
          "ema_dist_close": 0.003660642965763176,
          "ema_dist_entry": -0.002730820429645798,
          "ema_span_0": 1193.3253239921987,
          "ema_span_1": 1319.5201585779675,
          "enabled": true,
          "markup_range": 0.006924078659744231,
          "min_markup": 0.023138003765461154,
          "n_close_orders": 15,
          "qty_pct_close": 0.04457827403745137,
          "qty_pct_entry": 0.016250458933997028,
          "wallet_exposure_limit": 1.0,
          "we_multiplier_close": 1.1569267771190856,
          "we_multiplier_entry": 38.43726119086912},
 "short": {"backwards_tp": true,
           "delay_between_fills_minutes_close": 1361.210134606754,
           "delay_between_fills_minutes_entry": 1099.5709534087703,
           "delay_weight_close": 40.06128195990444,
           "delay_weight_entry": 6.583804890454735,
           "ema_dist_close": -0.001533486556659028,
           "ema_dist_entry": -0.006848935095668431,
           "ema_span_0": 1063.1324192373352,
           "ema_span_1": 1139.262552458734,
           "enabled": true,
           "markup_range": 0.027800263305359153,
           "min_markup": 0.00712795030929129,
           "n_close_orders": 8,
           "qty_pct_close": 0.013830529709759024,
           "qty_pct_entry": 0.012617893628439611,
           "wallet_exposure_limit": 1.0,
           "we_multiplier_close": 1.3264557845257396,
           "we_multiplier_entry": 28.35725325985353}}