{"config_name": "clock_0days",
 "long": {"backwards_tp": true,
          "delay_between_fills_minutes_close": 1439.8390549311623,
          "delay_between_fills_minutes_entry": 1379.081433267842,
          "delay_weight_close": 30.020477001764345,
          "delay_weight_entry": 13.348213474619866,
          "ema_dist_close": 0.003994573610607603,
          "ema_dist_entry": 0.003998734313160782,
          "ema_span_0": 1335.7296915680492,
          "ema_span_1": 1108.9430030979013,
          "enabled": true,
          "markup_range": 0.05445472025572703,
          "min_markup": 0.006270129940953841,
          "n_close_orders": 11,
          "qty_pct_close": 0.01178937586546264,
          "qty_pct_entry": 0.01150433802230894,
          "wallet_exposure_limit": 1.0,
          "we_multiplier_close": 28.229067517856077,
          "we_multiplier_entry": 38.49511976212329},
 "short": {"backwards_tp": true,
           "delay_between_fills_minutes_close": 1209.9751502468791,
           "delay_between_fills_minutes_entry": 495.837986397686,
           "delay_weight_close": 76.75196923990381,
           "delay_weight_entry": 17.274246328821206,
           "ema_dist_close": -0.001477322030368263,
           "ema_dist_entry": -0.015872860120613737,
           "ema_span_0": 1392.834008812679,
           "ema_span_1": 1029.97933691961,
           "enabled": true,
           "markup_range": 0.004113609950588248,
           "min_markup": 0.00771386662220822,
           "n_close_orders": 6,
           "qty_pct_close": 0.06139178635922418,
           "qty_pct_entry": 0.012048203076955423,
           "wallet_exposure_limit": 1.0,
           "we_multiplier_close": 0.7122535204809958,
           "we_multiplier_entry": 67.91009580409282}}