{"config_name": "clock_0days",
 "long": {"backwards_tp": true,
          "delay_between_fills_minutes_close": 1432.9538563436492,
          "delay_between_fills_minutes_entry": 1253.6572482266627,
          "delay_weight_close": 21.355479068902113,
          "delay_weight_entry": 13.88117746637617,
          "ema_dist_close": -0.02649364703166805,
          "ema_dist_entry": -0.00927558727672258,
          "ema_span_0": 1069.4020027323265,
          "ema_span_1": 1128.4061932507243,
          "enabled": true,
          "markup_range": 0.05831674859370626,
          "min_markup": 0.029989072138891477,
          "n_close_orders": 12,
          "qty_pct_close": 0.015642399599751857,
          "qty_pct_entry": 0.01235480290920655,
          "wallet_exposure_limit": 1.0,
          "we_multiplier_close": 0.5673529266931231,
          "we_multiplier_entry": 6.265093071309673},
 "short": {"backwards_tp": true,
           "delay_between_fills_minutes_close": 1222.6622539639427,
           "delay_between_fills_minutes_entry": 424.64282505314117,
           "delay_weight_close": 87.65143761393401,
           "delay_weight_entry": 15.876065909473693,
           "ema_dist_close": -0.0036187854928778503,
           "ema_dist_entry": -0.02661697320602072,
           "ema_span_0": 1398.1835664665846,
           "ema_span_1": 1300.7891131132674,
           "enabled": true,
           "markup_range": 0.0018435324148128292,
           "min_markup": 0.010363343057361448,
           "n_close_orders": 6,
           "qty_pct_close": 0.09864626642965946,
           "qty_pct_entry": 0.013646210240983229,
           "wallet_exposure_limit": 1.0,
           "we_multiplier_close": 0.008527123654546373,
           "we_multiplier_entry": 54.0631562075957}}