{"config_name": "clock_0days",
 "long": {"backwards_tp": true,
          "delay_between_fills_minutes_close": 1108.8280081574037,
          "delay_between_fills_minutes_entry": 883.4647517761148,
          "delay_weight_close": 68.86602995696431,
          "delay_weight_entry": 10.394040980138461,
          "ema_dist_close": 0.003861388739246647,
          "ema_dist_entry": -0.04412464360152769,
          "ema_span_0": 161.5737346245703,
          "ema_span_1": 476.45170525293037,
          "enabled": true,
          "markup_range": 0.04157125835751153,
          "min_markup": 0.02807004959426155,
          "n_close_orders": 9,
          "qty_pct_close": 0.01000000405399029,
          "qty_pct_entry": 0.01,
          "wallet_exposure_limit": 1.0,
          "we_multiplier_close": 5.510858163870045,
          "we_multiplier_entry": 74.54916292703422},
 "short": {"backwards_tp": true,
           "delay_between_fills_minutes_close": 1348.1981402906094,
           "delay_between_fills_minutes_entry": 755.1147039291021,
           "delay_weight_close": 45.83855601297739,
           "delay_weight_entry": 6.58058425506349,
           "ema_dist_close": 0.0032419015910619816,
           "ema_dist_entry": -0.013910226138107492,
           "ema_span_0": 1264.9667286665679,
           "ema_span_1": 40.672798807873,
           "enabled": true,
           "markup_range": 0.024447450141524205,
           "min_markup": 0.025752154064780815,
           "n_close_orders": 13,
           "qty_pct_close": 0.025438504814450234,
           "qty_pct_entry": 0.01948790627615343,
           "wallet_exposure_limit": 1.0,
           "we_multiplier_close": 3.4459691529968826,
           "we_multiplier_entry": 59.57746861558431}}