{"config_name": "clock_0days",
 "long": {"backwards_tp": true,
          "delay_between_fills_minutes_close": 1439.0570009660055,
          "delay_between_fills_minutes_entry": 1423.9883930572707,
          "delay_weight_close": 78.55397365529107,
          "delay_weight_entry": 21.896266258772332,
          "ema_dist_close": -0.034042427300613,
          "ema_dist_entry": 0.003916843002328255,
          "ema_span_0": 842.9748277629658,
          "ema_span_1": 305.17795555138093,
          "enabled": true,
          "markup_range": 0.040419046577495,
          "min_markup": 0.008806087475222275,
          "n_close_orders": 5,
          "qty_pct_close": 0.04333825203575165,
          "qty_pct_entry": 0.014457570010760196,
          "wallet_exposure_limit": 1.0,
          "we_multiplier_close": 68.40088312289008,
          "we_multiplier_entry": 89.92206789633111},
 "short": {"backwards_tp": true,
           "delay_between_fills_minutes_close": 1374.7425826326794,
           "delay_between_fills_minutes_entry": 721.2607234997637,
           "delay_weight_close": 33.33436799794405,
           "delay_weight_entry": 11.7675555921755,
           "ema_dist_close": 0.003703317914365742,
           "ema_dist_entry": -0.005559646532875872,
           "ema_span_0": 1286.8075568500403,
           "ema_span_1": 362.502535896191,
           "enabled": true,
           "markup_range": 0.05969071954875024,
           "min_markup": 0.004617143932146513,
           "n_close_orders": 14,
           "qty_pct_close": 0.017169400279881813,
           "qty_pct_entry": 0.010239032760336487,
           "wallet_exposure_limit": 1.0,
           "we_multiplier_close": 1.1342031560770516,
           "we_multiplier_entry": 47.34586950243481}}