{"config_name": "clock_0days",
 "long": {"backwards_tp": true,
          "delay_between_fills_minutes_close": 1147.4383276703727,
          "delay_between_fills_minutes_entry": 924.8776547064732,
          "delay_weight_close": 91.28444568438141,
          "delay_weight_entry": 13.553834344391513,
          "ema_dist_close": -0.043033566725004226,
          "ema_dist_entry": -0.009761123457479608,
          "ema_span_0": 1406.1709435343118,
          "ema_span_1": 516.6060148614474,
          "enabled": true,
          "markup_range": 0.05981796501511574,
          "min_markup": 0.029961299581931715,
          "n_close_orders": 7,
          "qty_pct_close": 0.010000317072850705,
          "qty_pct_entry": 0.01802849075778629,
          "wallet_exposure_limit": 1.0,
          "we_multiplier_close": 0.00013337123838705754,
          "we_multiplier_entry": 6.8911921531914375},
 "short": {"backwards_tp": true,
           "delay_between_fills_minutes_close": 1202.294255220238,
           "delay_between_fills_minutes_entry": 635.3247329328902,
           "delay_weight_close": 66.46286431999211,
           "delay_weight_entry": 0.4621764180466189,
           "ema_dist_close": -0.0014917296079883732,
           "ema_dist_entry": 0.002365380405440686,
           "ema_span_0": 1298.116537281313,
           "ema_span_1": 602.6980056873833,
           "enabled": true,
           "markup_range": 0.030356182124411712,
           "min_markup": 0.0038570422981517127,
           "n_close_orders": 13,
           "qty_pct_close": 0.011768030992167403,
           "qty_pct_entry": 0.011247321732955456,
           "wallet_exposure_limit": 1.0,
           "we_multiplier_close": 1.2066316616944648,
           "we_multiplier_entry": 81.57404364792322}}