{"config_name": "clock_0days",
 "long": {"backwards_tp": true,
          "delay_between_fills_minutes_close": 1430.121588664279,
          "delay_between_fills_minutes_entry": 1069.3795558618756,
          "delay_weight_close": 90.63992908384346,
          "delay_weight_entry": 20.071940678565607,
          "ema_dist_close": -0.044410463735884545,
          "ema_dist_entry": 0.004,
          "ema_span_0": 674.0074022417856,
          "ema_span_1": 1166.1030349041387,
          "enabled": true,
          "markup_range": 0.05530319996545765,
          "min_markup": 0.004383169776111625,
          "n_close_orders": 10,
          "qty_pct_close": 0.06740605195205403,
          "qty_pct_entry": 0.015773727573759756,
          "wallet_exposure_limit": 1.0,
          "we_multiplier_close": 6.481624165416751,
          "we_multiplier_entry": 63.966378969094855},
 "short": {"backwards_tp": true,
           "delay_between_fills_minutes_close": 1023.5970508887049,
           "delay_between_fills_minutes_entry": 632.4631424448646,
           "delay_weight_close": 65.23752932400359,
           "delay_weight_entry": 0.5543541398065931,
           "ema_dist_close": 0.001435451351808932,
           "ema_dist_entry": 0.0022716277032671897,
           "ema_span_0": 1236.5394851946444,
           "ema_span_1": 583.5142542031907,
           "enabled": true,
           "markup_range": 0.027848685965595726,
           "min_markup": 0.0035247674003324536,
           "n_close_orders": 14,
           "qty_pct_close": 0.013219232140882886,
           "qty_pct_entry": 0.010546870194315867,
           "wallet_exposure_limit": 1.0,
           "we_multiplier_close": 7.822628090362102,
           "we_multiplier_entry": 81.73028038698884}}