{"config_name": "clock_0days",
 "long": {"backwards_tp": true,
          "delay_between_fills_minutes_close": 783.3531179207645,
          "delay_between_fills_minutes_entry": 1374.6778803337465,
          "delay_weight_close": 8.957835178547336,
          "delay_weight_entry": 13.615472409266339,
          "ema_dist_close": -0.005825859082075321,
          "ema_dist_entry": -0.009305040466130782,
          "ema_span_0": 7.805743056639038,
          "ema_span_1": 1375.3975126656435,
          "enabled": true,
          "markup_range": 0.04986407151497897,
          "min_markup": 0.027626788351253817,
          "n_close_orders": 14,
          "qty_pct_close": 0.03337757003553524,
          "qty_pct_entry": 0.010004237863851793,
          "wallet_exposure_limit": 1.0,
          "we_multiplier_close": 0.0190679334093916,
          "we_multiplier_entry": 30.69640745813499},
 "short": {"backwards_tp": true,
           "delay_between_fills_minutes_close": 867.7104228001331,
           "delay_between_fills_minutes_entry": 423.7997825290751,
           "delay_weight_close": 75.18249739261559,
           "delay_weight_entry": 15.124209037213744,
           "ema_dist_close": 0.0030838959036530644,
           "ema_dist_entry": 0.0007798796314449853,
           "ema_span_0": 154.16913168581985,
           "ema_span_1": 1398.2655668831037,
           "enabled": true,
           "markup_range": 0.024705479708194176,
           "min_markup": 0.011450613734081209,
           "n_close_orders": 15,
           "qty_pct_close": 0.06156849974169093,
           "qty_pct_entry": 0.011128689176904313,
           "wallet_exposure_limit": 1.0,
           "we_multiplier_close": 0.48917976664453106,
           "we_multiplier_entry": 65.2427069121321}}