{
    "net_pnl_plus_fees": {
        "avg": 17.639104375866694,
        "std": 10.697498678825308,
        "min": 6.785549151000036,
        "max": 37.34154992700016,
        "vals": {
            "sub_run_000": 22.561473792000037,
            "sub_run_001": 20.693913859600006,
            "sub_run_002": 10.886335062999967,
            "sub_run_003": 7.565804462599958,
            "sub_run_004": 6.785549151000036,
            "full_run": 37.34154992700016
        }
    },
    "profit_sum": {
        "avg": 25.575816666666668,
        "std": 15.264605998899976,
        "min": 10.030470000000058,
        "max": 53.85068999999982,
        "vals": {
            "sub_run_000": 32.12489999999983,
            "sub_run_001": 30.04495000000019,
            "sub_run_002": 16.159750000000084,
            "sub_run_003": 11.244140000000028,
            "sub_run_004": 10.030470000000058,
            "full_run": 53.85068999999982
        }
    },
    "loss_sum": {
        "avg": 0.0,
        "std": 0.0,
        "min": 0.0,
        "max": 0.0,
        "vals": {
            "sub_run_000": 0.0,
            "sub_run_001": 0.0,
            "sub_run_002": 0.0,
            "sub_run_003": 0.0,
            "sub_run_004": 0.0,
            "full_run": 0.0
        }
    },
    "fee_sum": {
        "avg": -7.936712290800002,
        "std": 4.57115704723646,
        "min": -16.509140072999994,
        "max": -3.244920849000004,
        "vals": {
            "sub_run_000": -9.563426208000031,
            "sub_run_001": -9.351036140400002,
            "sub_run_002": -5.273414936999989,
            "sub_run_003": -3.678335537399991,
            "sub_run_004": -3.244920849000004,
            "full_run": -16.509140072999994
        }
    },
    "gain": {
        "avg": 1.8819552187933344,
        "std": 0.534874933941265,
        "min": 1.3392774575499988,
        "max": 2.867077496350006,
        "vals": {
            "sub_run_000": 2.128073689599999,
            "sub_run_001": 2.034695692980004,
            "sub_run_002": 1.5443167531499986,
            "sub_run_003": 1.3782902231299998,
            "sub_run_004": 1.3392774575499988,
            "full_run": 2.867077496350006
        }
    },
    "n_days": {
        "avg": 16.762159990354938,
        "std": 6.2160782604031715,
        "min": 9.017451944444444,
        "max": 27.999939386574074,
        "vals": {
            "sub_run_000": 9.017451944444444,
            "sub_run_001": 10.649748888888888,
            "sub_run_002": 15.697040104166666,
            "sub_run_003": 18.226293321759258,
            "sub_run_004": 18.982486296296297,
            "full_run": 27.999939386574074
        }
    },
    "average_daily_gain": {
        "avg": 1.04266791786245,
        "std": 0.026705670351238324,
        "min": 1.0155084899099014,
        "max": 1.0873576957314028,
        "vals": {
            "sub_run_000": 1.0873576957314028,
            "sub_run_001": 1.0689755426776557,
            "sub_run_002": 1.0280723819699031,
            "sub_run_003": 1.017759198874714,
            "sub_run_004": 1.0155084899099014,
            "full_run": 1.038334198011123
        }
    },
    "closest_liq": {
        "avg": 0.15157132888869004,
        "std": 0.010748947548740806,
        "min": 0.14040937210240315,
        "max": 0.16418115466952507,
        "vals": {
            "sub_run_000": 0.14040937210240315,
            "sub_run_001": 0.141924252584699,
            "sub_run_002": 0.1597420174259573,
            "sub_run_003": 0.16276180444715252,
            "sub_run_004": 0.16418115466952507,
            "full_run": 0.14040937210240315
        }
    },
    "n_fills": {
        "avg": 4861.0,
        "std": 1993.043317809893,
        "min": 2592,
        "max": 8339,
        "vals": {
            "sub_run_000": 5779,
            "sub_run_001": 5742,
            "sub_run_002": 3829,
            "sub_run_003": 2885,
            "sub_run_004": 2592,
            "full_run": 8339
        }
    },
    "n_closes": {
        "avg": 2543.0,
        "std": 1048.9496333634581,
        "min": 1346,
        "max": 4369,
        "vals": {
            "sub_run_000": 3029,
            "sub_run_001": 3012,
            "sub_run_002": 2000,
            "sub_run_003": 1502,
            "sub_run_004": 1346,
            "full_run": 4369
        }
    },
    "n_reentries": {
        "avg": 77.5,
        "std": 32.12345975555352,
        "min": 40,
        "max": 132,
        "vals": {
            "sub_run_000": 92,
            "sub_run_001": 94,
            "sub_run_002": 63,
            "sub_run_003": 44,
            "sub_run_004": 40,
            "full_run": 132
        }
    },
    "n_stop_losses": {
        "avg": 0.0,
        "std": 0.0,
        "min": 0,
        "max": 0,
        "vals": {
            "sub_run_000": 0,
            "sub_run_001": 0,
            "sub_run_002": 0,
            "sub_run_003": 0,
            "sub_run_004": 0,
            "full_run": 0
        }
    },
    "biggest_pos_size": {
        "avg": 0.7838333333333334,
        "std": 0.251127734208886,
        "min": 0.539,
        "max": 1.226,
        "vals": {
            "sub_run_000": 0.954,
            "sub_run_001": 0.842,
            "sub_run_002": 0.571,
            "sub_run_003": 0.539,
            "sub_run_004": 0.571,
            "full_run": 1.226
        }
    },
    "max_n_hours_stuck": {
        "avg": 30.67641115740741,
        "std": 12.646140744806923,
        "min": 10.099226111111111,
        "max": 42.33729833333334,
        "vals": {
            "sub_run_000": 10.099226111111111,
            "sub_run_001": 16.553843055555557,
            "sub_run_002": 36.36540055555555,
            "sub_run_003": 36.36540055555555,
            "sub_run_004": 42.33729833333334,
            "full_run": 42.33729833333334
        }
    },
    "seconds_elapsed": {
        "avg": 5.8279398282368975,
        "std": 1.8221153229703198,
        "min": 4.719064950942993,
        "max": 9.853796482086182,
        "vals": {
            "sub_run_000": 5.5956995487213135,
            "sub_run_001": 5.064042091369629,
            "sub_run_002": 4.892059087753296,
            "sub_run_003": 4.719064950942993,
            "sub_run_004": 4.842976808547974,
            "full_run": 9.853796482086182
        }
    },
    "n_sub_runs": 5,
    "total_seconds_elapsed": 35.61660838127136,
    "key": "f61a24f3b215de03c6a25cad4e5236aa34ada91bca7e64587f7078fcbd8a8abd",
    "balance_pct": 0.803,
    "ddown_factor": 2.994,
    "do_long": 1.0,
    "do_shrt": 1.0,
    "ema_span": 1.0,
    "ema_spread": 0.0,
    "entry_qty_pct": 0.00735,
    "grid_coefficient": 76.15,
    "grid_spacing": 0.02426,
    "leverage": 50.0,
    "max_markup": 0.01512,
    "min_close_qty_multiplier": 0.94,
    "min_markup": 0.00097,
    "n_close_orders": 22.0
}