{"config_name": "clock_0days",
 "long": {"backwards_tp": true,
          "delay_between_fills_minutes_close": 889.5149162451879,
          "delay_between_fills_minutes_entry": 744.7221322094242,
          "delay_weight_close": 0.0,
          "delay_weight_entry": 12.124492019221975,
          "ema_dist_close": -0.0008000711047744091,
          "ema_dist_entry": -0.0011228672846396348,
          "ema_span_0": 1288.1926995854794,
          "ema_span_1": 1373.2454270663036,
          "enabled": true,
          "markup_range": 0.0177392328874399,
          "min_markup": 0.005871047211115174,
          "n_close_orders": 2,
          "qty_pct_close": 0.010004446326166393,
          "qty_pct_entry": 0.0142657563032922,
          "wallet_exposure_limit": 1.0,
          "we_multiplier_close": 0.0,
          "we_multiplier_entry": 0.0},
 "short": {"backwards_tp": true,
           "delay_between_fills_minutes_close": 1394.0489394384472,
           "delay_between_fills_minutes_entry": 432.01666974663044,
           "delay_weight_close": 0.0,
           "delay_weight_entry": 10.69812405150399,
           "ema_dist_close": 0.002249306873191481,
           "ema_dist_entry": -0.008015608588858284,
           "ema_span_0": 1436.57365918457,
           "ema_span_1": 1365.944168280739,
           "enabled": true,
           "markup_range": 0.004862506595142022,
           "min_markup": 0.002789196911084677,
           "n_close_orders": 6,
           "qty_pct_close": 0.011309694699618882,
           "qty_pct_entry": 0.011303714547102283,
           "wallet_exposure_limit": 1.0,
           "we_multiplier_close": 0.0,
           "we_multiplier_entry": 0.0}}