{"config_name": "clock_0days",
 "long": {"backwards_tp": true,
          "delay_between_fills_minutes_close": 1005.7618412746793,
          "delay_between_fills_minutes_entry": 1005.0932344882727,
          "delay_weight_close": 0.0,
          "delay_weight_entry": 12.44179991676458,
          "ema_dist_close": 0.002834353746263977,
          "ema_dist_entry": 0.0028464506210709433,
          "ema_span_0": 1334.925678977536,
          "ema_span_1": 1405.689836278577,
          "enabled": true,
          "markup_range": 0.0205951222716068,
          "min_markup": 0.009849473496426984,
          "n_close_orders": 5,
          "qty_pct_close": 0.010231625096045152,
          "qty_pct_entry": 0.010239661756003151,
          "wallet_exposure_limit": 1.0,
          "we_multiplier_close": 0.0,
          "we_multiplier_entry": 0.0},
 "short": {"backwards_tp": true,
           "delay_between_fills_minutes_close": 921.0831528212497,
           "delay_between_fills_minutes_entry": 280.59611103855184,
           "delay_weight_close": 0.0,
           "delay_weight_entry": 9.052314734447737,
           "ema_dist_close": -0.0006993216877677276,
           "ema_dist_entry": -0.0036477292970683362,
           "ema_span_0": 1314.1427557445732,
           "ema_span_1": 131.31149531220444,
           "enabled": true,
           "markup_range": 0.0037060046539157984,
           "min_markup": 0.00774056573018025,
           "n_close_orders": 12,
           "qty_pct_close": 0.01467770428666912,
           "qty_pct_entry": 0.022841325174193152,
           "wallet_exposure_limit": 1.0,
           "we_multiplier_close": 0.0,
           "we_multiplier_entry": 0.0}}