{"config_name": "clock_0days",
 "long": {"backwards_tp": true,
          "delay_between_fills_minutes_close": 911.8244542165289,
          "delay_between_fills_minutes_entry": 1284.9859751032416,
          "delay_weight_close": 0,
          "delay_weight_entry": 19.75961723795647,
          "ema_dist_close": -0.003749873128685386,
          "ema_dist_entry": 0.001714981689115644,
          "ema_span_0": 1219.3003055090558,
          "ema_span_1": 921.899111428459,
          "enabled": true,
          "markup_range": 0.0263875194975739,
          "min_markup": 0.00992019680671513,
          "n_close_orders": 11,
          "qty_pct_close": 0.01001119658391477,
          "qty_pct_entry": 0.010862697903585614,
          "wallet_exposure_limit": 1,
          "we_multiplier_close": 0,
          "we_multiplier_entry": 0},
 "short": {"backwards_tp": true,
           "delay_between_fills_minutes_close": 599.3871393979284,
           "delay_between_fills_minutes_entry": 1340.7119356078372,
           "delay_weight_close": 0,
           "delay_weight_entry": 12.432458833635144,
           "ema_dist_close": 0.001220904790993585,
           "ema_dist_entry": 0.002435148782971199,
           "ema_span_0": 253.69738100826214,
           "ema_span_1": 1435.961275001215,
           "enabled": true,
           "markup_range": 0.029831837324364275,
           "min_markup": 0.009932995909479832,
           "n_close_orders": 3,
           "qty_pct_close": 0.0102945429044971,
           "qty_pct_entry": 0.011483034563288511,
           "wallet_exposure_limit": 1,
           "we_multiplier_close": 0,
           "we_multiplier_entry": 0}}