{"config_name": "clock_0days",
 "long": {"backwards_tp": true,
          "delay_between_fills_minutes_close": 650.1440679457179,
          "delay_between_fills_minutes_entry": 1359.7767036769717,
          "delay_weight_close": 0,
          "delay_weight_entry": 13.613974225907839,
          "ema_dist_close": 0.002358016365618673,
          "ema_dist_entry": -0.003590330188034935,
          "ema_span_0": 1273.8219084214797,
          "ema_span_1": 1427.595497142258,
          "enabled": true,
          "markup_range": 0.017068037779855605,
          "min_markup": 0.009343844902168327,
          "n_close_orders": 3,
          "qty_pct_close": 0.010002710757591892,
          "qty_pct_entry": 0.010590440621928187,
          "wallet_exposure_limit": 1,
          "we_multiplier_close": 0,
          "we_multiplier_entry": 0},
 "short": {"backwards_tp": true,
           "delay_between_fills_minutes_close": 1274.4081494071456,
           "delay_between_fills_minutes_entry": 96.99463274048709,
           "delay_weight_close": 0,
           "delay_weight_entry": 20.19267107334986,
           "ema_dist_close": 6.07990515751451e-05,
           "ema_dist_entry": -0.010370017794279,
           "ema_span_0": 573.1100095363379,
           "ema_span_1": 1370.1019451767304,
           "enabled": true,
           "markup_range": 0.004942711106921728,
           "min_markup": 0.001878166953851766,
           "n_close_orders": 10,
           "qty_pct_close": 0.02721362169749597,
           "qty_pct_entry": 0.010536681096453733,
           "wallet_exposure_limit": 1,
           "we_multiplier_close": 0,
           "we_multiplier_entry": 0}}