{"config_name": "clock_0days",
 "long": {"backwards_tp": true,
          "delay_between_fills_minutes_close": 1291.5268413596345,
          "delay_between_fills_minutes_entry": 795.0473170771568,
          "delay_weight_close": 0,
          "delay_weight_entry": 15.633282716575968,
          "ema_dist_close": 0.002965079243370636,
          "ema_dist_entry": 0.002204056874735425,
          "ema_span_0": 792.8357858493837,
          "ema_span_1": 1439.8810948886971,
          "enabled": true,
          "markup_range": 0.010801019168377312,
          "min_markup": 0.007940140708811555,
          "n_close_orders": 13,
          "qty_pct_close": 0.01773354008805371,
          "qty_pct_entry": 0.01085609677747242,
          "wallet_exposure_limit": 1,
          "we_multiplier_close": 0,
          "we_multiplier_entry": 0},
 "short": {"backwards_tp": true,
           "delay_between_fills_minutes_close": 1158.3335221040745,
           "delay_between_fills_minutes_entry": 1230.0593698785385,
           "delay_weight_close": 0,
           "delay_weight_entry": 9.899865050190497,
           "ema_dist_close": 0.002999551071977012,
           "ema_dist_entry": -0.008939566233058867,
           "ema_span_0": 1400.9371267642325,
           "ema_span_1": 1437.95551533146,
           "enabled": true,
           "markup_range": 0.03999992697294412,
           "min_markup": 0.00882136075702293,
           "n_close_orders": 3,
           "qty_pct_close": 0.010000280510066937,
           "qty_pct_entry": 0.010475828229068547,
           "wallet_exposure_limit": 1,
           "we_multiplier_close": 0,
           "we_multiplier_entry": 0}}