{"config_name": "clock_0days",
 "long": {"backwards_tp": true,
          "delay_between_fills_minutes_close": 1146.8315425827552,
          "delay_between_fills_minutes_entry": 1080.3887798112814,
          "delay_weight_close": 0.0,
          "delay_weight_entry": 15.612586440368203,
          "ema_dist_close": 3.4357207263514365e-05,
          "ema_dist_entry": 0.0023020156495549772,
          "ema_span_0": 1351.7716989242915,
          "ema_span_1": 753.6774856078808,
          "enabled": true,
          "markup_range": 0.02816344297737184,
          "min_markup": 0.009910990237510391,
          "n_close_orders": 2,
          "qty_pct_close": 0.02182844875421631,
          "qty_pct_entry": 0.010202143695604427,
          "wallet_exposure_limit": 1.0,
          "we_multiplier_close": 0.0,
          "we_multiplier_entry": 0.0},
 "short": {"backwards_tp": true,
           "delay_between_fills_minutes_close": 702.3971197444275,
           "delay_between_fills_minutes_entry": 1186.8046842534438,
           "delay_weight_close": 0.0,
           "delay_weight_entry": 10.503558090443665,
           "ema_dist_close": 0.002986792321975875,
           "ema_dist_entry": -0.022947373231282035,
           "ema_span_0": 190.89339633347655,
           "ema_span_1": 384.7335222412338,
           "enabled": true,
           "markup_range": 0.037168599076063014,
           "min_markup": 0.009786111071465643,
           "n_close_orders": 10,
           "qty_pct_close": 0.04985353506274233,
           "qty_pct_entry": 0.01000084132416177,
           "wallet_exposure_limit": 1.0,
           "we_multiplier_close": 0.0,
           "we_multiplier_entry": 0.0}}