{"config_name": "clock_0days",
 "long": {"backwards_tp": true,
          "delay_between_fills_minutes_close": 1424.4235445632194,
          "delay_between_fills_minutes_entry": 697.3826114115864,
          "delay_weight_close": 0.0,
          "delay_weight_entry": 12.998902950566093,
          "ema_dist_close": 0.00227507394757502,
          "ema_dist_entry": -0.0020633083313718733,
          "ema_span_0": 600.1579613179243,
          "ema_span_1": 960.8390811166994,
          "enabled": true,
          "markup_range": 0.012010689631058027,
          "min_markup": 0.009313165690454326,
          "n_close_orders": 3,
          "qty_pct_close": 0.010021998005320257,
          "qty_pct_entry": 0.010001106925824175,
          "wallet_exposure_limit": 1.0,
          "we_multiplier_close": 0.0,
          "we_multiplier_entry": 0.0},
 "short": {"backwards_tp": true,
           "delay_between_fills_minutes_close": 878.1441361404518,
           "delay_between_fills_minutes_entry": 101.3051500719609,
           "delay_weight_close": 0.0,
           "delay_weight_entry": 3.190073664385247,
           "ema_dist_close": 0.0025987816064895306,
           "ema_dist_entry": 0.0029768959144657963,
           "ema_span_0": 838.959154931301,
           "ema_span_1": 1432.5822199366387,
           "enabled": true,
           "markup_range": 2.5547398236320793e-05,
           "min_markup": 0.0011590799053111554,
           "n_close_orders": 14,
           "qty_pct_close": 0.010222459803802177,
           "qty_pct_entry": 0.010056127000178322,
           "wallet_exposure_limit": 1.0,
           "we_multiplier_close": 0.0,
           "we_multiplier_entry": 0.0}}