{"config_name": "clock_0days",
 "long": {"backwards_tp": true,
          "delay_between_fills_minutes_close": 1061.401939785643,
          "delay_between_fills_minutes_entry": 1123.1770679043827,
          "delay_weight_close": 0.0,
          "delay_weight_entry": 15.312859419472844,
          "ema_dist_close": 0.0027136897893313638,
          "ema_dist_entry": -0.049256707596839235,
          "ema_span_0": 94.76917279177854,
          "ema_span_1": 1104.7805203009318,
          "enabled": true,
          "markup_range": 0.00907245175398941,
          "min_markup": 0.007913307796223236,
          "n_close_orders": 5,
          "qty_pct_close": 0.01057722210459528,
          "qty_pct_entry": 0.01334553369516943,
          "wallet_exposure_limit": 1.0,
          "we_multiplier_close": 0.0,
          "we_multiplier_entry": 0.0},
 "short": {"backwards_tp": true,
           "delay_between_fills_minutes_close": 1283.1814382876491,
           "delay_between_fills_minutes_entry": 326.23593552343414,
           "delay_weight_close": 0.0,
           "delay_weight_entry": 4.522275757996441,
           "ema_dist_close": 0.0019420434473096761,
           "ema_dist_entry": -0.001737769911351353,
           "ema_span_0": 1370.8008272488423,
           "ema_span_1": 1384.8526737868278,
           "enabled": true,
           "markup_range": 0.004679458376233194,
           "min_markup": 0.0025008311073538227,
           "n_close_orders": 8,
           "qty_pct_close": 0.010004961756388398,
           "qty_pct_entry": 0.01016163011365849,
           "wallet_exposure_limit": 1.0,
           "we_multiplier_close": 0.0,
           "we_multiplier_entry": 0.0}}