{"config_name": "clock_0days",
 "long": {"backwards_tp": true,
          "delay_between_fills_minutes_close": 1130.5258386436985,
          "delay_between_fills_minutes_entry": 494.382018731658,
          "delay_weight_close": 0.0,
          "delay_weight_entry": 14.347461198472168,
          "ema_dist_close": 0.0017684959989474414,
          "ema_dist_entry": -0.001634071457599876,
          "ema_span_0": 843.3572117960139,
          "ema_span_1": 1139.4671146686549,
          "enabled": true,
          "markup_range": 0.004337087193495369,
          "min_markup": 0.008599865578441302,
          "n_close_orders": 5,
          "qty_pct_close": 0.010396394509158588,
          "qty_pct_entry": 0.010000059688761607,
          "wallet_exposure_limit": 1.0,
          "we_multiplier_close": 0.0,
          "we_multiplier_entry": 0.0},
 "short": {"backwards_tp": true,
           "delay_between_fills_minutes_close": 1121.5070160818086,
           "delay_between_fills_minutes_entry": 228.9400184818728,
           "delay_weight_close": 0.0,
           "delay_weight_entry": 16.741531204059086,
           "ema_dist_close": 0.0029005295516955033,
           "ema_dist_entry": -0.007705963144466225,
           "ema_span_0": 406.844159110205,
           "ema_span_1": 1213.4938899427164,
           "enabled": true,
           "markup_range": 0.007286598191573155,
           "min_markup": 0.006986355612305041,
           "n_close_orders": 11,
           "qty_pct_close": 0.013314571349557037,
           "qty_pct_entry": 0.010915122024854883,
           "wallet_exposure_limit": 1.0,
           "we_multiplier_close": 0.0,
           "we_multiplier_entry": 0.0}}