{"config_name": "clock_0days",
 "long": {"backwards_tp": true,
          "delay_between_fills_minutes_close": 1293.2088505343584,
          "delay_between_fills_minutes_entry": 1224.2501876802323,
          "delay_weight_close": 0.0,
          "delay_weight_entry": 12.57222008779066,
          "ema_dist_close": 0.0029101429996089413,
          "ema_dist_entry": -0.0006967171815699742,
          "ema_span_0": 1373.565734418883,
          "ema_span_1": 935.7016205749662,
          "enabled": true,
          "markup_range": 0.007651028817043337,
          "min_markup": 0.008980725088787571,
          "n_close_orders": 12,
          "qty_pct_close": 0.012680602363233012,
          "qty_pct_entry": 0.025810954628676056,
          "wallet_exposure_limit": 1.0,
          "we_multiplier_close": 0.0,
          "we_multiplier_entry": 0.0},
 "short": {"backwards_tp": true,
           "delay_between_fills_minutes_close": 1433.6115568469727,
           "delay_between_fills_minutes_entry": 1183.5236560432072,
           "delay_weight_close": 0.0,
           "delay_weight_entry": 5.926534249849252,
           "ema_dist_close": -0.004986081594395238,
           "ema_dist_entry": 0.0029466682445191753,
           "ema_span_0": 199.17877256786895,
           "ema_span_1": 1432.9996846674512,
           "enabled": true,
           "markup_range": 0.03988983739724553,
           "min_markup": 0.00971276391710422,
           "n_close_orders": 7,
           "qty_pct_close": 0.01844535400836694,
           "qty_pct_entry": 0.010000016644516534,
           "wallet_exposure_limit": 1.0,
           "we_multiplier_close": 0.0,
           "we_multiplier_entry": 0.0}}