{"config_name": "clock_0days",
 "long": {"backwards_tp": true,
          "delay_between_fills_minutes_close": 772.1117124982271,
          "delay_between_fills_minutes_entry": 1408.4045549003838,
          "delay_weight_close": 0,
          "delay_weight_entry": 14.646940851377312,
          "ema_dist_close": 0.002002865900961233,
          "ema_dist_entry": 0.0016244642107342126,
          "ema_span_0": 1295.9812368308721,
          "ema_span_1": 1130.1907012960194,
          "enabled": true,
          "markup_range": 0.006733215285910136,
          "min_markup": 0.008916615646907088,
          "n_close_orders": 4,
          "qty_pct_close": 0.022525665319058353,
          "qty_pct_entry": 0.02768888580624334,
          "wallet_exposure_limit": 1,
          "we_multiplier_close": 0,
          "we_multiplier_entry": 0},
 "short": {"backwards_tp": true,
           "delay_between_fills_minutes_close": 544.7882711792446,
           "delay_between_fills_minutes_entry": 174.9306254530264,
           "delay_weight_close": 0,
           "delay_weight_entry": 50.81486136717168,
           "ema_dist_close": 0.0024895567767132818,
           "ema_dist_entry": 0.0029799717703694172,
           "ema_span_0": 950.6028129231299,
           "ema_span_1": 846.3201919446316,
           "enabled": true,
           "markup_range": 0.0027946612649109573,
           "min_markup": 0.002408722245561045,
           "n_close_orders": 14,
           "qty_pct_close": 0.022668701624349967,
           "qty_pct_entry": 0.01631753011470002,
           "wallet_exposure_limit": 1,
           "we_multiplier_close": 0,
           "we_multiplier_entry": 0}}