{"config_name": "clock_0days",
 "long": {"backwards_tp": true,
          "delay_between_fills_minutes_close": 973.0722453777331,
          "delay_between_fills_minutes_entry": 1187.0344561724826,
          "delay_weight_close": 0,
          "delay_weight_entry": 30.953304533807078,
          "ema_dist_close": 0.0023342188169894014,
          "ema_dist_entry": -0.0025081330892488575,
          "ema_span_0": 1422.571466599457,
          "ema_span_1": 908.2610525552683,
          "enabled": true,
          "markup_range": 0.005755551531254798,
          "min_markup": 0.008821754839349704,
          "n_close_orders": 4,
          "qty_pct_close": 0.01034739238971493,
          "qty_pct_entry": 0.010691495571693547,
          "wallet_exposure_limit": 1,
          "we_multiplier_close": 0,
          "we_multiplier_entry": 0},
 "short": {"backwards_tp": true,
           "delay_between_fills_minutes_close": 1180.2421061259754,
           "delay_between_fills_minutes_entry": 1167.556422353247,
           "delay_weight_close": 0,
           "delay_weight_entry": 19.740031277033722,
           "ema_dist_close": 0.00268120294391056,
           "ema_dist_entry": -0.0013447490866288988,
           "ema_span_0": 899.6034934310567,
           "ema_span_1": 92.07898007021605,
           "enabled": true,
           "markup_range": 0.0034500556611251434,
           "min_markup": 0.0062437658175831835,
           "n_close_orders": 12,
           "qty_pct_close": 0.010004007973346862,
           "qty_pct_entry": 0.013315098168287617,
           "wallet_exposure_limit": 1,
           "we_multiplier_close": 0,
           "we_multiplier_entry": 0}}