{"config_name": "clock_0days",
 "long": {"backwards_tp": true,
          "delay_between_fills_minutes_close": 837.5654944040446,
          "delay_between_fills_minutes_entry": 1303.915656294941,
          "delay_weight_close": 0.0,
          "delay_weight_entry": 17.237877138182412,
          "ema_dist_close": 0.0017369928423710873,
          "ema_dist_entry": -0.02172313441623413,
          "ema_span_0": 919.8032856536535,
          "ema_span_1": 1235.1710624579725,
          "enabled": true,
          "markup_range": 0.031202517726434204,
          "min_markup": 0.009997705135198117,
          "n_close_orders": 8,
          "qty_pct_close": 0.011349951209465175,
          "qty_pct_entry": 0.011763597030543756,
          "wallet_exposure_limit": 1.0,
          "we_multiplier_close": 0.0,
          "we_multiplier_entry": 0.0},
 "short": {"backwards_tp": true,
           "delay_between_fills_minutes_close": 1383.1367832595886,
           "delay_between_fills_minutes_entry": 497.5664838031598,
           "delay_weight_close": 0.0,
           "delay_weight_entry": 26.13809120334959,
           "ema_dist_close": 0.0011091274882957046,
           "ema_dist_entry": -0.0027837291219576384,
           "ema_span_0": 1195.7436510185967,
           "ema_span_1": 574.3103637542644,
           "enabled": true,
           "markup_range": 0.007578084800676827,
           "min_markup": 0.00416846419563783,
           "n_close_orders": 10,
           "qty_pct_close": 0.012177764248553009,
           "qty_pct_entry": 0.0150558390151586,
           "wallet_exposure_limit": 1.0,
           "we_multiplier_close": 0.0,
           "we_multiplier_entry": 0.0}}