{"config_name": "clock_0days",
 "long": {"backwards_tp": true,
          "delay_between_fills_minutes_close": 1403.647835370289,
          "delay_between_fills_minutes_entry": 901.1941980838219,
          "delay_weight_close": 0.0,
          "delay_weight_entry": 51.54785081448945,
          "ema_dist_close": -0.0003320187108453776,
          "ema_dist_entry": 0.0005433220688181975,
          "ema_span_0": 1288.4169754445516,
          "ema_span_1": 836.2580544161923,
          "enabled": true,
          "markup_range": 0.0015484104820289173,
          "min_markup": 0.00411983130072526,
          "n_close_orders": 7,
          "qty_pct_close": 0.02876244058241153,
          "qty_pct_entry": 0.014961911570694887,
          "wallet_exposure_limit": 1.0,
          "we_multiplier_close": 0.0,
          "we_multiplier_entry": 0.0},
 "short": {"backwards_tp": true,
           "delay_between_fills_minutes_close": 1274.8898552390085,
           "delay_between_fills_minutes_entry": 517.9555641654293,
           "delay_weight_close": 0.0,
           "delay_weight_entry": 39.93737071489774,
           "ema_dist_close": 0.002999188629264871,
           "ema_dist_entry": 0.0018440365264803644,
           "ema_span_0": 170.06382555689842,
           "ema_span_1": 1435.964587858521,
           "enabled": true,
           "markup_range": 0.004639655111229933,
           "min_markup": 0.0021865343576564947,
           "n_close_orders": 14,
           "qty_pct_close": 0.017174735804222945,
           "qty_pct_entry": 0.023863925530992328,
           "wallet_exposure_limit": 1.0,
           "we_multiplier_close": 0.0,
           "we_multiplier_entry": 0.0}}