{"config_name": "clock_0days",
 "long": {"backwards_tp": true,
          "delay_between_fills_minutes_close": 1337.9691499126302,
          "delay_between_fills_minutes_entry": 738.4964014529307,
          "delay_weight_close": 0,
          "delay_weight_entry": 23.99167477402107,
          "ema_dist_close": 0.0026625753178157784,
          "ema_dist_entry": -0.001338529398028975,
          "ema_span_0": 1375.9143019607181,
          "ema_span_1": 1330.5512633709923,
          "enabled": true,
          "markup_range": 0.005223992073219355,
          "min_markup": 0.009978112666455626,
          "n_close_orders": 12,
          "qty_pct_close": 0.010570286395334558,
          "qty_pct_entry": 0.011906823616123982,
          "wallet_exposure_limit": 1,
          "we_multiplier_close": 0,
          "we_multiplier_entry": 0},
 "short": {"backwards_tp": true,
           "delay_between_fills_minutes_close": 632.6071804734913,
           "delay_between_fills_minutes_entry": 236.95737738458539,
           "delay_weight_close": 0,
           "delay_weight_entry": 19.972850217161625,
           "ema_dist_close": -0.0019389545668368762,
           "ema_dist_entry": -0.0047714243815253,
           "ema_span_0": 38.6713349351362,
           "ema_span_1": 1217.794341748632,
           "enabled": true,
           "markup_range": 0.003437753012815489,
           "min_markup": 0.009538619424482631,
           "n_close_orders": 11,
           "qty_pct_close": 0.02405511599819034,
           "qty_pct_entry": 0.018492107253411858,
           "wallet_exposure_limit": 1,
           "we_multiplier_close": 0,
           "we_multiplier_entry": 0}}