{"config_name": "clock_0days",
 "long": {"backwards_tp": true,
          "delay_between_fills_minutes_close": 940.2918994586728,
          "delay_between_fills_minutes_entry": 319.2570426583911,
          "delay_weight_close": 0,
          "delay_weight_entry": 42.30597175792062,
          "ema_dist_close": 0.0029966975879775117,
          "ema_dist_entry": -0.0003738152521894128,
          "ema_span_0": 1295.5186179807233,
          "ema_span_1": 1401.0365368494845,
          "enabled": true,
          "markup_range": 0.0015978102252384681,
          "min_markup": 0.004270696021420699,
          "n_close_orders": 7,
          "qty_pct_close": 0.027784204295989663,
          "qty_pct_entry": 0.015638631049382838,
          "wallet_exposure_limit": 1,
          "we_multiplier_close": 0,
          "we_multiplier_entry": 0},
 "short": {"backwards_tp": true,
           "delay_between_fills_minutes_close": 916.729843481818,
           "delay_between_fills_minutes_entry": 675.9158873672084,
           "delay_weight_close": 0,
           "delay_weight_entry": 22.49578934845728,
           "ema_dist_close": -0.0012979229360504324,
           "ema_dist_entry": 0.000251512185675687,
           "ema_span_0": 1358.754499248109,
           "ema_span_1": 1234.9704608817128,
           "enabled": true,
           "markup_range": 0.013376366993420995,
           "min_markup": 0.009110552210459479,
           "n_close_orders": 10,
           "qty_pct_close": 0.017384557407385245,
           "qty_pct_entry": 0.020132888430219233,
           "wallet_exposure_limit": 1,
           "we_multiplier_close": 0,
           "we_multiplier_entry": 0}}