{"config_name": "clock_0days",
 "long": {"backwards_tp": true,
          "delay_between_fills_minutes_close": 650.1440679457179,
          "delay_between_fills_minutes_entry": 1359.7767036769717,
          "delay_weight_close": 0.0,
          "delay_weight_entry": 13.613974225907839,
          "ema_dist_close": 0.002358016365618673,
          "ema_dist_entry": -0.003590330188034935,
          "ema_span_0": 1273.8219084214797,
          "ema_span_1": 1427.595497142258,
          "enabled": true,
          "markup_range": 0.017068037779855605,
          "min_markup": 0.009343844902168327,
          "n_close_orders": 3,
          "qty_pct_close": 0.010002710757591892,
          "qty_pct_entry": 0.010590440621928187,
          "wallet_exposure_limit": 1.0,
          "we_multiplier_close": 0.0,
          "we_multiplier_entry": 0.0},
 "short": {"backwards_tp": true,
           "delay_between_fills_minutes_close": 1374.7673679458098,
           "delay_between_fills_minutes_entry": 329.684161140296,
           "delay_weight_close": 0.0,
           "delay_weight_entry": 20.786871147761488,
           "ema_dist_close": 0.0027998066349781033,
           "ema_dist_entry": 0.0015641985734787989,
           "ema_span_0": 1351.8362464973973,
           "ema_span_1": 1260.0295784021778,
           "enabled": true,
           "markup_range": 0.010168787893408712,
           "min_markup": 0.006050944196999512,
           "n_close_orders": 2,
           "qty_pct_close": 0.01322564380211122,
           "qty_pct_entry": 0.015376229795884563,
           "wallet_exposure_limit": 1.0,
           "we_multiplier_close": 0.0,
           "we_multiplier_entry": 0.0}}