{"config_name": "clock_0days",
 "long": {"backwards_tp": true,
          "delay_between_fills_minutes_close": 1228.286501313226,
          "delay_between_fills_minutes_entry": 1074.8761701545063,
          "delay_weight_close": 0,
          "delay_weight_entry": 26.475933011304658,
          "ema_dist_close": 0.00018177714840790458,
          "ema_dist_entry": 0.002999886060923201,
          "ema_span_0": 1372.4819734281368,
          "ema_span_1": 1227.4680835111446,
          "enabled": true,
          "markup_range": 0.02013655991430359,
          "min_markup": 0.00962918958734735,
          "n_close_orders": 4,
          "qty_pct_close": 0.02070040828840029,
          "qty_pct_entry": 0.01001074878280578,
          "wallet_exposure_limit": 1,
          "we_multiplier_close": 0,
          "we_multiplier_entry": 0},
 "short": {"backwards_tp": true,
           "delay_between_fills_minutes_close": 1413.083464135553,
           "delay_between_fills_minutes_entry": 234.90925184231082,
           "delay_weight_close": 0,
           "delay_weight_entry": 37.57309035402228,
           "ema_dist_close": 0.0008314846014283218,
           "ema_dist_entry": -0.0023532618557864553,
           "ema_span_0": 1241.8886015115902,
           "ema_span_1": 334.64159451744285,
           "enabled": true,
           "markup_range": 0.0010412897924616921,
           "min_markup": 0.006886580545118562,
           "n_close_orders": 7,
           "qty_pct_close": 0.01358007031028476,
           "qty_pct_entry": 0.011349135467029686,
           "wallet_exposure_limit": 1,
           "we_multiplier_close": 0,
           "we_multiplier_entry": 0}}