{"config_name": "clock_0days",
 "long": {"backwards_tp": true,
          "delay_between_fills_minutes_close": 1199.1799602472006,
          "delay_between_fills_minutes_entry": 1249.957344031222,
          "delay_weight_close": 0.0,
          "delay_weight_entry": 22.38912902005375,
          "ema_dist_close": 0.0029999843458207017,
          "ema_dist_entry": 0.001920193184841666,
          "ema_span_0": 841.95489026253,
          "ema_span_1": 759.8004455309374,
          "enabled": true,
          "markup_range": 0.0015019842721987694,
          "min_markup": 0.0071374188442712505,
          "n_close_orders": 2,
          "qty_pct_close": 0.010015220391178642,
          "qty_pct_entry": 0.01979701869567416,
          "wallet_exposure_limit": 1.0,
          "we_multiplier_close": 0.0,
          "we_multiplier_entry": 0.0},
 "short": {"backwards_tp": true,
           "delay_between_fills_minutes_close": 1428.4804352208678,
           "delay_between_fills_minutes_entry": 1214.187671571108,
           "delay_weight_close": 0.0,
           "delay_weight_entry": 5.555893814095502,
           "ema_dist_close": 0.002309734105419433,
           "ema_dist_entry": -0.0010943206057130153,
           "ema_span_0": 1353.4192442510728,
           "ema_span_1": 1426.2747087201512,
           "enabled": true,
           "markup_range": 0.03824565149386468,
           "min_markup": 0.00988148626340144,
           "n_close_orders": 5,
           "qty_pct_close": 0.012398586737883908,
           "qty_pct_entry": 0.01,
           "wallet_exposure_limit": 1.0,
           "we_multiplier_close": 0.0,
           "we_multiplier_entry": 0.0}}