{"config_name": "clock_0days",
 "long": {"backwards_tp": true,
          "delay_between_fills_minutes_close": 1200.1052236720764,
          "delay_between_fills_minutes_entry": 1300.8836694261684,
          "delay_weight_close": 0.0,
          "delay_weight_entry": 20.971920001912373,
          "ema_dist_close": 0.002489048761260664,
          "ema_dist_entry": -0.00546442281567564,
          "ema_span_0": 9.365737531534075,
          "ema_span_1": 118.3222578622626,
          "enabled": true,
          "markup_range": 0.009053404212315526,
          "min_markup": 0.009034835655891017,
          "n_close_orders": 16,
          "qty_pct_close": 0.011576091618870925,
          "qty_pct_entry": 0.014305694004413576,
          "wallet_exposure_limit": 1.0,
          "we_multiplier_close": 0.0,
          "we_multiplier_entry": 0.0},
 "short": {"backwards_tp": true,
           "delay_between_fills_minutes_close": 975.7139717413612,
           "delay_between_fills_minutes_entry": 603.6566459885537,
           "delay_weight_close": 0.0,
           "delay_weight_entry": 26.19316560641083,
           "ema_dist_close": -0.0006580493094805355,
           "ema_dist_entry": -0.009828503294264978,
           "ema_span_0": 1219.273767451247,
           "ema_span_1": 1283.2535215948833,
           "enabled": true,
           "markup_range": 0.010306619270723212,
           "min_markup": 0.007516320018770028,
           "n_close_orders": 7,
           "qty_pct_close": 0.02632507927654322,
           "qty_pct_entry": 0.01252671723572433,
           "wallet_exposure_limit": 1.0,
           "we_multiplier_close": 0.0,
           "we_multiplier_entry": 0.0}}