{"config_name": "clock_0days",
 "long": {"backwards_tp": true,
          "delay_between_fills_minutes_close": 1364.5472398594718,
          "delay_between_fills_minutes_entry": 1160.9289375268002,
          "delay_weight_close": 0,
          "delay_weight_entry": 28.146445336986773,
          "ema_dist_close": -0.005518833283247788,
          "ema_dist_entry": 0.003,
          "ema_span_0": 899.3594919175054,
          "ema_span_1": 647.3294747995532,
          "enabled": true,
          "markup_range": 0.004601317201071326,
          "min_markup": 0.008171691735542767,
          "n_close_orders": 11,
          "qty_pct_close": 0.019991794787836286,
          "qty_pct_entry": 0.016285474098877113,
          "wallet_exposure_limit": 1,
          "we_multiplier_close": 0,
          "we_multiplier_entry": 0},
 "short": {"backwards_tp": true,
           "delay_between_fills_minutes_close": 1274.654566546814,
           "delay_between_fills_minutes_entry": 249.57332727537383,
           "delay_weight_close": 0,
           "delay_weight_entry": 46.47778867210512,
           "ema_dist_close": -0.007518542931519998,
           "ema_dist_entry": 0.002937792864330507,
           "ema_span_0": 1125.3533799959919,
           "ema_span_1": 660.4872193477821,
           "enabled": true,
           "markup_range": 0.0047055962454547245,
           "min_markup": 0.005851851791178232,
           "n_close_orders": 2,
           "qty_pct_close": 0.02786969529503241,
           "qty_pct_entry": 0.020610204172569275,
           "wallet_exposure_limit": 1,
           "we_multiplier_close": 0,
           "we_multiplier_entry": 0}}