{"config_name": "clock_0days",
 "long": {"backwards_tp": true,
          "delay_between_fills_minutes_close": 658.7568103486573,
          "delay_between_fills_minutes_entry": 1391.8298060320285,
          "delay_weight_close": 0,
          "delay_weight_entry": 22.653189437658835,
          "ema_dist_close": -0.002277325237964165,
          "ema_dist_entry": -0.0032363991136056666,
          "ema_span_0": 1431.7927348713508,
          "ema_span_1": 1229.256166452499,
          "enabled": true,
          "markup_range": 0.01356386933634445,
          "min_markup": 0.008769107969349536,
          "n_close_orders": 6,
          "qty_pct_close": 0.01144688196422766,
          "qty_pct_entry": 0.010153798933042727,
          "wallet_exposure_limit": 1,
          "we_multiplier_close": 0,
          "we_multiplier_entry": 0},
 "short": {"backwards_tp": true,
           "delay_between_fills_minutes_close": 855.0164714445502,
           "delay_between_fills_minutes_entry": 260.59407508430127,
           "delay_weight_close": 0,
           "delay_weight_entry": 14.406566619935512,
           "ema_dist_close": 0.0009456714784205255,
           "ema_dist_entry": -0.003183774676076813,
           "ema_span_0": 1382.6670645528393,
           "ema_span_1": 25.11390253738346,
           "enabled": true,
           "markup_range": 0.008899110797173702,
           "min_markup": 0.00866694747164294,
           "n_close_orders": 4,
           "qty_pct_close": 0.010211970852966924,
           "qty_pct_entry": 0.012196299743780021,
           "wallet_exposure_limit": 1,
           "we_multiplier_close": 0,
           "we_multiplier_entry": 0}}