{"config_name": "clock_0days",
 "long": {"backwards_tp": true,
          "delay_between_fills_minutes_close": 1304.2970686528715,
          "delay_between_fills_minutes_entry": 1052.5843635038714,
          "delay_weight_close": 0,
          "delay_weight_entry": 34.44814414393058,
          "ema_dist_close": -0.003968439957469103,
          "ema_dist_entry": -0.010894571896696051,
          "ema_span_0": 794.053324562337,
          "ema_span_1": 774.8241475418655,
          "enabled": true,
          "markup_range": 0.009175382157198646,
          "min_markup": 0.003104068768214382,
          "n_close_orders": 5,
          "qty_pct_close": 0.029343577572237062,
          "qty_pct_entry": 0.012850688506317638,
          "wallet_exposure_limit": 1,
          "we_multiplier_close": 0,
          "we_multiplier_entry": 0},
 "short": {"backwards_tp": true,
           "delay_between_fills_minutes_close": 1174.8597779949955,
           "delay_between_fills_minutes_entry": 976.7450911105346,
           "delay_weight_close": 0,
           "delay_weight_entry": 36.662721090688706,
           "ema_dist_close": -0.0006416083199417469,
           "ema_dist_entry": 0.0029974602147884257,
           "ema_span_0": 1352.1277005488596,
           "ema_span_1": 1363.7881458038155,
           "enabled": true,
           "markup_range": 0.004398583162724641,
           "min_markup": 0.008903212443161132,
           "n_close_orders": 12,
           "qty_pct_close": 0.014254075848532914,
           "qty_pct_entry": 0.019794950661753186,
           "wallet_exposure_limit": 1,
           "we_multiplier_close": 0,
           "we_multiplier_entry": 0}}