{"config_name": "clock_0days",
 "long": {"backwards_tp": true,
          "delay_between_fills_minutes_close": 1403.647835370289,
          "delay_between_fills_minutes_entry": 901.1941980838219,
          "delay_weight_close": 0,
          "delay_weight_entry": 51.54785081448945,
          "ema_dist_close": -0.0003320187108453776,
          "ema_dist_entry": 0.0005433220688181975,
          "ema_span_0": 1288.4169754445516,
          "ema_span_1": 836.2580544161923,
          "enabled": true,
          "markup_range": 0.0015484104820289173,
          "min_markup": 0.00411983130072526,
          "n_close_orders": 7,
          "qty_pct_close": 0.02876244058241153,
          "qty_pct_entry": 0.014961911570694887,
          "wallet_exposure_limit": 1,
          "we_multiplier_close": 0,
          "we_multiplier_entry": 0},
 "short": {"backwards_tp": true,
           "delay_between_fills_minutes_close": 1383.1367832595886,
           "delay_between_fills_minutes_entry": 497.5664838031598,
           "delay_weight_close": 0,
           "delay_weight_entry": 26.13809120334959,
           "ema_dist_close": 0.0011091274882957046,
           "ema_dist_entry": -0.0027837291219576384,
           "ema_span_0": 1195.7436510185967,
           "ema_span_1": 574.3103637542644,
           "enabled": true,
           "markup_range": 0.007578084800676827,
           "min_markup": 0.00416846419563783,
           "n_close_orders": 10,
           "qty_pct_close": 0.012177764248553009,
           "qty_pct_entry": 0.0150558390151586,
           "wallet_exposure_limit": 1,
           "we_multiplier_close": 0,
           "we_multiplier_entry": 0}}