{"config_name": "clock_0days",
 "long": {"backwards_tp": true,
          "delay_between_fills_minutes_close": 1177.217307357407,
          "delay_between_fills_minutes_entry": 1286.4399948632342,
          "delay_weight_close": 0,
          "delay_weight_entry": 26.121160038056924,
          "ema_dist_close": -0.002904246898258867,
          "ema_dist_entry": -0.003963841887506766,
          "ema_span_0": 1256.5092066128518,
          "ema_span_1": 360.87962695863376,
          "enabled": true,
          "markup_range": 0.02498930597172496,
          "min_markup": 0.008055179874925853,
          "n_close_orders": 14,
          "qty_pct_close": 0.03407597515062306,
          "qty_pct_entry": 0.011900948152254143,
          "wallet_exposure_limit": 1,
          "we_multiplier_close": 0,
          "we_multiplier_entry": 0},
 "short": {"backwards_tp": true,
           "delay_between_fills_minutes_close": 1403.5256259759783,
           "delay_between_fills_minutes_entry": 1110.5227424229677,
           "delay_weight_close": 0,
           "delay_weight_entry": 18.17598028330285,
           "ema_dist_close": 0.002320972187602516,
           "ema_dist_entry": 0.0006959836475122595,
           "ema_span_0": 1093.7158664103194,
           "ema_span_1": 1141.0098681869265,
           "enabled": true,
           "markup_range": 0.006954107429926593,
           "min_markup": 0.00866448157841725,
           "n_close_orders": 11,
           "qty_pct_close": 0.017723137058270885,
           "qty_pct_entry": 0.020151358195039715,
           "wallet_exposure_limit": 1,
           "we_multiplier_close": 0,
           "we_multiplier_entry": 0}}