{"config_name": "clock_0days",
 "long": {"backwards_tp": true,
          "delay_between_fills_minutes_close": 1220.1128940126712,
          "delay_between_fills_minutes_entry": 1139.0511385599036,
          "delay_weight_close": 0.0,
          "delay_weight_entry": 18.75503725001231,
          "ema_dist_close": 0.002894008230842039,
          "ema_dist_entry": -0.0021138236816665486,
          "ema_span_0": 1267.305322352466,
          "ema_span_1": 620.1528640603979,
          "enabled": true,
          "markup_range": 0.01080234658114373,
          "min_markup": 0.006829558347497729,
          "n_close_orders": 2,
          "qty_pct_close": 0.010377628427536544,
          "qty_pct_entry": 0.010003293592413086,
          "wallet_exposure_limit": 1.0,
          "we_multiplier_close": 0.0,
          "we_multiplier_entry": 0.0},
 "short": {"backwards_tp": true,
           "delay_between_fills_minutes_close": 1298.8499443140574,
           "delay_between_fills_minutes_entry": 281.4475708703217,
           "delay_weight_close": 0.0,
           "delay_weight_entry": 20.304932558359123,
           "ema_dist_close": 0.002312451610697746,
           "ema_dist_entry": -0.007120671279678841,
           "ema_span_0": 1217.7896012675542,
           "ema_span_1": 1344.4488380483488,
           "enabled": true,
           "markup_range": 0.004630636555233552,
           "min_markup": 0.0062845954639174475,
           "n_close_orders": 2,
           "qty_pct_close": 0.012220871783921703,
           "qty_pct_entry": 0.01110866421598689,
           "wallet_exposure_limit": 1.0,
           "we_multiplier_close": 0.0,
           "we_multiplier_entry": 0.0}}