{"config_name": "clock_0days",
 "long": {"backwards_tp": true,
          "delay_between_fills_minutes_close": 1291.5268413596345,
          "delay_between_fills_minutes_entry": 795.0473170771568,
          "delay_weight_close": 0,
          "delay_weight_entry": 15.633282716575968,
          "ema_dist_close": 0.002965079243370636,
          "ema_dist_entry": 0.002204056874735425,
          "ema_span_0": 792.8357858493837,
          "ema_span_1": 1439.8810948886971,
          "enabled": true,
          "markup_range": 0.010801019168377312,
          "min_markup": 0.007940140708811555,
          "n_close_orders": 13,
          "qty_pct_close": 0.01773354008805371,
          "qty_pct_entry": 0.01085609677747242,
          "wallet_exposure_limit": 1,
          "we_multiplier_close": 0,
          "we_multiplier_entry": 0},
 "short": {"backwards_tp": true,
           "delay_between_fills_minutes_close": 1274.654566546814,
           "delay_between_fills_minutes_entry": 249.57332727537383,
           "delay_weight_close": 0,
           "delay_weight_entry": 46.47778867210512,
           "ema_dist_close": -0.007518542931519998,
           "ema_dist_entry": 0.002937792864330507,
           "ema_span_0": 1125.3533799959919,
           "ema_span_1": 660.4872193477821,
           "enabled": true,
           "markup_range": 0.0047055962454547245,
           "min_markup": 0.005851851791178232,
           "n_close_orders": 2,
           "qty_pct_close": 0.02786969529503241,
           "qty_pct_entry": 0.020610204172569275,
           "wallet_exposure_limit": 1,
           "we_multiplier_close": 0,
           "we_multiplier_entry": 0}}