{"config_name": "clock_0days",
 "long": {"backwards_tp": true,
          "delay_between_fills_minutes_close": 567.6355142027542,
          "delay_between_fills_minutes_entry": 1150.0357411152936,
          "delay_weight_close": 0.0,
          "delay_weight_entry": 13.9345752010662,
          "ema_dist_close": 0.00298983896552356,
          "ema_dist_entry": 0.001100509230395506,
          "ema_span_0": 1304.580870259313,
          "ema_span_1": 1401.234940322662,
          "enabled": true,
          "markup_range": 0.011088990591094012,
          "min_markup": 0.0074015439724693655,
          "n_close_orders": 7,
          "qty_pct_close": 0.010016725909228273,
          "qty_pct_entry": 0.010011934247905875,
          "wallet_exposure_limit": 1.0,
          "we_multiplier_close": 0.0,
          "we_multiplier_entry": 0.0},
 "short": {"backwards_tp": true,
           "delay_between_fills_minutes_close": 1438.5195509548792,
           "delay_between_fills_minutes_entry": 626.4684294024727,
           "delay_weight_close": 0.0,
           "delay_weight_entry": 4.831508428904654,
           "ema_dist_close": 0.0029229374371022077,
           "ema_dist_entry": 0.002992155186841371,
           "ema_span_0": 1438.0192997325487,
           "ema_span_1": 494.515636902782,
           "enabled": true,
           "markup_range": 0.028081124695643177,
           "min_markup": 0.009866519018226164,
           "n_close_orders": 5,
           "qty_pct_close": 0.010000084884448163,
           "qty_pct_entry": 0.013766500003193302,
           "wallet_exposure_limit": 1.0,
           "we_multiplier_close": 0.0,
           "we_multiplier_entry": 0.0}}