{"config_name": "clock_0days",
 "long": {"backwards_tp": true,
          "delay_between_fills_minutes_close": 798.1320688045332,
          "delay_between_fills_minutes_entry": 1030.7671682778941,
          "delay_weight_close": 0.0,
          "delay_weight_entry": 18.45666796276393,
          "ema_dist_close": 0.002083940822224847,
          "ema_dist_entry": 0.00022541397171244344,
          "ema_span_0": 1422.6872004554505,
          "ema_span_1": 1289.1257784655809,
          "enabled": true,
          "markup_range": 0.025621549694778183,
          "min_markup": 0.004216013660953122,
          "n_close_orders": 2,
          "qty_pct_close": 0.010161890934268477,
          "qty_pct_entry": 0.010120209830571526,
          "wallet_exposure_limit": 1.0,
          "we_multiplier_close": 0.0,
          "we_multiplier_entry": 0.0},
 "short": {"backwards_tp": true,
           "delay_between_fills_minutes_close": 1334.3956242645975,
           "delay_between_fills_minutes_entry": 703.3323521993282,
           "delay_weight_close": 0.0,
           "delay_weight_entry": 17.12749201803072,
           "ema_dist_close": -0.004894368094680745,
           "ema_dist_entry": -0.0019394885018048638,
           "ema_span_0": 1438.722674720055,
           "ema_span_1": 1387.09093251806,
           "enabled": true,
           "markup_range": 0.0163238664584542,
           "min_markup": 0.006986769414239938,
           "n_close_orders": 3,
           "qty_pct_close": 0.011807490232755851,
           "qty_pct_entry": 0.013672843243991805,
           "wallet_exposure_limit": 1.0,
           "we_multiplier_close": 0.0,
           "we_multiplier_entry": 0.0}}