{"config_name": "clock_0days",
 "long": {"backwards_tp": true,
          "delay_between_fills_minutes_close": 1177.217307357407,
          "delay_between_fills_minutes_entry": 1286.4399948632342,
          "delay_weight_close": 0,
          "delay_weight_entry": 26.121160038056924,
          "ema_dist_close": -0.002904246898258867,
          "ema_dist_entry": -0.003963841887506766,
          "ema_span_0": 1256.5092066128518,
          "ema_span_1": 360.87962695863376,
          "enabled": true,
          "markup_range": 0.02498930597172496,
          "min_markup": 0.008055179874925853,
          "n_close_orders": 14,
          "qty_pct_close": 0.03407597515062306,
          "qty_pct_entry": 0.011900948152254143,
          "wallet_exposure_limit": 1,
          "we_multiplier_close": 0,
          "we_multiplier_entry": 0},
 "short": {"backwards_tp": true,
           "delay_between_fills_minutes_close": 1274.654566546814,
           "delay_between_fills_minutes_entry": 249.57332727537383,
           "delay_weight_close": 0,
           "delay_weight_entry": 46.47778867210512,
           "ema_dist_close": -0.007518542931519998,
           "ema_dist_entry": 0.002937792864330507,
           "ema_span_0": 1125.3533799959919,
           "ema_span_1": 660.4872193477821,
           "enabled": true,
           "markup_range": 0.0047055962454547245,
           "min_markup": 0.005851851791178232,
           "n_close_orders": 2,
           "qty_pct_close": 0.02786969529503241,
           "qty_pct_entry": 0.020610204172569275,
           "wallet_exposure_limit": 1,
           "we_multiplier_close": 0,
           "we_multiplier_entry": 0}}