{"config_name": "clock_0days",
 "long": {"backwards_tp": true,
          "delay_between_fills_minutes_close": 1403.647835370289,
          "delay_between_fills_minutes_entry": 901.1941980838219,
          "delay_weight_close": 0,
          "delay_weight_entry": 51.54785081448945,
          "ema_dist_close": -0.0003320187108453776,
          "ema_dist_entry": 0.0005433220688181975,
          "ema_span_0": 1288.4169754445516,
          "ema_span_1": 836.2580544161923,
          "enabled": true,
          "markup_range": 0.0015484104820289173,
          "min_markup": 0.00411983130072526,
          "n_close_orders": 7,
          "qty_pct_close": 0.02876244058241153,
          "qty_pct_entry": 0.014961911570694887,
          "wallet_exposure_limit": 1,
          "we_multiplier_close": 0,
          "we_multiplier_entry": 0},
 "short": {"backwards_tp": true,
           "delay_between_fills_minutes_close": 1145.3074234751064,
           "delay_between_fills_minutes_entry": 77.97936113776194,
           "delay_weight_close": 0,
           "delay_weight_entry": 15.707755799301689,
           "ema_dist_close": 0.0028534255015415337,
           "ema_dist_entry": -0.00697599198684795,
           "ema_span_0": 1300.0517719493478,
           "ema_span_1": 1196.95769623351,
           "enabled": true,
           "markup_range": 0.005235070655497227,
           "min_markup": 0.00211234696771715,
           "n_close_orders": 3,
           "qty_pct_close": 0.010829238489901218,
           "qty_pct_entry": 0.010024016058486912,
           "wallet_exposure_limit": 1,
           "we_multiplier_close": 0,
           "we_multiplier_entry": 0}}