{"config_name": "clock_0days",
 "long": {"backwards_tp": true,
          "delay_between_fills_minutes_close": 940.2918994586728,
          "delay_between_fills_minutes_entry": 319.2570426583911,
          "delay_weight_close": 0.0,
          "delay_weight_entry": 42.30597175792062,
          "ema_dist_close": 0.0029966975879775117,
          "ema_dist_entry": -0.0003738152521894128,
          "ema_span_0": 1295.5186179807233,
          "ema_span_1": 1401.0365368494845,
          "enabled": true,
          "markup_range": 0.0015978102252384681,
          "min_markup": 0.004270696021420699,
          "n_close_orders": 7,
          "qty_pct_close": 0.027784204295989663,
          "qty_pct_entry": 0.015638631049382838,
          "wallet_exposure_limit": 1.0,
          "we_multiplier_close": 0.0,
          "we_multiplier_entry": 0.0},
 "short": {"backwards_tp": true,
           "delay_between_fills_minutes_close": 1282.4155686395065,
           "delay_between_fills_minutes_entry": 273.0678593529832,
           "delay_weight_close": 0.0,
           "delay_weight_entry": 8.954425194749996,
           "ema_dist_close": 0.00035424983912978953,
           "ema_dist_entry": -0.005866833276496436,
           "ema_span_0": 453.15585012178775,
           "ema_span_1": 952.1042573139893,
           "enabled": true,
           "markup_range": 0.009767161554574686,
           "min_markup": 0.004340626719331855,
           "n_close_orders": 3,
           "qty_pct_close": 0.010061748448605063,
           "qty_pct_entry": 0.010016032903323464,
           "wallet_exposure_limit": 1.0,
           "we_multiplier_close": 0.0,
           "we_multiplier_entry": 0.0}}