{"config_name": "clock_0days",
 "long": {"backwards_tp": true,
          "delay_between_fills_minutes_close": 1398.630015504244,
          "delay_between_fills_minutes_entry": 1167.0512691137956,
          "delay_weight_close": 0.0,
          "delay_weight_entry": 13.117117355388263,
          "ema_dist_close": 0.0011556052335223595,
          "ema_dist_entry": 0.002961563605153319,
          "ema_span_0": 1063.317923807667,
          "ema_span_1": 1426.4121026805792,
          "enabled": true,
          "markup_range": 0.00315673715550122,
          "min_markup": 0.009944756790563504,
          "n_close_orders": 13,
          "qty_pct_close": 0.011146313533954972,
          "qty_pct_entry": 0.018611988676952376,
          "wallet_exposure_limit": 1.0,
          "we_multiplier_close": 0.0,
          "we_multiplier_entry": 0.0},
 "short": {"backwards_tp": true,
           "delay_between_fills_minutes_close": 668.3940787650404,
           "delay_between_fills_minutes_entry": 1099.2513116823127,
           "delay_weight_close": 0.0,
           "delay_weight_entry": 43.20059277990895,
           "ema_dist_close": -0.0007941722064042247,
           "ema_dist_entry": 0.002998432529462352,
           "ema_span_0": 1358.2804360733253,
           "ema_span_1": 1283.5280808182085,
           "enabled": true,
           "markup_range": 0.006441453224612535,
           "min_markup": 0.009193172949315757,
           "n_close_orders": 16,
           "qty_pct_close": 0.04957355914775669,
           "qty_pct_entry": 0.012523696507687863,
           "wallet_exposure_limit": 1.0,
           "we_multiplier_close": 0.0,
           "we_multiplier_entry": 0.0}}