{"config_name": "clock_0days",
 "long": {"backwards_tp": true,
          "delay_between_fills_minutes_close": 945.9538362291506,
          "delay_between_fills_minutes_entry": 385.5400889803544,
          "delay_weight_close": 0.0,
          "delay_weight_entry": 14.021687918766617,
          "ema_dist_close": 0.0026848956073981666,
          "ema_dist_entry": -0.0018099591660055978,
          "ema_span_0": 299.943640375116,
          "ema_span_1": 527.9162358028645,
          "enabled": true,
          "markup_range": 0.003569043401168896,
          "min_markup": 0.004315379955400897,
          "n_close_orders": 14,
          "qty_pct_close": 0.014314627658496863,
          "qty_pct_entry": 0.02371890640684274,
          "wallet_exposure_limit": 1.0,
          "we_multiplier_close": 0.0,
          "we_multiplier_entry": 0.0},
 "short": {"backwards_tp": true,
           "delay_between_fills_minutes_close": 808.4845063347556,
           "delay_between_fills_minutes_entry": 632.9438830467375,
           "delay_weight_close": 0.0,
           "delay_weight_entry": 23.202419150364737,
           "ema_dist_close": -0.007862922677848326,
           "ema_dist_entry": -3.4665992444181e-06,
           "ema_span_0": 360.81518111539646,
           "ema_span_1": 1027.0640336933898,
           "enabled": true,
           "markup_range": 0.026073493265995444,
           "min_markup": 0.008916026529181133,
           "n_close_orders": 6,
           "qty_pct_close": 0.017320068296704384,
           "qty_pct_entry": 0.010827253609675775,
           "wallet_exposure_limit": 1.0,
           "we_multiplier_close": 0.0,
           "we_multiplier_entry": 0.0}}