{"config_name": "clock_0days",
 "long": {"backwards_tp": true,
          "delay_between_fills_minutes_close": 1078.1753514919264,
          "delay_between_fills_minutes_entry": 1040.8876428603985,
          "delay_weight_close": 0,
          "delay_weight_entry": 21.890813582183025,
          "ema_dist_close": 0.0023289786108466495,
          "ema_dist_entry": 0.0022730222617856,
          "ema_span_0": 975.7212863380324,
          "ema_span_1": 664.5999565090068,
          "enabled": true,
          "markup_range": 0.006678498132360761,
          "min_markup": 0.004410890822976799,
          "n_close_orders": 7,
          "qty_pct_close": 0.010932739008984678,
          "qty_pct_entry": 0.010000000531326705,
          "wallet_exposure_limit": 1,
          "we_multiplier_close": 0,
          "we_multiplier_entry": 0},
 "short": {"backwards_tp": true,
           "delay_between_fills_minutes_close": 1274.654566546814,
           "delay_between_fills_minutes_entry": 249.57332727537383,
           "delay_weight_close": 0,
           "delay_weight_entry": 46.47778867210512,
           "ema_dist_close": -0.007518542931519998,
           "ema_dist_entry": 0.002937792864330507,
           "ema_span_0": 1125.3533799959919,
           "ema_span_1": 660.4872193477821,
           "enabled": true,
           "markup_range": 0.0047055962454547245,
           "min_markup": 0.005851851791178232,
           "n_close_orders": 2,
           "qty_pct_close": 0.02786969529503241,
           "qty_pct_entry": 0.020610204172569275,
           "wallet_exposure_limit": 1,
           "we_multiplier_close": 0,
           "we_multiplier_entry": 0}}