{"config_name": "clock_0days",
 "long": {"backwards_tp": true,
          "delay_between_fills_minutes_close": 1041.895470289504,
          "delay_between_fills_minutes_entry": 512.9869738723504,
          "delay_weight_close": 0.0,
          "delay_weight_entry": 19.732079446274067,
          "ema_dist_close": -0.008428612440420983,
          "ema_dist_entry": -0.0068377502115889,
          "ema_span_0": 1409.924297966722,
          "ema_span_1": 1423.9487651726045,
          "enabled": true,
          "markup_range": 0.006289296008560878,
          "min_markup": 0.009656932996087598,
          "n_close_orders": 4,
          "qty_pct_close": 0.012364579813711814,
          "qty_pct_entry": 0.011057892535584691,
          "wallet_exposure_limit": 1.0,
          "we_multiplier_close": 0.0,
          "we_multiplier_entry": 0.0},
 "short": {"backwards_tp": true,
           "delay_between_fills_minutes_close": 1439.1402197647528,
           "delay_between_fills_minutes_entry": 388.73904952727696,
           "delay_weight_close": 0.0,
           "delay_weight_entry": 11.292968577416774,
           "ema_dist_close": 0.0028481853860905775,
           "ema_dist_entry": 0.00040429905806639506,
           "ema_span_0": 1423.3543837017423,
           "ema_span_1": 905.7978834097904,
           "enabled": true,
           "markup_range": 0.00934650460223549,
           "min_markup": 0.009162105155560889,
           "n_close_orders": 15,
           "qty_pct_close": 0.010000245376433195,
           "qty_pct_entry": 0.01,
           "wallet_exposure_limit": 1.0,
           "we_multiplier_close": 0.0,
           "we_multiplier_entry": 0.0}}