{"config_name": "clock_0days",
 "long": {"backwards_tp": true,
          "delay_between_fills_minutes_close": 680.622984823274,
          "delay_between_fills_minutes_entry": 1092.3572813259816,
          "delay_weight_close": 0.0,
          "delay_weight_entry": 15.70836143260221,
          "ema_dist_close": 0.002935269161560423,
          "ema_dist_entry": -0.009658145509397505,
          "ema_span_0": 1432.592535659919,
          "ema_span_1": 916.8814154711328,
          "enabled": true,
          "markup_range": 0.01989088479476252,
          "min_markup": 0.00983936014511689,
          "n_close_orders": 6,
          "qty_pct_close": 0.011356715608615925,
          "qty_pct_entry": 0.0117704999070046,
          "wallet_exposure_limit": 1.0,
          "we_multiplier_close": 0.0,
          "we_multiplier_entry": 0.0},
 "short": {"backwards_tp": true,
           "delay_between_fills_minutes_close": 1286.5015265822199,
           "delay_between_fills_minutes_entry": 638.2733324168098,
           "delay_weight_close": 0.0,
           "delay_weight_entry": 16.211506922808063,
           "ema_dist_close": -0.0007974630744521274,
           "ema_dist_entry": -0.0036105431286711943,
           "ema_span_0": 1404.6123058299056,
           "ema_span_1": 925.8276161480798,
           "enabled": true,
           "markup_range": 0.030360392763880292,
           "min_markup": 0.009670556167897264,
           "n_close_orders": 4,
           "qty_pct_close": 0.018913960612689164,
           "qty_pct_entry": 0.01,
           "wallet_exposure_limit": 1.0,
           "we_multiplier_close": 0.0,
           "we_multiplier_entry": 0.0}}