{"config_name": "clock_0days",
 "long": {"backwards_tp": true,
          "delay_between_fills_minutes_close": 1164.2760594519466,
          "delay_between_fills_minutes_entry": 985.9220568854332,
          "delay_weight_close": 0,
          "delay_weight_entry": 23.38910989361624,
          "ema_dist_close": 0.0029800199470061297,
          "ema_dist_entry": -0.0009111268814378534,
          "ema_span_0": 1397.394796752606,
          "ema_span_1": 919.7451485142197,
          "enabled": true,
          "markup_range": 0.017580205509188773,
          "min_markup": 0.009545784943176707,
          "n_close_orders": 11,
          "qty_pct_close": 0.042489143660746305,
          "qty_pct_entry": 0.012586587104094181,
          "wallet_exposure_limit": 1,
          "we_multiplier_close": 0,
          "we_multiplier_entry": 0},
 "short": {"backwards_tp": true,
           "delay_between_fills_minutes_close": 1364.2509156233991,
           "delay_between_fills_minutes_entry": 1431.9515831048634,
           "delay_weight_close": 0,
           "delay_weight_entry": 10.181826627056836,
           "ema_dist_close": -0.006431932621820536,
           "ema_dist_entry": 0.002995906633934601,
           "ema_span_0": 1439.688663775601,
           "ema_span_1": 1203.455509746827,
           "enabled": true,
           "markup_range": 0.03393588124455384,
           "min_markup": 0.006264442698422524,
           "n_close_orders": 14,
           "qty_pct_close": 0.010073834427491447,
           "qty_pct_entry": 0.010268878684913187,
           "wallet_exposure_limit": 1,
           "we_multiplier_close": 0,
           "we_multiplier_entry": 0}}