{"config_name": "clock_0days",
 "long": {"backwards_tp": true,
          "delay_between_fills_minutes_close": 1408.3165221353524,
          "delay_between_fills_minutes_entry": 1422.7732246835703,
          "delay_weight_close": 0.0,
          "delay_weight_entry": 18.427994981897204,
          "ema_dist_close": -0.004053178756328444,
          "ema_dist_entry": 0.002618435651867875,
          "ema_span_0": 612.8910250227399,
          "ema_span_1": 1409.2307086966928,
          "enabled": true,
          "markup_range": 0.012220226096203468,
          "min_markup": 0.006709438314188496,
          "n_close_orders": 13,
          "qty_pct_close": 0.010586207477315786,
          "qty_pct_entry": 0.012081716695866138,
          "wallet_exposure_limit": 1.0,
          "we_multiplier_close": 0.0,
          "we_multiplier_entry": 0.0},
 "short": {"backwards_tp": true,
           "delay_between_fills_minutes_close": 1056.9936153023064,
           "delay_between_fills_minutes_entry": 684.7915688802559,
           "delay_weight_close": 0.0,
           "delay_weight_entry": 14.755283196017812,
           "ema_dist_close": 0.0025158781377984346,
           "ema_dist_entry": -0.017133114318423768,
           "ema_span_0": 1166.0567947449465,
           "ema_span_1": 651.2913823728402,
           "enabled": true,
           "markup_range": 0.01228326840254259,
           "min_markup": 0.007621085919013755,
           "n_close_orders": 4,
           "qty_pct_close": 0.013475150626755798,
           "qty_pct_entry": 0.010062872095528023,
           "wallet_exposure_limit": 1.0,
           "we_multiplier_close": 0.0,
           "we_multiplier_entry": 0.0}}