{"config_name": "clock_0days",
 "long": {"backwards_tp": true,
          "delay_between_fills_minutes_close": 1194.6448617579856,
          "delay_between_fills_minutes_entry": 561.3978279964499,
          "delay_weight_close": 0.0,
          "delay_weight_entry": 17.19803781075258,
          "ema_dist_close": 0.0006126153509552398,
          "ema_dist_entry": 0.0007542808990208604,
          "ema_span_0": 1125.091957758086,
          "ema_span_1": 232.1205843667664,
          "enabled": true,
          "markup_range": 0.010776448302517089,
          "min_markup": 0.0065158777268896784,
          "n_close_orders": 9,
          "qty_pct_close": 0.010000403259515832,
          "qty_pct_entry": 0.014489054810515415,
          "wallet_exposure_limit": 1.0,
          "we_multiplier_close": 0.0,
          "we_multiplier_entry": 0.0},
 "short": {"backwards_tp": true,
           "delay_between_fills_minutes_close": 1041.8246143147112,
           "delay_between_fills_minutes_entry": 861.7709723145412,
           "delay_weight_close": 0.0,
           "delay_weight_entry": 10.17378010641404,
           "ema_dist_close": 6.0477291878213124e-05,
           "ema_dist_entry": -0.005985410315756222,
           "ema_span_0": 1181.9595803547957,
           "ema_span_1": 934.3370197524667,
           "enabled": true,
           "markup_range": 0.0385760186100699,
           "min_markup": 0.009984316518502519,
           "n_close_orders": 7,
           "qty_pct_close": 0.011533798936105507,
           "qty_pct_entry": 0.01300150755321505,
           "wallet_exposure_limit": 1.0,
           "we_multiplier_close": 0.0,
           "we_multiplier_entry": 0.0}}