{"config_name": "clock_0days",
 "long": {"backwards_tp": true,
          "delay_between_fills_minutes_close": 658.7568103486573,
          "delay_between_fills_minutes_entry": 1391.8298060320285,
          "delay_weight_close": 0.0,
          "delay_weight_entry": 22.653189437658835,
          "ema_dist_close": -0.002277325237964165,
          "ema_dist_entry": -0.0032363991136056666,
          "ema_span_0": 1431.7927348713508,
          "ema_span_1": 1229.256166452499,
          "enabled": true,
          "markup_range": 0.01356386933634445,
          "min_markup": 0.008769107969349536,
          "n_close_orders": 6,
          "qty_pct_close": 0.01144688196422766,
          "qty_pct_entry": 0.010153798933042727,
          "wallet_exposure_limit": 1.0,
          "we_multiplier_close": 0.0,
          "we_multiplier_entry": 0.0},
 "short": {"backwards_tp": true,
           "delay_between_fills_minutes_close": 735.3735070536071,
           "delay_between_fills_minutes_entry": 862.0509258389898,
           "delay_weight_close": 0.0,
           "delay_weight_entry": 24.29262973550194,
           "ema_dist_close": -0.0018645232581251325,
           "ema_dist_entry": -0.02695826108037236,
           "ema_span_0": 1437.9854493689022,
           "ema_span_1": 8.461754841767535,
           "enabled": true,
           "markup_range": 0.019813214707610702,
           "min_markup": 0.00893539346902172,
           "n_close_orders": 11,
           "qty_pct_close": 0.0320364514926835,
           "qty_pct_entry": 0.013021314191374637,
           "wallet_exposure_limit": 1.0,
           "we_multiplier_close": 0.0,
           "we_multiplier_entry": 0.0}}