{"config_name": "clock_0days",
 "long": {"backwards_tp": true,
          "delay_between_fills_minutes_close": 1224.1180107466164,
          "delay_between_fills_minutes_entry": 847.258200586804,
          "delay_weight_close": 0,
          "delay_weight_entry": 27.904947462618427,
          "ema_dist_close": -0.0002708316296765377,
          "ema_dist_entry": 0.002034355858931302,
          "ema_span_0": 867.9819535541286,
          "ema_span_1": 438.4431957654695,
          "enabled": true,
          "markup_range": 0.004870831231368992,
          "min_markup": 0.005569516875200662,
          "n_close_orders": 5,
          "qty_pct_close": 0.01314874289708215,
          "qty_pct_entry": 0.02424679100753185,
          "wallet_exposure_limit": 1,
          "we_multiplier_close": 0,
          "we_multiplier_entry": 0},
 "short": {"backwards_tp": true,
           "delay_between_fills_minutes_close": 1274.654566546814,
           "delay_between_fills_minutes_entry": 249.57332727537383,
           "delay_weight_close": 0,
           "delay_weight_entry": 46.47778867210512,
           "ema_dist_close": -0.007518542931519998,
           "ema_dist_entry": 0.002937792864330507,
           "ema_span_0": 1125.3533799959919,
           "ema_span_1": 660.4872193477821,
           "enabled": true,
           "markup_range": 0.0047055962454547245,
           "min_markup": 0.005851851791178232,
           "n_close_orders": 2,
           "qty_pct_close": 0.02786969529503241,
           "qty_pct_entry": 0.020610204172569275,
           "wallet_exposure_limit": 1,
           "we_multiplier_close": 0,
           "we_multiplier_entry": 0}}