{"config_name": "clock_0days",
 "long": {"backwards_tp": true,
          "delay_between_fills_minutes_close": 635.2744512433541,
          "delay_between_fills_minutes_entry": 1308.3111669501725,
          "delay_weight_close": 0.0,
          "delay_weight_entry": 17.00885364669538,
          "ema_dist_close": 0.0009936026909427916,
          "ema_dist_entry": 0.003,
          "ema_span_0": 1055.4985259276432,
          "ema_span_1": 573.0185378751022,
          "enabled": true,
          "markup_range": 0.018504743435702332,
          "min_markup": 0.008942718305873561,
          "n_close_orders": 12,
          "qty_pct_close": 0.01987957419487745,
          "qty_pct_entry": 0.010030285378598965,
          "wallet_exposure_limit": 1.0,
          "we_multiplier_close": 0.0,
          "we_multiplier_entry": 0.0},
 "short": {"backwards_tp": true,
           "delay_between_fills_minutes_close": 1145.3074234751064,
           "delay_between_fills_minutes_entry": 77.97936113776194,
           "delay_weight_close": 0.0,
           "delay_weight_entry": 15.707755799301689,
           "ema_dist_close": 0.0028534255015415337,
           "ema_dist_entry": -0.00697599198684795,
           "ema_span_0": 1300.0517719493478,
           "ema_span_1": 1196.95769623351,
           "enabled": true,
           "markup_range": 0.005235070655497227,
           "min_markup": 0.00211234696771715,
           "n_close_orders": 3,
           "qty_pct_close": 0.010829238489901218,
           "qty_pct_entry": 0.010024016058486912,
           "wallet_exposure_limit": 1.0,
           "we_multiplier_close": 0.0,
           "we_multiplier_entry": 0.0}}