{"config_name": "clock_0days",
 "long": {"backwards_tp": true,
          "delay_between_fills_minutes_close": 973.0722453777331,
          "delay_between_fills_minutes_entry": 1187.0344561724826,
          "delay_weight_close": 0,
          "delay_weight_entry": 30.953304533807078,
          "ema_dist_close": 0.0023342188169894014,
          "ema_dist_entry": -0.0025081330892488575,
          "ema_span_0": 1422.571466599457,
          "ema_span_1": 908.2610525552683,
          "enabled": true,
          "markup_range": 0.005755551531254798,
          "min_markup": 0.008821754839349704,
          "n_close_orders": 4,
          "qty_pct_close": 0.01034739238971493,
          "qty_pct_entry": 0.010691495571693547,
          "wallet_exposure_limit": 1,
          "we_multiplier_close": 0,
          "we_multiplier_entry": 0},
 "short": {"backwards_tp": true,
           "delay_between_fills_minutes_close": 1368.2534859259956,
           "delay_between_fills_minutes_entry": 230.98355283699115,
           "delay_weight_close": 0,
           "delay_weight_entry": 22.917665706307808,
           "ema_dist_close": 0.001983438372234831,
           "ema_dist_entry": 0.002959692112315121,
           "ema_span_0": 1420.989129265487,
           "ema_span_1": 656.0641597906967,
           "enabled": true,
           "markup_range": 0.009982032917226272,
           "min_markup": 0.00827838515199889,
           "n_close_orders": 12,
           "qty_pct_close": 0.017376551594734835,
           "qty_pct_entry": 0.012658133936101636,
           "wallet_exposure_limit": 1,
           "we_multiplier_close": 0,
           "we_multiplier_entry": 0}}