{"config_name": "clock_0days",
 "long": {"backwards_tp": true,
          "delay_between_fills_minutes_close": 1112.4284733849756,
          "delay_between_fills_minutes_entry": 1219.2699331213048,
          "delay_weight_close": 0.0,
          "delay_weight_entry": 12.783582338181889,
          "ema_dist_close": 0.0003888406419153387,
          "ema_dist_entry": -0.00272102570294161,
          "ema_span_0": 1181.8799646212422,
          "ema_span_1": 1352.4764822804693,
          "enabled": true,
          "markup_range": 0.0030807141378790125,
          "min_markup": 0.008184126259957934,
          "n_close_orders": 14,
          "qty_pct_close": 0.01003125375612188,
          "qty_pct_entry": 0.010297279404518068,
          "wallet_exposure_limit": 1.0,
          "we_multiplier_close": 0.0,
          "we_multiplier_entry": 0.0},
 "short": {"backwards_tp": true,
           "delay_between_fills_minutes_close": 1256.7529374398925,
           "delay_between_fills_minutes_entry": 167.93111280998616,
           "delay_weight_close": 0.0,
           "delay_weight_entry": 30.81247663673526,
           "ema_dist_close": 0.0029224649822000574,
           "ema_dist_entry": -0.005521424557757807,
           "ema_span_0": 1438.668837487313,
           "ema_span_1": 99.8353155682123,
           "enabled": true,
           "markup_range": 0.0027549344750456553,
           "min_markup": 0.0034155268732934613,
           "n_close_orders": 2,
           "qty_pct_close": 0.010987219550919487,
           "qty_pct_entry": 0.017667225882432556,
           "wallet_exposure_limit": 1.0,
           "we_multiplier_close": 0.0,
           "we_multiplier_entry": 0.0}}