{"config_name": "clock_0days",
 "long": {"backwards_tp": true,
          "delay_between_fills_minutes_close": 1364.5472398594718,
          "delay_between_fills_minutes_entry": 1160.9289375268002,
          "delay_weight_close": 0.0,
          "delay_weight_entry": 28.146445336986773,
          "ema_dist_close": -0.005518833283247788,
          "ema_dist_entry": 0.003,
          "ema_span_0": 899.3594919175054,
          "ema_span_1": 647.3294747995532,
          "enabled": true,
          "markup_range": 0.004601317201071326,
          "min_markup": 0.008171691735542767,
          "n_close_orders": 11,
          "qty_pct_close": 0.019991794787836286,
          "qty_pct_entry": 0.016285474098877113,
          "wallet_exposure_limit": 1.0,
          "we_multiplier_close": 0.0,
          "we_multiplier_entry": 0.0},
 "short": {"backwards_tp": true,
           "delay_between_fills_minutes_close": 1273.585119725461,
           "delay_between_fills_minutes_entry": 1405.7542400308316,
           "delay_weight_close": 0.0,
           "delay_weight_entry": 10.823523263593525,
           "ema_dist_close": -0.0025047097682645296,
           "ema_dist_entry": 0.002823754343114292,
           "ema_span_0": 1292.676040617432,
           "ema_span_1": 1240.0898133121452,
           "enabled": true,
           "markup_range": 0.0342708627139514,
           "min_markup": 0.005779643518188103,
           "n_close_orders": 2,
           "qty_pct_close": 0.014182835735439697,
           "qty_pct_entry": 0.014468020882534472,
           "wallet_exposure_limit": 1.0,
           "we_multiplier_close": 0.0,
           "we_multiplier_entry": 0.0}}