{"config_name": "clock_0days",
 "long": {"backwards_tp": true,
          "delay_between_fills_minutes_close": 573.2076428068058,
          "delay_between_fills_minutes_entry": 1360.0460479808264,
          "delay_weight_close": 0.0,
          "delay_weight_entry": 8.768373335319001,
          "ema_dist_close": 0.001606018180006968,
          "ema_dist_entry": 0.0006247501234408132,
          "ema_span_0": 246.38548901579728,
          "ema_span_1": 1416.3121570339192,
          "enabled": true,
          "markup_range": 0.031804116409841814,
          "min_markup": 0.00840644153964807,
          "n_close_orders": 7,
          "qty_pct_close": 0.010086741903764738,
          "qty_pct_entry": 0.010328011551055224,
          "wallet_exposure_limit": 1.0,
          "we_multiplier_close": 0.0,
          "we_multiplier_entry": 0.0},
 "short": {"backwards_tp": true,
           "delay_between_fills_minutes_close": 1052.3405201468072,
           "delay_between_fills_minutes_entry": 615.6476561129364,
           "delay_weight_close": 0.0,
           "delay_weight_entry": 13.232137411921874,
           "ema_dist_close": -0.0049013226171769385,
           "ema_dist_entry": 0.0029999999933242325,
           "ema_span_0": 1421.2551995669066,
           "ema_span_1": 1431.1459318980899,
           "enabled": true,
           "markup_range": 0.028027256634500817,
           "min_markup": 0.007951786353345404,
           "n_close_orders": 3,
           "qty_pct_close": 0.01249252700800695,
           "qty_pct_entry": 0.013897100613075702,
           "wallet_exposure_limit": 1.0,
           "we_multiplier_close": 0.0,
           "we_multiplier_entry": 0.0}}