{"config_name": "clock_0days",
 "long": {"backwards_tp": true,
          "delay_between_fills_minutes_close": 1408.3165221353524,
          "delay_between_fills_minutes_entry": 1422.7732246835703,
          "delay_weight_close": 0,
          "delay_weight_entry": 18.427994981897204,
          "ema_dist_close": -0.004053178756328444,
          "ema_dist_entry": 0.002618435651867875,
          "ema_span_0": 612.8910250227399,
          "ema_span_1": 1409.2307086966928,
          "enabled": true,
          "markup_range": 0.012220226096203468,
          "min_markup": 0.006709438314188496,
          "n_close_orders": 13,
          "qty_pct_close": 0.010586207477315786,
          "qty_pct_entry": 0.012081716695866138,
          "wallet_exposure_limit": 1,
          "we_multiplier_close": 0,
          "we_multiplier_entry": 0},
 "short": {"backwards_tp": true,
           "delay_between_fills_minutes_close": 645.2929341676522,
           "delay_between_fills_minutes_entry": 809.4046615803857,
           "delay_weight_close": 0,
           "delay_weight_entry": 28.847283915404955,
           "ema_dist_close": -0.00436557212485456,
           "ema_dist_entry": 0.000431723018934622,
           "ema_span_0": 1420.8348741617422,
           "ema_span_1": 126.96186037800136,
           "enabled": true,
           "markup_range": 0.039997242472271134,
           "min_markup": 0.00999952242610303,
           "n_close_orders": 4,
           "qty_pct_close": 0.049460520510479535,
           "qty_pct_entry": 0.012530298614715408,
           "wallet_exposure_limit": 1,
           "we_multiplier_close": 0,
           "we_multiplier_entry": 0}}