{"config_name": "clock_0days",
 "long": {"backwards_tp": true,
          "delay_between_fills_minutes_close": 700.580089455047,
          "delay_between_fills_minutes_entry": 759.9111961864364,
          "delay_weight_close": 0.0,
          "delay_weight_entry": 20.815886951326753,
          "ema_dist_close": 0.003,
          "ema_dist_entry": 0.001527222616375836,
          "ema_span_0": 599.4564659577517,
          "ema_span_1": 1402.3872663222446,
          "enabled": true,
          "markup_range": 0.0106171314155368,
          "min_markup": 0.005711406604398824,
          "n_close_orders": 3,
          "qty_pct_close": 0.03880832398352363,
          "qty_pct_entry": 0.0281870264828693,
          "wallet_exposure_limit": 1.0,
          "we_multiplier_close": 0.0,
          "we_multiplier_entry": 0.0},
 "short": {"backwards_tp": true,
           "delay_between_fills_minutes_close": 1439.3644050466537,
           "delay_between_fills_minutes_entry": 849.0361949525471,
           "delay_weight_close": 0.0,
           "delay_weight_entry": 12.042547643998848,
           "ema_dist_close": 0.002998074145504724,
           "ema_dist_entry": 0.0005024325181163769,
           "ema_span_0": 1434.1725358603878,
           "ema_span_1": 1432.6509711842064,
           "enabled": true,
           "markup_range": 0.019892695656795713,
           "min_markup": 0.008452711935612096,
           "n_close_orders": 2,
           "qty_pct_close": 0.016869798246309162,
           "qty_pct_entry": 0.010000153507969591,
           "wallet_exposure_limit": 1.0,
           "we_multiplier_close": 0.0,
           "we_multiplier_entry": 0.0}}