{"config_name": "clock_0days",
 "long": {"backwards_tp": true,
          "delay_between_fills_minutes_close": 772.1117124982271,
          "delay_between_fills_minutes_entry": 1408.4045549003838,
          "delay_weight_close": 0.0,
          "delay_weight_entry": 14.646940851377312,
          "ema_dist_close": 0.002002865900961233,
          "ema_dist_entry": 0.0016244642107342126,
          "ema_span_0": 1295.9812368308721,
          "ema_span_1": 1130.1907012960194,
          "enabled": true,
          "markup_range": 0.006733215285910136,
          "min_markup": 0.008916615646907088,
          "n_close_orders": 4,
          "qty_pct_close": 0.022525665319058353,
          "qty_pct_entry": 0.02768888580624334,
          "wallet_exposure_limit": 1.0,
          "we_multiplier_close": 0.0,
          "we_multiplier_entry": 0.0},
 "short": {"backwards_tp": true,
           "delay_between_fills_minutes_close": 1413.083464135553,
           "delay_between_fills_minutes_entry": 234.90925184231082,
           "delay_weight_close": 0.0,
           "delay_weight_entry": 37.57309035402228,
           "ema_dist_close": 0.0008314846014283218,
           "ema_dist_entry": -0.0023532618557864553,
           "ema_span_0": 1241.8886015115902,
           "ema_span_1": 334.64159451744285,
           "enabled": true,
           "markup_range": 0.0010412897924616921,
           "min_markup": 0.006886580545118562,
           "n_close_orders": 7,
           "qty_pct_close": 0.01358007031028476,
           "qty_pct_entry": 0.011349135467029686,
           "wallet_exposure_limit": 1.0,
           "we_multiplier_close": 0.0,
           "we_multiplier_entry": 0.0}}