{"config_name": "recursive_grid_0days",
 "logging_level": 0,
 "long": {"auto_unstuck_ema_dist": -0.006282242234672895,
          "auto_unstuck_wallet_exposure_threshold": 0.06354532176446633,
          "backwards_tp": true,
          "ddown_factor": 1.177204373375311,
          "ema_span_0": 951.4813077137328,
          "ema_span_1": 1279.1485378605907,
          "enabled": true,
          "initial_eprice_ema_dist": -0.055334424659230844,
          "initial_qty_pct": 0.03147510620214535,
          "markup_range": 0.007720659643360443,
          "min_markup": 0.0015643213849529476,
          "n_close_orders": 9,
          "rentry_pprice_dist": 0.018094950200696003,
          "rentry_pprice_dist_wallet_exposure_weighting": 2.8520656931666593,
          "wallet_exposure_limit": 1.0},
 "short": {"auto_unstuck_ema_dist": -0.012432718293565606,
           "auto_unstuck_wallet_exposure_threshold": 0.03593065788957661,
           "backwards_tp": true,
           "ddown_factor": 0.4597694653802191,
           "ema_span_0": 637.0593748871632,
           "ema_span_1": 666.1063249525923,
           "enabled": true,
           "initial_eprice_ema_dist": -0.06987469861307623,
           "initial_qty_pct": 0.021308362056793855,
           "markup_range": 0.0005104447506338295,
           "min_markup": 0.006960651088244009,
           "n_close_orders": 3,
           "rentry_pprice_dist": 0.024142288714809414,
           "rentry_pprice_dist_wallet_exposure_weighting": 7.106099003012187,
           "wallet_exposure_limit": 1.0}}