{"config_name": "recursive_grid_0days",
 "logging_level": 0,
 "long": {"auto_unstuck_ema_dist": -0.0037503442742239513,
          "auto_unstuck_wallet_exposure_threshold": 0.04334732139780179,
          "backwards_tp": true,
          "ddown_factor": 2.0200866345417317,
          "ema_span_0": 852.0312244700373,
          "ema_span_1": 740.4136551787356,
          "enabled": true,
          "initial_eprice_ema_dist": -0.028295634802283264,
          "initial_qty_pct": 0.015500911322661879,
          "markup_range": 0.0016022982088614009,
          "min_markup": 0.004104203436543608,
          "n_close_orders": 11,
          "rentry_pprice_dist": 0.021075339910313094,
          "rentry_pprice_dist_wallet_exposure_weighting": 4.468575593081914,
          "wallet_exposure_limit": 1.0},
 "short": {"auto_unstuck_ema_dist": 0.0009966176332721595,
           "auto_unstuck_wallet_exposure_threshold": 0.04185357229060991,
           "backwards_tp": true,
           "ddown_factor": 1.467791422813595,
           "ema_span_0": 730.2635022731074,
           "ema_span_1": 1262.8650218079877,
           "enabled": true,
           "initial_eprice_ema_dist": -0.08122912596708502,
           "initial_qty_pct": 0.028759401575720954,
           "markup_range": 0.0014339707084378031,
           "min_markup": 0.005282577778939936,
           "n_close_orders": 12,
           "rentry_pprice_dist": 0.02046817582617053,
           "rentry_pprice_dist_wallet_exposure_weighting": 1.9137210947750019,
           "wallet_exposure_limit": 1.0}}