{"config_name": "recursive_grid_0days",
 "logging_level": 0,
 "long": {"auto_unstuck_ema_dist": -0.008859325397219089,
          "auto_unstuck_wallet_exposure_threshold": 0.0438714952165182,
          "backwards_tp": true,
          "ddown_factor": 2.950295462921184,
          "ema_span_0": 1266.4028797656565,
          "ema_span_1": 1414.8828448427018,
          "enabled": true,
          "initial_eprice_ema_dist": -0.009254900081938052,
          "initial_qty_pct": 0.010653709416147423,
          "markup_range": 0.004653304902705119,
          "min_markup": 0.002277860912191983,
          "n_close_orders": 9,
          "rentry_pprice_dist": 0.03474506474709689,
          "rentry_pprice_dist_wallet_exposure_weighting": 1.3136226872787837,
          "wallet_exposure_limit": 1.0},
 "short": {"auto_unstuck_ema_dist": 0.002844916218987555,
           "auto_unstuck_wallet_exposure_threshold": 0.06319385857376113,
           "backwards_tp": true,
           "ddown_factor": 1.5903552170814916,
           "ema_span_0": 1434.7163889367168,
           "ema_span_1": 772.0417485418991,
           "enabled": true,
           "initial_eprice_ema_dist": 0.004,
           "initial_qty_pct": 0.013417753439701186,
           "markup_range": 0.00747808426470418,
           "min_markup": 0.003234492633897589,
           "n_close_orders": 2,
           "rentry_pprice_dist": 0.04960211994920235,
           "rentry_pprice_dist_wallet_exposure_weighting": 0.16400666733643587,
           "wallet_exposure_limit": 1.0}}