{"config_name": "recursive_grid_0days",
 "logging_level": 0,
 "long": {"auto_unstuck_ema_dist": -0.007241880249815282,
          "auto_unstuck_wallet_exposure_threshold": 0.033702008052553065,
          "backwards_tp": true,
          "ddown_factor": 1.1123011173719322,
          "ema_span_0": 186.03964466409596,
          "ema_span_1": 333.355314335361,
          "enabled": true,
          "initial_eprice_ema_dist": -0.004424323249338422,
          "initial_qty_pct": 0.014393262179109943,
          "markup_range": 0.0012796622661790926,
          "min_markup": 0.0018152225510309438,
          "n_close_orders": 14,
          "rentry_pprice_dist": 0.017802104075201067,
          "rentry_pprice_dist_wallet_exposure_weighting": 2.2779099256032573,
          "wallet_exposure_limit": 1.0},
 "short": {"auto_unstuck_ema_dist": 0.0029226834611578412,
           "auto_unstuck_wallet_exposure_threshold": 0.03900348778952271,
           "backwards_tp": true,
           "ddown_factor": 2.6959666429929245,
           "ema_span_0": 368.2146951274911,
           "ema_span_1": 1282.1978253839152,
           "enabled": true,
           "initial_eprice_ema_dist": -0.0014531450187057415,
           "initial_qty_pct": 0.011008918480494364,
           "markup_range": 0.0038546397190336104,
           "min_markup": 0.0013887236004253244,
           "n_close_orders": 6,
           "rentry_pprice_dist": 0.029704875358641036,
           "rentry_pprice_dist_wallet_exposure_weighting": 0.4832514153322254,
           "wallet_exposure_limit": 1.0}}