{"config_name": "recursive_grid_0days",
 "logging_level": 0,
 "long": {"auto_unstuck_ema_dist": -0.015016672410134354,
          "auto_unstuck_wallet_exposure_threshold": 0.041140907822790035,
          "backwards_tp": true,
          "ddown_factor": 0.11070321740493788,
          "ema_span_0": 723.5183273832679,
          "ema_span_1": 112.32542106587734,
          "enabled": true,
          "initial_eprice_ema_dist": -0.0021294199357324967,
          "initial_qty_pct": 0.016725157161117273,
          "markup_range": 0.004494362200590702,
          "min_markup": 0.008270382222595267,
          "n_close_orders": 8,
          "rentry_pprice_dist": 0.02991429660919063,
          "rentry_pprice_dist_wallet_exposure_weighting": 0.2223859209601817,
          "wallet_exposure_limit": 1.0},
 "short": {"auto_unstuck_ema_dist": -0.008830689991417524,
           "auto_unstuck_wallet_exposure_threshold": 0.07709679576790639,
           "backwards_tp": true,
           "ddown_factor": 0.38662034064159784,
           "ema_span_0": 1161.294088815883,
           "ema_span_1": 1286.2940740064578,
           "enabled": true,
           "initial_eprice_ema_dist": -0.005419622605008845,
           "initial_qty_pct": 0.024036346324459112,
           "markup_range": 0.005895904481642612,
           "min_markup": 0.008627949552493205,
           "n_close_orders": 8,
           "rentry_pprice_dist": 0.041878623027872645,
           "rentry_pprice_dist_wallet_exposure_weighting": 0.2387254644498976,
           "wallet_exposure_limit": 1.0}}