{"config_name": "recursive_grid_0days",
 "logging_level": 0,
 "long": {"auto_unstuck_ema_dist": 0.0029999213493882033,
          "auto_unstuck_wallet_exposure_threshold": 0.03,
          "backwards_tp": true,
          "ddown_factor": 2.0153615443097457,
          "ema_span_0": 625.4874896498168,
          "ema_span_1": 930.7158728299072,
          "enabled": true,
          "initial_eprice_ema_dist": 0.004,
          "initial_qty_pct": 0.016664981465042313,
          "markup_range": 0.008021884439372901,
          "min_markup": 0.0044892507419353085,
          "n_close_orders": 3,
          "rentry_pprice_dist": 0.046966417673932545,
          "rentry_pprice_dist_wallet_exposure_weighting": 0.6745375954668944,
          "wallet_exposure_limit": 1.0},
 "short": {"auto_unstuck_ema_dist": 0.002502295967142572,
           "auto_unstuck_wallet_exposure_threshold": 0.04430674355089565,
           "backwards_tp": true,
           "ddown_factor": 0.6127770070604638,
           "ema_span_0": 216.82972007011074,
           "ema_span_1": 1247.1669845025083,
           "enabled": true,
           "initial_eprice_ema_dist": -0.016551140251395785,
           "initial_qty_pct": 0.010086748732032259,
           "markup_range": 0.005407580245938234,
           "min_markup": 0.00579889621581414,
           "n_close_orders": 4,
           "rentry_pprice_dist": 0.040397007156762026,
           "rentry_pprice_dist_wallet_exposure_weighting": 7.782624062617037,
           "wallet_exposure_limit": 1.0}}