{"config_name": "recursive_grid_0days",
 "logging_level": 0,
 "long": {"auto_unstuck_ema_dist": -0.00288948323992343,
          "auto_unstuck_wallet_exposure_threshold": 0.0445494887267266,
          "backwards_tp": true,
          "ddown_factor": 2.6049073025777654,
          "ema_span_0": 1129.300140621897,
          "ema_span_1": 1334.1648038108792,
          "enabled": true,
          "initial_eprice_ema_dist": -0.0008120840384812397,
          "initial_qty_pct": 0.014255724562039163,
          "markup_range": 0.0027224121340377557,
          "min_markup": 0.004075406129803867,
          "n_close_orders": 10,
          "rentry_pprice_dist": 0.027464861294248463,
          "rentry_pprice_dist_wallet_exposure_weighting": 0.589329331880259,
          "wallet_exposure_limit": 1.0},
 "short": {"auto_unstuck_ema_dist": -0.03675927817155768,
           "auto_unstuck_wallet_exposure_threshold": 0.056036989680739585,
           "backwards_tp": true,
           "ddown_factor": 0.4401090849553327,
           "ema_span_0": 1050.910137488253,
           "ema_span_1": 430.87722498096923,
           "enabled": true,
           "initial_eprice_ema_dist": 0.003902570710217285,
           "initial_qty_pct": 0.020771655824470284,
           "markup_range": 0.0037083066271193584,
           "min_markup": 0.00932314836934372,
           "n_close_orders": 12,
           "rentry_pprice_dist": 0.030941279074095576,
           "rentry_pprice_dist_wallet_exposure_weighting": 9.956107779485631,
           "wallet_exposure_limit": 1.0}}