{"config_name": "recursive_grid_0days",
 "logging_level": 0,
 "long": {"auto_unstuck_ema_dist": -0.05541489051000909,
          "auto_unstuck_wallet_exposure_threshold": 0.04344523285831129,
          "backwards_tp": true,
          "ddown_factor": 0.4254276221967476,
          "ema_span_0": 556.4564318014957,
          "ema_span_1": 343.1618182232459,
          "enabled": true,
          "initial_eprice_ema_dist": -0.0013519430644345766,
          "initial_qty_pct": 0.013467132754450453,
          "markup_range": 0.007674890341201447,
          "min_markup": 0.0052291237318262225,
          "n_close_orders": 4,
          "rentry_pprice_dist": 0.0285621222925516,
          "rentry_pprice_dist_wallet_exposure_weighting": 2.6793592378831312,
          "wallet_exposure_limit": 1.0},
 "short": {"auto_unstuck_ema_dist": 0.0022759864728474437,
           "auto_unstuck_wallet_exposure_threshold": 0.030291343625441187,
           "backwards_tp": true,
           "ddown_factor": 2.906367314666113,
           "ema_span_0": 1167.1452920376196,
           "ema_span_1": 202.46018953692183,
           "enabled": true,
           "initial_eprice_ema_dist": 0.003990297484575874,
           "initial_qty_pct": 0.01766728728882219,
           "markup_range": 0.008705427884080312,
           "min_markup": 0.009973377834916974,
           "n_close_orders": 8,
           "rentry_pprice_dist": 0.04296925611254761,
           "rentry_pprice_dist_wallet_exposure_weighting": 0.8743189104914785,
           "wallet_exposure_limit": 1.0}}