{"config_name": "recursive_grid_0days",
 "logging_level": 0,
 "long": {"auto_unstuck_ema_dist": -0.0054500548646804784,
          "auto_unstuck_wallet_exposure_threshold": 0.0420882517139879,
          "backwards_tp": true,
          "ddown_factor": 1.4357279523462543,
          "ema_span_0": 1047.8549933639908,
          "ema_span_1": 438.3032910465934,
          "enabled": true,
          "initial_eprice_ema_dist": 0.0028754368676779957,
          "initial_qty_pct": 0.020460093541211515,
          "markup_range": 0.002130694219628653,
          "min_markup": 0.0027393240442716315,
          "n_close_orders": 13,
          "rentry_pprice_dist": 0.04409875608625641,
          "rentry_pprice_dist_wallet_exposure_weighting": 0.9334511349308462,
          "wallet_exposure_limit": 1},
 "short": {"auto_unstuck_ema_dist": 0.0012316390933806139,
           "auto_unstuck_wallet_exposure_threshold": 0.036645594720416466,
           "backwards_tp": true,
           "ddown_factor": 1.0699793716640587,
           "ema_span_0": 1311.8367887488828,
           "ema_span_1": 183.6939969536496,
           "enabled": true,
           "initial_eprice_ema_dist": -0.005497916172931041,
           "initial_qty_pct": 0.010066223275154869,
           "markup_range": 0.006216536561114228,
           "min_markup": 0.004892877861720531,
           "n_close_orders": 12,
           "rentry_pprice_dist": 0.020634723257193954,
           "rentry_pprice_dist_wallet_exposure_weighting": 3.6579427340578055,
           "wallet_exposure_limit": 1}}