{"config_name": "recursive_grid_0days",
 "logging_level": 0,
 "long": {"auto_unstuck_ema_dist": 0.0029992431778133027,
          "auto_unstuck_wallet_exposure_threshold": 0.03138176708350716,
          "backwards_tp": true,
          "ddown_factor": 2.1367676388074157,
          "ema_span_0": 1283.4115669634532,
          "ema_span_1": 895.1507553315541,
          "enabled": true,
          "initial_eprice_ema_dist": 0.004,
          "initial_qty_pct": 0.013226467777085568,
          "markup_range": 0.005036522760083038,
          "min_markup": 0.005057372543855804,
          "n_close_orders": 9,
          "rentry_pprice_dist": 0.02003176497827811,
          "rentry_pprice_dist_wallet_exposure_weighting": 1.7908451757089818,
          "wallet_exposure_limit": 1},
 "short": {"auto_unstuck_ema_dist": 0.002347922586252383,
           "auto_unstuck_wallet_exposure_threshold": 0.030168406293870496,
           "backwards_tp": true,
           "ddown_factor": 2.787634500487913,
           "ema_span_0": 1375.7254516847772,
           "ema_span_1": 1001.2786581842969,
           "enabled": true,
           "initial_eprice_ema_dist": -0.0019565160464607738,
           "initial_qty_pct": 0.021664175066548667,
           "markup_range": 0.0010241286817740127,
           "min_markup": 0.004254507699779713,
           "n_close_orders": 9,
           "rentry_pprice_dist": 0.020204533120943516,
           "rentry_pprice_dist_wallet_exposure_weighting": 12.717114212287877,
           "wallet_exposure_limit": 1}}