{"config_name": "recursive_grid_0days",
 "logging_level": 0,
 "long": {"auto_unstuck_ema_dist": 0.0002928284838367482,
          "auto_unstuck_wallet_exposure_threshold": 0.031394375957467004,
          "backwards_tp": true,
          "ddown_factor": 0.6622136605904634,
          "ema_span_0": 1047.924981269468,
          "ema_span_1": 1249.671818390604,
          "enabled": true,
          "initial_eprice_ema_dist": 0.003999620893993844,
          "initial_qty_pct": 0.01581468019752328,
          "markup_range": 0.010159342339092069,
          "min_markup": 0.006855316477945591,
          "n_close_orders": 13,
          "rentry_pprice_dist": 0.04233124782217295,
          "rentry_pprice_dist_wallet_exposure_weighting": 0.43011175624599546,
          "wallet_exposure_limit": 1.0},
 "short": {"auto_unstuck_ema_dist": 0.003,
           "auto_unstuck_wallet_exposure_threshold": 0.03565111391441329,
           "backwards_tp": true,
           "ddown_factor": 0.7245533562535833,
           "ema_span_0": 1247.5589404332213,
           "ema_span_1": 1394.2959382675117,
           "enabled": true,
           "initial_eprice_ema_dist": -0.0022167729417136785,
           "initial_qty_pct": 0.01712448952352606,
           "markup_range": 0.0029840349426301167,
           "min_markup": 0.006588119191907237,
           "n_close_orders": 12,
           "rentry_pprice_dist": 0.023633485130830075,
           "rentry_pprice_dist_wallet_exposure_weighting": 14.16568716742183,
           "wallet_exposure_limit": 1.0}}