{"config_name": "recursive_grid_0days",
 "logging_level": 0,
 "long": {"auto_unstuck_ema_dist": 0.00022113123136623813,
          "auto_unstuck_wallet_exposure_threshold": 0.03003681050452195,
          "backwards_tp": true,
          "ddown_factor": 2.491095217123389,
          "ema_span_0": 849.5771647692266,
          "ema_span_1": 380.9757791837824,
          "enabled": true,
          "initial_eprice_ema_dist": 0.0037947707153823712,
          "initial_qty_pct": 0.01189138536221361,
          "markup_range": 0.0024833411731856312,
          "min_markup": 0.0037456201812704993,
          "n_close_orders": 15,
          "rentry_pprice_dist": 0.04154669926202972,
          "rentry_pprice_dist_wallet_exposure_weighting": 0.8134471663479769,
          "wallet_exposure_limit": 1.0},
 "short": {"auto_unstuck_ema_dist": -0.003750626473343372,
           "auto_unstuck_wallet_exposure_threshold": 0.031126906627586756,
           "backwards_tp": true,
           "ddown_factor": 1.704097825700228,
           "ema_span_0": 463.14195933852477,
           "ema_span_1": 1080.3059697282342,
           "enabled": true,
           "initial_eprice_ema_dist": 0.0035770154131220576,
           "initial_qty_pct": 0.010484348913663014,
           "markup_range": 0.0018697983001573109,
           "min_markup": 0.00232686642877697,
           "n_close_orders": 5,
           "rentry_pprice_dist": 0.04719016123856096,
           "rentry_pprice_dist_wallet_exposure_weighting": 7.417886238103389,
           "wallet_exposure_limit": 1.0}}