{"config_name": "recursive_grid_0days",
 "logging_level": 0,
 "long": {"auto_unstuck_ema_dist": -0.006790777704655441,
          "auto_unstuck_wallet_exposure_threshold": 0.04604108777784958,
          "backwards_tp": true,
          "ddown_factor": 2.340270848568586,
          "ema_span_0": 1197.5864920304678,
          "ema_span_1": 61.721849521570476,
          "enabled": true,
          "initial_eprice_ema_dist": -0.0038843313184507102,
          "initial_qty_pct": 0.01740767984327845,
          "markup_range": 0.004278169273552795,
          "min_markup": 0.0014591836577899106,
          "n_close_orders": 7,
          "rentry_pprice_dist": 0.037149848148707115,
          "rentry_pprice_dist_wallet_exposure_weighting": 1.0158712039299553,
          "wallet_exposure_limit": 1.0},
 "short": {"auto_unstuck_ema_dist": 0.002970653733738461,
           "auto_unstuck_wallet_exposure_threshold": 0.04520599139832134,
           "backwards_tp": true,
           "ddown_factor": 2.724995176746036,
           "ema_span_0": 1405.2677550105059,
           "ema_span_1": 1183.8928801830114,
           "enabled": true,
           "initial_eprice_ema_dist": -0.001862004671057437,
           "initial_qty_pct": 0.01993838198393282,
           "markup_range": 0.0019553532698482396,
           "min_markup": 0.006699794910531998,
           "n_close_orders": 15,
           "rentry_pprice_dist": 0.048307139708426435,
           "rentry_pprice_dist_wallet_exposure_weighting": 2.485623204197133,
           "wallet_exposure_limit": 1.0}}