{"config_name": "recursive_grid_0days",
 "logging_level": 0,
 "long": {"auto_unstuck_ema_dist": -0.08390871090634944,
          "auto_unstuck_wallet_exposure_threshold": 0.0658570120535173,
          "backwards_tp": true,
          "ddown_factor": 0.16103165778871623,
          "ema_span_0": 1040.338857900859,
          "ema_span_1": 839.7539072263555,
          "enabled": true,
          "initial_eprice_ema_dist": 0.0009922195772639252,
          "initial_qty_pct": 0.018257824165452883,
          "markup_range": 0.00014416859208281444,
          "min_markup": 0.009337486675277114,
          "n_close_orders": 9,
          "rentry_pprice_dist": 0.04000168914363341,
          "rentry_pprice_dist_wallet_exposure_weighting": 1.1348372415201118,
          "wallet_exposure_limit": 1.0},
 "short": {"auto_unstuck_ema_dist": -0.008286835031044503,
           "auto_unstuck_wallet_exposure_threshold": 0.08906325407243598,
           "backwards_tp": true,
           "ddown_factor": 1.9811401161495041,
           "ema_span_0": 865.8347517993958,
           "ema_span_1": 915.4227353138988,
           "enabled": true,
           "initial_eprice_ema_dist": 0.0009998815854274355,
           "initial_qty_pct": 0.013654910166098058,
           "markup_range": 0.0,
           "min_markup": 0.005640827595268624,
           "n_close_orders": 11,
           "rentry_pprice_dist": 0.02883495105887241,
           "rentry_pprice_dist_wallet_exposure_weighting": 2.862167206529396,
           "wallet_exposure_limit": 1.0}}