{"config_name": "recursive_grid_0days",
 "logging_level": 0,
 "long": {"auto_unstuck_ema_dist": -0.06933059251210981,
          "auto_unstuck_wallet_exposure_threshold": 0.05421513089977033,
          "backwards_tp": true,
          "ddown_factor": 1.3829086377064175,
          "ema_span_0": 1292.4746016860643,
          "ema_span_1": 1046.4238135342657,
          "enabled": true,
          "initial_eprice_ema_dist": -0.0033750897290560104,
          "initial_qty_pct": 0.016973685738922283,
          "markup_range": 0.0019051362036212167,
          "min_markup": 0.0036786903168762697,
          "n_close_orders": 5,
          "rentry_pprice_dist": 0.04208742462381169,
          "rentry_pprice_dist_wallet_exposure_weighting": 0.20865580399026776,
          "wallet_exposure_limit": 1.0},
 "short": {"auto_unstuck_ema_dist": 0.000995579540704051,
           "auto_unstuck_wallet_exposure_threshold": 0.05404610433817485,
           "backwards_tp": true,
           "ddown_factor": 0.8747269582806687,
           "ema_span_0": 12.617065171509013,
           "ema_span_1": 1429.3037467288295,
           "enabled": true,
           "initial_eprice_ema_dist": 0.00027398171128639796,
           "initial_qty_pct": 0.021970079243168277,
           "markup_range": 0.006827937783110452,
           "min_markup": 0.0011783781350188753,
           "n_close_orders": 10,
           "rentry_pprice_dist": 0.03176753774514752,
           "rentry_pprice_dist_wallet_exposure_weighting": 0.9462798189196716,
           "wallet_exposure_limit": 1.0}}