{"config_name": "recursive_grid_0days",
 "logging_level": 0,
 "long": {"auto_unstuck_ema_dist": -0.07202748535438942,
          "auto_unstuck_wallet_exposure_threshold": 0.06424139106203743,
          "backwards_tp": true,
          "ddown_factor": 1.1395533844387928,
          "ema_span_0": 347.66231317915856,
          "ema_span_1": 404.81637723470413,
          "enabled": true,
          "initial_eprice_ema_dist": -0.07022521150884202,
          "initial_qty_pct": 0.01428848076080257,
          "markup_range": 0.0026201800031122966,
          "min_markup": 0.0042846279537400835,
          "n_close_orders": 16,
          "rentry_pprice_dist": 0.02755972023779651,
          "rentry_pprice_dist_wallet_exposure_weighting": 2.7117329386259748,
          "wallet_exposure_limit": 1.0},
 "short": {"auto_unstuck_ema_dist": 0.0009936302101043741,
           "auto_unstuck_wallet_exposure_threshold": 0.05404921228270254,
           "backwards_tp": true,
           "ddown_factor": 0.8746915200995857,
           "ema_span_0": 12.595776152936883,
           "ema_span_1": 1429.305922470456,
           "enabled": true,
           "initial_eprice_ema_dist": 0.0002828019097764496,
           "initial_qty_pct": 0.0219611205628303,
           "markup_range": 0.00682831708269067,
           "min_markup": 0.0011783528095524857,
           "n_close_orders": 10,
           "rentry_pprice_dist": 0.03176716700215669,
           "rentry_pprice_dist_wallet_exposure_weighting": 0.9464976373112723,
           "wallet_exposure_limit": 1.0}}