{"config_name": "recursive_grid_0days",
 "logging_level": 0,
 "long": {"auto_unstuck_ema_dist": 0.0005628073578951983,
          "auto_unstuck_wallet_exposure_threshold": 0.04238120286907842,
          "backwards_tp": true,
          "ddown_factor": 0.1320336265742974,
          "ema_span_0": 402.5934661857026,
          "ema_span_1": 552.5511193663573,
          "enabled": true,
          "initial_eprice_ema_dist": -0.020155758947806676,
          "initial_qty_pct": 0.010660117893112867,
          "markup_range": 0.007409083170336339,
          "min_markup": 0.004165769262840027,
          "n_close_orders": 3,
          "rentry_pprice_dist": 0.04505658086157979,
          "rentry_pprice_dist_wallet_exposure_weighting": 3.5741693601987414,
          "wallet_exposure_limit": 1.0},
 "short": {"auto_unstuck_ema_dist": -0.006370824420275865,
           "auto_unstuck_wallet_exposure_threshold": 0.06254471553167947,
           "backwards_tp": true,
           "ddown_factor": 1.0095115135296098,
           "ema_span_0": 727.9824520689806,
           "ema_span_1": 1380.3980635444848,
           "enabled": true,
           "initial_eprice_ema_dist": -0.087736666299224,
           "initial_qty_pct": 0.010000039370366288,
           "markup_range": 0.015525465537286034,
           "min_markup": 0.002315052412352187,
           "n_close_orders": 6,
           "rentry_pprice_dist": 0.04533081046437842,
           "rentry_pprice_dist_wallet_exposure_weighting": 2.777698748973603,
           "wallet_exposure_limit": 1.0}}