{"config_name": "recursive_grid_0days",
 "logging_level": 0,
 "long": {"auto_unstuck_ema_dist": -0.025744908360723462,
          "auto_unstuck_wallet_exposure_threshold": 0.053806044720673546,
          "backwards_tp": true,
          "ddown_factor": 0.5425588079204972,
          "ema_span_0": 1153.5309093695425,
          "ema_span_1": 261.49252273445705,
          "enabled": true,
          "initial_eprice_ema_dist": 0.0025044755306375174,
          "initial_qty_pct": 0.01734058854831599,
          "markup_range": 5.504462119797345e-06,
          "min_markup": 0.0030447959420078375,
          "n_close_orders": 4,
          "rentry_pprice_dist": 0.018811957649348,
          "rentry_pprice_dist_wallet_exposure_weighting": 0.47024302497890713,
          "wallet_exposure_limit": 1.0},
 "short": {"auto_unstuck_ema_dist": 0.0029989742344027274,
           "auto_unstuck_wallet_exposure_threshold": 0.03260519975069125,
           "backwards_tp": true,
           "ddown_factor": 0.6448954103246557,
           "ema_span_0": 232.15549813669435,
           "ema_span_1": 1237.607784487373,
           "enabled": true,
           "initial_eprice_ema_dist": 0.0029432576100942433,
           "initial_qty_pct": 0.011133595072751435,
           "markup_range": 0.0019607619907792877,
           "min_markup": 0.0016986588425358432,
           "n_close_orders": 9,
           "rentry_pprice_dist": 0.030565046593373512,
           "rentry_pprice_dist_wallet_exposure_weighting": 2.3832741991438198,
           "wallet_exposure_limit": 1.0}}