{"config_name": "recursive_grid_0days",
 "logging_level": 0,
 "long": {"auto_unstuck_ema_dist": 1.0215729467605828e-05,
          "auto_unstuck_wallet_exposure_threshold": 0.045200308794522,
          "backwards_tp": true,
          "ddown_factor": 2.9298607298340857,
          "ema_span_0": 1398.5318996589247,
          "ema_span_1": 158.28818653747194,
          "enabled": true,
          "initial_eprice_ema_dist": 0.0011975014604612042,
          "initial_qty_pct": 0.019825410964315955,
          "markup_range": 0.0021983522951003107,
          "min_markup": 0.0011222180324004444,
          "n_close_orders": 14,
          "rentry_pprice_dist": 0.01953537425134097,
          "rentry_pprice_dist_wallet_exposure_weighting": 0.30878646010388705,
          "wallet_exposure_limit": 1.0},
 "short": {"auto_unstuck_ema_dist": 0.0009984426363888936,
           "auto_unstuck_wallet_exposure_threshold": 0.03230781950164941,
           "backwards_tp": true,
           "ddown_factor": 0.3893892536011589,
           "ema_span_0": 1386.3888924571295,
           "ema_span_1": 1053.044267652918,
           "enabled": true,
           "initial_eprice_ema_dist": 0.0008691878513061875,
           "initial_qty_pct": 0.03831588420622981,
           "markup_range": 0.0014025328576113638,
           "min_markup": 0.0020667618448553353,
           "n_close_orders": 9,
           "rentry_pprice_dist": 0.01353527945652525,
           "rentry_pprice_dist_wallet_exposure_weighting": 1.3003295799001557,
           "wallet_exposure_limit": 1.0}}