{"config_name": "recursive_grid_0days",
 "logging_level": 0,
 "long": {"auto_unstuck_ema_dist": -0.0025469602471397236,
          "auto_unstuck_wallet_exposure_threshold": 0.0877697081890341,
          "backwards_tp": true,
          "ddown_factor": 1.0512976896228547,
          "ema_span_0": 1187.915096065047,
          "ema_span_1": 273.7362326137538,
          "enabled": true,
          "initial_eprice_ema_dist": 0.002206634703525499,
          "initial_qty_pct": 0.01636492466386187,
          "markup_range": 0.0019251983565878833,
          "min_markup": 0.0020597730320634244,
          "n_close_orders": 5,
          "rentry_pprice_dist": 0.018673789577299885,
          "rentry_pprice_dist_wallet_exposure_weighting": 1.7939114338263558,
          "wallet_exposure_limit": 1.0},
 "short": {"auto_unstuck_ema_dist": -0.05683829618562655,
           "auto_unstuck_wallet_exposure_threshold": 0.055819290952672324,
           "backwards_tp": true,
           "ddown_factor": 0.3045130027691017,
           "ema_span_0": 1066.456529681127,
           "ema_span_1": 22.299558157025288,
           "enabled": true,
           "initial_eprice_ema_dist": 0.00315382030447466,
           "initial_qty_pct": 0.01,
           "markup_range": 0.0,
           "min_markup": 0.001719295921656207,
           "n_close_orders": 8,
           "rentry_pprice_dist": 0.015739585694418048,
           "rentry_pprice_dist_wallet_exposure_weighting": 5.357802194927485,
           "wallet_exposure_limit": 1.0}}