{"config_name": "recursive_grid_0days",
 "logging_level": 0,
 "long": {"auto_unstuck_ema_dist": 0.0008568170628263725,
          "auto_unstuck_wallet_exposure_threshold": 0.046408716281210766,
          "backwards_tp": true,
          "ddown_factor": 1.8538565398362257,
          "ema_span_0": 419.7563635013012,
          "ema_span_1": 1306.6016292292497,
          "enabled": true,
          "initial_eprice_ema_dist": -0.08952107521171207,
          "initial_qty_pct": 0.01017915538296455,
          "markup_range": 0.004799099238496324,
          "min_markup": 0.009169874852427656,
          "n_close_orders": 5,
          "rentry_pprice_dist": 0.03316830526316182,
          "rentry_pprice_dist_wallet_exposure_weighting": 1.9928200302817465,
          "wallet_exposure_limit": 1.0},
 "short": {"auto_unstuck_ema_dist": -0.0004486793527299442,
           "auto_unstuck_wallet_exposure_threshold": 0.04331939100893749,
           "backwards_tp": true,
           "ddown_factor": 0.49120557931173364,
           "ema_span_0": 297.7220783176218,
           "ema_span_1": 1422.6640405680264,
           "enabled": true,
           "initial_eprice_ema_dist": -0.0026288094846836814,
           "initial_qty_pct": 0.011415578518010073,
           "markup_range": 0.01280453680542036,
           "min_markup": 0.009966826647665607,
           "n_close_orders": 8,
           "rentry_pprice_dist": 0.01200240064418662,
           "rentry_pprice_dist_wallet_exposure_weighting": 4.297180192550936,
           "wallet_exposure_limit": 1.0}}