{"config_name": "recursive_grid_0days",
 "logging_level": 0,
 "long": {"auto_unstuck_ema_dist": -0.02144732199398232,
          "auto_unstuck_wallet_exposure_threshold": 0.0799618201361967,
          "backwards_tp": true,
          "ddown_factor": 0.5698801220173704,
          "ema_span_0": 1388.350695228616,
          "ema_span_1": 916.111649695537,
          "enabled": true,
          "initial_eprice_ema_dist": 0.003999266685832675,
          "initial_qty_pct": 0.01819075237352724,
          "markup_range": 0.0032788150268329,
          "min_markup": 0.005739716232282093,
          "n_close_orders": 7,
          "rentry_pprice_dist": 0.03696200918223953,
          "rentry_pprice_dist_wallet_exposure_weighting": 1.8494326144529702,
          "wallet_exposure_limit": 1.0},
 "short": {"auto_unstuck_ema_dist": 0.0009758367414612006,
           "auto_unstuck_wallet_exposure_threshold": 0.03069228211094885,
           "backwards_tp": true,
           "ddown_factor": 1.074742792054796,
           "ema_span_0": 1158.345874807867,
           "ema_span_1": 1287.3196261623225,
           "enabled": true,
           "initial_eprice_ema_dist": 0.003914364685489466,
           "initial_qty_pct": 0.026886862007670473,
           "markup_range": 0.0041084513226199,
           "min_markup": 0.0012860676182616354,
           "n_close_orders": 4,
           "rentry_pprice_dist": 0.02950993718171195,
           "rentry_pprice_dist_wallet_exposure_weighting": 4.87621484595688,
           "wallet_exposure_limit": 1.0}}