{"config_name": "recursive_grid_0days",
 "logging_level": 0,
 "long": {"auto_unstuck_ema_dist": 0.0029273580224538536,
          "auto_unstuck_wallet_exposure_threshold": 0.053075715931977546,
          "backwards_tp": true,
          "ddown_factor": 0.9990871855907639,
          "ema_span_0": 1306.4877714719396,
          "ema_span_1": 65.58707462263591,
          "enabled": true,
          "initial_eprice_ema_dist": 0.0037632658982661017,
          "initial_qty_pct": 0.021292042686621215,
          "markup_range": 0.004408160372255898,
          "min_markup": 0.005021348433457241,
          "n_close_orders": 3,
          "rentry_pprice_dist": 0.04005663653667352,
          "rentry_pprice_dist_wallet_exposure_weighting": 1.3539568143172684,
          "wallet_exposure_limit": 1.0},
 "short": {"auto_unstuck_ema_dist": 0.0022103985920315463,
           "auto_unstuck_wallet_exposure_threshold": 0.03368953456568033,
           "backwards_tp": true,
           "ddown_factor": 0.48111682581869303,
           "ema_span_0": 367.38989969748644,
           "ema_span_1": 1152.7069330538857,
           "enabled": true,
           "initial_eprice_ema_dist": -0.004173342312522761,
           "initial_qty_pct": 0.013709382602286015,
           "markup_range": 0.007235907610004186,
           "min_markup": 0.0030031395883672904,
           "n_close_orders": 4,
           "rentry_pprice_dist": 0.02444160293151792,
           "rentry_pprice_dist_wallet_exposure_weighting": 4.633973912419318,
           "wallet_exposure_limit": 1.0}}