{"config_name": "recursive_grid_0days",
 "logging_level": 0,
 "long": {"auto_unstuck_ema_dist": -0.0033934353646738417,
          "auto_unstuck_wallet_exposure_threshold": 0.053278081071369485,
          "backwards_tp": true,
          "ddown_factor": 1.7981159144537453,
          "ema_span_0": 1398.4540180491806,
          "ema_span_1": 1149.1685794970626,
          "enabled": true,
          "initial_eprice_ema_dist": -0.036720436067194995,
          "initial_qty_pct": 0.012876827869920029,
          "markup_range": 0.002800164797613525,
          "min_markup": 0.004805836565098746,
          "n_close_orders": 7,
          "rentry_pprice_dist": 0.03108873211815818,
          "rentry_pprice_dist_wallet_exposure_weighting": 0.33612077340036134,
          "wallet_exposure_limit": 1.0},
 "short": {"auto_unstuck_ema_dist": 0.003,
           "auto_unstuck_wallet_exposure_threshold": 0.03,
           "backwards_tp": true,
           "ddown_factor": 0.41918373039088525,
           "ema_span_0": 77.74121893325366,
           "ema_span_1": 995.0465699716094,
           "enabled": true,
           "initial_eprice_ema_dist": -0.020138995368739813,
           "initial_qty_pct": 0.017632637861366984,
           "markup_range": 0.005433811139048811,
           "min_markup": 0.0040590094889609435,
           "n_close_orders": 14,
           "rentry_pprice_dist": 0.03037031287619687,
           "rentry_pprice_dist_wallet_exposure_weighting": 4.297587753398822,
           "wallet_exposure_limit": 1.0}}