{"config_name": "recursive_grid_0days",
 "logging_level": 0,
 "long": {"auto_unstuck_ema_dist": -0.004207651984001183,
          "auto_unstuck_wallet_exposure_threshold": 0.08007419810463827,
          "backwards_tp": true,
          "ddown_factor": 1.2729771614690313,
          "ema_span_0": 1251.6962097145586,
          "ema_span_1": 1289.5672632090323,
          "enabled": true,
          "initial_eprice_ema_dist": -0.002879714526749937,
          "initial_qty_pct": 0.013279844425017303,
          "markup_range": 0.003494202524674932,
          "min_markup": 0.005780193337350285,
          "n_close_orders": 7,
          "rentry_pprice_dist": 0.024962852320883674,
          "rentry_pprice_dist_wallet_exposure_weighting": 1.39036914695312,
          "wallet_exposure_limit": 1.0},
 "short": {"auto_unstuck_ema_dist": 0.0018288078437688692,
           "auto_unstuck_wallet_exposure_threshold": 0.038867400860257674,
           "backwards_tp": true,
           "ddown_factor": 0.19623582485328026,
           "ema_span_0": 41.416267010349635,
           "ema_span_1": 1307.3404502952746,
           "enabled": true,
           "initial_eprice_ema_dist": 0.003982371249376101,
           "initial_qty_pct": 0.022260840035955198,
           "markup_range": 0.00802788117694412,
           "min_markup": 0.006778129202618863,
           "n_close_orders": 12,
           "rentry_pprice_dist": 0.034946326211189385,
           "rentry_pprice_dist_wallet_exposure_weighting": 3.1319653567442542,
           "wallet_exposure_limit": 1.0}}