{"config_name": "recursive_grid_0days",
 "logging_level": 0,
 "long": {"auto_unstuck_ema_dist": 0.002397826796896773,
          "auto_unstuck_wallet_exposure_threshold": 0.034742079229213095,
          "backwards_tp": true,
          "ddown_factor": 2.6769833675556707,
          "ema_span_0": 1331.8284498392554,
          "ema_span_1": 1133.4009628401038,
          "enabled": true,
          "initial_eprice_ema_dist": 0.002903140592458957,
          "initial_qty_pct": 0.010241174776235274,
          "markup_range": 0.005492747869625594,
          "min_markup": 0.0014994323762362832,
          "n_close_orders": 7,
          "rentry_pprice_dist": 0.028299098991237667,
          "rentry_pprice_dist_wallet_exposure_weighting": 1.8521407234303926,
          "wallet_exposure_limit": 1.0},
 "short": {"auto_unstuck_ema_dist": 0.0017325339102950324,
           "auto_unstuck_wallet_exposure_threshold": 0.03041484348501209,
           "backwards_tp": true,
           "ddown_factor": 1.206844156297803,
           "ema_span_0": 430.2871026790404,
           "ema_span_1": 739.4212360076459,
           "enabled": true,
           "initial_eprice_ema_dist": 0.0033618288082197675,
           "initial_qty_pct": 0.016632325591837912,
           "markup_range": 0.0018589054963932803,
           "min_markup": 0.004667836942266317,
           "n_close_orders": 5,
           "rentry_pprice_dist": 0.04343608022065439,
           "rentry_pprice_dist_wallet_exposure_weighting": 8.682402238901217,
           "wallet_exposure_limit": 1.0}}