{"config_name": "recursive_grid_0days",
 "logging_level": 0,
 "long": {"auto_unstuck_ema_dist": 0.0009979296009093499,
          "auto_unstuck_wallet_exposure_threshold": 0.03188722873735526,
          "backwards_tp": true,
          "ddown_factor": 0.6873903200921253,
          "ema_span_0": 1346.4119023924077,
          "ema_span_1": 301.9498032583909,
          "enabled": true,
          "initial_eprice_ema_dist": -0.06923018390728077,
          "initial_qty_pct": 0.011197970691727965,
          "markup_range": 0.004755793282234303,
          "min_markup": 0.004324735699369691,
          "n_close_orders": 6,
          "rentry_pprice_dist": 0.03183321633774593,
          "rentry_pprice_dist_wallet_exposure_weighting": 2.4406233570188074,
          "wallet_exposure_limit": 1.0},
 "short": {"auto_unstuck_ema_dist": 0.0005891249624247443,
           "auto_unstuck_wallet_exposure_threshold": 0.03505460317802943,
           "backwards_tp": true,
           "ddown_factor": 0.5523840944354186,
           "ema_span_0": 773.287985460337,
           "ema_span_1": 491.7010573649122,
           "enabled": true,
           "initial_eprice_ema_dist": 0.0014600513123878467,
           "initial_qty_pct": 0.010448876403042985,
           "markup_range": 0.0062326089563993076,
           "min_markup": 0.0016786129396321955,
           "n_close_orders": 13,
           "rentry_pprice_dist": 0.031111307167190978,
           "rentry_pprice_dist_wallet_exposure_weighting": 9.996695845727107,
           "wallet_exposure_limit": 1.0}}