{"config_name": "recursive_grid_0days",
 "logging_level": 0,
 "long": {"auto_unstuck_ema_dist": 0.0017121804921123396,
          "auto_unstuck_wallet_exposure_threshold": 0.08159002173396877,
          "backwards_tp": true,
          "ddown_factor": 2.51838736212715,
          "ema_span_0": 1370.4139689124568,
          "ema_span_1": 1418.784845401299,
          "enabled": true,
          "initial_eprice_ema_dist": 0.003999999620454621,
          "initial_qty_pct": 0.01000057811740208,
          "markup_range": 0.0022310473400813714,
          "min_markup": 0.004049358199459696,
          "n_close_orders": 8,
          "rentry_pprice_dist": 0.04278575639559889,
          "rentry_pprice_dist_wallet_exposure_weighting": 3.9604395524353753,
          "wallet_exposure_limit": 1.0},
 "short": {"auto_unstuck_ema_dist": 0.0003778124419100669,
           "auto_unstuck_wallet_exposure_threshold": 0.050332697385672726,
           "backwards_tp": true,
           "ddown_factor": 0.6822141919109675,
           "ema_span_0": 1231.176139549898,
           "ema_span_1": 229.2696919444718,
           "enabled": true,
           "initial_eprice_ema_dist": -0.022383050982038338,
           "initial_qty_pct": 0.010022959217171435,
           "markup_range": 0.00597319155629457,
           "min_markup": 0.007900630216773692,
           "n_close_orders": 16,
           "rentry_pprice_dist": 0.03115444221415735,
           "rentry_pprice_dist_wallet_exposure_weighting": 4.079250256042508,
           "wallet_exposure_limit": 1.0}}