{"config_name": "recursive_grid_0days",
 "logging_level": 0,
 "long": {"auto_unstuck_ema_dist": 0.0009193919622147429,
          "auto_unstuck_wallet_exposure_threshold": 0.050158237264580414,
          "backwards_tp": true,
          "ddown_factor": 2.394718215824179,
          "ema_span_0": 928.0176233016921,
          "ema_span_1": 1335.0956864847838,
          "enabled": true,
          "initial_eprice_ema_dist": 0.0007048558552037084,
          "initial_qty_pct": 0.013933882429319394,
          "markup_range": 0.0049609730379722074,
          "min_markup": 0.008562646123221426,
          "n_close_orders": 12,
          "rentry_pprice_dist": 0.048927827204588825,
          "rentry_pprice_dist_wallet_exposure_weighting": 1.2012842907723877,
          "wallet_exposure_limit": 1.0},
 "short": {"auto_unstuck_ema_dist": 0.00030499036499085123,
           "auto_unstuck_wallet_exposure_threshold": 0.050327558879687595,
           "backwards_tp": true,
           "ddown_factor": 0.6820755532827099,
           "ema_span_0": 1254.7075007930634,
           "ema_span_1": 235.92268977719138,
           "enabled": true,
           "initial_eprice_ema_dist": -0.02238805330645402,
           "initial_qty_pct": 0.010020131040943014,
           "markup_range": 0.005962210900777329,
           "min_markup": 0.007898817482176789,
           "n_close_orders": 16,
           "rentry_pprice_dist": 0.03124452108978652,
           "rentry_pprice_dist_wallet_exposure_weighting": 4.035595981264816,
           "wallet_exposure_limit": 1.0}}