{"config_name": "recursive_grid_0days",
 "logging_level": 0,
 "long": {"auto_unstuck_ema_dist": 0.0008884628432925032,
          "auto_unstuck_wallet_exposure_threshold": 0.050618941310096685,
          "backwards_tp": true,
          "ddown_factor": 1.4338417824259202,
          "ema_span_0": 31.91000842822137,
          "ema_span_1": 318.6145695928512,
          "enabled": true,
          "initial_eprice_ema_dist": 0.002151383180351688,
          "initial_qty_pct": 0.01000076261405974,
          "markup_range": 0.00605720233631776,
          "min_markup": 0.006850540531140677,
          "n_close_orders": 7,
          "rentry_pprice_dist": 0.03279532624963743,
          "rentry_pprice_dist_wallet_exposure_weighting": 1.0755016750366633,
          "wallet_exposure_limit": 1.0},
 "short": {"auto_unstuck_ema_dist": -0.010686976002057667,
           "auto_unstuck_wallet_exposure_threshold": 0.07321219478669531,
           "backwards_tp": true,
           "ddown_factor": 0.10061862359447657,
           "ema_span_0": 1182.5859619693595,
           "ema_span_1": 1309.5215204905398,
           "enabled": true,
           "initial_eprice_ema_dist": -0.003973614899210133,
           "initial_qty_pct": 0.06351709765842428,
           "markup_range": 0.0021000927641025968,
           "min_markup": 0.008658647315871671,
           "n_close_orders": 9,
           "rentry_pprice_dist": 0.022420832793605613,
           "rentry_pprice_dist_wallet_exposure_weighting": 12.834475744381812,
           "wallet_exposure_limit": 1.0}}