{"config_name": "recursive_grid_0days",
 "logging_level": 0,
 "long": {"auto_unstuck_ema_dist": -0.0017041694017641451,
          "auto_unstuck_wallet_exposure_threshold": 0.07028185672444079,
          "backwards_tp": true,
          "ddown_factor": 0.2403469746991301,
          "ema_span_0": 175.4167955937108,
          "ema_span_1": 670.8545612042518,
          "enabled": true,
          "initial_eprice_ema_dist": 0.003892259306489127,
          "initial_qty_pct": 0.02103570789109989,
          "markup_range": 0.0003247335167261375,
          "min_markup": 0.0029410194226438618,
          "n_close_orders": 10,
          "rentry_pprice_dist": 0.04091402829873947,
          "rentry_pprice_dist_wallet_exposure_weighting": 3.7450773690534724,
          "wallet_exposure_limit": 1.0},
 "short": {"auto_unstuck_ema_dist": 0.001,
           "auto_unstuck_wallet_exposure_threshold": 0.05600134009603878,
           "backwards_tp": true,
           "ddown_factor": 0.14476210445971333,
           "ema_span_0": 1024.6250338412844,
           "ema_span_1": 1293.4115359771656,
           "enabled": true,
           "initial_eprice_ema_dist": 0.0009556054246148162,
           "initial_qty_pct": 0.013221519823158615,
           "markup_range": 0.005892623955587634,
           "min_markup": 0.007302367000726188,
           "n_close_orders": 9,
           "rentry_pprice_dist": 0.024271440230620542,
           "rentry_pprice_dist_wallet_exposure_weighting": 1.5276436319002498,
           "wallet_exposure_limit": 1.0}}