{"config_name": "recursive_grid_0days",
 "logging_level": 0,
 "long": {"auto_unstuck_ema_dist": -0.004393120223599814,
          "auto_unstuck_wallet_exposure_threshold": 0.03327427959267065,
          "backwards_tp": true,
          "ddown_factor": 0.28138214216489427,
          "ema_span_0": 936.3838481001006,
          "ema_span_1": 1074.8879300942833,
          "enabled": true,
          "initial_eprice_ema_dist": -0.09289589315094914,
          "initial_qty_pct": 0.015531007347128707,
          "markup_range": 0.0013881340907254632,
          "min_markup": 0.0018979144727900232,
          "n_close_orders": 16,
          "rentry_pprice_dist": 0.03615534029464102,
          "rentry_pprice_dist_wallet_exposure_weighting": 5.025453568905516,
          "wallet_exposure_limit": 1.0},
 "short": {"auto_unstuck_ema_dist": 0.0029377083606408304,
           "auto_unstuck_wallet_exposure_threshold": 0.03408724261052654,
           "backwards_tp": true,
           "ddown_factor": 2.211573746927044,
           "ema_span_0": 1045.5218986132973,
           "ema_span_1": 1156.875247126105,
           "enabled": true,
           "initial_eprice_ema_dist": 0.003594117347119623,
           "initial_qty_pct": 0.017886493538044394,
           "markup_range": 0.00042875259352814787,
           "min_markup": 0.00594342948122778,
           "n_close_orders": 12,
           "rentry_pprice_dist": 0.02429417813189314,
           "rentry_pprice_dist_wallet_exposure_weighting": 7.804003677629293,
           "wallet_exposure_limit": 1.0}}