{"config_name": "recursive_grid_0days",
 "logging_level": 0,
 "long": {"auto_unstuck_ema_dist": 0.0007719743159458382,
          "auto_unstuck_wallet_exposure_threshold": 0.0425074336640504,
          "backwards_tp": true,
          "ddown_factor": 1.2037642521356344,
          "ema_span_0": 716.898284073225,
          "ema_span_1": 337.3201590248063,
          "enabled": true,
          "initial_eprice_ema_dist": -0.06267562579718132,
          "initial_qty_pct": 0.010776046329050649,
          "markup_range": 0.00917250036042339,
          "min_markup": 0.003360731614244942,
          "n_close_orders": 13,
          "rentry_pprice_dist": 0.034555439405310334,
          "rentry_pprice_dist_wallet_exposure_weighting": 1.3986986005532116,
          "wallet_exposure_limit": 1.0},
 "short": {"auto_unstuck_ema_dist": 0.0009844332081812377,
           "auto_unstuck_wallet_exposure_threshold": 0.031425152623492145,
           "backwards_tp": true,
           "ddown_factor": 1.8264768137716125,
           "ema_span_0": 511.96420294181655,
           "ema_span_1": 1354.5170819509474,
           "enabled": true,
           "initial_eprice_ema_dist": 0.0023164530303149103,
           "initial_qty_pct": 0.021522965654226477,
           "markup_range": 0.005508143195954462,
           "min_markup": 0.005869887869284237,
           "n_close_orders": 13,
           "rentry_pprice_dist": 0.02924902866909904,
           "rentry_pprice_dist_wallet_exposure_weighting": 6.293763498362956,
           "wallet_exposure_limit": 1.0}}