{"config_name": "recursive_grid_0days",
 "logging_level": 0,
 "long": {"auto_unstuck_ema_dist": 0.00246732200950559,
          "auto_unstuck_wallet_exposure_threshold": 0.03863324110785202,
          "backwards_tp": true,
          "ddown_factor": 1.2877403925658473,
          "ema_span_0": 651.6931509827308,
          "ema_span_1": 906.4487562666468,
          "enabled": true,
          "initial_eprice_ema_dist": 0.0035867206422800575,
          "initial_qty_pct": 0.01804420654653613,
          "markup_range": 0.0027634021847895525,
          "min_markup": 0.006999804957681939,
          "n_close_orders": 7,
          "rentry_pprice_dist": 0.03531486345964179,
          "rentry_pprice_dist_wallet_exposure_weighting": 1.8828350938367064,
          "wallet_exposure_limit": 1.0},
 "short": {"auto_unstuck_ema_dist": 0.0029214159744355896,
           "auto_unstuck_wallet_exposure_threshold": 0.03421770421285347,
           "backwards_tp": true,
           "ddown_factor": 2.557337666176111,
           "ema_span_0": 1178.2951794069033,
           "ema_span_1": 215.76919601258834,
           "enabled": true,
           "initial_eprice_ema_dist": 0.00307953199514449,
           "initial_qty_pct": 0.01052022731606593,
           "markup_range": 0.004595273086768309,
           "min_markup": 0.007070763145482664,
           "n_close_orders": 12,
           "rentry_pprice_dist": 0.0380271819361701,
           "rentry_pprice_dist_wallet_exposure_weighting": 0.243566503090559,
           "wallet_exposure_limit": 1.0}}