{"config_name": "recursive_grid_0days",
 "logging_level": 0,
 "long": {"auto_unstuck_ema_dist": -0.0004899377319394256,
          "auto_unstuck_wallet_exposure_threshold": 0.06676153918931202,
          "backwards_tp": true,
          "ddown_factor": 0.7420274578404861,
          "ema_span_0": 824.9578740265154,
          "ema_span_1": 29.317368337266526,
          "enabled": true,
          "initial_eprice_ema_dist": -0.011863475916687927,
          "initial_qty_pct": 0.011946513854341206,
          "markup_range": 0.003333657606305845,
          "min_markup": 0.004429685511434966,
          "n_close_orders": 3,
          "rentry_pprice_dist": 0.02051114223455033,
          "rentry_pprice_dist_wallet_exposure_weighting": 2.876974442968145,
          "wallet_exposure_limit": 1.0},
 "short": {"auto_unstuck_ema_dist": -0.00530413662483885,
           "auto_unstuck_wallet_exposure_threshold": 0.09196656785905367,
           "backwards_tp": true,
           "ddown_factor": 0.33209641837732173,
           "ema_span_0": 1278.5446262426321,
           "ema_span_1": 582.7332246831934,
           "enabled": true,
           "initial_eprice_ema_dist": 0.0033479365249568056,
           "initial_qty_pct": 0.010778671129158285,
           "markup_range": 0.0007484615589976247,
           "min_markup": 0.004858498248599864,
           "n_close_orders": 12,
           "rentry_pprice_dist": 0.016787050152988457,
           "rentry_pprice_dist_wallet_exposure_weighting": 10.609560355933317,
           "wallet_exposure_limit": 1.0}}