{"config_name": "recursive_grid_0days",
 "logging_level": 0,
 "long": {"auto_unstuck_ema_dist": 0.0007589597976048548,
          "auto_unstuck_wallet_exposure_threshold": 0.07584327112225706,
          "backwards_tp": true,
          "ddown_factor": 0.25607004630232183,
          "ema_span_0": 1435.6164859823862,
          "ema_span_1": 1136.4379055067873,
          "enabled": true,
          "initial_eprice_ema_dist": 0.0022424229704514622,
          "initial_qty_pct": 0.01339893372378727,
          "markup_range": 0.0034336891760206514,
          "min_markup": 0.0050419876325252765,
          "n_close_orders": 12,
          "rentry_pprice_dist": 0.01848739239045173,
          "rentry_pprice_dist_wallet_exposure_weighting": 2.4285664382403502,
          "wallet_exposure_limit": 1.0},
 "short": {"auto_unstuck_ema_dist": -0.007494532957451962,
           "auto_unstuck_wallet_exposure_threshold": 0.03358496615628873,
           "backwards_tp": true,
           "ddown_factor": 0.5514693871915154,
           "ema_span_0": 1422.9763666611916,
           "ema_span_1": 1105.021545909238,
           "enabled": true,
           "initial_eprice_ema_dist": 0.0009793912756556492,
           "initial_qty_pct": 0.01018134147016294,
           "markup_range": 0.00012542583658812871,
           "min_markup": 0.002888341852629447,
           "n_close_orders": 14,
           "rentry_pprice_dist": 0.04575386554509081,
           "rentry_pprice_dist_wallet_exposure_weighting": 18.48534003017205,
           "wallet_exposure_limit": 1.0}}