{"config_name": "recursive_grid_0days",
 "logging_level": 0,
 "long": {"auto_unstuck_ema_dist": 0.0029982486415224617,
          "auto_unstuck_wallet_exposure_threshold": 0.05496426982571942,
          "backwards_tp": true,
          "ddown_factor": 0.10000166600899815,
          "ema_span_0": 1432.643587704129,
          "ema_span_1": 1324.4863666806973,
          "enabled": true,
          "initial_eprice_ema_dist": -0.0031676784343550057,
          "initial_qty_pct": 0.019599713726792183,
          "markup_range": 0.006627757403893094,
          "min_markup": 0.004455878438062509,
          "n_close_orders": 6,
          "rentry_pprice_dist": 0.022638622253661162,
          "rentry_pprice_dist_wallet_exposure_weighting": 0.0,
          "wallet_exposure_limit": 1.0},
 "short": {"auto_unstuck_ema_dist": -0.008596377902410662,
           "auto_unstuck_wallet_exposure_threshold": 0.04447986028366407,
           "backwards_tp": true,
           "ddown_factor": 0.8682700602965293,
           "ema_span_0": 732.6287267719225,
           "ema_span_1": 1321.5523773207979,
           "enabled": true,
           "initial_eprice_ema_dist": 0.003977139440080722,
           "initial_qty_pct": 0.012855479729042581,
           "markup_range": 0.0010012143356574995,
           "min_markup": 0.00535982625799434,
           "n_close_orders": 15,
           "rentry_pprice_dist": 0.023331798802606316,
           "rentry_pprice_dist_wallet_exposure_weighting": 1.602721094207696,
           "wallet_exposure_limit": 1.0}}