{"config_name": "recursive_grid_0days",
 "logging_level": 0,
 "long": {"auto_unstuck_ema_dist": 0.002552699072264462,
          "auto_unstuck_wallet_exposure_threshold": 0.03016852291858809,
          "backwards_tp": true,
          "ddown_factor": 0.5564724073245526,
          "ema_span_0": 212.6634983649032,
          "ema_span_1": 1080.9997967674446,
          "enabled": true,
          "initial_eprice_ema_dist": -0.08501217996966354,
          "initial_qty_pct": 0.01607507909178206,
          "markup_range": 0.0007469648007296267,
          "min_markup": 0.005452495281473067,
          "n_close_orders": 2,
          "rentry_pprice_dist": 0.02912779009594623,
          "rentry_pprice_dist_wallet_exposure_weighting": 0.3806232797329591,
          "wallet_exposure_limit": 1.0},
 "short": {"auto_unstuck_ema_dist": 0.0012686557943908416,
           "auto_unstuck_wallet_exposure_threshold": 0.03234570514861392,
           "backwards_tp": true,
           "ddown_factor": 0.39046821141220267,
           "ema_span_0": 189.81692057299733,
           "ema_span_1": 640.0777640983489,
           "enabled": true,
           "initial_eprice_ema_dist": -0.0037818452045279925,
           "initial_qty_pct": 0.018090389122493618,
           "markup_range": 0.0022233025354333608,
           "min_markup": 0.0030887942179957818,
           "n_close_orders": 4,
           "rentry_pprice_dist": 0.02814975300008025,
           "rentry_pprice_dist_wallet_exposure_weighting": 2.057296815235968,
           "wallet_exposure_limit": 1.0}}