{"config_name": "recursive_grid_0days",
 "logging_level": 0,
 "long": {"auto_unstuck_ema_dist": 0.002978072170556678,
          "auto_unstuck_wallet_exposure_threshold": 0.03406719146838591,
          "backwards_tp": true,
          "ddown_factor": 1.1485503123980059,
          "ema_span_0": 1280.1538289094933,
          "ema_span_1": 1392.8538963191033,
          "enabled": true,
          "initial_eprice_ema_dist": -0.010636345427841615,
          "initial_qty_pct": 0.02197426368130309,
          "markup_range": 0.007335200315706424,
          "min_markup": 0.00972168331950028,
          "n_close_orders": 5,
          "rentry_pprice_dist": 0.04029940124966433,
          "rentry_pprice_dist_wallet_exposure_weighting": 0.000670624387591856,
          "wallet_exposure_limit": 1.0},
 "short": {"auto_unstuck_ema_dist": -0.01988788746261803,
           "auto_unstuck_wallet_exposure_threshold": 0.06482510921136299,
           "backwards_tp": true,
           "ddown_factor": 0.2872641178085202,
           "ema_span_0": 1439.116386285086,
           "ema_span_1": 1302.8001555103074,
           "enabled": true,
           "initial_eprice_ema_dist": 0.003997334564282547,
           "initial_qty_pct": 0.010215610969253502,
           "markup_range": 0.014039592498762922,
           "min_markup": 0.009890697540639664,
           "n_close_orders": 16,
           "rentry_pprice_dist": 0.03604812008797812,
           "rentry_pprice_dist_wallet_exposure_weighting": 0.004021133942203125,
           "wallet_exposure_limit": 1.0}}