{"config_name": "recursive_grid_0days",
 "logging_level": 0,
 "long": {"auto_unstuck_ema_dist": -0.01580662009438268,
          "auto_unstuck_wallet_exposure_threshold": 0.05363624258880592,
          "backwards_tp": true,
          "ddown_factor": 0.5523782020014081,
          "ema_span_0": 1085.9214467722093,
          "ema_span_1": 609.3975604981392,
          "enabled": true,
          "initial_eprice_ema_dist": -0.00860905722901181,
          "initial_qty_pct": 0.018765877481016015,
          "markup_range": 0.011310961259945617,
          "min_markup": 0.005628247241856219,
          "n_close_orders": 13,
          "rentry_pprice_dist": 0.04119282234438105,
          "rentry_pprice_dist_wallet_exposure_weighting": 1.5836012334601717,
          "wallet_exposure_limit": 1.0},
 "short": {"auto_unstuck_ema_dist": -0.010528161941370568,
           "auto_unstuck_wallet_exposure_threshold": 0.03764594803050508,
           "backwards_tp": true,
           "ddown_factor": 2.265294221556137,
           "ema_span_0": 1104.2654730278514,
           "ema_span_1": 213.2217753184881,
           "enabled": true,
           "initial_eprice_ema_dist": 0.003957412216131736,
           "initial_qty_pct": 0.010229165288548253,
           "markup_range": 0.006736450850946456,
           "min_markup": 0.005578941223727244,
           "n_close_orders": 6,
           "rentry_pprice_dist": 0.04580381963609739,
           "rentry_pprice_dist_wallet_exposure_weighting": 3.6816389493834145,
           "wallet_exposure_limit": 1.0}}