{"config_name": "recursive_grid_0days",
 "logging_level": 0,
 "long": {"auto_unstuck_ema_dist": 0.00042974755338016647,
          "auto_unstuck_wallet_exposure_threshold": 0.03045155613871025,
          "backwards_tp": true,
          "ddown_factor": 2.2409488399542234,
          "ema_span_0": 1166.9983739048162,
          "ema_span_1": 651.5642061624903,
          "enabled": true,
          "initial_eprice_ema_dist": 0.003323275687904788,
          "initial_qty_pct": 0.014678847041593635,
          "markup_range": 0.0019374671873277575,
          "min_markup": 0.006349200883773077,
          "n_close_orders": 15,
          "rentry_pprice_dist": 0.028820443520433853,
          "rentry_pprice_dist_wallet_exposure_weighting": 4.243938318142501,
          "wallet_exposure_limit": 1.0},
 "short": {"auto_unstuck_ema_dist": 0.0029397578356175767,
           "auto_unstuck_wallet_exposure_threshold": 0.03306179979827216,
           "backwards_tp": true,
           "ddown_factor": 0.7218748608837953,
           "ema_span_0": 1175.238395134671,
           "ema_span_1": 1391.9176249510479,
           "enabled": true,
           "initial_eprice_ema_dist": -0.012843635280909656,
           "initial_qty_pct": 0.010000007920297687,
           "markup_range": 0.01029223327219463,
           "min_markup": 0.00234530106607219,
           "n_close_orders": 11,
           "rentry_pprice_dist": 0.021471440522271443,
           "rentry_pprice_dist_wallet_exposure_weighting": 6.748787656918779,
           "wallet_exposure_limit": 1.0}}