{"config_name": "recursive_grid_0days",
 "logging_level": 0,
 "long": {"auto_unstuck_ema_dist": -0.0014200251991519466,
          "auto_unstuck_wallet_exposure_threshold": 0.05505406162847538,
          "backwards_tp": true,
          "ddown_factor": 1.3501485134870665,
          "ema_span_0": 896.8311078865564,
          "ema_span_1": 504.7406227733894,
          "enabled": true,
          "initial_eprice_ema_dist": 0.0009987508005827941,
          "initial_qty_pct": 0.01902218826848648,
          "markup_range": 0.006791952306341439,
          "min_markup": 0.009997307921720518,
          "n_close_orders": 9,
          "rentry_pprice_dist": 0.03729992444667637,
          "rentry_pprice_dist_wallet_exposure_weighting": 0.9360591839547976,
          "wallet_exposure_limit": 1.0},
 "short": {"auto_unstuck_ema_dist": 0.001,
           "auto_unstuck_wallet_exposure_threshold": 0.03792766589977474,
           "backwards_tp": true,
           "ddown_factor": 2.7957984753326093,
           "ema_span_0": 1431.6775302938217,
           "ema_span_1": 1186.37087424014,
           "enabled": true,
           "initial_eprice_ema_dist": -0.009010545094201483,
           "initial_qty_pct": 0.013078414992238807,
           "markup_range": 0.009889589805162231,
           "min_markup": 0.008827407869581876,
           "n_close_orders": 15,
           "rentry_pprice_dist": 0.024890290591609906,
           "rentry_pprice_dist_wallet_exposure_weighting": 2.5779214994695785,
           "wallet_exposure_limit": 1.0}}