{"config_name": "recursive_grid_0days",
 "logging_level": 0,
 "long": {"auto_unstuck_ema_dist": 0.0029273580224538536,
          "auto_unstuck_wallet_exposure_threshold": 0.053075715931977546,
          "backwards_tp": true,
          "ddown_factor": 0.9990871855907639,
          "ema_span_0": 1306.4877714719396,
          "ema_span_1": 65.58707462263591,
          "enabled": true,
          "initial_eprice_ema_dist": 0.0037632658982661017,
          "initial_qty_pct": 0.021292042686621215,
          "markup_range": 0.004408160372255898,
          "min_markup": 0.005021348433457241,
          "n_close_orders": 3,
          "rentry_pprice_dist": 0.04005663653667352,
          "rentry_pprice_dist_wallet_exposure_weighting": 1.3539568143172684,
          "wallet_exposure_limit": 1},
 "short": {"auto_unstuck_ema_dist": 0.0028754713757628753,
           "auto_unstuck_wallet_exposure_threshold": 0.030887778748881056,
           "backwards_tp": true,
           "ddown_factor": 0.3803612990667404,
           "ema_span_0": 1415.0930724534976,
           "ema_span_1": 1254.0898503887495,
           "enabled": true,
           "initial_eprice_ema_dist": 0.0026671633174275584,
           "initial_qty_pct": 0.02539373120866799,
           "markup_range": 0.005049783564986984,
           "min_markup": 0.006827216520513436,
           "n_close_orders": 14,
           "rentry_pprice_dist": 0.025153980381801,
           "rentry_pprice_dist_wallet_exposure_weighting": 2.9615136187389446,
           "wallet_exposure_limit": 1}}