{"config_name": "recursive_grid_0days",
 "logging_level": 0,
 "long": {"auto_unstuck_ema_dist": -0.07134994498173541,
          "auto_unstuck_wallet_exposure_threshold": 0.04898035384691312,
          "backwards_tp": true,
          "ddown_factor": 0.579582650996215,
          "ema_span_0": 399.1572446440577,
          "ema_span_1": 639.1704100838407,
          "enabled": true,
          "initial_eprice_ema_dist": 0.003353477640767138,
          "initial_qty_pct": 0.027178749098094198,
          "markup_range": 0.003161251268876326,
          "min_markup": 0.002891321468903213,
          "n_close_orders": 11,
          "rentry_pprice_dist": 0.03573411114197307,
          "rentry_pprice_dist_wallet_exposure_weighting": 0.7350353960857781,
          "wallet_exposure_limit": 1.0},
 "short": {"auto_unstuck_ema_dist": 0.0009999991069138277,
           "auto_unstuck_wallet_exposure_threshold": 0.04526713781684279,
           "backwards_tp": true,
           "ddown_factor": 2.42241571470428,
           "ema_span_0": 1323.7310775090077,
           "ema_span_1": 147.84150715081066,
           "enabled": true,
           "initial_eprice_ema_dist": -0.004984897108145089,
           "initial_qty_pct": 0.01000052940748347,
           "markup_range": 0.0010904150990579352,
           "min_markup": 0.005776795297075458,
           "n_close_orders": 11,
           "rentry_pprice_dist": 0.02676052377038894,
           "rentry_pprice_dist_wallet_exposure_weighting": 4.794173199480282,
           "wallet_exposure_limit": 1.0}}