{"config_name": "recursive_grid_0days",
 "logging_level": 0,
 "long": {"auto_unstuck_ema_dist": -0.003152658126064948,
          "auto_unstuck_wallet_exposure_threshold": 0.07831844279900063,
          "backwards_tp": true,
          "ddown_factor": 2.9750844144527875,
          "ema_span_0": 231.05606641967472,
          "ema_span_1": 1366.2130227401822,
          "enabled": true,
          "initial_eprice_ema_dist": 0.0009630534210515163,
          "initial_qty_pct": 0.020457118022507017,
          "markup_range": 0.002685342229972746,
          "min_markup": 0.00267774992907692,
          "n_close_orders": 4,
          "rentry_pprice_dist": 0.023323138131267435,
          "rentry_pprice_dist_wallet_exposure_weighting": 2.0983601917640726,
          "wallet_exposure_limit": 1.0},
 "short": {"auto_unstuck_ema_dist": 0.001,
           "auto_unstuck_wallet_exposure_threshold": 0.03215111784996082,
           "backwards_tp": true,
           "ddown_factor": 0.917414254537099,
           "ema_span_0": 366.09502131486335,
           "ema_span_1": 541.8663632174256,
           "enabled": true,
           "initial_eprice_ema_dist": 0.00399999995603343,
           "initial_qty_pct": 0.013256089276139145,
           "markup_range": 0.0027341239113239635,
           "min_markup": 0.0025431546677410865,
           "n_close_orders": 9,
           "rentry_pprice_dist": 0.03751548136695311,
           "rentry_pprice_dist_wallet_exposure_weighting": 0.0011920022782259095,
           "wallet_exposure_limit": 1.0}}