{"config_name": "recursive_grid_0days",
 "logging_level": 0,
 "long": {"auto_unstuck_ema_dist": 0.0029992431778133027,
          "auto_unstuck_wallet_exposure_threshold": 0.03138176708350716,
          "backwards_tp": true,
          "ddown_factor": 2.1367676388074157,
          "ema_span_0": 1283.4115669634532,
          "ema_span_1": 895.1507553315541,
          "enabled": true,
          "initial_eprice_ema_dist": 0.004,
          "initial_qty_pct": 0.013226467777085568,
          "markup_range": 0.005036522760083038,
          "min_markup": 0.005057372543855804,
          "n_close_orders": 9,
          "rentry_pprice_dist": 0.02003176497827811,
          "rentry_pprice_dist_wallet_exposure_weighting": 1.7908451757089818,
          "wallet_exposure_limit": 1},
 "short": {"auto_unstuck_ema_dist": 9.653052444074304e-05,
           "auto_unstuck_wallet_exposure_threshold": 0.04019098203655911,
           "backwards_tp": true,
           "ddown_factor": 2.172746751264362,
           "ema_span_0": 1174.5616726845292,
           "ema_span_1": 1313.9696529856433,
           "enabled": true,
           "initial_eprice_ema_dist": -0.03605809703164496,
           "initial_qty_pct": 0.013534993870150693,
           "markup_range": 0.014044108756814068,
           "min_markup": 0.005676148623314531,
           "n_close_orders": 9,
           "rentry_pprice_dist": 0.0336026147738067,
           "rentry_pprice_dist_wallet_exposure_weighting": 10.827059941513717,
           "wallet_exposure_limit": 1}}