{"config_name": "recursive_grid_0days",
 "logging_level": 0,
 "long": {"auto_unstuck_ema_dist": -0.010100622707183912,
          "auto_unstuck_wallet_exposure_threshold": 0.06694191390580974,
          "backwards_tp": true,
          "ddown_factor": 0.12595431610682886,
          "ema_span_0": 965.1135316591434,
          "ema_span_1": 1046.8931883874927,
          "enabled": true,
          "initial_eprice_ema_dist": -0.06528738339090172,
          "initial_qty_pct": 0.010671359666998559,
          "markup_range": 0.002268149858370686,
          "min_markup": 0.00491680837682929,
          "n_close_orders": 10,
          "rentry_pprice_dist": 0.029464019823909303,
          "rentry_pprice_dist_wallet_exposure_weighting": 0.0008865283091791668,
          "wallet_exposure_limit": 1.0},
 "short": {"auto_unstuck_ema_dist": 0.0008732304159320931,
           "auto_unstuck_wallet_exposure_threshold": 0.030298982365455245,
           "backwards_tp": true,
           "ddown_factor": 1.581372587985884,
           "ema_span_0": 316.34694179148414,
           "ema_span_1": 1437.0402354115272,
           "enabled": true,
           "initial_eprice_ema_dist": 0.002635427086474774,
           "initial_qty_pct": 0.011617138798883585,
           "markup_range": 0.0011632668146568925,
           "min_markup": 0.003276409064071946,
           "n_close_orders": 10,
           "rentry_pprice_dist": 0.04997986481675189,
           "rentry_pprice_dist_wallet_exposure_weighting": 0.27798194350435074,
           "wallet_exposure_limit": 1.0}}