{"config_name": "recursive_grid_0days",
 "logging_level": 0,
 "long": {"auto_unstuck_ema_dist": -0.07439735316282144,
          "auto_unstuck_wallet_exposure_threshold": 0.05376532679882829,
          "backwards_tp": true,
          "ddown_factor": 1.3189298190666732,
          "ema_span_0": 739.4581937223224,
          "ema_span_1": 1323.9739958348325,
          "enabled": true,
          "initial_eprice_ema_dist": -0.013686593333261405,
          "initial_qty_pct": 0.010289506412225362,
          "markup_range": 0.0,
          "min_markup": 0.0052989611986211,
          "n_close_orders": 7,
          "rentry_pprice_dist": 0.04083454497988009,
          "rentry_pprice_dist_wallet_exposure_weighting": 5.7448173663399595,
          "wallet_exposure_limit": 1.0},
 "short": {"auto_unstuck_ema_dist": -0.0036327733239537104,
           "auto_unstuck_wallet_exposure_threshold": 0.033065801031868465,
           "backwards_tp": true,
           "ddown_factor": 0.6817801254925375,
           "ema_span_0": 1439.997865964132,
           "ema_span_1": 516.6224072037279,
           "enabled": true,
           "initial_eprice_ema_dist": 0.0010339692143910952,
           "initial_qty_pct": 0.01896630694544545,
           "markup_range": 0.010074433561708541,
           "min_markup": 0.008170920420767162,
           "n_close_orders": 5,
           "rentry_pprice_dist": 0.029576290391055627,
           "rentry_pprice_dist_wallet_exposure_weighting": 2.2106328447848402,
           "wallet_exposure_limit": 1.0}}