{"config_name": "recursive_grid_0days",
 "logging_level": 0,
 "long": {"auto_unstuck_ema_dist": -0.001889394055055673,
          "auto_unstuck_wallet_exposure_threshold": 0.051879929511110444,
          "backwards_tp": true,
          "ddown_factor": 1.6628494938438825,
          "ema_span_0": 343.2227712188447,
          "ema_span_1": 1347.9460340452986,
          "enabled": true,
          "initial_eprice_ema_dist": -0.008240357644311946,
          "initial_qty_pct": 0.010863083191144953,
          "markup_range": 0.006138663530753295,
          "min_markup": 0.0028764032880588234,
          "n_close_orders": 7,
          "rentry_pprice_dist": 0.02333501909499583,
          "rentry_pprice_dist_wallet_exposure_weighting": 0.12838953358339064,
          "wallet_exposure_limit": 1.0},
 "short": {"auto_unstuck_ema_dist": -0.0026980947483764874,
           "auto_unstuck_wallet_exposure_threshold": 0.03158276587681824,
           "backwards_tp": true,
           "ddown_factor": 2.204168752899659,
           "ema_span_0": 1275.2514147478187,
           "ema_span_1": 1020.0370623416322,
           "enabled": true,
           "initial_eprice_ema_dist": 0.0008168109999691778,
           "initial_qty_pct": 0.01963063208662974,
           "markup_range": 0.005044736708475763,
           "min_markup": 0.008903096954172917,
           "n_close_orders": 9,
           "rentry_pprice_dist": 0.03423759642684426,
           "rentry_pprice_dist_wallet_exposure_weighting": 0.24724644439651938,
           "wallet_exposure_limit": 1.0}}