{"config_name": "recursive_grid_0days",
 "logging_level": 0,
 "long": {"auto_unstuck_ema_dist": 0.0010012454337109623,
          "auto_unstuck_wallet_exposure_threshold": 0.03369718747186725,
          "backwards_tp": true,
          "ddown_factor": 1.8899415161266686,
          "ema_span_0": 1246.1765104271883,
          "ema_span_1": 1087.1175470998573,
          "enabled": true,
          "initial_eprice_ema_dist": 0.0010849430065619,
          "initial_qty_pct": 0.0163322806145647,
          "markup_range": 0.0028560720334729925,
          "min_markup": 0.001831230764461634,
          "n_close_orders": 4,
          "rentry_pprice_dist": 0.016108460145861567,
          "rentry_pprice_dist_wallet_exposure_weighting": 1.9750589973754094,
          "wallet_exposure_limit": 1},
 "short": {"auto_unstuck_ema_dist": 0.002691339793980201,
           "auto_unstuck_wallet_exposure_threshold": 0.0305636855838166,
           "backwards_tp": true,
           "ddown_factor": 1.1793397296600576,
           "ema_span_0": 513.9562543640382,
           "ema_span_1": 973.7806823022835,
           "enabled": true,
           "initial_eprice_ema_dist": -0.03895106305165576,
           "initial_qty_pct": 0.010547930896595286,
           "markup_range": 0.00151012858995578,
           "min_markup": 0.002060657725958636,
           "n_close_orders": 11,
           "rentry_pprice_dist": 0.012801007919140309,
           "rentry_pprice_dist_wallet_exposure_weighting": 2.217738650713863,
           "wallet_exposure_limit": 1}}