{"config_name": "recursive_grid_0days",
 "logging_level": 0,
 "long": {"auto_unstuck_ema_dist": 0.001490464256146684,
          "auto_unstuck_wallet_exposure_threshold": 0.06403245919917099,
          "backwards_tp": true,
          "ddown_factor": 0.10001655071159943,
          "ema_span_0": 1425.4734044187924,
          "ema_span_1": 1005.866544351544,
          "enabled": true,
          "initial_eprice_ema_dist": -0.01784999315091353,
          "initial_qty_pct": 0.012925151548086789,
          "markup_range": 0.002677856834989532,
          "min_markup": 0.0037268382411014297,
          "n_close_orders": 5,
          "rentry_pprice_dist": 0.03199632954994223,
          "rentry_pprice_dist_wallet_exposure_weighting": 1.3591662921491063,
          "wallet_exposure_limit": 1.0},
 "short": {"auto_unstuck_ema_dist": 0.00027448398893455757,
           "auto_unstuck_wallet_exposure_threshold": 0.042183190175497993,
           "backwards_tp": true,
           "ddown_factor": 0.9190840085860114,
           "ema_span_0": 164.41588967969642,
           "ema_span_1": 89.86679647567888,
           "enabled": true,
           "initial_eprice_ema_dist": 0.0036919720001248354,
           "initial_qty_pct": 0.010126515602594584,
           "markup_range": 0.0,
           "min_markup": 0.005530232715570204,
           "n_close_orders": 7,
           "rentry_pprice_dist": 0.029204092776439507,
           "rentry_pprice_dist_wallet_exposure_weighting": 0.5968802631916035,
           "wallet_exposure_limit": 1.0}}