{"config_name": "recursive_grid_0days",
 "logging_level": 0,
 "long": {"auto_unstuck_ema_dist": 0.0028593526238820323,
          "auto_unstuck_wallet_exposure_threshold": 0.04641562652197434,
          "backwards_tp": true,
          "ddown_factor": 1.4398646100672905,
          "ema_span_0": 1205.7648395692072,
          "ema_span_1": 334.11752514251407,
          "enabled": true,
          "initial_eprice_ema_dist": 0.003417591888580788,
          "initial_qty_pct": 0.010986214237232868,
          "markup_range": 0.00567947718289644,
          "min_markup": 0.005560670538271676,
          "n_close_orders": 9,
          "rentry_pprice_dist": 0.023341206573868983,
          "rentry_pprice_dist_wallet_exposure_weighting": 3.215405110873657,
          "wallet_exposure_limit": 1},
 "short": {"auto_unstuck_ema_dist": -0.0982241194301098,
           "auto_unstuck_wallet_exposure_threshold": 0.03627520122488594,
           "backwards_tp": true,
           "ddown_factor": 1.4515280241278243,
           "ema_span_0": 23.428648961842097,
           "ema_span_1": 344.7149978440297,
           "enabled": true,
           "initial_eprice_ema_dist": 0.0018441513976799695,
           "initial_qty_pct": 0.010025182111930285,
           "markup_range": 0.0018460736397926533,
           "min_markup": 0.002574251596543484,
           "n_close_orders": 9,
           "rentry_pprice_dist": 0.04599793065002775,
           "rentry_pprice_dist_wallet_exposure_weighting": 6.007765999563919,
           "wallet_exposure_limit": 1}}