{"config_name": "recursive_grid_0days",
 "logging_level": 0,
 "long": {"auto_unstuck_ema_dist": -0.020509375010259866,
          "auto_unstuck_wallet_exposure_threshold": 0.032519639435076755,
          "backwards_tp": true,
          "ddown_factor": 2.914725579323047,
          "ema_span_0": 113.66524668050182,
          "ema_span_1": 1369.5510918016182,
          "enabled": true,
          "initial_eprice_ema_dist": -0.005325141845783589,
          "initial_qty_pct": 0.010002717820806506,
          "markup_range": 0.004331789826183571,
          "min_markup": 0.00539684681275438,
          "n_close_orders": 8,
          "rentry_pprice_dist": 0.03241539733032777,
          "rentry_pprice_dist_wallet_exposure_weighting": 0.2520124100342786,
          "wallet_exposure_limit": 1.0},
 "short": {"auto_unstuck_ema_dist": 0.001,
           "auto_unstuck_wallet_exposure_threshold": 0.08077129081497325,
           "backwards_tp": true,
           "ddown_factor": 2.735752695224493,
           "ema_span_0": 11.370428008891299,
           "ema_span_1": 164.1415613902428,
           "enabled": true,
           "initial_eprice_ema_dist": -0.009605015917039649,
           "initial_qty_pct": 0.013307671571945076,
           "markup_range": 0.003592936306876087,
           "min_markup": 0.0016475986524090154,
           "n_close_orders": 10,
           "rentry_pprice_dist": 0.034524797286976765,
           "rentry_pprice_dist_wallet_exposure_weighting": 10.943117985264482,
           "wallet_exposure_limit": 1.0}}