{"config_name": "recursive_grid_0days",
 "logging_level": 0,
 "long": {"auto_unstuck_ema_dist": -0.024622420035368603,
          "auto_unstuck_wallet_exposure_threshold": 0.06067475494061681,
          "backwards_tp": true,
          "ddown_factor": 0.2736331712796364,
          "ema_span_0": 1036.2502716350405,
          "ema_span_1": 967.0661711001055,
          "enabled": true,
          "initial_eprice_ema_dist": -0.009653010307144714,
          "initial_qty_pct": 0.02293250720451666,
          "markup_range": 0.00690555460034955,
          "min_markup": 0.0024558238789664497,
          "n_close_orders": 14,
          "rentry_pprice_dist": 0.031615185708065444,
          "rentry_pprice_dist_wallet_exposure_weighting": 2.40803147729417,
          "wallet_exposure_limit": 1.0},
 "short": {"auto_unstuck_ema_dist": 0.0002850539814470659,
           "auto_unstuck_wallet_exposure_threshold": 0.03233884707852921,
           "backwards_tp": true,
           "ddown_factor": 0.3957199131276824,
           "ema_span_0": 558.28170089098,
           "ema_span_1": 1425.6763046566368,
           "enabled": true,
           "initial_eprice_ema_dist": -0.012145014519406097,
           "initial_qty_pct": 0.02833552987687536,
           "markup_range": 0.011235031636889315,
           "min_markup": 0.009906395877751273,
           "n_close_orders": 16,
           "rentry_pprice_dist": 0.015192125165295686,
           "rentry_pprice_dist_wallet_exposure_weighting": 7.107014457594293,
           "wallet_exposure_limit": 1.0}}