{"config_name": "recursive_grid_0days",
 "logging_level": 0,
 "long": {"auto_unstuck_ema_dist": -0.014828184431591913,
          "auto_unstuck_wallet_exposure_threshold": 0.06988507594296878,
          "backwards_tp": true,
          "ddown_factor": 2.4290744983339967,
          "ema_span_0": 1274.0977681028282,
          "ema_span_1": 1406.3462031122735,
          "enabled": true,
          "initial_eprice_ema_dist": 0.002368899784993686,
          "initial_qty_pct": 0.01018363459494462,
          "markup_range": 0.006073713410702919,
          "min_markup": 0.002568985696030174,
          "n_close_orders": 13,
          "rentry_pprice_dist": 0.04765069692046884,
          "rentry_pprice_dist_wallet_exposure_weighting": 0.4413076874361018,
          "wallet_exposure_limit": 1.0},
 "short": {"auto_unstuck_ema_dist": -0.009990053153426217,
           "auto_unstuck_wallet_exposure_threshold": 0.0582593061233102,
           "backwards_tp": true,
           "ddown_factor": 2.2987994078305967,
           "ema_span_0": 719.4187528109601,
           "ema_span_1": 287.7161622303957,
           "enabled": true,
           "initial_eprice_ema_dist": -0.04347159779650296,
           "initial_qty_pct": 0.010279393162968407,
           "markup_range": 4.040465670401071e-08,
           "min_markup": 0.004622127282768887,
           "n_close_orders": 7,
           "rentry_pprice_dist": 0.043519167284423885,
           "rentry_pprice_dist_wallet_exposure_weighting": 9.839268649341024,
           "wallet_exposure_limit": 1.0}}