{"config_name": "recursive_grid_0days",
 "logging_level": 0,
 "long": {"auto_unstuck_ema_dist": 0.0002702729393754317,
          "auto_unstuck_wallet_exposure_threshold": 0.030994087328617703,
          "backwards_tp": true,
          "ddown_factor": 0.5598505791530405,
          "ema_span_0": 1211.7762430856508,
          "ema_span_1": 124.43520593821843,
          "enabled": true,
          "initial_eprice_ema_dist": 0.002859895311824192,
          "initial_qty_pct": 0.011400691589455596,
          "markup_range": 0.001259186663368128,
          "min_markup": 0.002035070966917142,
          "n_close_orders": 10,
          "rentry_pprice_dist": 0.017998204947989115,
          "rentry_pprice_dist_wallet_exposure_weighting": 0.5465092695235911,
          "wallet_exposure_limit": 1},
 "short": {"auto_unstuck_ema_dist": -0.015680858090763625,
           "auto_unstuck_wallet_exposure_threshold": 0.052899402537999546,
           "backwards_tp": true,
           "ddown_factor": 0.8833765514520341,
           "ema_span_0": 5.4031134967495955,
           "ema_span_1": 8.342699977090389,
           "enabled": true,
           "initial_eprice_ema_dist": -0.0945685947536921,
           "initial_qty_pct": 0.010017140316376278,
           "markup_range": 0.012456907585455321,
           "min_markup": 0.008125301662996035,
           "n_close_orders": 10,
           "rentry_pprice_dist": 0.029960831865382672,
           "rentry_pprice_dist_wallet_exposure_weighting": 1.483878350908467,
           "wallet_exposure_limit": 1}}