{"config_name": "recursive_grid_0days",
 "logging_level": 0,
 "long": {"auto_unstuck_ema_dist": -0.04531941545707152,
          "auto_unstuck_wallet_exposure_threshold": 0.046670799479717466,
          "backwards_tp": true,
          "ddown_factor": 2.6320047561753896,
          "ema_span_0": 1060.7764420026836,
          "ema_span_1": 1339.9305104919054,
          "enabled": true,
          "initial_eprice_ema_dist": 0.003181093172280222,
          "initial_qty_pct": 0.012154949719063756,
          "markup_range": 0.0017575011818034892,
          "min_markup": 0.005459909639021741,
          "n_close_orders": 7,
          "rentry_pprice_dist": 0.03976015606998581,
          "rentry_pprice_dist_wallet_exposure_weighting": 1.2830159589456378,
          "wallet_exposure_limit": 1.0},
 "short": {"auto_unstuck_ema_dist": -0.01183833828553699,
           "auto_unstuck_wallet_exposure_threshold": 0.058487053838624986,
           "backwards_tp": true,
           "ddown_factor": 2.306169266565266,
           "ema_span_0": 679.56827176932,
           "ema_span_1": 363.65843282135387,
           "enabled": true,
           "initial_eprice_ema_dist": -0.04178862919999386,
           "initial_qty_pct": 0.010243088742391365,
           "markup_range": 0.0,
           "min_markup": 0.004377385952857239,
           "n_close_orders": 7,
           "rentry_pprice_dist": 0.043676321899788005,
           "rentry_pprice_dist_wallet_exposure_weighting": 9.677449716338913,
           "wallet_exposure_limit": 1.0}}