{"config_name": "recursive_grid_0days",
 "logging_level": 0,
 "long": {"auto_unstuck_ema_dist": 0.0026786591401305295,
          "auto_unstuck_wallet_exposure_threshold": 0.040381803601879276,
          "backwards_tp": true,
          "ddown_factor": 0.1,
          "ema_span_0": 1369.0869376954008,
          "ema_span_1": 1387.4058249398345,
          "enabled": true,
          "initial_eprice_ema_dist": 0.003997910994237677,
          "initial_qty_pct": 0.013494047745472384,
          "markup_range": 0.002622354323275478,
          "min_markup": 0.003909040439555503,
          "n_close_orders": 7,
          "rentry_pprice_dist": 0.04372615836018229,
          "rentry_pprice_dist_wallet_exposure_weighting": 0.67516027756298,
          "wallet_exposure_limit": 1.0},
 "short": {"auto_unstuck_ema_dist": -0.009515380077063464,
           "auto_unstuck_wallet_exposure_threshold": 0.03721363088670145,
           "backwards_tp": true,
           "ddown_factor": 0.1253851568183852,
           "ema_span_0": 1433.9154519479193,
           "ema_span_1": 5.066526410247273,
           "enabled": true,
           "initial_eprice_ema_dist": -0.055676707442290106,
           "initial_qty_pct": 0.010000019661588222,
           "markup_range": 0.0083271210575361,
           "min_markup": 0.0042025485819627865,
           "n_close_orders": 13,
           "rentry_pprice_dist": 0.030245757247541832,
           "rentry_pprice_dist_wallet_exposure_weighting": 7.129258028802115,
           "wallet_exposure_limit": 1.0}}