{"config_name": "recursive_grid_0days",
 "logging_level": 0,
 "long": {"auto_unstuck_ema_dist": -0.0014438059627363586,
          "auto_unstuck_wallet_exposure_threshold": 0.07791382084440876,
          "backwards_tp": true,
          "ddown_factor": 1.9185221787232714,
          "ema_span_0": 603.395883127263,
          "ema_span_1": 1273.447554588205,
          "enabled": true,
          "initial_eprice_ema_dist": 0.004,
          "initial_qty_pct": 0.016216911936053107,
          "markup_range": 0.005053545858279725,
          "min_markup": 0.008333796614844204,
          "n_close_orders": 9,
          "rentry_pprice_dist": 0.016515194747046776,
          "rentry_pprice_dist_wallet_exposure_weighting": 1.3647879373253053,
          "wallet_exposure_limit": 1.0},
 "short": {"auto_unstuck_ema_dist": -0.026217861022224124,
           "auto_unstuck_wallet_exposure_threshold": 0.06372219832503821,
           "backwards_tp": true,
           "ddown_factor": 2.3547805524419627,
           "ema_span_0": 345.41311976004266,
           "ema_span_1": 1225.4088246727722,
           "enabled": true,
           "initial_eprice_ema_dist": 0.001567813954885994,
           "initial_qty_pct": 0.023895209918392793,
           "markup_range": 0.004507730160678837,
           "min_markup": 0.0016163417008041396,
           "n_close_orders": 12,
           "rentry_pprice_dist": 0.035986684613063036,
           "rentry_pprice_dist_wallet_exposure_weighting": 5.506720447187286,
           "wallet_exposure_limit": 1.0}}