{"config_name": "recursive_grid_0days",
 "logging_level": 0,
 "long": {"auto_unstuck_ema_dist": -0.00010706452754372221,
          "auto_unstuck_wallet_exposure_threshold": 0.045140305701703076,
          "backwards_tp": true,
          "ddown_factor": 2.5461268434924884,
          "ema_span_0": 878.9651235230874,
          "ema_span_1": 1303.544968095198,
          "enabled": true,
          "initial_eprice_ema_dist": 0.002984307286159519,
          "initial_qty_pct": 0.010695617162771441,
          "markup_range": 0.0004640532444055113,
          "min_markup": 0.0055608787918543495,
          "n_close_orders": 16,
          "rentry_pprice_dist": 0.018257585648288444,
          "rentry_pprice_dist_wallet_exposure_weighting": 1.792513749050671,
          "wallet_exposure_limit": 1.0},
 "short": {"auto_unstuck_ema_dist": 0.002347922586252383,
           "auto_unstuck_wallet_exposure_threshold": 0.030168406293870496,
           "backwards_tp": true,
           "ddown_factor": 2.787634500487913,
           "ema_span_0": 1375.7254516847772,
           "ema_span_1": 1001.2786581842969,
           "enabled": true,
           "initial_eprice_ema_dist": -0.0019565160464607738,
           "initial_qty_pct": 0.021664175066548667,
           "markup_range": 0.0010241286817740127,
           "min_markup": 0.004254507699779713,
           "n_close_orders": 9,
           "rentry_pprice_dist": 0.020204533120943516,
           "rentry_pprice_dist_wallet_exposure_weighting": 12.717114212287877,
           "wallet_exposure_limit": 1.0}}