{"config_name": "recursive_grid_0days",
 "logging_level": 0,
 "long": {"auto_unstuck_ema_dist": 0.0029992431778133027,
          "auto_unstuck_wallet_exposure_threshold": 0.03138176708350716,
          "backwards_tp": true,
          "ddown_factor": 2.1367676388074157,
          "ema_span_0": 1283.4115669634532,
          "ema_span_1": 895.1507553315541,
          "enabled": true,
          "initial_eprice_ema_dist": 0.004,
          "initial_qty_pct": 0.013226467777085568,
          "markup_range": 0.005036522760083038,
          "min_markup": 0.005057372543855804,
          "n_close_orders": 9,
          "rentry_pprice_dist": 0.02003176497827811,
          "rentry_pprice_dist_wallet_exposure_weighting": 1.7908451757089818,
          "wallet_exposure_limit": 1.0},
 "short": {"auto_unstuck_ema_dist": 0.0002695112528605048,
           "auto_unstuck_wallet_exposure_threshold": 0.031529632343728145,
           "backwards_tp": true,
           "ddown_factor": 0.7112404619634854,
           "ema_span_0": 597.0336197531263,
           "ema_span_1": 1398.264610240709,
           "enabled": true,
           "initial_eprice_ema_dist": 0.0034356612625026225,
           "initial_qty_pct": 0.05888361750096776,
           "markup_range": 0.003482966663068984,
           "min_markup": 0.004025246461936834,
           "n_close_orders": 9,
           "rentry_pprice_dist": 0.025782605655045768,
           "rentry_pprice_dist_wallet_exposure_weighting": 7.590899300697916,
           "wallet_exposure_limit": 1.0}}