{"config_name": "recursive_grid_0days",
 "logging_level": 0,
 "long": {"auto_unstuck_ema_dist": 0.0010012454337109623,
          "auto_unstuck_wallet_exposure_threshold": 0.03369718747186725,
          "backwards_tp": true,
          "ddown_factor": 1.8899415161266686,
          "ema_span_0": 1246.1765104271883,
          "ema_span_1": 1087.1175470998573,
          "enabled": true,
          "initial_eprice_ema_dist": 0.0010849430065619,
          "initial_qty_pct": 0.0163322806145647,
          "markup_range": 0.0028560720334729925,
          "min_markup": 0.001831230764461634,
          "n_close_orders": 4,
          "rentry_pprice_dist": 0.016108460145861567,
          "rentry_pprice_dist_wallet_exposure_weighting": 1.9750589973754094,
          "wallet_exposure_limit": 1},
 "short": {"auto_unstuck_ema_dist": 0.0024525928446868348,
           "auto_unstuck_wallet_exposure_threshold": 0.030352498848051027,
           "backwards_tp": true,
           "ddown_factor": 1.073010864719643,
           "ema_span_0": 718.5928717609883,
           "ema_span_1": 779.2457913462426,
           "enabled": true,
           "initial_eprice_ema_dist": -0.008693508554659661,
           "initial_qty_pct": 0.01039504976598084,
           "markup_range": 0.004432662269055552,
           "min_markup": 0.004361299399935545,
           "n_close_orders": 13,
           "rentry_pprice_dist": 0.02147968601403405,
           "rentry_pprice_dist_wallet_exposure_weighting": 3.0561534101682755,
           "wallet_exposure_limit": 1}}