{"config_name": "recursive_grid_0days",
 "logging_level": 0,
 "long": {"auto_unstuck_ema_dist": 0.0009995104420365826,
          "auto_unstuck_wallet_exposure_threshold": 0.03998495273968146,
          "backwards_tp": true,
          "ddown_factor": 0.7947391187990756,
          "ema_span_0": 618.7335678132979,
          "ema_span_1": 775.6857372777943,
          "enabled": true,
          "initial_eprice_ema_dist": -0.004587764968396419,
          "initial_qty_pct": 0.01698048507410891,
          "markup_range": 0.004198666035671136,
          "min_markup": 0.005861797370269303,
          "n_close_orders": 8,
          "rentry_pprice_dist": 0.025475717646412637,
          "rentry_pprice_dist_wallet_exposure_weighting": 3.2553164596238844,
          "wallet_exposure_limit": 1.0},
 "short": {"auto_unstuck_ema_dist": 0.00048059175004833675,
           "auto_unstuck_wallet_exposure_threshold": 0.031790639611775605,
           "backwards_tp": true,
           "ddown_factor": 0.7255875134314281,
           "ema_span_0": 519.8135723780744,
           "ema_span_1": 1345.9476336485932,
           "enabled": true,
           "initial_eprice_ema_dist": 0.0033845357351341217,
           "initial_qty_pct": 0.01069569762643608,
           "markup_range": 0.005461621808975941,
           "min_markup": 0.009811657885165217,
           "n_close_orders": 5,
           "rentry_pprice_dist": 0.025458418595101596,
           "rentry_pprice_dist_wallet_exposure_weighting": 12.076925689859143,
           "wallet_exposure_limit": 1.0}}