{"config_name": "recursive_grid_0days",
 "logging_level": 0,
 "long": {"auto_unstuck_ema_dist": 0.0025374121837593872,
          "auto_unstuck_wallet_exposure_threshold": 0.030399780938734897,
          "backwards_tp": true,
          "ddown_factor": 1.0540586114442858,
          "ema_span_0": 580.4820933659082,
          "ema_span_1": 142.4483078526418,
          "enabled": true,
          "initial_eprice_ema_dist": 0.00015292903312445646,
          "initial_qty_pct": 0.013997528858496078,
          "markup_range": 0.004875626837508014,
          "min_markup": 0.0046779159083126486,
          "n_close_orders": 8,
          "rentry_pprice_dist": 0.03246166475471234,
          "rentry_pprice_dist_wallet_exposure_weighting": 1.6464188843239775,
          "wallet_exposure_limit": 1.0},
 "short": {"auto_unstuck_ema_dist": 0.0005220414609618892,
           "auto_unstuck_wallet_exposure_threshold": 0.030138766426318107,
           "backwards_tp": true,
           "ddown_factor": 1.1291056270453315,
           "ema_span_0": 776.8680075749187,
           "ema_span_1": 881.3097772361684,
           "enabled": true,
           "initial_eprice_ema_dist": 0.0038224774648116535,
           "initial_qty_pct": 0.010295748926466775,
           "markup_range": 0.0011698177771936906,
           "min_markup": 0.004966859133619665,
           "n_close_orders": 2,
           "rentry_pprice_dist": 0.027902403463063236,
           "rentry_pprice_dist_wallet_exposure_weighting": 16.755875927373076,
           "wallet_exposure_limit": 1.0}}