{"config_name": "recursive_grid_0days",
 "logging_level": 0,
 "long": {"auto_unstuck_ema_dist": -0.0031557366560002083,
          "auto_unstuck_wallet_exposure_threshold": 0.052992653983318684,
          "backwards_tp": true,
          "ddown_factor": 0.2602120023930381,
          "ema_span_0": 1383.9020475506975,
          "ema_span_1": 853.7995191056831,
          "enabled": true,
          "initial_eprice_ema_dist": -0.00943947718561948,
          "initial_qty_pct": 0.015268173326083517,
          "markup_range": 0.005372438521151431,
          "min_markup": 0.004247617463014786,
          "n_close_orders": 4,
          "rentry_pprice_dist": 0.020245409831146702,
          "rentry_pprice_dist_wallet_exposure_weighting": 1.058824289936235,
          "wallet_exposure_limit": 1},
 "short": {"auto_unstuck_ema_dist": 0.0007344477532661712,
           "auto_unstuck_wallet_exposure_threshold": 0.030962297664462936,
           "backwards_tp": true,
           "ddown_factor": 0.3045130027691017,
           "ema_span_0": 48.90864006180518,
           "ema_span_1": 763.7195712541792,
           "enabled": true,
           "initial_eprice_ema_dist": 0.0038775026852324985,
           "initial_qty_pct": 0.017341830677705387,
           "markup_range": 0.0019617074814513667,
           "min_markup": 0.0023037753487869786,
           "n_close_orders": 11,
           "rentry_pprice_dist": 0.03488165883933652,
           "rentry_pprice_dist_wallet_exposure_weighting": 2.057296815235968,
           "wallet_exposure_limit": 1}}