{"config_name": "recursive_grid_0days",
 "logging_level": 0,
 "long": {"auto_unstuck_ema_dist": 0.0029692011607295736,
          "auto_unstuck_wallet_exposure_threshold": 0.0584509563971348,
          "backwards_tp": true,
          "ddown_factor": 2.2113587667860504,
          "ema_span_0": 1074.3332343292798,
          "ema_span_1": 1099.8548108442747,
          "enabled": true,
          "initial_eprice_ema_dist": 0.003411140029711704,
          "initial_qty_pct": 0.01950342898135681,
          "markup_range": 0.005995330777896384,
          "min_markup": 0.004951003160403836,
          "n_close_orders": 14,
          "rentry_pprice_dist": 0.03499121927282044,
          "rentry_pprice_dist_wallet_exposure_weighting": 0.8050853767984453,
          "wallet_exposure_limit": 1},
 "short": {"auto_unstuck_ema_dist": 0.0029402452025418,
           "auto_unstuck_wallet_exposure_threshold": 0.033469358309775994,
           "backwards_tp": true,
           "ddown_factor": 2.873593492473705,
           "ema_span_0": 1313.4593681714782,
           "ema_span_1": 597.9383132440266,
           "enabled": true,
           "initial_eprice_ema_dist": 0.0017048905564752137,
           "initial_qty_pct": 0.018122389691701463,
           "markup_range": 0.005547114970674671,
           "min_markup": 0.007628655049158892,
           "n_close_orders": 8,
           "rentry_pprice_dist": 0.03050728714773438,
           "rentry_pprice_dist_wallet_exposure_weighting": 2.18441587683488,
           "wallet_exposure_limit": 1}}