{"config_name": "recursive_grid_0days",
 "logging_level": 0,
 "long": {"auto_unstuck_ema_dist": 0.0009997580891246904,
          "auto_unstuck_wallet_exposure_threshold": 0.0946876058169637,
          "backwards_tp": true,
          "ddown_factor": 2.840511654131729,
          "ema_span_0": 10.0,
          "ema_span_1": 455.7360568531583,
          "enabled": true,
          "initial_eprice_ema_dist": -0.050174926814585366,
          "initial_qty_pct": 0.01,
          "markup_range": 0.0,
          "min_markup": 0.0016433349895393192,
          "n_close_orders": 4,
          "rentry_pprice_dist": 0.029430563378582426,
          "rentry_pprice_dist_wallet_exposure_weighting": 1.5140607513892745,
          "wallet_exposure_limit": 1.0},
 "short": {"auto_unstuck_ema_dist": 0.0009927084042090908,
           "auto_unstuck_wallet_exposure_threshold": 0.0537498663815679,
           "backwards_tp": true,
           "ddown_factor": 2.5186797148161744,
           "ema_span_0": 37.37153630604068,
           "ema_span_1": 1416.0009222964397,
           "enabled": true,
           "initial_eprice_ema_dist": -0.004393818488713843,
           "initial_qty_pct": 0.011277446609990019,
           "markup_range": 0.0022608394054860303,
           "min_markup": 0.0012589482445653358,
           "n_close_orders": 14,
           "rentry_pprice_dist": 0.02901158860303891,
           "rentry_pprice_dist_wallet_exposure_weighting": 2.828649844076791,
           "wallet_exposure_limit": 1.0}}