{"config_name": "recursive_grid_0days",
 "logging_level": 0,
 "long": {"auto_unstuck_ema_dist": -0.019379784220258187,
          "auto_unstuck_wallet_exposure_threshold": 0.03868148812128569,
          "backwards_tp": true,
          "ddown_factor": 1.3329546513220114,
          "ema_span_0": 985.0055061713799,
          "ema_span_1": 1397.556960470014,
          "enabled": true,
          "initial_eprice_ema_dist": 0.004,
          "initial_qty_pct": 0.016266028155654408,
          "markup_range": 0.005166635376645695,
          "min_markup": 0.004475446786919633,
          "n_close_orders": 4,
          "rentry_pprice_dist": 0.03883929747590953,
          "rentry_pprice_dist_wallet_exposure_weighting": 0.8309857754374879,
          "wallet_exposure_limit": 1.0},
 "short": {"auto_unstuck_ema_dist": 0.001249348364212418,
           "auto_unstuck_wallet_exposure_threshold": 0.040141636056748455,
           "backwards_tp": true,
           "ddown_factor": 1.4192257556857553,
           "ema_span_0": 1386.454905920668,
           "ema_span_1": 1125.7964210520524,
           "enabled": true,
           "initial_eprice_ema_dist": 0.0015952680746471604,
           "initial_qty_pct": 0.013063513964846236,
           "markup_range": 0.0018181846105787848,
           "min_markup": 0.0038676656873422605,
           "n_close_orders": 11,
           "rentry_pprice_dist": 0.02812851599557787,
           "rentry_pprice_dist_wallet_exposure_weighting": 1.7286293776164583,
           "wallet_exposure_limit": 1.0}}