{"config_name": "recursive_grid_0days",
 "logging_level": 0,
 "long": {"auto_unstuck_ema_dist": 0.0009988982491575635,
          "auto_unstuck_wallet_exposure_threshold": 0.0808737990307831,
          "backwards_tp": true,
          "ddown_factor": 2.2810480855098714,
          "ema_span_0": 14.669411937799056,
          "ema_span_1": 1438.9501771169664,
          "enabled": true,
          "initial_eprice_ema_dist": -0.09896980028934814,
          "initial_qty_pct": 0.01969936110731291,
          "markup_range": 0.0,
          "min_markup": 0.004134067162629056,
          "n_close_orders": 4,
          "rentry_pprice_dist": 0.04840158950110051,
          "rentry_pprice_dist_wallet_exposure_weighting": 1.9158719082833908,
          "wallet_exposure_limit": 1.0},
 "short": {"auto_unstuck_ema_dist": 0.0009999993193645516,
           "auto_unstuck_wallet_exposure_threshold": 0.03420621107147939,
           "backwards_tp": true,
           "ddown_factor": 1.9386535584942584,
           "ema_span_0": 913.990097897598,
           "ema_span_1": 1294.4445993715055,
           "enabled": true,
           "initial_eprice_ema_dist": 0.00048608685371108874,
           "initial_qty_pct": 0.01,
           "markup_range": 9.889845852852504e-06,
           "min_markup": 0.0027400990460538736,
           "n_close_orders": 11,
           "rentry_pprice_dist": 0.020919018898478046,
           "rentry_pprice_dist_wallet_exposure_weighting": 12.752054119733119,
           "wallet_exposure_limit": 1.0}}