{"config_name": "recursive_grid_0days",
 "logging_level": 0,
 "long": {"auto_unstuck_ema_dist": 0.0007916970723589906,
          "auto_unstuck_wallet_exposure_threshold": 0.030338818176658764,
          "backwards_tp": true,
          "ddown_factor": 1.587980419188813,
          "ema_span_0": 1104.9113091987772,
          "ema_span_1": 1222.4342088245987,
          "enabled": true,
          "initial_eprice_ema_dist": 0.0038025607543202998,
          "initial_qty_pct": 0.02729677008725817,
          "markup_range": 0.0021024432217767396,
          "min_markup": 0.005402814417344463,
          "n_close_orders": 7,
          "rentry_pprice_dist": 0.03764411183128011,
          "rentry_pprice_dist_wallet_exposure_weighting": 4.461375471823135,
          "wallet_exposure_limit": 1.0},
 "short": {"auto_unstuck_ema_dist": -0.022548804695664962,
           "auto_unstuck_wallet_exposure_threshold": 0.07461787847843518,
           "backwards_tp": true,
           "ddown_factor": 0.24039893079731697,
           "ema_span_0": 1364.6370174972442,
           "ema_span_1": 1067.0994836019602,
           "enabled": true,
           "initial_eprice_ema_dist": 0.003980317534622843,
           "initial_qty_pct": 0.015494011856409105,
           "markup_range": 0.011840551792553325,
           "min_markup": 0.0058934921023117825,
           "n_close_orders": 14,
           "rentry_pprice_dist": 0.031979578973244875,
           "rentry_pprice_dist_wallet_exposure_weighting": 10.320581201615283,
           "wallet_exposure_limit": 1.0}}