{"config_name": "recursive_grid_0days",
 "logging_level": 0,
 "long": {"auto_unstuck_ema_dist": 0.00038087555420600154,
          "auto_unstuck_wallet_exposure_threshold": 0.05782930544588048,
          "backwards_tp": true,
          "ddown_factor": 2.294642193336302,
          "ema_span_0": 752.1531898550498,
          "ema_span_1": 156.29902406607565,
          "enabled": true,
          "initial_eprice_ema_dist": -0.0042688627277591915,
          "initial_qty_pct": 0.011725378777337593,
          "markup_range": 0.004844933944916165,
          "min_markup": 0.006286936513009065,
          "n_close_orders": 10,
          "rentry_pprice_dist": 0.03215034730378166,
          "rentry_pprice_dist_wallet_exposure_weighting": 1.633882398227925,
          "wallet_exposure_limit": 1.0},
 "short": {"auto_unstuck_ema_dist": -0.002316225446370898,
           "auto_unstuck_wallet_exposure_threshold": 0.054596986339449725,
           "backwards_tp": true,
           "ddown_factor": 2.375783992023216,
           "ema_span_0": 1373.1851843372708,
           "ema_span_1": 803.3513938614144,
           "enabled": true,
           "initial_eprice_ema_dist": 0.0011995228660411886,
           "initial_qty_pct": 0.013610655485202773,
           "markup_range": 0.0008870136183978247,
           "min_markup": 0.0029188393903860246,
           "n_close_orders": 15,
           "rentry_pprice_dist": 0.047520681803170525,
           "rentry_pprice_dist_wallet_exposure_weighting": 3.499394073200708,
           "wallet_exposure_limit": 1.0}}