{"config_name": "recursive_grid_0days",
 "logging_level": 0,
 "long": {"auto_unstuck_ema_dist": -0.0007485582611322738,
          "auto_unstuck_wallet_exposure_threshold": 0.07964799453651047,
          "backwards_tp": true,
          "ddown_factor": 1.2303006747562018,
          "ema_span_0": 1106.3542040983784,
          "ema_span_1": 355.85593597894353,
          "enabled": true,
          "initial_eprice_ema_dist": -0.046244068350802095,
          "initial_qty_pct": 0.016147703907810375,
          "markup_range": 0.0010521341573308414,
          "min_markup": 0.007916189979024671,
          "n_close_orders": 10,
          "rentry_pprice_dist": 0.02994084792165169,
          "rentry_pprice_dist_wallet_exposure_weighting": 0.7642216369171236,
          "wallet_exposure_limit": 1.0},
 "short": {"auto_unstuck_ema_dist": -0.02220131762495409,
           "auto_unstuck_wallet_exposure_threshold": 0.05758236527599633,
           "backwards_tp": true,
           "ddown_factor": 0.8041229438902886,
           "ema_span_0": 1389.2653923315083,
           "ema_span_1": 389.0349255936705,
           "enabled": true,
           "initial_eprice_ema_dist": 0.0039991697713661935,
           "initial_qty_pct": 0.01742584351444388,
           "markup_range": 0.0022037679314666834,
           "min_markup": 0.0018271694082325762,
           "n_close_orders": 4,
           "rentry_pprice_dist": 0.04809256075121924,
           "rentry_pprice_dist_wallet_exposure_weighting": 0.020329576221034987,
           "wallet_exposure_limit": 1.0}}