{"config_name": "recursive_grid_0days",
 "logging_level": 0,
 "long": {"auto_unstuck_ema_dist": 0.002867237239399172,
          "auto_unstuck_wallet_exposure_threshold": 0.03711024737653254,
          "backwards_tp": true,
          "ddown_factor": 1.2458359590075554,
          "ema_span_0": 951.3251942921308,
          "ema_span_1": 1411.1136969359213,
          "enabled": true,
          "initial_eprice_ema_dist": 0.0015247787744910347,
          "initial_qty_pct": 0.023724871817610363,
          "markup_range": 0.0026578438112449076,
          "min_markup": 0.005388309843091887,
          "n_close_orders": 15,
          "rentry_pprice_dist": 0.0267210732712593,
          "rentry_pprice_dist_wallet_exposure_weighting": 3.099087908477135,
          "wallet_exposure_limit": 1.0},
 "short": {"auto_unstuck_ema_dist": 0.0017003393537299294,
           "auto_unstuck_wallet_exposure_threshold": 0.03260648210090766,
           "backwards_tp": true,
           "ddown_factor": 1.178126763625829,
           "ema_span_0": 1325.9857895076316,
           "ema_span_1": 47.67037763882395,
           "enabled": true,
           "initial_eprice_ema_dist": 0.003259499466879594,
           "initial_qty_pct": 0.010291166347147782,
           "markup_range": 0.000245686637959353,
           "min_markup": 0.006692771284405541,
           "n_close_orders": 6,
           "rentry_pprice_dist": 0.029410304761108355,
           "rentry_pprice_dist_wallet_exposure_weighting": 18.333255080020997,
           "wallet_exposure_limit": 1.0}}