{"config_name": "recursive_grid_0days",
 "logging_level": 0,
 "long": {"auto_unstuck_ema_dist": 0.0015430900361290897,
          "auto_unstuck_wallet_exposure_threshold": 0.0348237275419243,
          "backwards_tp": true,
          "ddown_factor": 2.4786071024285707,
          "ema_span_0": 783.1075627260611,
          "ema_span_1": 542.7238391267841,
          "enabled": true,
          "initial_eprice_ema_dist": 0.0016242241064759388,
          "initial_qty_pct": 0.015373802690997158,
          "markup_range": 0.005178731027937,
          "min_markup": 0.00473386121173106,
          "n_close_orders": 8,
          "rentry_pprice_dist": 0.04179969984493618,
          "rentry_pprice_dist_wallet_exposure_weighting": 2.937478353503026,
          "wallet_exposure_limit": 1.0},
 "short": {"auto_unstuck_ema_dist": 0.000877730677813297,
           "auto_unstuck_wallet_exposure_threshold": 0.030053721870609982,
           "backwards_tp": true,
           "ddown_factor": 1.6962730792874687,
           "ema_span_0": 975.5176000043779,
           "ema_span_1": 156.46690054235938,
           "enabled": true,
           "initial_eprice_ema_dist": 0.0020281462285433533,
           "initial_qty_pct": 0.015972168517967504,
           "markup_range": 0.0036217737457608415,
           "min_markup": 0.003243601160362618,
           "n_close_orders": 10,
           "rentry_pprice_dist": 0.03389786512339436,
           "rentry_pprice_dist_wallet_exposure_weighting": 2.3783008830503056,
           "wallet_exposure_limit": 1.0}}