{"config_name": "recursive_grid_0days",
 "logging_level": 0,
 "long": {"auto_unstuck_ema_dist": -6.781964489472835e-05,
          "auto_unstuck_wallet_exposure_threshold": 0.031550340019346555,
          "backwards_tp": true,
          "ddown_factor": 1.9080310392397568,
          "ema_span_0": 53.36113654984919,
          "ema_span_1": 801.6888039982107,
          "enabled": true,
          "initial_eprice_ema_dist": 0.003527480135742174,
          "initial_qty_pct": 0.011294698966540534,
          "markup_range": 2.0322657039575307e-06,
          "min_markup": 0.0067575916686828845,
          "n_close_orders": 5,
          "rentry_pprice_dist": 0.03716795369588938,
          "rentry_pprice_dist_wallet_exposure_weighting": 0.044203004758029976,
          "wallet_exposure_limit": 1.0},
 "short": {"auto_unstuck_ema_dist": 0.0009941417943016323,
           "auto_unstuck_wallet_exposure_threshold": 0.04060697763484235,
           "backwards_tp": true,
           "ddown_factor": 0.42278823351261996,
           "ema_span_0": 1422.266015458277,
           "ema_span_1": 1153.9160255909355,
           "enabled": true,
           "initial_eprice_ema_dist": -0.03565614957433057,
           "initial_qty_pct": 0.016059561090196683,
           "markup_range": 0.0052030473025332325,
           "min_markup": 0.008192205968788925,
           "n_close_orders": 9,
           "rentry_pprice_dist": 0.02284769499575939,
           "rentry_pprice_dist_wallet_exposure_weighting": 2.6661507080169358,
           "wallet_exposure_limit": 1.0}}