{"config_name": "recursive_grid_0days",
 "logging_level": 0,
 "long": {"auto_unstuck_ema_dist": -0.0021066902037034257,
          "auto_unstuck_wallet_exposure_threshold": 0.0627390474264797,
          "backwards_tp": true,
          "ddown_factor": 0.5342213549480967,
          "ema_span_0": 400.7122643238529,
          "ema_span_1": 1405.7818623381565,
          "enabled": true,
          "initial_eprice_ema_dist": -0.08430834347805859,
          "initial_qty_pct": 0.010122948195499212,
          "markup_range": 0.002300564659820464,
          "min_markup": 0.0029243112198371604,
          "n_close_orders": 16,
          "rentry_pprice_dist": 0.03893399130862467,
          "rentry_pprice_dist_wallet_exposure_weighting": 0.0,
          "wallet_exposure_limit": 1.0},
 "short": {"auto_unstuck_ema_dist": 0.0029921989089708575,
           "auto_unstuck_wallet_exposure_threshold": 0.04517663527673509,
           "backwards_tp": true,
           "ddown_factor": 0.8397773935857397,
           "ema_span_0": 1327.9019296063836,
           "ema_span_1": 623.886525887224,
           "enabled": true,
           "initial_eprice_ema_dist": -0.007174932397290277,
           "initial_qty_pct": 0.012598971226159156,
           "markup_range": 0.005079907666019362,
           "min_markup": 0.0048930026932105615,
           "n_close_orders": 11,
           "rentry_pprice_dist": 0.018634408230281157,
           "rentry_pprice_dist_wallet_exposure_weighting": 3.89156094100754,
           "wallet_exposure_limit": 1.0}}