{"config_name": "recursive_grid_0days",
 "logging_level": 0,
 "long": {"auto_unstuck_ema_dist": -0.0054500548646804784,
          "auto_unstuck_wallet_exposure_threshold": 0.0420882517139879,
          "backwards_tp": true,
          "ddown_factor": 1.4357279523462543,
          "ema_span_0": 1047.8549933639908,
          "ema_span_1": 438.3032910465934,
          "enabled": true,
          "initial_eprice_ema_dist": 0.0028754368676779957,
          "initial_qty_pct": 0.020460093541211515,
          "markup_range": 0.002130694219628653,
          "min_markup": 0.0027393240442716315,
          "n_close_orders": 13,
          "rentry_pprice_dist": 0.04409875608625641,
          "rentry_pprice_dist_wallet_exposure_weighting": 0.9334511349308462,
          "wallet_exposure_limit": 1.0},
 "short": {"auto_unstuck_ema_dist": 0.002922578537280552,
           "auto_unstuck_wallet_exposure_threshold": 0.03069225578557358,
           "backwards_tp": true,
           "ddown_factor": 0.10369338474201506,
           "ema_span_0": 1034.8078127331607,
           "ema_span_1": 661.6448308009597,
           "enabled": true,
           "initial_eprice_ema_dist": 0.003180538852030843,
           "initial_qty_pct": 0.010711237146239712,
           "markup_range": 0.0054171870111412845,
           "min_markup": 0.006822344482805393,
           "n_close_orders": 4,
           "rentry_pprice_dist": 0.015149786832596882,
           "rentry_pprice_dist_wallet_exposure_weighting": 4.912721549661677,
           "wallet_exposure_limit": 1.0}}