{"config_name": "recursive_grid_0days",
 "logging_level": 0,
 "long": {"auto_unstuck_ema_dist": 0.002791356268422481,
          "auto_unstuck_wallet_exposure_threshold": 0.030000687141851817,
          "backwards_tp": true,
          "ddown_factor": 2.143272042961919,
          "ema_span_0": 256.1203967716018,
          "ema_span_1": 849.7271697347694,
          "enabled": true,
          "initial_eprice_ema_dist": -0.010296906011100945,
          "initial_qty_pct": 0.01306260803555578,
          "markup_range": 0.0024064767819351705,
          "min_markup": 0.007688989646185652,
          "n_close_orders": 14,
          "rentry_pprice_dist": 0.031764784097460086,
          "rentry_pprice_dist_wallet_exposure_weighting": 1.4952315740265463,
          "wallet_exposure_limit": 1.0},
 "short": {"auto_unstuck_ema_dist": 0.0029991020392780357,
           "auto_unstuck_wallet_exposure_threshold": 0.039855057958083105,
           "backwards_tp": true,
           "ddown_factor": 0.10095485903380225,
           "ema_span_0": 1391.8041741763232,
           "ema_span_1": 1438.1058936197376,
           "enabled": true,
           "initial_eprice_ema_dist": 0.0038402104707527477,
           "initial_qty_pct": 0.0294327530012921,
           "markup_range": 0.004963479221779673,
           "min_markup": 0.004703812599016984,
           "n_close_orders": 2,
           "rentry_pprice_dist": 0.019684184683069567,
           "rentry_pprice_dist_wallet_exposure_weighting": 9.910906523370537,
           "wallet_exposure_limit": 1.0}}