{"config_name": "recursive_grid_0days",
 "logging_level": 0,
 "long": {"auto_unstuck_ema_dist": 0.0025275034904075375,
          "auto_unstuck_wallet_exposure_threshold": 0.0741978744846153,
          "backwards_tp": true,
          "ddown_factor": 0.18732500993541282,
          "ema_span_0": 35.54922917182949,
          "ema_span_1": 911.690314117948,
          "enabled": true,
          "initial_eprice_ema_dist": 0.0006022489032670949,
          "initial_qty_pct": 0.03406783071853141,
          "markup_range": 0.010718105210344962,
          "min_markup": 0.00872970582915227,
          "n_close_orders": 4,
          "rentry_pprice_dist": 0.031123475293928362,
          "rentry_pprice_dist_wallet_exposure_weighting": 2.2403858793963,
          "wallet_exposure_limit": 1.0},
 "short": {"auto_unstuck_ema_dist": -0.00036338522405355607,
           "auto_unstuck_wallet_exposure_threshold": 0.041320754592011164,
           "backwards_tp": true,
           "ddown_factor": 1.3542552710737998,
           "ema_span_0": 885.3779229864427,
           "ema_span_1": 1415.4872651312114,
           "enabled": true,
           "initial_eprice_ema_dist": -0.0081539667937696,
           "initial_qty_pct": 0.012927745036494923,
           "markup_range": 0.007977713899778553,
           "min_markup": 0.00854874172178143,
           "n_close_orders": 12,
           "rentry_pprice_dist": 0.022664699475375798,
           "rentry_pprice_dist_wallet_exposure_weighting": 11.702973953345856,
           "wallet_exposure_limit": 1.0}}