{"config_name": "recursive_grid_0days",
 "logging_level": 0,
 "long": {"auto_unstuck_ema_dist": 0.0029257893948740486,
          "auto_unstuck_wallet_exposure_threshold": 0.06225134674273958,
          "backwards_tp": true,
          "ddown_factor": 2.487461269648137,
          "ema_span_0": 614.1347955411336,
          "ema_span_1": 260.2675153958938,
          "enabled": true,
          "initial_eprice_ema_dist": -0.00141983997239475,
          "initial_qty_pct": 0.01716321812366748,
          "markup_range": 0.0033398897284931156,
          "min_markup": 0.0030825753039534533,
          "n_close_orders": 16,
          "rentry_pprice_dist": 0.02751892176785005,
          "rentry_pprice_dist_wallet_exposure_weighting": 3.7120061963936437,
          "wallet_exposure_limit": 1.0},
 "short": {"auto_unstuck_ema_dist": 0.002079622047722903,
           "auto_unstuck_wallet_exposure_threshold": 0.030775027106780505,
           "backwards_tp": true,
           "ddown_factor": 1.1429112598303632,
           "ema_span_0": 1423.0757736439584,
           "ema_span_1": 1407.94025034072,
           "enabled": true,
           "initial_eprice_ema_dist": 0.0001129970647493243,
           "initial_qty_pct": 0.02399371584638376,
           "markup_range": 0.008225225894244287,
           "min_markup": 0.005638805077012425,
           "n_close_orders": 13,
           "rentry_pprice_dist": 0.031170338057010718,
           "rentry_pprice_dist_wallet_exposure_weighting": 7.112795972539045,
           "wallet_exposure_limit": 1.0}}