{"config_name": "recursive_grid_0days",
 "logging_level": 0,
 "long": {"auto_unstuck_ema_dist": 0.0009015791670057018,
          "auto_unstuck_wallet_exposure_threshold": 0.05754335868697164,
          "backwards_tp": true,
          "ddown_factor": 2.397906249912784,
          "ema_span_0": 574.5568267269283,
          "ema_span_1": 168.23435296562965,
          "enabled": true,
          "initial_eprice_ema_dist": -0.027552128611579022,
          "initial_qty_pct": 0.012208392076253854,
          "markup_range": 0.005427029629130663,
          "min_markup": 0.0036695387996192705,
          "n_close_orders": 10,
          "rentry_pprice_dist": 0.03436216126317407,
          "rentry_pprice_dist_wallet_exposure_weighting": 1.3147397271514876,
          "wallet_exposure_limit": 1.0},
 "short": {"auto_unstuck_ema_dist": 0.0024692031383140574,
           "auto_unstuck_wallet_exposure_threshold": 0.04055726074879571,
           "backwards_tp": true,
           "ddown_factor": 1.5193550003021148,
           "ema_span_0": 313.26879179687216,
           "ema_span_1": 1110.2609402560233,
           "enabled": true,
           "initial_eprice_ema_dist": -0.008971177062052506,
           "initial_qty_pct": 0.010123823942684062,
           "markup_range": 0.015428285500827756,
           "min_markup": 0.006911535072401707,
           "n_close_orders": 4,
           "rentry_pprice_dist": 0.027732724775581693,
           "rentry_pprice_dist_wallet_exposure_weighting": 4.475377643801947,
           "wallet_exposure_limit": 1.0}}