{"config_name": "recursive_grid_0days",
 "logging_level": 0,
 "long": {"auto_unstuck_ema_dist": 0.0029521841902794884,
          "auto_unstuck_wallet_exposure_threshold": 0.0854798036995194,
          "backwards_tp": true,
          "ddown_factor": 2.269622944647091,
          "ema_span_0": 1439.910115731938,
          "ema_span_1": 306.33068837593015,
          "enabled": true,
          "initial_eprice_ema_dist": -0.003816440231308723,
          "initial_qty_pct": 0.010443983748049045,
          "markup_range": 0.003753223009280104,
          "min_markup": 0.007170230686762042,
          "n_close_orders": 4,
          "rentry_pprice_dist": 0.042262584239039086,
          "rentry_pprice_dist_wallet_exposure_weighting": 3.948316810637239,
          "wallet_exposure_limit": 1.0},
 "short": {"auto_unstuck_ema_dist": -0.0095501707923429,
           "auto_unstuck_wallet_exposure_threshold": 0.09707949004037895,
           "backwards_tp": true,
           "ddown_factor": 0.31055318243786395,
           "ema_span_0": 133.16396376424507,
           "ema_span_1": 1124.2264370896457,
           "enabled": true,
           "initial_eprice_ema_dist": -0.03409657782512101,
           "initial_qty_pct": 0.011572654396626386,
           "markup_range": 0.0038525805071172987,
           "min_markup": 0.005797766334089719,
           "n_close_orders": 8,
           "rentry_pprice_dist": 0.0346956399638205,
           "rentry_pprice_dist_wallet_exposure_weighting": 7.126872433160298,
           "wallet_exposure_limit": 1.0}}