{"config_name": "recursive_grid_0days",
 "logging_level": 0,
 "long": {"auto_unstuck_ema_dist": -0.01405754744063009,
          "auto_unstuck_wallet_exposure_threshold": 0.09379148745399962,
          "backwards_tp": true,
          "ddown_factor": 0.44562279024706597,
          "ema_span_0": 353.9792859549182,
          "ema_span_1": 1255.9339908231796,
          "enabled": true,
          "initial_eprice_ema_dist": -0.0033021795484698253,
          "initial_qty_pct": 0.031283365366425474,
          "markup_range": 0.0035406095229345725,
          "min_markup": 0.00785909114467138,
          "n_close_orders": 10,
          "rentry_pprice_dist": 0.035838971921069725,
          "rentry_pprice_dist_wallet_exposure_weighting": 1.4603461873276047,
          "wallet_exposure_limit": 1.0},
 "short": {"auto_unstuck_ema_dist": 0.0009684654631491974,
           "auto_unstuck_wallet_exposure_threshold": 0.08739120377582488,
           "backwards_tp": true,
           "ddown_factor": 1.1733041975153393,
           "ema_span_0": 706.3437074670205,
           "ema_span_1": 155.37357531439523,
           "enabled": true,
           "initial_eprice_ema_dist": -0.02272104529499368,
           "initial_qty_pct": 0.026111052851501768,
           "markup_range": 0.0034126545215980974,
           "min_markup": 0.003645023422507305,
           "n_close_orders": 13,
           "rentry_pprice_dist": 0.03284778820147818,
           "rentry_pprice_dist_wallet_exposure_weighting": 11.071244445897245,
           "wallet_exposure_limit": 1.0}}