{"config_name": "recursive_grid_0days",
 "logging_level": 0,
 "long": {"auto_unstuck_ema_dist": 0.002032546364726422,
          "auto_unstuck_wallet_exposure_threshold": 0.03485263119073495,
          "backwards_tp": true,
          "ddown_factor": 1.073894934891772,
          "ema_span_0": 1345.195756288856,
          "ema_span_1": 634.9934691850331,
          "enabled": true,
          "initial_eprice_ema_dist": -0.09350796272848333,
          "initial_qty_pct": 0.01179447629977701,
          "markup_range": 0.006906554528383785,
          "min_markup": 0.005532866257189145,
          "n_close_orders": 5,
          "rentry_pprice_dist": 0.04301892723339604,
          "rentry_pprice_dist_wallet_exposure_weighting": 0.07762746634351318,
          "wallet_exposure_limit": 1},
 "short": {"auto_unstuck_ema_dist": 0.0023080397917343335,
           "auto_unstuck_wallet_exposure_threshold": 0.050725403294544044,
           "backwards_tp": true,
           "ddown_factor": 0.9291368563682381,
           "ema_span_0": 39.95660882874237,
           "ema_span_1": 1378.2420464469074,
           "enabled": true,
           "initial_eprice_ema_dist": -0.0007291328750041017,
           "initial_qty_pct": 0.01144437243958293,
           "markup_range": 0.004588318514870766,
           "min_markup": 0.005696230345457032,
           "n_close_orders": 4,
           "rentry_pprice_dist": 0.020343632875482194,
           "rentry_pprice_dist_wallet_exposure_weighting": 1.8514205218629511,
           "wallet_exposure_limit": 1}}