{"config_name": "recursive_grid_0days",
 "logging_level": 0,
 "long": {"auto_unstuck_ema_dist": -0.00010706452754372221,
          "auto_unstuck_wallet_exposure_threshold": 0.045140305701703076,
          "backwards_tp": true,
          "ddown_factor": 2.5461268434924884,
          "ema_span_0": 878.9651235230874,
          "ema_span_1": 1303.544968095198,
          "enabled": true,
          "initial_eprice_ema_dist": 0.002984307286159519,
          "initial_qty_pct": 0.010695617162771441,
          "markup_range": 0.0004640532444055113,
          "min_markup": 0.0055608787918543495,
          "n_close_orders": 16,
          "rentry_pprice_dist": 0.018257585648288444,
          "rentry_pprice_dist_wallet_exposure_weighting": 1.792513749050671,
          "wallet_exposure_limit": 1},
 "short": {"auto_unstuck_ema_dist": 0.002691339793980201,
           "auto_unstuck_wallet_exposure_threshold": 0.0305636855838166,
           "backwards_tp": true,
           "ddown_factor": 1.1793397296600576,
           "ema_span_0": 513.9562543640382,
           "ema_span_1": 973.7806823022835,
           "enabled": true,
           "initial_eprice_ema_dist": -0.03895106305165576,
           "initial_qty_pct": 0.010547930896595286,
           "markup_range": 0.00151012858995578,
           "min_markup": 0.002060657725958636,
           "n_close_orders": 11,
           "rentry_pprice_dist": 0.012801007919140309,
           "rentry_pprice_dist_wallet_exposure_weighting": 2.217738650713863,
           "wallet_exposure_limit": 1}}