{"config_name": "recursive_grid_0days",
 "logging_level": 0,
 "long": {"auto_unstuck_ema_dist": -0.003643817337222889,
          "auto_unstuck_wallet_exposure_threshold": 0.05341309110408503,
          "backwards_tp": true,
          "ddown_factor": 2.5328642132866186,
          "ema_span_0": 1178.0598297733234,
          "ema_span_1": 1011.0145409380565,
          "enabled": true,
          "initial_eprice_ema_dist": 0.0029707866023847246,
          "initial_qty_pct": 0.011563648991118341,
          "markup_range": 0.0040445030174830225,
          "min_markup": 0.004797232386050276,
          "n_close_orders": 8,
          "rentry_pprice_dist": 0.032373265834039745,
          "rentry_pprice_dist_wallet_exposure_weighting": 4.1172377893148635,
          "wallet_exposure_limit": 1.0},
 "short": {"auto_unstuck_ema_dist": 0.002187181469909654,
           "auto_unstuck_wallet_exposure_threshold": 0.07416355335286758,
           "backwards_tp": true,
           "ddown_factor": 0.318369986713714,
           "ema_span_0": 1294.2364917559635,
           "ema_span_1": 14.801473796380144,
           "enabled": true,
           "initial_eprice_ema_dist": -0.008705883326129885,
           "initial_qty_pct": 0.011544965207133941,
           "markup_range": 0.0033940511619668973,
           "min_markup": 0.0085112403271618,
           "n_close_orders": 9,
           "rentry_pprice_dist": 0.030311905775283948,
           "rentry_pprice_dist_wallet_exposure_weighting": 3.1693960169528377,
           "wallet_exposure_limit": 1.0}}