{"config_name": "recursive_grid_0days",
 "logging_level": 0,
 "long": {"auto_unstuck_ema_dist": 0.0024089638490453094,
          "auto_unstuck_wallet_exposure_threshold": 0.031013579378190975,
          "backwards_tp": true,
          "ddown_factor": 0.3531010132212967,
          "ema_span_0": 694.6806890140663,
          "ema_span_1": 1311.398509325818,
          "enabled": true,
          "initial_eprice_ema_dist": -0.013713892558725347,
          "initial_qty_pct": 0.0115043936119421,
          "markup_range": 0.004808362296339312,
          "min_markup": 0.006322932412505483,
          "n_close_orders": 5,
          "rentry_pprice_dist": 0.02833519885813163,
          "rentry_pprice_dist_wallet_exposure_weighting": 1.193513947793311,
          "wallet_exposure_limit": 1.0},
 "short": {"auto_unstuck_ema_dist": -0.030585917065771767,
           "auto_unstuck_wallet_exposure_threshold": 0.05341998156728478,
           "backwards_tp": true,
           "ddown_factor": 1.006383279028685,
           "ema_span_0": 1400.9888183444627,
           "ema_span_1": 1378.7674010561773,
           "enabled": true,
           "initial_eprice_ema_dist": 0.004,
           "initial_qty_pct": 0.015809935795301624,
           "markup_range": 0.0014385849866221266,
           "min_markup": 0.0022053045678101326,
           "n_close_orders": 3,
           "rentry_pprice_dist": 0.04809673542204516,
           "rentry_pprice_dist_wallet_exposure_weighting": 0.1469220339157466,
           "wallet_exposure_limit": 1.0}}