{"config_name": "recursive_grid_0days",
 "logging_level": 0,
 "long": {"auto_unstuck_ema_dist": -0.0005597865651704526,
          "auto_unstuck_wallet_exposure_threshold": 0.06785224355270747,
          "backwards_tp": true,
          "ddown_factor": 0.9914469013679422,
          "ema_span_0": 1305.3277455986233,
          "ema_span_1": 1190.291054227575,
          "enabled": true,
          "initial_eprice_ema_dist": 0.0008609719172473848,
          "initial_qty_pct": 0.020181745903453466,
          "markup_range": 0.0072245617643234466,
          "min_markup": 0.009117534350481625,
          "n_close_orders": 8,
          "rentry_pprice_dist": 0.028654176765789234,
          "rentry_pprice_dist_wallet_exposure_weighting": 2.404430833200367,
          "wallet_exposure_limit": 1.0},
 "short": {"auto_unstuck_ema_dist": 0.0003365992254349024,
           "auto_unstuck_wallet_exposure_threshold": 0.05558015366479204,
           "backwards_tp": true,
           "ddown_factor": 1.0454981334120628,
           "ema_span_0": 527.4344430472231,
           "ema_span_1": 366.3629396793632,
           "enabled": true,
           "initial_eprice_ema_dist": 0.0005316902911539182,
           "initial_qty_pct": 0.03087868213292303,
           "markup_range": 0.0,
           "min_markup": 0.0015696509899350878,
           "n_close_orders": 7,
           "rentry_pprice_dist": 0.03910515792206106,
           "rentry_pprice_dist_wallet_exposure_weighting": 8.024704274579616,
           "wallet_exposure_limit": 1.0}}