{"config_name": "recursive_grid_0days",
 "logging_level": 0,
 "long": {"auto_unstuck_ema_dist": 0.0006546013789618534,
          "auto_unstuck_wallet_exposure_threshold": 0.030052765053854454,
          "backwards_tp": true,
          "ddown_factor": 2.827659793746479,
          "ema_span_0": 541.2801382564912,
          "ema_span_1": 654.7626060963162,
          "enabled": true,
          "initial_eprice_ema_dist": -0.001918500152573921,
          "initial_qty_pct": 0.02041791375984149,
          "markup_range": 0.004481933150015978,
          "min_markup": 0.0036876821519122582,
          "n_close_orders": 11,
          "rentry_pprice_dist": 0.03478021055305887,
          "rentry_pprice_dist_wallet_exposure_weighting": 1.2590603724006388,
          "wallet_exposure_limit": 1.0},
 "short": {"auto_unstuck_ema_dist": 0.003,
           "auto_unstuck_wallet_exposure_threshold": 0.0307113489558209,
           "backwards_tp": true,
           "ddown_factor": 0.43296492863919045,
           "ema_span_0": 797.0717706595073,
           "ema_span_1": 1226.8000862647793,
           "enabled": true,
           "initial_eprice_ema_dist": -0.031153720760815733,
           "initial_qty_pct": 0.010084626403691913,
           "markup_range": 0.0036645049678429398,
           "min_markup": 0.0048973253950164415,
           "n_close_orders": 5,
           "rentry_pprice_dist": 0.03076275925373048,
           "rentry_pprice_dist_wallet_exposure_weighting": 6.555506110581532,
           "wallet_exposure_limit": 1.0}}