{"config_name": "recursive_grid_0days",
 "logging_level": 0,
 "long": {"auto_unstuck_ema_dist": 0.0009999995328887844,
          "auto_unstuck_wallet_exposure_threshold": 0.04116680354601006,
          "backwards_tp": true,
          "ddown_factor": 2.135849774483734,
          "ema_span_0": 84.1102301655092,
          "ema_span_1": 1339.356497480872,
          "enabled": true,
          "initial_eprice_ema_dist": -0.020694121072863392,
          "initial_qty_pct": 0.010668858621723174,
          "markup_range": 0.012364468054396158,
          "min_markup": 0.00630461203228603,
          "n_close_orders": 11,
          "rentry_pprice_dist": 0.04193771358682799,
          "rentry_pprice_dist_wallet_exposure_weighting": 1.173220529188005,
          "wallet_exposure_limit": 1.0},
 "short": {"auto_unstuck_ema_dist": 0.0002941236732620042,
           "auto_unstuck_wallet_exposure_threshold": 0.03,
           "backwards_tp": true,
           "ddown_factor": 0.8623996978629952,
           "ema_span_0": 972.6214832702635,
           "ema_span_1": 983.7887791668201,
           "enabled": true,
           "initial_eprice_ema_dist": -0.00018096801240010185,
           "initial_qty_pct": 0.010323856211993034,
           "markup_range": 0.01076097611588564,
           "min_markup": 0.005158740392682061,
           "n_close_orders": 16,
           "rentry_pprice_dist": 0.03667262889307966,
           "rentry_pprice_dist_wallet_exposure_weighting": 2.375081268641448,
           "wallet_exposure_limit": 1.0}}