{"config_name": "recursive_grid_0days",
 "logging_level": 0,
 "long": {"auto_unstuck_ema_dist": 0.0029789708402440792,
          "auto_unstuck_wallet_exposure_threshold": 0.030911041822034867,
          "backwards_tp": true,
          "ddown_factor": 0.7035805196921037,
          "ema_span_0": 1411.0775432249145,
          "ema_span_1": 574.6077030103123,
          "enabled": true,
          "initial_eprice_ema_dist": -0.023066744644275123,
          "initial_qty_pct": 0.011509333413238202,
          "markup_range": 0.00380169600478709,
          "min_markup": 0.009651865202480011,
          "n_close_orders": 3,
          "rentry_pprice_dist": 0.039176228829907365,
          "rentry_pprice_dist_wallet_exposure_weighting": 0.0,
          "wallet_exposure_limit": 1.0},
 "short": {"auto_unstuck_ema_dist": -0.00441483519537379,
           "auto_unstuck_wallet_exposure_threshold": 0.0372831832483925,
           "backwards_tp": true,
           "ddown_factor": 0.7884780898627634,
           "ema_span_0": 276.61772424573087,
           "ema_span_1": 904.0373805690673,
           "enabled": true,
           "initial_eprice_ema_dist": -0.011814941037101255,
           "initial_qty_pct": 0.010018448337329271,
           "markup_range": 0.00929908200391623,
           "min_markup": 0.008920942780060661,
           "n_close_orders": 8,
           "rentry_pprice_dist": 0.03840299916934189,
           "rentry_pprice_dist_wallet_exposure_weighting": 3.061509826855116,
           "wallet_exposure_limit": 1.0}}