{"config_name": "recursive_grid_0days",
 "logging_level": 0,
 "long": {"auto_unstuck_ema_dist": -0.007843698299840334,
          "auto_unstuck_wallet_exposure_threshold": 0.03272376447199665,
          "backwards_tp": true,
          "ddown_factor": 2.5829372749517474,
          "ema_span_0": 797.2040698774391,
          "ema_span_1": 1439.80528122514,
          "enabled": true,
          "initial_eprice_ema_dist": 0.003993542977265844,
          "initial_qty_pct": 0.016020816509753965,
          "markup_range": 0.0065716269720918884,
          "min_markup": 0.009967553585647009,
          "n_close_orders": 3,
          "rentry_pprice_dist": 0.03662541737767227,
          "rentry_pprice_dist_wallet_exposure_weighting": 0.6050638038878101,
          "wallet_exposure_limit": 1.0},
 "short": {"auto_unstuck_ema_dist": -0.0002607233098652759,
           "auto_unstuck_wallet_exposure_threshold": 0.06546981430440729,
           "backwards_tp": true,
           "ddown_factor": 2.777145991765666,
           "ema_span_0": 893.5077062351967,
           "ema_span_1": 1019.743153208325,
           "enabled": true,
           "initial_eprice_ema_dist": -0.0076355350506025245,
           "initial_qty_pct": 0.010391258574769158,
           "markup_range": 0.0012610277731940184,
           "min_markup": 0.004900126607357104,
           "n_close_orders": 7,
           "rentry_pprice_dist": 0.044844957824418594,
           "rentry_pprice_dist_wallet_exposure_weighting": 6.382541796800616,
           "wallet_exposure_limit": 1.0}}