{"config_name": "recursive_grid_0days",
 "logging_level": 0,
 "long": {"auto_unstuck_ema_dist": 0.0022950457586682132,
          "auto_unstuck_wallet_exposure_threshold": 0.03081402375319652,
          "backwards_tp": true,
          "ddown_factor": 1.5204474657375033,
          "ema_span_0": 502.0494221557043,
          "ema_span_1": 511.0763934917661,
          "enabled": true,
          "initial_eprice_ema_dist": 0.0024352104718277636,
          "initial_qty_pct": 0.023812869365868777,
          "markup_range": 0.0036901632681979545,
          "min_markup": 0.004936309131912351,
          "n_close_orders": 3,
          "rentry_pprice_dist": 0.030190045707932572,
          "rentry_pprice_dist_wallet_exposure_weighting": 1.5112293231658671,
          "wallet_exposure_limit": 1},
 "short": {"auto_unstuck_ema_dist": 0.002347922586252383,
           "auto_unstuck_wallet_exposure_threshold": 0.030168406293870496,
           "backwards_tp": true,
           "ddown_factor": 2.787634500487913,
           "ema_span_0": 1375.7254516847772,
           "ema_span_1": 1001.2786581842969,
           "enabled": true,
           "initial_eprice_ema_dist": -0.0019565160464607738,
           "initial_qty_pct": 0.021664175066548667,
           "markup_range": 0.0010241286817740127,
           "min_markup": 0.004254507699779713,
           "n_close_orders": 9,
           "rentry_pprice_dist": 0.020204533120943516,
           "rentry_pprice_dist_wallet_exposure_weighting": 12.717114212287877,
           "wallet_exposure_limit": 1}}