{"config_name": "recursive_grid_0days",
 "logging_level": 0,
 "long": {"auto_unstuck_ema_dist": 0.0003095634170638514,
          "auto_unstuck_wallet_exposure_threshold": 0.030231120478457465,
          "backwards_tp": true,
          "ddown_factor": 1.6387376333870234,
          "ema_span_0": 1082.3274317282644,
          "ema_span_1": 1414.0721861515624,
          "enabled": true,
          "initial_eprice_ema_dist": 0.003985963413448086,
          "initial_qty_pct": 0.012509837092085165,
          "markup_range": 0.0028435436656723155,
          "min_markup": 0.0030159183075736855,
          "n_close_orders": 11,
          "rentry_pprice_dist": 0.033364662482456786,
          "rentry_pprice_dist_wallet_exposure_weighting": 2.3525934481907322,
          "wallet_exposure_limit": 1.0},
 "short": {"auto_unstuck_ema_dist": 0.0023743008876258836,
           "auto_unstuck_wallet_exposure_threshold": 0.030977118469734666,
           "backwards_tp": true,
           "ddown_factor": 0.10013312914828808,
           "ema_span_0": 1227.523475557377,
           "ema_span_1": 364.77295205327044,
           "enabled": true,
           "initial_eprice_ema_dist": 0.00393791808947494,
           "initial_qty_pct": 0.012081500681307292,
           "markup_range": 0.0067766035276407115,
           "min_markup": 0.0025963395712418837,
           "n_close_orders": 5,
           "rentry_pprice_dist": 0.03720477149053689,
           "rentry_pprice_dist_wallet_exposure_weighting": 6.413736360274096,
           "wallet_exposure_limit": 1.0}}