{"config_name": "recursive_grid_0days",
 "logging_level": 0,
 "long": {"auto_unstuck_ema_dist": -0.030823453190700466,
          "auto_unstuck_wallet_exposure_threshold": 0.04082693393364019,
          "backwards_tp": true,
          "ddown_factor": 1.2273839656093286,
          "ema_span_0": 1323.1063407798863,
          "ema_span_1": 480.4944582003313,
          "enabled": true,
          "initial_eprice_ema_dist": 0.0027797728784488694,
          "initial_qty_pct": 0.014123523434147198,
          "markup_range": 0.0061486024531588615,
          "min_markup": 0.00393401825756501,
          "n_close_orders": 16,
          "rentry_pprice_dist": 0.02530415785053079,
          "rentry_pprice_dist_wallet_exposure_weighting": 2.326936692372986,
          "wallet_exposure_limit": 1.0},
 "short": {"auto_unstuck_ema_dist": 0.0009973327194472683,
           "auto_unstuck_wallet_exposure_threshold": 0.056728843538296284,
           "backwards_tp": true,
           "ddown_factor": 0.5467234018445345,
           "ema_span_0": 1149.246235684088,
           "ema_span_1": 118.36103564862267,
           "enabled": true,
           "initial_eprice_ema_dist": -0.006565397369212493,
           "initial_qty_pct": 0.01569491690821433,
           "markup_range": 0.008254731561339506,
           "min_markup": 0.008481935664246945,
           "n_close_orders": 8,
           "rentry_pprice_dist": 0.03432015205160555,
           "rentry_pprice_dist_wallet_exposure_weighting": 0.4873478264749575,
           "wallet_exposure_limit": 1.0}}