{"config_name": "recursive_grid_0days",
 "logging_level": 0,
 "long": {"auto_unstuck_ema_dist": 0.0006443960356903617,
          "auto_unstuck_wallet_exposure_threshold": 0.1,
          "backwards_tp": true,
          "ddown_factor": 0.7207020645957318,
          "ema_span_0": 284.1882566297706,
          "ema_span_1": 1253.3918203637973,
          "enabled": true,
          "initial_eprice_ema_dist": -0.0981420937006839,
          "initial_qty_pct": 0.015241779675022335,
          "markup_range": 0.002077419502838424,
          "min_markup": 0.004140670491667203,
          "n_close_orders": 8,
          "rentry_pprice_dist": 0.0348858221177135,
          "rentry_pprice_dist_wallet_exposure_weighting": 1.1752749832929141,
          "wallet_exposure_limit": 1.0},
 "short": {"auto_unstuck_ema_dist": -0.07746394677835912,
           "auto_unstuck_wallet_exposure_threshold": 0.06528476974067451,
           "backwards_tp": true,
           "ddown_factor": 0.4724556025524327,
           "ema_span_0": 113.78776164710727,
           "ema_span_1": 113.91152825763321,
           "enabled": true,
           "initial_eprice_ema_dist": 0.0039972864758663715,
           "initial_qty_pct": 0.01170490301288839,
           "markup_range": 0.002258899922741207,
           "min_markup": 0.0036304202123932363,
           "n_close_orders": 12,
           "rentry_pprice_dist": 0.04259459157633506,
           "rentry_pprice_dist_wallet_exposure_weighting": 7.093927469439274,
           "wallet_exposure_limit": 1.0}}