{"config_name": "recursive_grid_0days",
 "logging_level": 0,
 "long": {"auto_unstuck_ema_dist": -0.009715264328544006,
          "auto_unstuck_wallet_exposure_threshold": 0.03553914006239515,
          "backwards_tp": true,
          "ddown_factor": 1.2990039705518248,
          "ema_span_0": 1186.568008527983,
          "ema_span_1": 1214.7175928490465,
          "enabled": true,
          "initial_eprice_ema_dist": 0.003953787526728098,
          "initial_qty_pct": 0.012998111223091365,
          "markup_range": 0.006433237736094446,
          "min_markup": 0.007473304336493457,
          "n_close_orders": 10,
          "rentry_pprice_dist": 0.02844885520441053,
          "rentry_pprice_dist_wallet_exposure_weighting": 5.217746140548737,
          "wallet_exposure_limit": 1.0},
 "short": {"auto_unstuck_ema_dist": 0.0029986193915643345,
           "auto_unstuck_wallet_exposure_threshold": 0.0353863176258129,
           "backwards_tp": true,
           "ddown_factor": 2.585117858198409,
           "ema_span_0": 1419.393109563778,
           "ema_span_1": 1354.8545073658975,
           "enabled": true,
           "initial_eprice_ema_dist": 0.003998737073345799,
           "initial_qty_pct": 0.014207206487039626,
           "markup_range": 0.0011908230065418924,
           "min_markup": 0.006535996731109784,
           "n_close_orders": 4,
           "rentry_pprice_dist": 0.024752742941495404,
           "rentry_pprice_dist_wallet_exposure_weighting": 10.935675750668985,
           "wallet_exposure_limit": 1.0}}