{"config_name": "recursive_grid_0days",
 "logging_level": 0,
 "long": {"auto_unstuck_ema_dist": -0.004289140200863468,
          "auto_unstuck_wallet_exposure_threshold": 0.07098547658619561,
          "backwards_tp": true,
          "ddown_factor": 1.7241733975499764,
          "ema_span_0": 344.45676006584125,
          "ema_span_1": 940.9401025471184,
          "enabled": true,
          "initial_eprice_ema_dist": 0.000925035061487823,
          "initial_qty_pct": 0.014638142975577105,
          "markup_range": 0.007258923858414335,
          "min_markup": 0.006777286565421016,
          "n_close_orders": 16,
          "rentry_pprice_dist": 0.032102609737060625,
          "rentry_pprice_dist_wallet_exposure_weighting": 3.5717417294967477,
          "wallet_exposure_limit": 1.0},
 "short": {"auto_unstuck_ema_dist": 0.0008927359100333701,
           "auto_unstuck_wallet_exposure_threshold": 0.058383338497033886,
           "backwards_tp": true,
           "ddown_factor": 2.211937168504143,
           "ema_span_0": 1399.7009379689712,
           "ema_span_1": 1160.4262422560234,
           "enabled": true,
           "initial_eprice_ema_dist": -0.07302600553836223,
           "initial_qty_pct": 0.013709776969123918,
           "markup_range": 0.004288695419400371,
           "min_markup": 0.003260029427191391,
           "n_close_orders": 15,
           "rentry_pprice_dist": 0.041766486462575095,
           "rentry_pprice_dist_wallet_exposure_weighting": 4.63210331232297,
           "wallet_exposure_limit": 1.0}}