{"config_name": "recursive_grid_0days",
 "logging_level": 0,
 "long": {"auto_unstuck_ema_dist": 0.00023779602406951022,
          "auto_unstuck_wallet_exposure_threshold": 0.03024044439282568,
          "backwards_tp": true,
          "ddown_factor": 2.703014317222606,
          "ema_span_0": 731.3271430074449,
          "ema_span_1": 1162.433560998436,
          "enabled": true,
          "initial_eprice_ema_dist": 0.00042023896409425264,
          "initial_qty_pct": 0.01165997177089575,
          "markup_range": 0.0024593651096003573,
          "min_markup": 0.0026625250964149145,
          "n_close_orders": 12,
          "rentry_pprice_dist": 0.04923043169423169,
          "rentry_pprice_dist_wallet_exposure_weighting": 6.28947326770822,
          "wallet_exposure_limit": 1.0},
 "short": {"auto_unstuck_ema_dist": 0.0028332557271293114,
           "auto_unstuck_wallet_exposure_threshold": 0.034208197725702855,
           "backwards_tp": true,
           "ddown_factor": 1.840869427368537,
           "ema_span_0": 1071.9853242512559,
           "ema_span_1": 1135.8941895830703,
           "enabled": true,
           "initial_eprice_ema_dist": 0.003999335232641263,
           "initial_qty_pct": 0.01832797413912534,
           "markup_range": 0.0031971704582877724,
           "min_markup": 0.0047771184923010995,
           "n_close_orders": 8,
           "rentry_pprice_dist": 0.04401102493244518,
           "rentry_pprice_dist_wallet_exposure_weighting": 7.568019721219386,
           "wallet_exposure_limit": 1.0}}