{"config_name": "recursive_grid_0days",
 "logging_level": 0,
 "long": {"auto_unstuck_ema_dist": -0.09363436868023833,
          "auto_unstuck_wallet_exposure_threshold": 0.03000975769273693,
          "backwards_tp": true,
          "ddown_factor": 0.5601419394379543,
          "ema_span_0": 647.2805968083471,
          "ema_span_1": 849.7846446554048,
          "enabled": true,
          "initial_eprice_ema_dist": 0.0036297986215605943,
          "initial_qty_pct": 0.013760654920294622,
          "markup_range": 0.0026006726696446957,
          "min_markup": 0.002575459448292813,
          "n_close_orders": 15,
          "rentry_pprice_dist": 0.042541419883825884,
          "rentry_pprice_dist_wallet_exposure_weighting": 5.5583303970857765,
          "wallet_exposure_limit": 1.0},
 "short": {"auto_unstuck_ema_dist": 0.0009932464327339911,
           "auto_unstuck_wallet_exposure_threshold": 0.05384118886932672,
           "backwards_tp": true,
           "ddown_factor": 1.627745749268639,
           "ema_span_0": 924.788454116695,
           "ema_span_1": 668.4945360559715,
           "enabled": true,
           "initial_eprice_ema_dist": 0.0007917738030601174,
           "initial_qty_pct": 0.010000707464032841,
           "markup_range": 0.009817421180845458,
           "min_markup": 0.004409081283310572,
           "n_close_orders": 4,
           "rentry_pprice_dist": 0.02896547201466889,
           "rentry_pprice_dist_wallet_exposure_weighting": 8.985358219849008,
           "wallet_exposure_limit": 1.0}}