{"config_name": "recursive_grid_0days",
 "logging_level": 0,
 "long": {"auto_unstuck_ema_dist": -0.09321896242553805,
          "auto_unstuck_wallet_exposure_threshold": 0.07215387266961898,
          "backwards_tp": true,
          "ddown_factor": 0.8674446117607418,
          "ema_span_0": 983.5835314739847,
          "ema_span_1": 761.5925742003624,
          "enabled": true,
          "initial_eprice_ema_dist": -0.0014779798687175171,
          "initial_qty_pct": 0.01395849060469921,
          "markup_range": 0.0009007505711172805,
          "min_markup": 0.0016756969652481821,
          "n_close_orders": 7,
          "rentry_pprice_dist": 0.02284550740708296,
          "rentry_pprice_dist_wallet_exposure_weighting": 3.1874115219156045,
          "wallet_exposure_limit": 1.0},
 "short": {"auto_unstuck_ema_dist": -0.009082628502651431,
           "auto_unstuck_wallet_exposure_threshold": 0.030188725468981225,
           "backwards_tp": true,
           "ddown_factor": 0.10068603471530928,
           "ema_span_0": 1375.9987622548426,
           "ema_span_1": 669.9148533825127,
           "enabled": true,
           "initial_eprice_ema_dist": 0.0008364594381098318,
           "initial_qty_pct": 0.023291920577146775,
           "markup_range": 0.0017164098214150051,
           "min_markup": 0.002238116692581062,
           "n_close_orders": 5,
           "rentry_pprice_dist": 0.02425683367937999,
           "rentry_pprice_dist_wallet_exposure_weighting": 2.762932423801853,
           "wallet_exposure_limit": 1.0}}