{"config_name": "recursive_grid_0days",
 "logging_level": 0,
 "long": {"auto_unstuck_ema_dist": 0.002921207231518002,
          "auto_unstuck_wallet_exposure_threshold": 0.030261892944089878,
          "backwards_tp": true,
          "ddown_factor": 2.646187554343199,
          "ema_span_0": 204.3398843829948,
          "ema_span_1": 172.133439471684,
          "enabled": true,
          "initial_eprice_ema_dist": -0.016161071856878997,
          "initial_qty_pct": 0.01640463573395384,
          "markup_range": 0.003148530305379014,
          "min_markup": 0.004044681316911627,
          "n_close_orders": 6,
          "rentry_pprice_dist": 0.04809336981818669,
          "rentry_pprice_dist_wallet_exposure_weighting": 0.030490893799468437,
          "wallet_exposure_limit": 1},
 "short": {"auto_unstuck_ema_dist": 0.0012686557943908416,
           "auto_unstuck_wallet_exposure_threshold": 0.03234570514861392,
           "backwards_tp": true,
           "ddown_factor": 0.39046821141220267,
           "ema_span_0": 189.81692057299733,
           "ema_span_1": 640.0777640983489,
           "enabled": true,
           "initial_eprice_ema_dist": -0.0037818452045279925,
           "initial_qty_pct": 0.018090389122493618,
           "markup_range": 0.0022233025354333608,
           "min_markup": 0.0030887942179957818,
           "n_close_orders": 4,
           "rentry_pprice_dist": 0.02814975300008025,
           "rentry_pprice_dist_wallet_exposure_weighting": 2.057296815235968,
           "wallet_exposure_limit": 1}}