{"config_name": "recursive_grid_0days",
 "logging_level": 0,
 "long": {"auto_unstuck_ema_dist": -0.012340156812629911,
          "auto_unstuck_wallet_exposure_threshold": 0.030078435674590016,
          "backwards_tp": true,
          "ddown_factor": 1.6374320245653982,
          "ema_span_0": 1425.0234479091519,
          "ema_span_1": 72.69125572483884,
          "enabled": true,
          "initial_eprice_ema_dist": 0.004,
          "initial_qty_pct": 0.02809642507839941,
          "markup_range": 0.002097379056867402,
          "min_markup": 0.0045723527895830595,
          "n_close_orders": 2,
          "rentry_pprice_dist": 0.03723728158165486,
          "rentry_pprice_dist_wallet_exposure_weighting": 1.6771002242485156,
          "wallet_exposure_limit": 1.0},
 "short": {"auto_unstuck_ema_dist": -0.01708644601789996,
           "auto_unstuck_wallet_exposure_threshold": 0.046680495068835176,
           "backwards_tp": true,
           "ddown_factor": 2.5963253071118744,
           "ema_span_0": 622.401939016955,
           "ema_span_1": 1385.350408468092,
           "enabled": true,
           "initial_eprice_ema_dist": 0.003999556512039932,
           "initial_qty_pct": 0.017300989028901637,
           "markup_range": 0.002311296658257867,
           "min_markup": 0.003666316917273002,
           "n_close_orders": 8,
           "rentry_pprice_dist": 0.03687764853923062,
           "rentry_pprice_dist_wallet_exposure_weighting": 1.4995229990381245,
           "wallet_exposure_limit": 1.0}}