{"config_name": "recursive_grid_0days",
 "logging_level": 0,
 "long": {"auto_unstuck_ema_dist": 0.0009779764947190422,
          "auto_unstuck_wallet_exposure_threshold": 0.07288349172301074,
          "backwards_tp": true,
          "ddown_factor": 0.7704106759621877,
          "ema_span_0": 66.257677395528,
          "ema_span_1": 174.25919271439176,
          "enabled": true,
          "initial_eprice_ema_dist": -0.022907860628688468,
          "initial_qty_pct": 0.010010713475299752,
          "markup_range": 1.1242515010845825e-05,
          "min_markup": 0.0056209658864639685,
          "n_close_orders": 9,
          "rentry_pprice_dist": 0.02088634063075462,
          "rentry_pprice_dist_wallet_exposure_weighting": 0.8827841886111987,
          "wallet_exposure_limit": 1.0},
 "short": {"auto_unstuck_ema_dist": -0.017545080369188275,
           "auto_unstuck_wallet_exposure_threshold": 0.04625081340914358,
           "backwards_tp": true,
           "ddown_factor": 2.6714489111826,
           "ema_span_0": 536.4558433386463,
           "ema_span_1": 1369.6076283593925,
           "enabled": true,
           "initial_eprice_ema_dist": 0.0032719804471256775,
           "initial_qty_pct": 0.019342397320291024,
           "markup_range": 0.002084576400546311,
           "min_markup": 0.003893640609736716,
           "n_close_orders": 7,
           "rentry_pprice_dist": 0.03694578334458518,
           "rentry_pprice_dist_wallet_exposure_weighting": 1.2313962352350227,
           "wallet_exposure_limit": 1.0}}