{"config_name": "recursive_grid_0days",
 "logging_level": 0,
 "long": {"auto_unstuck_ema_dist": 0.0019168838661200013,
          "auto_unstuck_wallet_exposure_threshold": 0.030465350290447116,
          "backwards_tp": true,
          "ddown_factor": 2.896007679575463,
          "ema_span_0": 229.4132576614193,
          "ema_span_1": 65.76997282181702,
          "enabled": true,
          "initial_eprice_ema_dist": 0.0033087511247841335,
          "initial_qty_pct": 0.01254919368463273,
          "markup_range": 0.0008649183259616501,
          "min_markup": 0.0064294739052487854,
          "n_close_orders": 12,
          "rentry_pprice_dist": 0.021014660050400532,
          "rentry_pprice_dist_wallet_exposure_weighting": 16.813494639395838,
          "wallet_exposure_limit": 1.0},
 "short": {"auto_unstuck_ema_dist": -0.015680858090763625,
           "auto_unstuck_wallet_exposure_threshold": 0.052899402537999546,
           "backwards_tp": true,
           "ddown_factor": 0.8833765514520341,
           "ema_span_0": 5.4031134967495955,
           "ema_span_1": 8.342699977090389,
           "enabled": true,
           "initial_eprice_ema_dist": -0.0945685947536921,
           "initial_qty_pct": 0.010017140316376278,
           "markup_range": 0.012456907585455321,
           "min_markup": 0.008125301662996035,
           "n_close_orders": 10,
           "rentry_pprice_dist": 0.029960831865382672,
           "rentry_pprice_dist_wallet_exposure_weighting": 1.483878350908467,
           "wallet_exposure_limit": 1.0}}