{"config_name": "recursive_grid_0days",
 "logging_level": 0,
 "long": {"auto_unstuck_ema_dist": -0.001842666793376223,
          "auto_unstuck_wallet_exposure_threshold": 0.03236787961596362,
          "backwards_tp": true,
          "ddown_factor": 1.9167082567387839,
          "ema_span_0": 547.3304831184299,
          "ema_span_1": 302.3038391244724,
          "enabled": true,
          "initial_eprice_ema_dist": 0.003943624535670536,
          "initial_qty_pct": 0.015553748654787323,
          "markup_range": 0.0029215001238295287,
          "min_markup": 0.0035788829381675313,
          "n_close_orders": 4,
          "rentry_pprice_dist": 0.03213171934581136,
          "rentry_pprice_dist_wallet_exposure_weighting": 0.39209431235921394,
          "wallet_exposure_limit": 1.0},
 "short": {"auto_unstuck_ema_dist": 0.0024570046894241814,
           "auto_unstuck_wallet_exposure_threshold": 0.031016088881781437,
           "backwards_tp": true,
           "ddown_factor": 1.6738212228554137,
           "ema_span_0": 1018.1648346216869,
           "ema_span_1": 74.05217827156565,
           "enabled": true,
           "initial_eprice_ema_dist": -0.009268706588180145,
           "initial_qty_pct": 0.013054048253368868,
           "markup_range": 0.0017575865724171259,
           "min_markup": 0.008573401385392473,
           "n_close_orders": 7,
           "rentry_pprice_dist": 0.029203055993947232,
           "rentry_pprice_dist_wallet_exposure_weighting": 0.27546017129382466,
           "wallet_exposure_limit": 1.0}}