{"config_name": "recursive_grid_0days",
 "logging_level": 0,
 "long": {"auto_unstuck_ema_dist": -0.004766028992977827,
          "auto_unstuck_wallet_exposure_threshold": 0.050579484768530414,
          "backwards_tp": true,
          "ddown_factor": 0.7744192831488695,
          "ema_span_0": 1358.5582756186095,
          "ema_span_1": 266.63223823208847,
          "enabled": true,
          "initial_eprice_ema_dist": -0.0888216906088927,
          "initial_qty_pct": 0.016665212069467705,
          "markup_range": 0.004901156455516645,
          "min_markup": 0.0012313524573165657,
          "n_close_orders": 2,
          "rentry_pprice_dist": 0.029041863156890304,
          "rentry_pprice_dist_wallet_exposure_weighting": 1.2392022475035924,
          "wallet_exposure_limit": 1.0},
 "short": {"auto_unstuck_ema_dist": 0.0014826366000770205,
           "auto_unstuck_wallet_exposure_threshold": 0.03388034865267538,
           "backwards_tp": true,
           "ddown_factor": 1.678820961642039,
           "ema_span_0": 1359.5991300981466,
           "ema_span_1": 656.5157259117276,
           "enabled": true,
           "initial_eprice_ema_dist": 0.0039713241652518,
           "initial_qty_pct": 0.016426493335909096,
           "markup_range": 0.0020120934459236196,
           "min_markup": 0.0030668675803868003,
           "n_close_orders": 13,
           "rentry_pprice_dist": 0.023009851476894005,
           "rentry_pprice_dist_wallet_exposure_weighting": 0.008256810705868584,
           "wallet_exposure_limit": 1.0}}