{"config_name": "recursive_grid_0days",
 "logging_level": 0,
 "long": {"auto_unstuck_ema_dist": -0.005056576103674719,
          "auto_unstuck_wallet_exposure_threshold": 0.05014921907463425,
          "backwards_tp": true,
          "ddown_factor": 0.7821083685671598,
          "ema_span_0": 1362.884427341014,
          "ema_span_1": 223.29291018891445,
          "enabled": true,
          "initial_eprice_ema_dist": -0.08882460346850327,
          "initial_qty_pct": 0.015819597701067667,
          "markup_range": 0.004906279058986885,
          "min_markup": 0.0012130825753154427,
          "n_close_orders": 2,
          "rentry_pprice_dist": 0.02905317896836769,
          "rentry_pprice_dist_wallet_exposure_weighting": 1.2654035420962562,
          "wallet_exposure_limit": 1.0},
 "short": {"auto_unstuck_ema_dist": 0.0002931638214119474,
           "auto_unstuck_wallet_exposure_threshold": 0.03347196046146626,
           "backwards_tp": true,
           "ddown_factor": 1.7154609679271347,
           "ema_span_0": 1337.1954908556283,
           "ema_span_1": 587.0228446835476,
           "enabled": true,
           "initial_eprice_ema_dist": 0.0038230747118182186,
           "initial_qty_pct": 0.016485864733502914,
           "markup_range": 0.0025847849806797402,
           "min_markup": 0.004366713820579036,
           "n_close_orders": 12,
           "rentry_pprice_dist": 0.030359994074588226,
           "rentry_pprice_dist_wallet_exposure_weighting": 0.0249233683694443,
           "wallet_exposure_limit": 1.0}}