{"config_name": "recursive_grid_0days",
 "logging_level": 0,
 "long": {"auto_unstuck_ema_dist": 0.0029912734809529598,
          "auto_unstuck_wallet_exposure_threshold": 0.07523828197348004,
          "backwards_tp": true,
          "ddown_factor": 0.39782984559592866,
          "ema_span_0": 1438.783438173156,
          "ema_span_1": 1400.1759995427203,
          "enabled": true,
          "initial_eprice_ema_dist": 0.00022937692376757556,
          "initial_qty_pct": 0.011320663315950042,
          "markup_range": 0.0010876220659522197,
          "min_markup": 0.00317421633833501,
          "n_close_orders": 3,
          "rentry_pprice_dist": 0.01299747218690585,
          "rentry_pprice_dist_wallet_exposure_weighting": 1.2380698070736107,
          "wallet_exposure_limit": 1.0},
 "short": {"auto_unstuck_ema_dist": 0.002741134781012271,
           "auto_unstuck_wallet_exposure_threshold": 0.03094763621344734,
           "backwards_tp": true,
           "ddown_factor": 1.2938122852965872,
           "ema_span_0": 282.27878248156696,
           "ema_span_1": 1257.1457738978154,
           "enabled": true,
           "initial_eprice_ema_dist": -0.0715287183525749,
           "initial_qty_pct": 0.01154546517405251,
           "markup_range": 0.0005968056262352552,
           "min_markup": 0.0034511033726507797,
           "n_close_orders": 6,
           "rentry_pprice_dist": 0.026367625381541162,
           "rentry_pprice_dist_wallet_exposure_weighting": 4.09444125650025,
           "wallet_exposure_limit": 1.0}}