{"config_name": "recursive_grid_0days",
 "logging_level": 0,
 "long": {"auto_unstuck_ema_dist": -0.0009397175603763638,
          "auto_unstuck_wallet_exposure_threshold": 0.048949617024129366,
          "backwards_tp": true,
          "ddown_factor": 0.47208861347258296,
          "ema_span_0": 1088.1121241864987,
          "ema_span_1": 1090.847681328929,
          "enabled": true,
          "initial_eprice_ema_dist": -0.034099164114032195,
          "initial_qty_pct": 0.014674657104813575,
          "markup_range": 0.0018059936317281707,
          "min_markup": 0.007900882553901832,
          "n_close_orders": 11,
          "rentry_pprice_dist": 0.024331719869587754,
          "rentry_pprice_dist_wallet_exposure_weighting": 0.031176096653440906,
          "wallet_exposure_limit": 1.0},
 "short": {"auto_unstuck_ema_dist": -0.05478460048001853,
           "auto_unstuck_wallet_exposure_threshold": 0.0557578769602374,
           "backwards_tp": true,
           "ddown_factor": 0.1682092963882184,
           "ema_span_0": 862.6839974001549,
           "ema_span_1": 726.9937643994373,
           "enabled": true,
           "initial_eprice_ema_dist": -3.2417663444613705e-05,
           "initial_qty_pct": 0.012289246094108872,
           "markup_range": 0.006815832190327571,
           "min_markup": 0.0016100599342885398,
           "n_close_orders": 14,
           "rentry_pprice_dist": 0.02625810755096065,
           "rentry_pprice_dist_wallet_exposure_weighting": 5.621684838333653,
           "wallet_exposure_limit": 1.0}}