{"config_name": "recursive_grid_0days",
 "logging_level": 0,
 "long": {"auto_unstuck_ema_dist": -0.008491659499317674,
          "auto_unstuck_wallet_exposure_threshold": 0.07096974064866364,
          "backwards_tp": true,
          "ddown_factor": 0.3734016955507178,
          "ema_span_0": 958.360566283002,
          "ema_span_1": 179.28883003322252,
          "enabled": true,
          "initial_eprice_ema_dist": -0.0067404430961734855,
          "initial_qty_pct": 0.011239085494649647,
          "markup_range": 0.0006794599063866782,
          "min_markup": 0.0061814974965573415,
          "n_close_orders": 3,
          "rentry_pprice_dist": 0.030178258102387553,
          "rentry_pprice_dist_wallet_exposure_weighting": 0.8783544173764819,
          "wallet_exposure_limit": 1.0},
 "short": {"auto_unstuck_ema_dist": 0.0022002742953878057,
           "auto_unstuck_wallet_exposure_threshold": 0.03300148651525105,
           "backwards_tp": true,
           "ddown_factor": 2.8598871865576725,
           "ema_span_0": 556.2225714715789,
           "ema_span_1": 1381.1036364801043,
           "enabled": true,
           "initial_eprice_ema_dist": -0.004484478449913156,
           "initial_qty_pct": 0.016360381392049452,
           "markup_range": 0.005307361310648694,
           "min_markup": 0.007873081605062324,
           "n_close_orders": 13,
           "rentry_pprice_dist": 0.04371947624474218,
           "rentry_pprice_dist_wallet_exposure_weighting": 1.2205027957295407,
           "wallet_exposure_limit": 1.0}}