{"config_name": "recursive_grid_0days",
 "logging_level": 0,
 "long": {"auto_unstuck_ema_dist": 0.0014537312658581185,
          "auto_unstuck_wallet_exposure_threshold": 0.03863929043879936,
          "backwards_tp": true,
          "ddown_factor": 0.5331347514203434,
          "ema_span_0": 805.4312902580928,
          "ema_span_1": 1067.6024459112132,
          "enabled": true,
          "initial_eprice_ema_dist": -0.05493006601288358,
          "initial_qty_pct": 0.014228674577067392,
          "markup_range": 0.005254112351465297,
          "min_markup": 0.006385158764790288,
          "n_close_orders": 6,
          "rentry_pprice_dist": 0.03601474611745334,
          "rentry_pprice_dist_wallet_exposure_weighting": 1.9331195536717576,
          "wallet_exposure_limit": 1.0},
 "short": {"auto_unstuck_ema_dist": 0.0029219483701538036,
           "auto_unstuck_wallet_exposure_threshold": 0.08344972981128249,
           "backwards_tp": true,
           "ddown_factor": 0.12302393426010773,
           "ema_span_0": 1060.9332714827058,
           "ema_span_1": 1221.5749091184814,
           "enabled": true,
           "initial_eprice_ema_dist": 0.000526314619273785,
           "initial_qty_pct": 0.02203004842943083,
           "markup_range": 0.015947042282809104,
           "min_markup": 0.009596476093324214,
           "n_close_orders": 8,
           "rentry_pprice_dist": 0.03118220836342756,
           "rentry_pprice_dist_wallet_exposure_weighting": 2.8439020589426836,
           "wallet_exposure_limit": 1.0}}