{"config_name": "recursive_grid_0days",
 "logging_level": 0,
 "long": {"auto_unstuck_ema_dist": 0.001773177718251039,
          "auto_unstuck_wallet_exposure_threshold": 0.03892747227827723,
          "backwards_tp": true,
          "ddown_factor": 1.2979740077392043,
          "ema_span_0": 628.0272570287515,
          "ema_span_1": 62.18411039926945,
          "enabled": true,
          "initial_eprice_ema_dist": 0.003998744073194391,
          "initial_qty_pct": 0.03306238844988844,
          "markup_range": 0.001778786863353462,
          "min_markup": 0.0021024599002837535,
          "n_close_orders": 8,
          "rentry_pprice_dist": 0.033339944073257716,
          "rentry_pprice_dist_wallet_exposure_weighting": 0.0001619136255735952,
          "wallet_exposure_limit": 1.0},
 "short": {"auto_unstuck_ema_dist": 0.0012287498332811536,
           "auto_unstuck_wallet_exposure_threshold": 0.03859979027943855,
           "backwards_tp": true,
           "ddown_factor": 0.8216511976053011,
           "ema_span_0": 1354.564132208097,
           "ema_span_1": 993.3673695908794,
           "enabled": true,
           "initial_eprice_ema_dist": 0.00017299298018122345,
           "initial_qty_pct": 0.01,
           "markup_range": 0.0019593405564046025,
           "min_markup": 0.004877537798690227,
           "n_close_orders": 16,
           "rentry_pprice_dist": 0.025463548386051416,
           "rentry_pprice_dist_wallet_exposure_weighting": 0.06352195398329641,
           "wallet_exposure_limit": 1.0}}