{"config_name": "recursive_grid_0days",
 "logging_level": 0,
 "long": {"auto_unstuck_ema_dist": -0.003067736335327254,
          "auto_unstuck_wallet_exposure_threshold": 0.046453756417837236,
          "backwards_tp": true,
          "ddown_factor": 1.848591476590479,
          "ema_span_0": 1189.0315616353605,
          "ema_span_1": 1424.0649324113683,
          "enabled": true,
          "initial_eprice_ema_dist": -5.04524566812537e-05,
          "initial_qty_pct": 0.016515353924622795,
          "markup_range": 0.004117227606513836,
          "min_markup": 0.0024501557224265356,
          "n_close_orders": 7,
          "rentry_pprice_dist": 0.024803341824987588,
          "rentry_pprice_dist_wallet_exposure_weighting": 2.621766363215238,
          "wallet_exposure_limit": 1.0},
 "short": {"auto_unstuck_ema_dist": -0.00027616033371816217,
           "auto_unstuck_wallet_exposure_threshold": 0.07968883855662029,
           "backwards_tp": true,
           "ddown_factor": 1.1875180319301977,
           "ema_span_0": 1312.5887157630482,
           "ema_span_1": 726.5026434538074,
           "enabled": true,
           "initial_eprice_ema_dist": 0.00034190672829543254,
           "initial_qty_pct": 0.01141529667390479,
           "markup_range": 0.0037049004479055227,
           "min_markup": 0.0034591281473144034,
           "n_close_orders": 4,
           "rentry_pprice_dist": 0.030994181953576262,
           "rentry_pprice_dist_wallet_exposure_weighting": 0.01708517804303444,
           "wallet_exposure_limit": 1.0}}