{"config_name": "recursive_grid_0days",
 "logging_level": 0,
 "long": {"auto_unstuck_ema_dist": 0.0007988639084114574,
          "auto_unstuck_wallet_exposure_threshold": 0.03305887712745169,
          "backwards_tp": true,
          "ddown_factor": 1.566648050390746,
          "ema_span_0": 803.0254720453071,
          "ema_span_1": 1366.0787165009099,
          "enabled": true,
          "initial_eprice_ema_dist": 0.003903444151555024,
          "initial_qty_pct": 0.010958022223186566,
          "markup_range": 0.0017081542358992588,
          "min_markup": 0.007837103630220917,
          "n_close_orders": 8,
          "rentry_pprice_dist": 0.0424821531824098,
          "rentry_pprice_dist_wallet_exposure_weighting": 0.5376311236904961,
          "wallet_exposure_limit": 1.0},
 "short": {"auto_unstuck_ema_dist": 0.0009378692436642602,
           "auto_unstuck_wallet_exposure_threshold": 0.03249318187342404,
           "backwards_tp": true,
           "ddown_factor": 0.1734811607277782,
           "ema_span_0": 253.77187155551937,
           "ema_span_1": 1419.7804710218566,
           "enabled": true,
           "initial_eprice_ema_dist": 0.000889821594722423,
           "initial_qty_pct": 0.014007419805990486,
           "markup_range": 0.009822982224758588,
           "min_markup": 0.00571542224519182,
           "n_close_orders": 2,
           "rentry_pprice_dist": 0.022763149499019548,
           "rentry_pprice_dist_wallet_exposure_weighting": 4.662559197182556,
           "wallet_exposure_limit": 1.0}}