{"config_name": "binance_manausdt_154days_adg1.13%_bkr71.73%",
 "logging_level": 0,
 "long": {"enabled": true,
          "iprc_MAr_coeffs": [[-0.048839568071439, 0.1536093848334277],
                              [0.4, -0.4],
                              [-0.0194644247510735, -0.3542391501008709]],
          "iprc_const": 0.989433863534532,
          "iqty_MAr_coeffs": [[0.1694196574444939, -0.2082548629311765],
                              [-0.1554529169614873, 0.2391490175246743],
                              [-0.0180452867813661, 0.0118592291738734]],
          "iqty_const": 0.0171009642030487,
          "markup_MAr_coeffs": [[-0.2189825695802559, 0.2907757075598066],
                                [-0.0033059336476667, 0.1523409078234297],
                                [-0.1547514998581746, -0.2275031059870663]],
          "markup_const": 1.010043225384151,
          "pbr_limit": 0.424797519174361,
          "pbr_stop_loss": 0.1954453551266655,
          "rprc_MAr_coeffs": [[-0.3124087120900943, 0.1066287941514236],
                              [0.035268809464334, 0.3022074780742754],
                              [-0.3152146950389073, 0.3610327402135398]],
          "rprc_PBr_coeffs": [[-0.5092190728396934, -0.6716104757780488]],
          "rprc_const": 0.987218446798102,
          "rqty_MAr_coeffs": [[-0.221632434473902, 0.300070130980092],
                              [-0.3475335291916957, -0.3498001301974097],
                              [0.3138852040992036, 0.2424899592171476]],
          "rqty_const": 0.5340627945095839},
 "max_span": 2714.9208745109154,
 "min_span": 690.9973902795788,
 "n_spans": 3,
 "shrt": {"enabled": true,
          "iprc_MAr_coeffs": [[-0.3622160581364859, 0.3315052302362886],
                              [0.275724493223696, -0.2393665311092477],
                              [0.1543827859783315, -0.0227103557572087]],
          "iprc_const": 1.0128832145596178,
          "iqty_MAr_coeffs": [[0.0976022309948761, -0.323363243302695],
                              [-0.166508582744243, -0.2342187019647015],
                              [-0.2726724419951525, -0.3677889470556932]],
          "iqty_const": 0.0628881798452677,
          "markup_MAr_coeffs": [[-0.178767269749627, -0.2674081380479244],
                                [0.1024526438393089, -0.0545558323492183],
                                [-0.259915227373555, -0.1754316759335821]],
          "markup_const": 0.9912283085986286,
          "pbr_limit": 0.8235172674697803,
          "pbr_stop_loss": 0.0115840023292953,
          "rprc_MAr_coeffs": [[0.0435832322118882, 0.0810646923030672],
                              [0.1998662204067044, -0.1357022084372147],
                              [-0.1464318585438493, -0.2977738330360364]],
          "rprc_PBr_coeffs": [[-0.0747587230953285, 0.0574633089309431]],
          "rprc_const": 1.0161358079328515,
          "rqty_MAr_coeffs": [[-0.1575849271676549, 0.3411672788048711],
                              [-0.2472586294570403, 0.1896540631839526],
                              [-0.268058849490386, -0.2126171856039047]],
          "rqty_const": 0.1024314224484485}}
