{"config_name": "neat_grid_0days",
 "logging_level": 0,
 "long": {"auto_unstuck_ema_dist": -0.07381007070745357,
          "auto_unstuck_wallet_exposure_threshold": 0.07784316380072359,
          "backwards_tp": true,
          "ema_span_0": 1373.6045554927553,
          "ema_span_1": 893.8293090354435,
          "enabled": true,
          "eprice_exp_base": 1.0,
          "eqty_exp_base": 1.7027680264373348,
          "grid_span": 0.13859688683517102,
          "initial_eprice_ema_dist": -0.00017570552399200832,
          "initial_qty_pct": 0.015264686179554536,
          "markup_range": 0.00276748360577382,
          "max_n_entry_orders": 7,
          "min_markup": 0.0027203643552734585,
          "n_close_orders": 2,
          "wallet_exposure_limit": 1.0},
 "short": {"auto_unstuck_ema_dist": 0.0023540121917208375,
           "auto_unstuck_wallet_exposure_threshold": 0.08138407472224014,
           "backwards_tp": true,
           "ema_span_0": 1132.67065617672,
           "ema_span_1": 977.9662598139695,
           "enabled": true,
           "eprice_exp_base": 1.0163390950850044,
           "eqty_exp_base": 3.4071548252518156,
           "grid_span": 0.18408320974471587,
           "initial_eprice_ema_dist": -0.004636320344318139,
           "initial_qty_pct": 0.011733011007082914,
           "markup_range": 0.0006104305123991793,
           "max_n_entry_orders": 7,
           "min_markup": 0.0053901019321947585,
           "n_close_orders": 7,
           "wallet_exposure_limit": 1.0}}