{"config_name": "neat_grid_0days",
 "logging_level": 0,
 "long": {"auto_unstuck_ema_dist": 0.002749709543243758,
          "auto_unstuck_wallet_exposure_threshold": 0.07218903613705975,
          "backwards_tp": true,
          "ema_span_0": 425.36454407023297,
          "ema_span_1": 972.6897106326841,
          "enabled": true,
          "eprice_exp_base": 1.0518413432743425,
          "eqty_exp_base": 2.279490833535146,
          "grid_span": 0.1616903208016882,
          "initial_eprice_ema_dist": -0.003609867306374225,
          "initial_qty_pct": 0.010118838995590452,
          "markup_range": 0.0035964469698635915,
          "max_n_entry_orders": 7,
          "min_markup": 0.012746009632801055,
          "n_close_orders": 7,
          "wallet_exposure_limit": 1.0},
 "short": {"auto_unstuck_ema_dist": 0.0026210622835344984,
           "auto_unstuck_wallet_exposure_threshold": 0.036404679159258144,
           "backwards_tp": true,
           "ema_span_0": 928.0625883453183,
           "ema_span_1": 1118.8561046843406,
           "enabled": true,
           "eprice_exp_base": 1.0678204730121856,
           "eqty_exp_base": 1.0148375861784706,
           "grid_span": 0.5351885485876829,
           "initial_eprice_ema_dist": 0.0008104494512060533,
           "initial_qty_pct": 0.01,
           "markup_range": 0.00021173148328382422,
           "max_n_entry_orders": 14,
           "min_markup": 0.0038716843541393734,
           "n_close_orders": 5,
           "wallet_exposure_limit": 1.0}}