{"config_name": "neat_grid_0days",
 "logging_level": 0,
 "long": {"auto_unstuck_ema_dist": -0.0030484342342856673,
          "auto_unstuck_wallet_exposure_threshold": 0.0860195017663121,
          "backwards_tp": true,
          "ema_span_0": 1101.5143119118052,
          "ema_span_1": 400.13271969033275,
          "enabled": true,
          "eprice_exp_base": 1.00004568043321,
          "eqty_exp_base": 3.9777520878344554,
          "grid_span": 0.12885490285439868,
          "initial_eprice_ema_dist": -0.06596413970494336,
          "initial_qty_pct": 0.010513350804216271,
          "markup_range": 0.0027858294278703534,
          "max_n_entry_orders": 7,
          "min_markup": 0.007397812296724959,
          "n_close_orders": 12,
          "wallet_exposure_limit": 1.0},
 "short": {"auto_unstuck_ema_dist": 0.003,
           "auto_unstuck_wallet_exposure_threshold": 0.041505445021346114,
           "backwards_tp": true,
           "ema_span_0": 1342.1018647063952,
           "ema_span_1": 1042.0310649025935,
           "enabled": true,
           "eprice_exp_base": 1.1426016675414048,
           "eqty_exp_base": 1.050858510708558,
           "grid_span": 0.31512903487435157,
           "initial_eprice_ema_dist": 0.0006721582692341578,
           "initial_qty_pct": 0.013411768564346923,
           "markup_range": 0.007841224816687427,
           "max_n_entry_orders": 10,
           "min_markup": 0.007164666528699007,
           "n_close_orders": 14,
           "wallet_exposure_limit": 1.0}}