{"config_name": "neat_grid_0days",
 "logging_level": 0,
 "long": {"auto_unstuck_ema_dist": 0.001551289401211349,
          "auto_unstuck_wallet_exposure_threshold": 0.03972235886340522,
          "backwards_tp": true,
          "ema_span_0": 541.8157706999193,
          "ema_span_1": 1336.3812752519575,
          "enabled": true,
          "eprice_exp_base": 1.000704875445014,
          "eqty_exp_base": 1.9829262043770595,
          "grid_span": 0.19052445993780268,
          "initial_eprice_ema_dist": 0.0027349000257080613,
          "initial_qty_pct": 0.010194180533776744,
          "markup_range": 0.012093132153656677,
          "max_n_entry_orders": 8,
          "min_markup": 0.0024895211261261596,
          "n_close_orders": 5,
          "wallet_exposure_limit": 1.0},
 "short": {"auto_unstuck_ema_dist": 0.0029996381660655747,
           "auto_unstuck_wallet_exposure_threshold": 0.034272501068610024,
           "backwards_tp": true,
           "ema_span_0": 756.5927243816387,
           "ema_span_1": 1203.316332339167,
           "enabled": true,
           "eprice_exp_base": 1.0183236505289894,
           "eqty_exp_base": 1.7528859819642009,
           "grid_span": 0.10768372878218675,
           "initial_eprice_ema_dist": -0.002588428903648338,
           "initial_qty_pct": 0.010213475382025133,
           "markup_range": 0.0022966796437863092,
           "max_n_entry_orders": 9,
           "min_markup": 0.006233359591790299,
           "n_close_orders": 15,
           "wallet_exposure_limit": 1.0}}