{"config_name": "neat_grid_0days",
 "logging_level": 0,
 "long": {"auto_unstuck_ema_dist": -0.006608214345402277,
          "auto_unstuck_wallet_exposure_threshold": 0.03048933621104757,
          "backwards_tp": true,
          "ema_span_0": 534.3615613133907,
          "ema_span_1": 838.2434955149142,
          "enabled": true,
          "eprice_exp_base": 1.1745099577356894,
          "eqty_exp_base": 1.9831905561015626,
          "grid_span": 0.17250362808424333,
          "initial_eprice_ema_dist": -0.010348883899319419,
          "initial_qty_pct": 0.01713603392360793,
          "markup_range": 0.00401204645178392,
          "max_n_entry_orders": 7,
          "min_markup": 0.006927017311685829,
          "n_close_orders": 4,
          "wallet_exposure_limit": 1.0},
 "short": {"auto_unstuck_ema_dist": -0.0004071457995634736,
           "auto_unstuck_wallet_exposure_threshold": 0.08053662899979196,
           "backwards_tp": true,
           "ema_span_0": 1316.3940528758574,
           "ema_span_1": 769.4406910963318,
           "enabled": true,
           "eprice_exp_base": 1.256865218094614,
           "eqty_exp_base": 1.2770717174048114,
           "grid_span": 0.3425285371253165,
           "initial_eprice_ema_dist": 0.001020585044676978,
           "initial_qty_pct": 0.02740692443350765,
           "markup_range": 0.003862424489356261,
           "max_n_entry_orders": 10,
           "min_markup": 0.006274075148371018,
           "n_close_orders": 7,
           "wallet_exposure_limit": 1.0}}