{"config_name": "neat_grid_0days",
 "logging_level": 0,
 "long": {"auto_unstuck_ema_dist": -0.0017794773553515783,
          "auto_unstuck_wallet_exposure_threshold": 0.05112926979922255,
          "backwards_tp": true,
          "ema_span_0": 1197.0607821561346,
          "ema_span_1": 1300.7777274630807,
          "enabled": true,
          "eprice_exp_base": 1.0001224765392793,
          "eqty_exp_base": 2.0814603756088945,
          "grid_span": 0.10627818521548044,
          "initial_eprice_ema_dist": 0.0031457646511029533,
          "initial_qty_pct": 0.0112268744421827,
          "markup_range": 0.005483546930630632,
          "max_n_entry_orders": 9,
          "min_markup": 0.00727896547340137,
          "n_close_orders": 4,
          "wallet_exposure_limit": 1.0},
 "short": {"auto_unstuck_ema_dist": 0.0017865185809103653,
           "auto_unstuck_wallet_exposure_threshold": 0.09266945826806623,
           "backwards_tp": true,
           "ema_span_0": 827.320869915522,
           "ema_span_1": 258.7022027863638,
           "enabled": true,
           "eprice_exp_base": 1.084723923614757,
           "eqty_exp_base": 1.051793161080153,
           "grid_span": 0.5731854077518254,
           "initial_eprice_ema_dist": -0.005670650134980635,
           "initial_qty_pct": 0.01,
           "markup_range": 0.005088710689159798,
           "max_n_entry_orders": 13,
           "min_markup": 0.005035139059728248,
           "n_close_orders": 6,
           "wallet_exposure_limit": 1.0}}