{"config_name": "neat_grid_0days",
 "logging_level": 0,
 "long": {"auto_unstuck_ema_dist": -0.0085000442750183,
          "auto_unstuck_wallet_exposure_threshold": 0.04159577366855934,
          "backwards_tp": true,
          "ema_span_0": 865.3080567642623,
          "ema_span_1": 413.7119744697547,
          "enabled": true,
          "eprice_exp_base": 1.0,
          "eqty_exp_base": 1.9721618483267427,
          "grid_span": 0.19669890148739577,
          "initial_eprice_ema_dist": -0.03434135145509887,
          "initial_qty_pct": 0.01,
          "markup_range": 0.01161841378165007,
          "max_n_entry_orders": 9,
          "min_markup": 0.003533177644827492,
          "n_close_orders": 5,
          "wallet_exposure_limit": 1.0},
 "short": {"auto_unstuck_ema_dist": 0.0018665890580972198,
           "auto_unstuck_wallet_exposure_threshold": 0.0314029851773731,
           "backwards_tp": true,
           "ema_span_0": 1285.8245422040452,
           "ema_span_1": 734.3184432636549,
           "enabled": true,
           "eprice_exp_base": 1.0689026217278428,
           "eqty_exp_base": 1.7561051143250261,
           "grid_span": 0.11424885975519704,
           "initial_eprice_ema_dist": -0.02191822009290877,
           "initial_qty_pct": 0.010150847622264467,
           "markup_range": 0.004885232542280271,
           "max_n_entry_orders": 7,
           "min_markup": 0.002585330390936706,
           "n_close_orders": 16,
           "wallet_exposure_limit": 1.0}}