{"config_name": "neat_grid_0days",
 "logging_level": 0,
 "long": {"auto_unstuck_ema_dist": 0.000859533626963789,
          "auto_unstuck_wallet_exposure_threshold": 0.0463071801218719,
          "backwards_tp": true,
          "ema_span_0": 910.9853617366954,
          "ema_span_1": 857.2102429892716,
          "enabled": true,
          "eprice_exp_base": 1.006322130945827,
          "eqty_exp_base": 2.7248950458371537,
          "grid_span": 0.10046450638607106,
          "initial_eprice_ema_dist": -0.0015484438742709341,
          "initial_qty_pct": 0.017476397123990167,
          "markup_range": 0.0056689000802185125,
          "max_n_entry_orders": 8,
          "min_markup": 0.0024436598144915596,
          "n_close_orders": 7,
          "wallet_exposure_limit": 1.0},
 "short": {"auto_unstuck_ema_dist": -0.0026215675828001645,
           "auto_unstuck_wallet_exposure_threshold": 0.03194194625943271,
           "backwards_tp": true,
           "ema_span_0": 78.88685543006201,
           "ema_span_1": 994.9063424073846,
           "enabled": true,
           "eprice_exp_base": 1.0361128986826367,
           "eqty_exp_base": 1.914755977142653,
           "grid_span": 0.4524957437556683,
           "initial_eprice_ema_dist": 0.0011382319578990682,
           "initial_qty_pct": 0.01,
           "markup_range": 0.009069669651221307,
           "max_n_entry_orders": 8,
           "min_markup": 0.003201879814061553,
           "n_close_orders": 15,
           "wallet_exposure_limit": 1.0}}