{"config_name": "neat_grid_0days",
 "logging_level": 0,
 "long": {"auto_unstuck_ema_dist": 0.00244761604513644,
          "auto_unstuck_wallet_exposure_threshold": 0.03579475683258447,
          "backwards_tp": true,
          "ema_span_0": 1390.4263772205538,
          "ema_span_1": 1417.7483193911612,
          "enabled": true,
          "eprice_exp_base": 1.000010158001423,
          "eqty_exp_base": 1.1120245250074108,
          "grid_span": 0.36539754997245777,
          "initial_eprice_ema_dist": 0.002,
          "initial_qty_pct": 0.010945022618042203,
          "markup_range": 0.00027371949618150985,
          "max_n_entry_orders": 7,
          "min_markup": 0.001,
          "n_close_orders": 2,
          "wallet_exposure_limit": 1.0},
 "short": {"auto_unstuck_ema_dist": 0.002656115991579768,
           "auto_unstuck_wallet_exposure_threshold": 0.03,
           "backwards_tp": true,
           "ema_span_0": 561.1058803481909,
           "ema_span_1": 1396.4641518981211,
           "enabled": true,
           "eprice_exp_base": 1,
           "eqty_exp_base": 2.3241768738056483,
           "grid_span": 0.2541143061057669,
           "initial_eprice_ema_dist": -0.0064332353312761695,
           "initial_qty_pct": 0.011978391162875633,
           "markup_range": 0.00711457415805725,
           "max_n_entry_orders": 21,
           "min_markup": 0.005351769457383239,
           "n_close_orders": 15,
           "wallet_exposure_limit": 1.0}}