{"config_name": "neat_grid_0days",
 "logging_level": 0,
 "long": {"auto_unstuck_ema_dist": 0.0023307921994067905,
          "auto_unstuck_wallet_exposure_threshold": 0.06134892377230565,
          "backwards_tp": true,
          "ema_span_0": 829.6035260110926,
          "ema_span_1": 1132.3971137913659,
          "enabled": true,
          "eprice_exp_base": 1.0524049293045816,
          "eqty_exp_base": 1.712987906710836,
          "grid_span": 0.3220001535195869,
          "initial_eprice_ema_dist": -0.0019062490674522686,
          "initial_qty_pct": 0.011243968822313578,
          "markup_range": 0.0026763091675321747,
          "max_n_entry_orders": 8,
          "min_markup": 0.004000347542947749,
          "n_close_orders": 6,
          "wallet_exposure_limit": 1.0},
 "short": {"auto_unstuck_ema_dist": -0.0006281077765979819,
           "auto_unstuck_wallet_exposure_threshold": 0.04252165437292447,
           "backwards_tp": true,
           "ema_span_0": 964.8377041755606,
           "ema_span_1": 1151.4459818094365,
           "enabled": true,
           "eprice_exp_base": 1.102051064057376,
           "eqty_exp_base": 1.5879256256967802,
           "grid_span": 0.24332548395236508,
           "initial_eprice_ema_dist": -0.0009413887582889688,
           "initial_qty_pct": 0.014956817849311535,
           "markup_range": 0.007829270839145142,
           "max_n_entry_orders": 8,
           "min_markup": 0.004726988863840879,
           "n_close_orders": 8,
           "wallet_exposure_limit": 1.0}}