{"config_name": "neat_grid_0days",
 "logging_level": 0,
 "long": {"auto_unstuck_ema_dist": -0.0008773553437384084,
          "auto_unstuck_wallet_exposure_threshold": 0.09376987169008501,
          "backwards_tp": true,
          "ema_span_0": 592.8792093498369,
          "ema_span_1": 1238.1823738709365,
          "enabled": true,
          "eprice_exp_base": 1.0000012579845468,
          "eqty_exp_base": 1.4788539401330423,
          "grid_span": 0.28541614656020725,
          "initial_eprice_ema_dist": 0.004,
          "initial_qty_pct": 0.02266651561897436,
          "markup_range": 0.0033506636752669507,
          "max_n_entry_orders": 19,
          "min_markup": 0.0018291248957075946,
          "n_close_orders": 5,
          "wallet_exposure_limit": 1.0},
 "short": {"auto_unstuck_ema_dist": -0.026281505898575305,
           "auto_unstuck_wallet_exposure_threshold": 0.0327322433589655,
           "backwards_tp": true,
           "ema_span_0": 1031.1677997141726,
           "ema_span_1": 580.4718046572544,
           "enabled": true,
           "eprice_exp_base": 1.0015353592836067,
           "eqty_exp_base": 2.035092632324129,
           "grid_span": 0.18673572307446348,
           "initial_eprice_ema_dist": 0.0030705769730200814,
           "initial_qty_pct": 0.010013048720668754,
           "markup_range": 0.0002863522642163172,
           "max_n_entry_orders": 10,
           "min_markup": 0.0015235054596096625,
           "n_close_orders": 15,
           "wallet_exposure_limit": 1.0}}