{"config_name": "neat_grid_0days",
 "logging_level": 0,
 "long": {"auto_unstuck_ema_dist": -0.032834514628767845,
          "auto_unstuck_wallet_exposure_threshold": 0.06755674857470408,
          "backwards_tp": true,
          "ema_span_0": 1239.4364029625033,
          "ema_span_1": 921.8286834796902,
          "enabled": true,
          "eprice_exp_base": 1.1546372228274333,
          "eqty_exp_base": 1.9268543849629352,
          "grid_span": 0.2913792240151725,
          "initial_eprice_ema_dist": 0.001893175001660487,
          "initial_qty_pct": 0.021458460879273313,
          "markup_range": 0.0005905224865583291,
          "max_n_entry_orders": 11,
          "min_markup": 0.0020103204157658123,
          "n_close_orders": 11,
          "wallet_exposure_limit": 1.0},
 "short": {"auto_unstuck_ema_dist": -0.0003013474345200734,
           "auto_unstuck_wallet_exposure_threshold": 0.04329662408048314,
           "backwards_tp": true,
           "ema_span_0": 947.524274967417,
           "ema_span_1": 1432.4724626931297,
           "enabled": true,
           "eprice_exp_base": 1.0,
           "eqty_exp_base": 2.5248672709704523,
           "grid_span": 0.18599033145832772,
           "initial_eprice_ema_dist": -0.004600603738022779,
           "initial_qty_pct": 0.01,
           "markup_range": 0.00021857872904568193,
           "max_n_entry_orders": 10,
           "min_markup": 0.004082511922376193,
           "n_close_orders": 15,
           "wallet_exposure_limit": 1.0}}