{"config_name": "neat_grid_0days",
 "logging_level": 0,
 "long": {"auto_unstuck_ema_dist": -0.02006160403452312,
          "auto_unstuck_wallet_exposure_threshold": 0.034582889959595395,
          "backwards_tp": true,
          "ema_span_0": 1297.8982984094428,
          "ema_span_1": 1143.7426703414733,
          "enabled": true,
          "eprice_exp_base": 1.041953686411168,
          "eqty_exp_base": 3.5046305392765054,
          "grid_span": 0.185083791880934,
          "initial_eprice_ema_dist": -0.052487174677668266,
          "initial_qty_pct": 0.01,
          "markup_range": 0.003422005484011869,
          "max_n_entry_orders": 8,
          "min_markup": 0.00937241729123748,
          "n_close_orders": 14,
          "wallet_exposure_limit": 1.0},
 "short": {"auto_unstuck_ema_dist": 0.0029790298782552886,
           "auto_unstuck_wallet_exposure_threshold": 0.03,
           "backwards_tp": true,
           "ema_span_0": 1376.3031423363936,
           "ema_span_1": 304.09381459137313,
           "enabled": true,
           "eprice_exp_base": 1.1930144834617886,
           "eqty_exp_base": 1.5763147536717657,
           "grid_span": 0.3774265235739759,
           "initial_eprice_ema_dist": -0.053073252176679644,
           "initial_qty_pct": 0.010584375784083656,
           "markup_range": 0.009271410406611457,
           "max_n_entry_orders": 12,
           "min_markup": 0.0034284119229681174,
           "n_close_orders": 8,
           "wallet_exposure_limit": 1.0}}