{"config_name": "neat_grid_0days",
 "logging_level": 0,
 "long": {"auto_unstuck_ema_dist": 0.002218776153529086,
          "auto_unstuck_wallet_exposure_threshold": 0.04758017342672945,
          "backwards_tp": true,
          "ema_span_0": 755.4945357995949,
          "ema_span_1": 654.3798049855943,
          "enabled": true,
          "eprice_exp_base": 1.0004739854028375,
          "eqty_exp_base": 2.318503281071766,
          "grid_span": 0.10359293162319667,
          "initial_eprice_ema_dist": 0.0012841583319210387,
          "initial_qty_pct": 0.010368553414593138,
          "markup_range": 0.016558492032362072,
          "max_n_entry_orders": 8,
          "min_markup": 0.003009808462138705,
          "n_close_orders": 9,
          "wallet_exposure_limit": 1.0},
 "short": {"auto_unstuck_ema_dist": 0.0028675092223935566,
           "auto_unstuck_wallet_exposure_threshold": 0.059057180214393566,
           "backwards_tp": true,
           "ema_span_0": 1291.892526260434,
           "ema_span_1": 446.79757919120794,
           "enabled": true,
           "eprice_exp_base": 1.0,
           "eqty_exp_base": 2.2168655468418184,
           "grid_span": 0.16251735965902508,
           "initial_eprice_ema_dist": 0.0016745007726651174,
           "initial_qty_pct": 0.06406290451437821,
           "markup_range": 0.0035710324372683388,
           "max_n_entry_orders": 9,
           "min_markup": 0.005560858118398644,
           "n_close_orders": 2,
           "wallet_exposure_limit": 1.0}}