{"config_name": "neat_grid_0days",
 "logging_level": 0,
 "long": {"auto_unstuck_ema_dist": 0.002011575820910496,
          "auto_unstuck_wallet_exposure_threshold": 0.047720370550644306,
          "backwards_tp": true,
          "ema_span_0": 751.6509055018289,
          "ema_span_1": 654.4362286001311,
          "enabled": true,
          "eprice_exp_base": 1.0,
          "eqty_exp_base": 2.318916160793133,
          "grid_span": 0.1035942567718987,
          "initial_eprice_ema_dist": 0.001290256098741815,
          "initial_qty_pct": 0.010311563729864729,
          "markup_range": 0.016573142508144272,
          "max_n_entry_orders": 8,
          "min_markup": 0.0030101438915678294,
          "n_close_orders": 9,
          "wallet_exposure_limit": 1.0},
 "short": {"auto_unstuck_ema_dist": 0.001842756268890283,
           "auto_unstuck_wallet_exposure_threshold": 0.04039178597203085,
           "backwards_tp": true,
           "ema_span_0": 435.14593287611257,
           "ema_span_1": 725.0874502515046,
           "enabled": true,
           "eprice_exp_base": 1.000162798261282,
           "eqty_exp_base": 1.0197226272794233,
           "grid_span": 0.17034118701579606,
           "initial_eprice_ema_dist": -0.006849105732098123,
           "initial_qty_pct": 0.025054407678723488,
           "markup_range": 0.008243276770148291,
           "max_n_entry_orders": 8,
           "min_markup": 0.009968438658012276,
           "n_close_orders": 10,
           "wallet_exposure_limit": 1.0}}