{"config_name": "neat_grid_0days",
 "logging_level": 0,
 "long": {"auto_unstuck_ema_dist": 0.0013237129795818177,
          "auto_unstuck_wallet_exposure_threshold": 0.0661799316155327,
          "backwards_tp": true,
          "ema_span_0": 212.41403883490474,
          "ema_span_1": 801.7404401524371,
          "enabled": true,
          "eprice_exp_base": 1.0,
          "eqty_exp_base": 2.5283209956311277,
          "grid_span": 0.17405056100650218,
          "initial_eprice_ema_dist": -0.0041818127698911335,
          "initial_qty_pct": 0.016880869696140582,
          "markup_range": 0.0012856907730934074,
          "max_n_entry_orders": 12,
          "min_markup": 0.01063793270755665,
          "n_close_orders": 8,
          "wallet_exposure_limit": 1.0},
 "short": {"auto_unstuck_ema_dist": 0.0028403474822605167,
           "auto_unstuck_wallet_exposure_threshold": 0.046932480019471465,
           "backwards_tp": true,
           "ema_span_0": 845.3558345074239,
           "ema_span_1": 1359.3134076936508,
           "enabled": true,
           "eprice_exp_base": 1.08941142906146,
           "eqty_exp_base": 1.6431375242774664,
           "grid_span": 0.22607647108461112,
           "initial_eprice_ema_dist": -0.00913802266717754,
           "initial_qty_pct": 0.010352341172229771,
           "markup_range": 0.003704750476893603,
           "max_n_entry_orders": 11,
           "min_markup": 0.008707679285685862,
           "n_close_orders": 8,
           "wallet_exposure_limit": 1.0}}