{"config_name": "neat_grid_0days",
 "logging_level": 0,
 "long": {"auto_unstuck_ema_dist": -0.008211444363927465,
          "auto_unstuck_wallet_exposure_threshold": 0.03995975743448853,
          "backwards_tp": true,
          "ema_span_0": 434.0390850217621,
          "ema_span_1": 1203.9358526560275,
          "enabled": true,
          "eprice_exp_base": 1.0001404516285568,
          "eqty_exp_base": 1.2410494299609165,
          "grid_span": 0.1544431842769606,
          "initial_eprice_ema_dist": -0.09450311676515431,
          "initial_qty_pct": 0.010097028243196991,
          "markup_range": 0.0029746342180153517,
          "max_n_entry_orders": 7,
          "min_markup": 0.004470018179210669,
          "n_close_orders": 3,
          "wallet_exposure_limit": 1.0},
 "short": {"auto_unstuck_ema_dist": 0.0019060247485520288,
           "auto_unstuck_wallet_exposure_threshold": 0.05113734214002662,
           "backwards_tp": true,
           "ema_span_0": 1391.2269576807903,
           "ema_span_1": 774.9511584247019,
           "enabled": true,
           "eprice_exp_base": 1.038916358161436,
           "eqty_exp_base": 1.8405876551518952,
           "grid_span": 0.1693825819494238,
           "initial_eprice_ema_dist": 0.0018968635356238237,
           "initial_qty_pct": 0.011002440983402967,
           "markup_range": 0.006147255220340975,
           "max_n_entry_orders": 10,
           "min_markup": 0.00392340286254169,
           "n_close_orders": 6,
           "wallet_exposure_limit": 1.0}}