{"config_name": "neat_grid_0days",
 "logging_level": 0,
 "long": {"auto_unstuck_ema_dist": -0.001219370089728393,
          "auto_unstuck_wallet_exposure_threshold": 0.03279005413320305,
          "backwards_tp": true,
          "ema_span_0": 838.1707779102563,
          "ema_span_1": 1135.5303629832322,
          "enabled": true,
          "eprice_exp_base": 1.0,
          "eqty_exp_base": 1.421799421060008,
          "grid_span": 0.16586865564725378,
          "initial_eprice_ema_dist": -0.037611023755682746,
          "initial_qty_pct": 0.014547075301083151,
          "markup_range": 0.0027185032283119585,
          "max_n_entry_orders": 21,
          "min_markup": 0.004331271981972164,
          "n_close_orders": 14,
          "wallet_exposure_limit": 1.0},
 "short": {"auto_unstuck_ema_dist": -0.010237076967865646,
           "auto_unstuck_wallet_exposure_threshold": 0.054654197263875666,
           "backwards_tp": true,
           "ema_span_0": 368.37629829522575,
           "ema_span_1": 1394.7213023731254,
           "enabled": true,
           "eprice_exp_base": 1.1728624719202856,
           "eqty_exp_base": 1.0003694642271177,
           "grid_span": 0.22989441349344492,
           "initial_eprice_ema_dist": -0.00968784984196287,
           "initial_qty_pct": 0.023189298538991154,
           "markup_range": 0.0023173830431511993,
           "max_n_entry_orders": 12,
           "min_markup": 0.0039854040505411395,
           "n_close_orders": 15,
           "wallet_exposure_limit": 1.0}}