{"config_name": "neat_grid_0days",
 "logging_level": 0,
 "long": {"auto_unstuck_ema_dist": -0.0245951745087682,
          "auto_unstuck_wallet_exposure_threshold": 0.04848139318377027,
          "backwards_tp": true,
          "ema_span_0": 843.3039460800595,
          "ema_span_1": 1274.420604857072,
          "enabled": true,
          "eprice_exp_base": 1.1370333580211704,
          "eqty_exp_base": 2.064427432147811,
          "grid_span": 0.14370914376509533,
          "initial_eprice_ema_dist": -0.0012390772436385112,
          "initial_qty_pct": 0.010010775158091158,
          "markup_range": 0.00547772753051622,
          "max_n_entry_orders": 9,
          "min_markup": 0.001202622899694989,
          "n_close_orders": 9,
          "wallet_exposure_limit": 1.0},
 "short": {"auto_unstuck_ema_dist": 0.002436389402228633,
           "auto_unstuck_wallet_exposure_threshold": 0.06791586871459096,
           "backwards_tp": true,
           "ema_span_0": 857.9024551656937,
           "ema_span_1": 14.34766582805372,
           "enabled": true,
           "eprice_exp_base": 1.059578152171725,
           "eqty_exp_base": 1.0317600049447813,
           "grid_span": 0.10938622324961836,
           "initial_eprice_ema_dist": 0.0037287010696460616,
           "initial_qty_pct": 0.04779315534108315,
           "markup_range": 0.0004480754182892472,
           "max_n_entry_orders": 11,
           "min_markup": 0.006702095298417646,
           "n_close_orders": 9,
           "wallet_exposure_limit": 1.0}}