{"config_name": "neat_grid_0days",
 "logging_level": 0,
 "long": {"auto_unstuck_ema_dist": 0.0024879976606598866,
          "auto_unstuck_wallet_exposure_threshold": 0.08219037601538176,
          "backwards_tp": true,
          "ema_span_0": 1105.2711724834985,
          "ema_span_1": 781.3575006880338,
          "enabled": true,
          "eprice_exp_base": 1.0018419719137879,
          "eqty_exp_base": 1.4488355977142322,
          "grid_span": 0.14933206128601031,
          "initial_eprice_ema_dist": 0.001924694208181795,
          "initial_qty_pct": 0.01,
          "markup_range": 0.00762786630821632,
          "max_n_entry_orders": 8,
          "min_markup": 0.002281818468863497,
          "n_close_orders": 6,
          "wallet_exposure_limit": 1.0},
 "short": {"auto_unstuck_ema_dist": 0.0029843694332870796,
           "auto_unstuck_wallet_exposure_threshold": 0.05446684706800015,
           "backwards_tp": true,
           "ema_span_0": 1415.0435557110586,
           "ema_span_1": 1405.6766575174292,
           "enabled": true,
           "eprice_exp_base": 1.0025550953026958,
           "eqty_exp_base": 2.23414446479848,
           "grid_span": 0.13365380692140608,
           "initial_eprice_ema_dist": 0.003577130962680738,
           "initial_qty_pct": 0.022698184009700334,
           "markup_range": 0.007891429420567989,
           "max_n_entry_orders": 7,
           "min_markup": 0.00432336181910212,
           "n_close_orders": 13,
           "wallet_exposure_limit": 1.0}}