{"config_name": "neat_grid_0days",
 "logging_level": 0,
 "long": {"auto_unstuck_ema_dist": 0.003,
          "auto_unstuck_wallet_exposure_threshold": 0.08948690609212098,
          "backwards_tp": true,
          "ema_span_0": 540.5961179852636,
          "ema_span_1": 506.03229671146704,
          "enabled": true,
          "eprice_exp_base": 1.2057713684826594,
          "eqty_exp_base": 1.0080710413036509,
          "grid_span": 0.1,
          "initial_eprice_ema_dist": 0.002,
          "initial_qty_pct": 0.010154381803187227,
          "markup_range": 0.0016279542333259877,
          "max_n_entry_orders": 7,
          "min_markup": 0.0028078396960684576,
          "n_close_orders": 10,
          "wallet_exposure_limit": 1.0},
 "short": {"auto_unstuck_ema_dist": -0.017293285003909156,
           "auto_unstuck_wallet_exposure_threshold": 0.0428238240841103,
           "backwards_tp": true,
           "ema_span_0": 83.6369387947439,
           "ema_span_1": 815.661088914546,
           "enabled": true,
           "eprice_exp_base": 1.1243739492567666,
           "eqty_exp_base": 1.9230277976309904,
           "grid_span": 0.3134311524960896,
           "initial_eprice_ema_dist": -0.00045884581331175967,
           "initial_qty_pct": 0.011851154762592209,
           "markup_range": 0.0005063127840168688,
           "max_n_entry_orders": 15,
           "min_markup": 0.0025353704196394464,
           "n_close_orders": 7,
           "wallet_exposure_limit": 1.0}}