{"config_name": "neat_grid_0days",
 "logging_level": 0,
 "long": {"auto_unstuck_ema_dist": 0.0028731738135871158,
          "auto_unstuck_wallet_exposure_threshold": 0.03025051373613294,
          "backwards_tp": true,
          "ema_span_0": 770.0169340844891,
          "ema_span_1": 1196.0004870482305,
          "enabled": true,
          "eprice_exp_base": 1.0156452745358908,
          "eqty_exp_base": 1.562478008321305,
          "grid_span": 0.12267159994533353,
          "initial_eprice_ema_dist": -0.09026202082940864,
          "initial_qty_pct": 0.011149572029577831,
          "markup_range": 0.0012123789510441346,
          "max_n_entry_orders": 9,
          "min_markup": 0.004156076616483466,
          "n_close_orders": 2,
          "wallet_exposure_limit": 1.0},
 "short": {"auto_unstuck_ema_dist": 0.0021831888071685034,
           "auto_unstuck_wallet_exposure_threshold": 0.04724780308762655,
           "backwards_tp": true,
           "ema_span_0": 135.07656173849318,
           "ema_span_1": 675.3410585537817,
           "enabled": true,
           "eprice_exp_base": 1.0021047750708418,
           "eqty_exp_base": 3.4223681992748074,
           "grid_span": 0.14303997549332376,
           "initial_eprice_ema_dist": 0.0031833801267608895,
           "initial_qty_pct": 0.014672633835435735,
           "markup_range": 0.0025891365823962733,
           "max_n_entry_orders": 9,
           "min_markup": 0.004949106762004252,
           "n_close_orders": 8,
           "wallet_exposure_limit": 1.0}}