{"config_name": "neat_grid_0days",
 "logging_level": 0,
 "long": {"auto_unstuck_ema_dist": -0.004297376436655159,
          "auto_unstuck_wallet_exposure_threshold": 0.06507706610469172,
          "backwards_tp": true,
          "ema_span_0": 1439.1007151899473,
          "ema_span_1": 677.03541476095,
          "enabled": true,
          "eprice_exp_base": 1.0,
          "eqty_exp_base": 3.2756699415386223,
          "grid_span": 0.10063667193896518,
          "initial_eprice_ema_dist": 0.002,
          "initial_qty_pct": 0.022804359409977437,
          "markup_range": 0.0005764332798342535,
          "max_n_entry_orders": 7,
          "min_markup": 0.006987262713132162,
          "n_close_orders": 8,
          "wallet_exposure_limit": 1.0},
 "short": {"auto_unstuck_ema_dist": -0.026797739331861394,
           "auto_unstuck_wallet_exposure_threshold": 0.04509976642194596,
           "backwards_tp": true,
           "ema_span_0": 1420.5024805437065,
           "ema_span_1": 848.1580942434147,
           "enabled": true,
           "eprice_exp_base": 1.113671813356953,
           "eqty_exp_base": 1.2873301881337225,
           "grid_span": 0.43003932412097357,
           "initial_eprice_ema_dist": -0.004752068184534529,
           "initial_qty_pct": 0.01,
           "markup_range": 0.005544927111542939,
           "max_n_entry_orders": 18,
           "min_markup": 0.006755025857482881,
           "n_close_orders": 14,
           "wallet_exposure_limit": 1.0}}