{"config_name": "neat_grid_0days",
 "logging_level": 0,
 "long": {"auto_unstuck_ema_dist": 0.0009712167500069634,
          "auto_unstuck_wallet_exposure_threshold": 0.03397392709084447,
          "backwards_tp": true,
          "ema_span_0": 684.5062515088798,
          "ema_span_1": 399.34950481379235,
          "enabled": true,
          "eprice_exp_base": 1.1068520235059016,
          "eqty_exp_base": 3.015685875708668,
          "grid_span": 0.16584993822221328,
          "initial_eprice_ema_dist": -0.08612345663296939,
          "initial_qty_pct": 0.010992951794963554,
          "markup_range": 6.220612808891784e-05,
          "max_n_entry_orders": 11,
          "min_markup": 0.004818148038941534,
          "n_close_orders": 8,
          "wallet_exposure_limit": 1.0},
 "short": {"auto_unstuck_ema_dist": 0.002915652360043583,
           "auto_unstuck_wallet_exposure_threshold": 0.0596215975468339,
           "backwards_tp": true,
           "ema_span_0": 1404.7295268788835,
           "ema_span_1": 198.53148378507802,
           "enabled": true,
           "eprice_exp_base": 1.0619551950887767,
           "eqty_exp_base": 1.3839589281201403,
           "grid_span": 0.23387981130891483,
           "initial_eprice_ema_dist": 0.0004085496412044088,
           "initial_qty_pct": 0.016920119075537508,
           "markup_range": 0.009616583956620864,
           "max_n_entry_orders": 8,
           "min_markup": 0.006888822976222082,
           "n_close_orders": 6,
           "wallet_exposure_limit": 1.0}}