{"config_name": "neat_grid_0days",
 "logging_level": 0,
 "long": {"auto_unstuck_ema_dist": -0.002816719670332497,
          "auto_unstuck_wallet_exposure_threshold": 0.03394375778524409,
          "backwards_tp": true,
          "ema_span_0": 986.629847524621,
          "ema_span_1": 1063.01006906847,
          "enabled": true,
          "eprice_exp_base": 1.0037873167491131,
          "eqty_exp_base": 1.8436657735307167,
          "grid_span": 0.15016082109918832,
          "initial_eprice_ema_dist": -0.08219780714713837,
          "initial_qty_pct": 0.017097401753187944,
          "markup_range": 0.006082259733226139,
          "max_n_entry_orders": 11,
          "min_markup": 0.0016539492976253652,
          "n_close_orders": 9,
          "wallet_exposure_limit": 1},
 "short": {"auto_unstuck_ema_dist": 0.0,
           "auto_unstuck_wallet_exposure_threshold": 0.03,
           "backwards_tp": true,
           "ema_span_0": 502.3043764701391,
           "ema_span_1": 1440,
           "enabled": true,
           "eprice_exp_base": 1.095325749229585,
           "eqty_exp_base": 1.4291321601534053,
           "grid_span": 0.19197094072730592,
           "initial_eprice_ema_dist": -0.003,
           "initial_qty_pct": 0.01,
           "markup_range": 0.00961651567279688,
           "max_n_entry_orders": 9,
           "min_markup": 0.00321272651114281,
           "n_close_orders": 13,
           "wallet_exposure_limit": 1}}