{"config_name": "neat_grid_0days",
 "logging_level": 0,
 "long": {"auto_unstuck_ema_dist": -0.008400956333327476,
          "auto_unstuck_wallet_exposure_threshold": 0.06721278316302091,
          "backwards_tp": true,
          "ema_span_0": 1391.8118434642502,
          "ema_span_1": 740.0950554759954,
          "enabled": true,
          "eprice_exp_base": 1.056932681137217,
          "eqty_exp_base": 2.511589881803835,
          "grid_span": 0.15652360890756417,
          "initial_eprice_ema_dist": 0.0020854717742167864,
          "initial_qty_pct": 0.011401338816592601,
          "markup_range": 0.001067426312636418,
          "max_n_entry_orders": 8,
          "min_markup": 0.008482023323742871,
          "n_close_orders": 9,
          "wallet_exposure_limit": 1.0},
 "short": {"auto_unstuck_ema_dist": 0.0010525832668680938,
           "auto_unstuck_wallet_exposure_threshold": 0.03000438226390893,
           "backwards_tp": true,
           "ema_span_0": 554.905889923967,
           "ema_span_1": 1168.037808325768,
           "enabled": true,
           "eprice_exp_base": 1.127409092971965,
           "eqty_exp_base": 2.4850758256095093,
           "grid_span": 0.13673750488077543,
           "initial_eprice_ema_dist": -0.00044845601386383355,
           "initial_qty_pct": 0.01513257915669321,
           "markup_range": 0.005474260291217106,
           "max_n_entry_orders": 13,
           "min_markup": 0.004545959711903394,
           "n_close_orders": 9,
           "wallet_exposure_limit": 1.0}}