{"config_name": "neat_grid_0days",
 "logging_level": 0,
 "long": {"auto_unstuck_ema_dist": 0.002560011900750188,
          "auto_unstuck_wallet_exposure_threshold": 0.05946696824195823,
          "backwards_tp": true,
          "ema_span_0": 1057.4934110035663,
          "ema_span_1": 1244.4011074143561,
          "enabled": true,
          "eprice_exp_base": 1.0617950793511488,
          "eqty_exp_base": 1.8047722560989563,
          "grid_span": 0.1343227783623753,
          "initial_eprice_ema_dist": 0.00399922563878135,
          "initial_qty_pct": 0.01,
          "markup_range": 0.009166097472564326,
          "max_n_entry_orders": 9,
          "min_markup": 0.002426770802776352,
          "n_close_orders": 10,
          "wallet_exposure_limit": 1.0},
 "short": {"auto_unstuck_ema_dist": 0.002997592218420637,
           "auto_unstuck_wallet_exposure_threshold": 0.035795837957898854,
           "backwards_tp": true,
           "ema_span_0": 971.4100514071746,
           "ema_span_1": 408.9225352704502,
           "enabled": true,
           "eprice_exp_base": 1.0800949139574425,
           "eqty_exp_base": 1.1134869436476176,
           "grid_span": 0.1289779659579438,
           "initial_eprice_ema_dist": 0.003262850505859891,
           "initial_qty_pct": 0.010641429693499928,
           "markup_range": 9.02281454555727e-05,
           "max_n_entry_orders": 7,
           "min_markup": 0.003279134294709148,
           "n_close_orders": 16,
           "wallet_exposure_limit": 1.0}}