{"config_name": "neat_grid_0days",
 "logging_level": 0,
 "long": {"auto_unstuck_ema_dist": -0.002671985125688595,
          "auto_unstuck_wallet_exposure_threshold": 0.0695602747075265,
          "backwards_tp": true,
          "ema_span_0": 41.790840077611634,
          "ema_span_1": 1328.4031080751115,
          "enabled": true,
          "eprice_exp_base": 1.093763696916201,
          "eqty_exp_base": 3.2142164947000387,
          "grid_span": 0.13385446358325123,
          "initial_eprice_ema_dist": -0.037752611930236574,
          "initial_qty_pct": 0.016276474737908133,
          "markup_range": 0.0023523945767949684,
          "max_n_entry_orders": 7,
          "min_markup": 0.00410893648972293,
          "n_close_orders": 4,
          "wallet_exposure_limit": 1.0},
 "short": {"auto_unstuck_ema_dist": -0.015653302552523903,
           "auto_unstuck_wallet_exposure_threshold": 0.03343323792152038,
           "backwards_tp": true,
           "ema_span_0": 1085.240230559043,
           "ema_span_1": 1229.7337054227476,
           "enabled": true,
           "eprice_exp_base": 1.000190910032652,
           "eqty_exp_base": 3.5379859987280797,
           "grid_span": 0.12425107296730079,
           "initial_eprice_ema_dist": -0.09221589426141998,
           "initial_qty_pct": 0.010211189749145567,
           "markup_range": 0.0007731756566418456,
           "max_n_entry_orders": 7,
           "min_markup": 0.001278272075702288,
           "n_close_orders": 15,
           "wallet_exposure_limit": 1.0}}