{"config_name": "neat_grid_0days",
 "logging_level": 0,
 "long": {"auto_unstuck_ema_dist": 0.002986996561145731,
          "auto_unstuck_wallet_exposure_threshold": 0.03928658224134953,
          "backwards_tp": true,
          "ema_span_0": 1280.157654878638,
          "ema_span_1": 1437.07486007222,
          "enabled": true,
          "eprice_exp_base": 1.0001054561443736,
          "eqty_exp_base": 2.6659335278433187,
          "grid_span": 0.15913353311587355,
          "initial_eprice_ema_dist": -0.010192676665238678,
          "initial_qty_pct": 0.011163351391448665,
          "markup_range": 1.854970590555898e-05,
          "max_n_entry_orders": 7,
          "min_markup": 0.012211415584335179,
          "n_close_orders": 4,
          "wallet_exposure_limit": 1.0},
 "short": {"auto_unstuck_ema_dist": -0.08253637054124582,
           "auto_unstuck_wallet_exposure_threshold": 0.07077050748631684,
           "backwards_tp": true,
           "ema_span_0": 163.46687570664227,
           "ema_span_1": 315.60000093954966,
           "enabled": true,
           "eprice_exp_base": 1.0089453242632844,
           "eqty_exp_base": 3.9231983762161162,
           "grid_span": 0.18142646663428916,
           "initial_eprice_ema_dist": 0.0006225055872406157,
           "initial_qty_pct": 0.01001298887426392,
           "markup_range": 0.002487049212551419,
           "max_n_entry_orders": 7,
           "min_markup": 0.001016819661289458,
           "n_close_orders": 12,
           "wallet_exposure_limit": 1.0}}