{"config_name": "neat_grid_0days",
 "logging_level": 0,
 "long": {"auto_unstuck_ema_dist": -0.0005134351258294015,
          "auto_unstuck_wallet_exposure_threshold": 0.03150594702209213,
          "backwards_tp": true,
          "ema_span_0": 881.0808872865201,
          "ema_span_1": 1407.3390105357041,
          "enabled": true,
          "eprice_exp_base": 1.0003738843631182,
          "eqty_exp_base": 1.6895538759739825,
          "grid_span": 0.32527690278223087,
          "initial_eprice_ema_dist": -0.004937873402395247,
          "initial_qty_pct": 0.010536917427908873,
          "markup_range": 0.0005879654961187514,
          "max_n_entry_orders": 11,
          "min_markup": 0.004948912121663558,
          "n_close_orders": 3,
          "wallet_exposure_limit": 1.0},
 "short": {"auto_unstuck_ema_dist": -0.009662191299939595,
           "auto_unstuck_wallet_exposure_threshold": 0.031375042121324956,
           "backwards_tp": true,
           "ema_span_0": 859.6312406716239,
           "ema_span_1": 1376.1688628716877,
           "enabled": true,
           "eprice_exp_base": 1.1593969445872023,
           "eqty_exp_base": 1.5910419992612557,
           "grid_span": 0.2705377734269761,
           "initial_eprice_ema_dist": -0.006271698446970865,
           "initial_qty_pct": 0.010063093208939453,
           "markup_range": 0.006838522064830599,
           "max_n_entry_orders": 11,
           "min_markup": 0.008033057441594422,
           "n_close_orders": 11,
           "wallet_exposure_limit": 1.0}}