{"config_name": "neat_grid_0days",
 "logging_level": 0,
 "long": {"auto_unstuck_ema_dist": 0.001582622217817014,
          "auto_unstuck_wallet_exposure_threshold": 0.07495983950099633,
          "backwards_tp": true,
          "ema_span_0": 879.9418144218843,
          "ema_span_1": 735.3728636562698,
          "enabled": true,
          "eprice_exp_base": 1.001540777191984,
          "eqty_exp_base": 3.326615828394141,
          "grid_span": 0.12843588250257826,
          "initial_eprice_ema_dist": 0.0014217682006791275,
          "initial_qty_pct": 0.017096765188803847,
          "markup_range": 0.007689814153933002,
          "max_n_entry_orders": 8,
          "min_markup": 0.004678438804250225,
          "n_close_orders": 5,
          "wallet_exposure_limit": 1.0},
 "short": {"auto_unstuck_ema_dist": 0.0015885027571715892,
           "auto_unstuck_wallet_exposure_threshold": 0.05466340062523401,
           "backwards_tp": true,
           "ema_span_0": 969.7683126328411,
           "ema_span_1": 455.48994220011093,
           "enabled": true,
           "eprice_exp_base": 1.0625376291151711,
           "eqty_exp_base": 2.5143379206146625,
           "grid_span": 0.104137625872892,
           "initial_eprice_ema_dist": -0.01209813823328828,
           "initial_qty_pct": 0.01734939005874887,
           "markup_range": 0.0006528483844854484,
           "max_n_entry_orders": 14,
           "min_markup": 0.00594209638431216,
           "n_close_orders": 5,
           "wallet_exposure_limit": 1.0}}