{"config_name": "neat_grid_0days",
 "logging_level": 0,
 "long": {"auto_unstuck_ema_dist": 0.0014808245383709623,
          "auto_unstuck_wallet_exposure_threshold": 0.07497926534291162,
          "backwards_tp": true,
          "ema_span_0": 879.8165546216701,
          "ema_span_1": 734.8985393430644,
          "enabled": true,
          "eprice_exp_base": 1.0014613965240338,
          "eqty_exp_base": 3.3261349990400175,
          "grid_span": 0.12842720321707288,
          "initial_eprice_ema_dist": 0.001417694585270916,
          "initial_qty_pct": 0.01716360169274449,
          "markup_range": 0.007684006243775345,
          "max_n_entry_orders": 8,
          "min_markup": 0.004681573976691666,
          "n_close_orders": 5,
          "wallet_exposure_limit": 1.0},
 "short": {"auto_unstuck_ema_dist": 0.0016363021182419948,
           "auto_unstuck_wallet_exposure_threshold": 0.05425231431722443,
           "backwards_tp": true,
           "ema_span_0": 971.6790217862368,
           "ema_span_1": 454.98756666037724,
           "enabled": true,
           "eprice_exp_base": 1.0626264168826047,
           "eqty_exp_base": 2.515228191989686,
           "grid_span": 0.10412120660358525,
           "initial_eprice_ema_dist": -0.012124362015678729,
           "initial_qty_pct": 0.017379179241576885,
           "markup_range": 0.0006494157133287382,
           "max_n_entry_orders": 14,
           "min_markup": 0.006116199356125639,
           "n_close_orders": 5,
           "wallet_exposure_limit": 1.0}}