{"config_name": "neat_grid_0days",
 "logging_level": 0,
 "long": {"auto_unstuck_ema_dist": -0.02975452382518252,
          "auto_unstuck_wallet_exposure_threshold": 0.0657772126184137,
          "backwards_tp": true,
          "ema_span_0": 940.0489930440068,
          "ema_span_1": 1221.3167441557064,
          "enabled": true,
          "eprice_exp_base": 1.0552744561502605,
          "eqty_exp_base": 1.4421976870769382,
          "grid_span": 0.21446435166271927,
          "initial_eprice_ema_dist": -0.0007064552032881958,
          "initial_qty_pct": 0.010067798139600603,
          "markup_range": 0.0039981875599584904,
          "max_n_entry_orders": 12,
          "min_markup": 0.0027082360064434883,
          "n_close_orders": 10,
          "wallet_exposure_limit": 1.0},
 "short": {"auto_unstuck_ema_dist": 0.0014293757103334202,
           "auto_unstuck_wallet_exposure_threshold": 0.07575271904491294,
           "backwards_tp": true,
           "ema_span_0": 127.76747185791535,
           "ema_span_1": 43.472578024987655,
           "enabled": true,
           "eprice_exp_base": 1.0010789180690796,
           "eqty_exp_base": 3.1425579496437996,
           "grid_span": 0.1069073216259207,
           "initial_eprice_ema_dist": 0.0007128606513942099,
           "initial_qty_pct": 0.010000543187822876,
           "markup_range": 0.0002015568447950216,
           "max_n_entry_orders": 9,
           "min_markup": 0.0016562737875730864,
           "n_close_orders": 2,
           "wallet_exposure_limit": 1.0}}