{"config_name": "neat_grid_0days",
 "logging_level": 0,
 "long": {"auto_unstuck_ema_dist": -0.02635230713001192,
          "auto_unstuck_wallet_exposure_threshold": 0.04025954805310583,
          "backwards_tp": true,
          "ema_span_0": 928.8336443095471,
          "ema_span_1": 712.3185038885977,
          "enabled": true,
          "eprice_exp_base": 1,
          "eqty_exp_base": 1.5422034765705743,
          "grid_span": 0.21277846678650605,
          "initial_eprice_ema_dist": -0.025373788085983073,
          "initial_qty_pct": 0.01439270530676329,
          "markup_range": 0.0,
          "max_n_entry_orders": 8,
          "min_markup": 0.0037817144169481638,
          "n_close_orders": 7,
          "wallet_exposure_limit": 1.0},
 "short": {"auto_unstuck_ema_dist": -0.003986383895822982,
           "auto_unstuck_wallet_exposure_threshold": 0.04356900711979102,
           "backwards_tp": true,
           "ema_span_0": 617.1654285728914,
           "ema_span_1": 1186.9105633716792,
           "enabled": true,
           "eprice_exp_base": 1.0542498121073813,
           "eqty_exp_base": 1.0833169068245905,
           "grid_span": 0.19086423882394038,
           "initial_eprice_ema_dist": -0.011784249186259189,
           "initial_qty_pct": 0.01358585766062599,
           "markup_range": 0.005653013385383799,
           "max_n_entry_orders": 17,
           "min_markup": 0.008979905042215845,
           "n_close_orders": 13,
           "wallet_exposure_limit": 1.0}}