{"config_name": "neat_grid_0days",
 "logging_level": 0,
 "long": {"auto_unstuck_ema_dist": 0.0021987206980129278,
          "auto_unstuck_wallet_exposure_threshold": 0.030966843423858362,
          "backwards_tp": true,
          "ema_span_0": 593.7549662827201,
          "ema_span_1": 1097.6302766518568,
          "enabled": true,
          "eprice_exp_base": 1.0000006824330465,
          "eqty_exp_base": 2.297730567637603,
          "grid_span": 0.2652777029684116,
          "initial_eprice_ema_dist": -0.02320466259282226,
          "initial_qty_pct": 0.011139115029936772,
          "markup_range": 0.006794902891177716,
          "max_n_entry_orders": 7,
          "min_markup": 0.0065283410877516,
          "n_close_orders": 14,
          "wallet_exposure_limit": 1.0},
 "short": {"auto_unstuck_ema_dist": 0.00298319514066652,
           "auto_unstuck_wallet_exposure_threshold": 0.05352213685845668,
           "backwards_tp": true,
           "ema_span_0": 980.0451718366978,
           "ema_span_1": 412.9076443887086,
           "enabled": true,
           "eprice_exp_base": 1.0,
           "eqty_exp_base": 1.1580496294438416,
           "grid_span": 0.32704206792994356,
           "initial_eprice_ema_dist": 0.0002951540845702126,
           "initial_qty_pct": 0.01,
           "markup_range": 0.007865864752220553,
           "max_n_entry_orders": 13,
           "min_markup": 0.001113750022100537,
           "n_close_orders": 8,
           "wallet_exposure_limit": 1.0}}