{"config_name": "neat_grid_0days",
 "logging_level": 0,
 "long": {"auto_unstuck_ema_dist": 0.003,
          "auto_unstuck_wallet_exposure_threshold": 0.03061914357034312,
          "backwards_tp": true,
          "ema_span_0": 503.358708645638,
          "ema_span_1": 1105.0670650941004,
          "enabled": true,
          "eprice_exp_base": 1,
          "eqty_exp_base": 2.461640473134684,
          "grid_span": 0.26587009586807897,
          "initial_eprice_ema_dist": -0.023942482720866385,
          "initial_qty_pct": 0.010724222719455893,
          "markup_range": 0.0066561890690198305,
          "max_n_entry_orders": 7,
          "min_markup": 0.006044442762695025,
          "n_close_orders": 15,
          "wallet_exposure_limit": 1.0},
 "short": {"auto_unstuck_ema_dist": 0.00298597789716743,
           "auto_unstuck_wallet_exposure_threshold": 0.03162015134996909,
           "backwards_tp": true,
           "ema_span_0": 1226.636403141217,
           "ema_span_1": 747.8167209548969,
           "enabled": true,
           "eprice_exp_base": 1.0014138806639439,
           "eqty_exp_base": 1.4269541436150142,
           "grid_span": 0.263909017822445,
           "initial_eprice_ema_dist": -0.0019051232549829069,
           "initial_qty_pct": 0.010009953074896903,
           "markup_range": 0.0107940953149397,
           "max_n_entry_orders": 9,
           "min_markup": 0.002062666131862381,
           "n_close_orders": 7,
           "wallet_exposure_limit": 1.0}}