{"config_name": "neat_grid_0days",
 "logging_level": 0,
 "long": {"auto_unstuck_ema_dist": -0.023705819038394332,
          "auto_unstuck_wallet_exposure_threshold": 0.0907314308758534,
          "backwards_tp": true,
          "ema_span_0": 626.042456909336,
          "ema_span_1": 1039.5273749118358,
          "enabled": true,
          "eprice_exp_base": 1.1538676817182727,
          "eqty_exp_base": 1.2107118459617354,
          "grid_span": 0.14941092053350258,
          "initial_eprice_ema_dist": -0.04446589680553307,
          "initial_qty_pct": 0.02497711399194922,
          "markup_range": 0.004433485133182791,
          "max_n_entry_orders": 7,
          "min_markup": 0.0017296170891316681,
          "n_close_orders": 4,
          "wallet_exposure_limit": 1.0},
 "short": {"auto_unstuck_ema_dist": 0.0009831460151877903,
           "auto_unstuck_wallet_exposure_threshold": 0.03552694935433142,
           "backwards_tp": true,
           "ema_span_0": 1398.3981516883507,
           "ema_span_1": 871.8847765446645,
           "enabled": true,
           "eprice_exp_base": 1.5938746222596352,
           "eqty_exp_base": 3.272515283077187,
           "grid_span": 0.11738631220428712,
           "initial_eprice_ema_dist": -0.008776383344532136,
           "initial_qty_pct": 0.051789021494821744,
           "markup_range": 0.0038963785974989846,
           "max_n_entry_orders": 3,
           "min_markup": 0.009479278199653527,
           "n_close_orders": 11,
           "wallet_exposure_limit": 1.0}}