{"config_name": "neat_grid_0days",
 "logging_level": 0,
 "long": {"auto_unstuck_ema_dist": 0.002617871322100365,
          "auto_unstuck_wallet_exposure_threshold": 0.04254101192413327,
          "backwards_tp": true,
          "ema_span_0": 994.4650727635277,
          "ema_span_1": 949.5671022483886,
          "enabled": true,
          "eprice_exp_base": 1.0852434443481513,
          "eqty_exp_base": 1.577241716786651,
          "grid_span": 0.15671808273725601,
          "initial_eprice_ema_dist": -0.0008711747245667724,
          "initial_qty_pct": 0.0114802911547221,
          "markup_range": 0.004200557819192655,
          "max_n_entry_orders": 9,
          "min_markup": 0.0037065811205953185,
          "n_close_orders": 13,
          "wallet_exposure_limit": 1.0},
 "short": {"auto_unstuck_ema_dist": 0.0029875614853554083,
           "auto_unstuck_wallet_exposure_threshold": 0.09375886985279915,
           "backwards_tp": true,
           "ema_span_0": 1393.3247900727765,
           "ema_span_1": 1353.436978025969,
           "enabled": true,
           "eprice_exp_base": 1.0000911930374412,
           "eqty_exp_base": 2.985108524155656,
           "grid_span": 0.29585274713415083,
           "initial_eprice_ema_dist": -0.004275357906764345,
           "initial_qty_pct": 0.01,
           "markup_range": 0.004335790862473301,
           "max_n_entry_orders": 17,
           "min_markup": 0.009816755789323093,
           "n_close_orders": 12,
           "wallet_exposure_limit": 1.0}}