{"config_name": "neat_grid_0days",
 "logging_level": 0,
 "long": {"auto_unstuck_ema_dist": -0.004711408050890618,
          "auto_unstuck_wallet_exposure_threshold": 0.03230961486444734,
          "backwards_tp": true,
          "ema_span_0": 770.2967712952975,
          "ema_span_1": 1129.8033530165362,
          "enabled": true,
          "eprice_exp_base": 1.0526193921659606,
          "eqty_exp_base": 3.8332153824195503,
          "grid_span": 0.1620786748137395,
          "initial_eprice_ema_dist": -0.007030905116336525,
          "initial_qty_pct": 0.014924991054976456,
          "markup_range": 0.007351243698940365,
          "max_n_entry_orders": 7,
          "min_markup": 0.0030885887319918657,
          "n_close_orders": 12,
          "wallet_exposure_limit": 1.0},
 "short": {"auto_unstuck_ema_dist": -4.850706118545237e-05,
           "auto_unstuck_wallet_exposure_threshold": 0.06003004676767194,
           "backwards_tp": true,
           "ema_span_0": 1303.1014643494836,
           "ema_span_1": 1026.6059005276925,
           "enabled": true,
           "eprice_exp_base": 1.242437847333677,
           "eqty_exp_base": 1.1770881472283299,
           "grid_span": 0.2963435931388261,
           "initial_eprice_ema_dist": 0.003948665050900509,
           "initial_qty_pct": 0.010027390209404336,
           "markup_range": 0.0011218536000899247,
           "max_n_entry_orders": 7,
           "min_markup": 0.0027504155546482466,
           "n_close_orders": 11,
           "wallet_exposure_limit": 1.0}}