{"config_name": "neat_grid_0days",
 "logging_level": 0,
 "long": {"auto_unstuck_ema_dist": -0.09721722628045179,
          "auto_unstuck_wallet_exposure_threshold": 0.07129837256425968,
          "backwards_tp": true,
          "ema_span_0": 840.4951701225109,
          "ema_span_1": 905.3941736637289,
          "enabled": true,
          "eprice_exp_base": 1.0000007101555293,
          "eqty_exp_base": 1.937644762053313,
          "grid_span": 0.18867063181574825,
          "initial_eprice_ema_dist": 0.00014836005269954912,
          "initial_qty_pct": 0.01,
          "markup_range": 0.004441830492097025,
          "max_n_entry_orders": 8,
          "min_markup": 0.004448568454094299,
          "n_close_orders": 2,
          "wallet_exposure_limit": 1.0},
 "short": {"auto_unstuck_ema_dist": -0.07441340815454493,
           "auto_unstuck_wallet_exposure_threshold": 0.04544653121869905,
           "backwards_tp": true,
           "ema_span_0": 973.5109110688294,
           "ema_span_1": 1108.7285096930955,
           "enabled": true,
           "eprice_exp_base": 1.0765883385873412,
           "eqty_exp_base": 1.684205300831219,
           "grid_span": 0.28665899806959155,
           "initial_eprice_ema_dist": -0.00537374590422305,
           "initial_qty_pct": 0.010262193835077284,
           "markup_range": 0.003490210916048991,
           "max_n_entry_orders": 12,
           "min_markup": 0.0016472834897350707,
           "n_close_orders": 15,
           "wallet_exposure_limit": 1.0}}