{"config_name": "neat_grid_0days",
 "logging_level": 0,
 "long": {"auto_unstuck_ema_dist": -0.02179203692308393,
          "auto_unstuck_wallet_exposure_threshold": 0.05342026403148639,
          "backwards_tp": true,
          "ema_span_0": 1257.6379135487846,
          "ema_span_1": 821.6897841372088,
          "enabled": true,
          "eprice_exp_base": 1.2390388490218056,
          "eqty_exp_base": 1.9620326372012473,
          "grid_span": 0.1392739153336872,
          "initial_eprice_ema_dist": -0.004741374619279623,
          "initial_qty_pct": 0.010023138202905268,
          "markup_range": 0.001516616267613712,
          "max_n_entry_orders": 7,
          "min_markup": 0.001093595889397587,
          "n_close_orders": 11,
          "wallet_exposure_limit": 1.0},
 "short": {"auto_unstuck_ema_dist": 0.003,
           "auto_unstuck_wallet_exposure_threshold": 0.042775201484525134,
           "backwards_tp": true,
           "ema_span_0": 1064.8497096560445,
           "ema_span_1": 145.14648085339556,
           "enabled": true,
           "eprice_exp_base": 1.2732130448316819,
           "eqty_exp_base": 1.0898949785830452,
           "grid_span": 0.4075302488685106,
           "initial_eprice_ema_dist": -0.0023625994885500567,
           "initial_qty_pct": 0.01,
           "markup_range": 3.3985935154784523e-06,
           "max_n_entry_orders": 10,
           "min_markup": 0.003325113903594103,
           "n_close_orders": 10,
           "wallet_exposure_limit": 1.0}}