{"config_name": "neat_grid_0days",
 "logging_level": 0,
 "long": {"auto_unstuck_ema_dist": -0.0029038713525947595,
          "auto_unstuck_wallet_exposure_threshold": 0.04649610136366374,
          "backwards_tp": true,
          "ema_span_0": 500.4740928598916,
          "ema_span_1": 1133.156816300689,
          "enabled": true,
          "eprice_exp_base": 1.0000049702190594,
          "eqty_exp_base": 1.0040258342165447,
          "grid_span": 0.2241890970828627,
          "initial_eprice_ema_dist": -0.018279194446067952,
          "initial_qty_pct": 0.012763753520360082,
          "markup_range": 3.819468244948077e-05,
          "max_n_entry_orders": 8,
          "min_markup": 0.00797785889188825,
          "n_close_orders": 9,
          "wallet_exposure_limit": 1.0},
 "short": {"auto_unstuck_ema_dist": 0.0010020728129259203,
           "auto_unstuck_wallet_exposure_threshold": 0.06132271078673152,
           "backwards_tp": true,
           "ema_span_0": 1212.0795056521388,
           "ema_span_1": 1398.9730781195674,
           "enabled": true,
           "eprice_exp_base": 1.098063556827551,
           "eqty_exp_base": 2.0812550085801504,
           "grid_span": 0.15296228575330403,
           "initial_eprice_ema_dist": -0.09918624509610047,
           "initial_qty_pct": 0.010762644238716973,
           "markup_range": 0.0048505389328274825,
           "max_n_entry_orders": 17,
           "min_markup": 0.009835034611658015,
           "n_close_orders": 6,
           "wallet_exposure_limit": 1.0}}