{"config_name": "neat_grid_0days",
 "logging_level": 0,
 "long": {"auto_unstuck_ema_dist": -0.014446133394400077,
          "auto_unstuck_wallet_exposure_threshold": 0.03964889497002259,
          "backwards_tp": true,
          "ema_span_0": 1063.3545801759176,
          "ema_span_1": 662.6024961231268,
          "enabled": true,
          "eprice_exp_base": 1.2482951525375985,
          "eqty_exp_base": 2.0949301707198926,
          "grid_span": 0.2608601809416307,
          "initial_eprice_ema_dist": -0.0008060463136079427,
          "initial_qty_pct": 0.0114618306564795,
          "markup_range": 0.002011464637279925,
          "max_n_entry_orders": 7,
          "min_markup": 0.0033504584918653316,
          "n_close_orders": 12,
          "wallet_exposure_limit": 1.0},
 "short": {"auto_unstuck_ema_dist": -0.008812355506743067,
           "auto_unstuck_wallet_exposure_threshold": 0.06229609312889783,
           "backwards_tp": true,
           "ema_span_0": 175.1075191467968,
           "ema_span_1": 1327.4663987199465,
           "enabled": true,
           "eprice_exp_base": 1.0510861917975913,
           "eqty_exp_base": 1.1268974774790177,
           "grid_span": 0.5335949834700909,
           "initial_eprice_ema_dist": 0.0017576384706923527,
           "initial_qty_pct": 0.010002863109400538,
           "markup_range": 0.0038641190407963876,
           "max_n_entry_orders": 19,
           "min_markup": 0.001146556825476109,
           "n_close_orders": 8,
           "wallet_exposure_limit": 1.0}}