{"config_name": "neat_grid_0days",
 "logging_level": 0,
 "long": {"auto_unstuck_ema_dist": -0.031112593724576375,
          "auto_unstuck_wallet_exposure_threshold": 0.068583241723368,
          "backwards_tp": true,
          "ema_span_0": 102.0309265439657,
          "ema_span_1": 1411.7351611964434,
          "enabled": true,
          "eprice_exp_base": 3.1298481724553846,
          "eqty_exp_base": 1.7302093758139403,
          "grid_span": 0.31185914866393205,
          "initial_eprice_ema_dist": 0.004,
          "initial_qty_pct": 0.07091515557539753,
          "markup_range": 0.0,
          "max_n_entry_orders": 21,
          "min_markup": 0.001,
          "n_close_orders": 10,
          "wallet_exposure_limit": 1.0},
 "short": {"auto_unstuck_ema_dist": -0.016705615891697355,
           "auto_unstuck_wallet_exposure_threshold": 0.04364466772321614,
           "backwards_tp": true,
           "ema_span_0": 520.4420933691591,
           "ema_span_1": 35.82413543717341,
           "enabled": true,
           "eprice_exp_base": 1.0157999646232,
           "eqty_exp_base": 1.45405695224946,
           "grid_span": 0.368168634560294,
           "initial_eprice_ema_dist": 0.0008318489257552767,
           "initial_qty_pct": 0.017357658909873702,
           "markup_range": 0.002198185331238973,
           "max_n_entry_orders": 20,
           "min_markup": 0.0038721543209269283,
           "n_close_orders": 7,
           "wallet_exposure_limit": 1.0}}