{"config_name": "neat_grid_0days",
 "logging_level": 0,
 "long": {"auto_unstuck_ema_dist": -0.0007711982133416326,
          "auto_unstuck_wallet_exposure_threshold": 0.054116969978804504,
          "backwards_tp": true,
          "ema_span_0": 487.8995699455782,
          "ema_span_1": 1150.3974039025582,
          "enabled": true,
          "eprice_exp_base": 1.0,
          "eqty_exp_base": 1.081374347079445,
          "grid_span": 0.3585631964460963,
          "initial_eprice_ema_dist": 0.0011959219461088488,
          "initial_qty_pct": 0.01397453033578753,
          "markup_range": 0.0028150031833407627,
          "max_n_entry_orders": 8,
          "min_markup": 0.005230562762685726,
          "n_close_orders": 4,
          "wallet_exposure_limit": 1.0},
 "short": {"auto_unstuck_ema_dist": 0.002702475739698638,
           "auto_unstuck_wallet_exposure_threshold": 0.0718090771120503,
           "backwards_tp": true,
           "ema_span_0": 854.7653784695426,
           "ema_span_1": 1434.2924687855395,
           "enabled": true,
           "eprice_exp_base": 1.0000188003615154,
           "eqty_exp_base": 1.0634967872429033,
           "grid_span": 0.41745315783996667,
           "initial_eprice_ema_dist": -0.011161973099922519,
           "initial_qty_pct": 0.011442705035800032,
           "markup_range": 0.0030035765329848333,
           "max_n_entry_orders": 14,
           "min_markup": 0.0031023225850579923,
           "n_close_orders": 9,
           "wallet_exposure_limit": 1.0}}