{"config_name": "neat_grid_0days",
 "logging_level": 0,
 "long": {"auto_unstuck_ema_dist": -0.0070424688028634065,
          "auto_unstuck_wallet_exposure_threshold": 0.08503594216001466,
          "backwards_tp": true,
          "ema_span_0": 1066.9770238157598,
          "ema_span_1": 483.25309276967,
          "enabled": true,
          "eprice_exp_base": 1.113657904762012,
          "eqty_exp_base": 1.224642480416782,
          "grid_span": 0.3660883711630715,
          "initial_eprice_ema_dist": 0.00042831549931158537,
          "initial_qty_pct": 0.011161325306559345,
          "markup_range": 0.003621006258355582,
          "max_n_entry_orders": 7,
          "min_markup": 0.005026895059729148,
          "n_close_orders": 3,
          "wallet_exposure_limit": 1.0},
 "short": {"auto_unstuck_ema_dist": 0.0022639973783446276,
           "auto_unstuck_wallet_exposure_threshold": 0.0708836606429962,
           "backwards_tp": true,
           "ema_span_0": 926.7312844190656,
           "ema_span_1": 1433.1583984701076,
           "enabled": true,
           "eprice_exp_base": 1.0003092109959728,
           "eqty_exp_base": 1.0888486530269599,
           "grid_span": 0.4079810966285448,
           "initial_eprice_ema_dist": -0.007228993726936167,
           "initial_qty_pct": 0.01101646186165414,
           "markup_range": 0.004304479911839785,
           "max_n_entry_orders": 14,
           "min_markup": 0.0020913856995068017,
           "n_close_orders": 9,
           "wallet_exposure_limit": 1.0}}