{"config_name": "neat_grid_0days",
 "logging_level": 0,
 "long": {"auto_unstuck_ema_dist": -0.008206455340702279,
          "auto_unstuck_wallet_exposure_threshold": 0.05433970927266746,
          "backwards_tp": true,
          "ema_span_0": 546.2615711377728,
          "ema_span_1": 1328.5853415175568,
          "enabled": true,
          "eprice_exp_base": 1.0,
          "eqty_exp_base": 3.668663210575977,
          "grid_span": 0.1575228278560263,
          "initial_eprice_ema_dist": 0.002,
          "initial_qty_pct": 0.015837023844478777,
          "markup_range": 0.006067618063953508,
          "max_n_entry_orders": 7,
          "min_markup": 0.006729629448384104,
          "n_close_orders": 8,
          "wallet_exposure_limit": 1.0},
 "short": {"auto_unstuck_ema_dist": 0.001653028788912124,
           "auto_unstuck_wallet_exposure_threshold": 0.03285587610780574,
           "backwards_tp": true,
           "ema_span_0": 1399.0045782292907,
           "ema_span_1": 360.77210602893336,
           "enabled": true,
           "eprice_exp_base": 1.064702424544192,
           "eqty_exp_base": 3.07643759058024,
           "grid_span": 0.11828759690617494,
           "initial_eprice_ema_dist": 0.001996244371400506,
           "initial_qty_pct": 0.011087249705777713,
           "markup_range": 0.002154163097637278,
           "max_n_entry_orders": 7,
           "min_markup": 0.00459908958121902,
           "n_close_orders": 3,
           "wallet_exposure_limit": 1.0}}