{"config_name": "neat_grid_0days",
 "logging_level": 0,
 "long": {"auto_unstuck_ema_dist": -7.099275818471152e-05,
          "auto_unstuck_wallet_exposure_threshold": 0.05141726040777917,
          "backwards_tp": true,
          "ema_span_0": 321.64303764679227,
          "ema_span_1": 1274.8368039302359,
          "enabled": true,
          "eprice_exp_base": 1.0028132569327561,
          "eqty_exp_base": 2.6924327271314206,
          "grid_span": 0.2207534284596673,
          "initial_eprice_ema_dist": 0.0011703050911666905,
          "initial_qty_pct": 0.013100975272277583,
          "markup_range": 0.007134876677860472,
          "max_n_entry_orders": 8,
          "min_markup": 0.007509394822742702,
          "n_close_orders": 5,
          "wallet_exposure_limit": 1.0},
 "short": {"auto_unstuck_ema_dist": 0.0029932450015784976,
           "auto_unstuck_wallet_exposure_threshold": 0.03150400700275236,
           "backwards_tp": true,
           "ema_span_0": 1401.871281150793,
           "ema_span_1": 493.87635792220243,
           "enabled": true,
           "eprice_exp_base": 1.1196495693319257,
           "eqty_exp_base": 1.8232291183950031,
           "grid_span": 0.38281562961109356,
           "initial_eprice_ema_dist": 0.002409908601647424,
           "initial_qty_pct": 0.010000232872333334,
           "markup_range": 0.007934790197904426,
           "max_n_entry_orders": 11,
           "min_markup": 0.004268042311802021,
           "n_close_orders": 4,
           "wallet_exposure_limit": 1.0}}