{"config_name": "neat_grid_0days",
 "logging_level": 0,
 "long": {"auto_unstuck_ema_dist": -0.0009899680074621476,
          "auto_unstuck_wallet_exposure_threshold": 0.06041842156863375,
          "backwards_tp": true,
          "ema_span_0": 882.3808667617163,
          "ema_span_1": 1176.396049655014,
          "enabled": true,
          "eprice_exp_base": 1.0650557094784836,
          "eqty_exp_base": 2.8246519638291527,
          "grid_span": 0.1277199577641417,
          "initial_eprice_ema_dist": -0.04119289911038139,
          "initial_qty_pct": 0.010000004511153696,
          "markup_range": 0.009164868832792463,
          "max_n_entry_orders": 11,
          "min_markup": 0.0027986725871534555,
          "n_close_orders": 2,
          "wallet_exposure_limit": 1.0},
 "short": {"auto_unstuck_ema_dist": 0.0029149995276433567,
           "auto_unstuck_wallet_exposure_threshold": 0.09089908656358812,
           "backwards_tp": true,
           "ema_span_0": 1078.0867890953518,
           "ema_span_1": 1407.4992303191475,
           "enabled": true,
           "eprice_exp_base": 1.0721546646359257,
           "eqty_exp_base": 1.3972479223744816,
           "grid_span": 0.23409254944136243,
           "initial_eprice_ema_dist": 0.0002388651704828981,
           "initial_qty_pct": 0.012004821584132241,
           "markup_range": 0.005484626155385233,
           "max_n_entry_orders": 13,
           "min_markup": 0.005060611100945822,
           "n_close_orders": 5,
           "wallet_exposure_limit": 1.0}}