{"config_name": "neat_grid_0days",
 "logging_level": 0,
 "long": {"auto_unstuck_ema_dist": 0.002909557936974843,
          "auto_unstuck_wallet_exposure_threshold": 0.03409977670421179,
          "backwards_tp": true,
          "ema_span_0": 934.6796100321588,
          "ema_span_1": 1403.5681894003785,
          "enabled": true,
          "eprice_exp_base": 1.1826356508209597,
          "eqty_exp_base": 2.1128320592891487,
          "grid_span": 0.2026150712644746,
          "initial_eprice_ema_dist": -0.012650034394552383,
          "initial_qty_pct": 0.011243528536080264,
          "markup_range": 0.0033427232690637185,
          "max_n_entry_orders": 10,
          "min_markup": 0.0021159532334375985,
          "n_close_orders": 11,
          "wallet_exposure_limit": 1.0},
 "short": {"auto_unstuck_ema_dist": -0.0007558066948781634,
           "auto_unstuck_wallet_exposure_threshold": 0.03317602032422267,
           "backwards_tp": true,
           "ema_span_0": 1193.2577371233479,
           "ema_span_1": 1305.6975318886002,
           "enabled": true,
           "eprice_exp_base": 1.1122322077657392,
           "eqty_exp_base": 1.173068865005624,
           "grid_span": 0.6488579776953487,
           "initial_eprice_ema_dist": 0.004,
           "initial_qty_pct": 0.015199548839256756,
           "markup_range": 0.007286799467950869,
           "max_n_entry_orders": 14,
           "min_markup": 0.004919538116249562,
           "n_close_orders": 13,
           "wallet_exposure_limit": 1.0}}