{"config_name": "neat_grid_0days",
 "logging_level": 0,
 "long": {"auto_unstuck_ema_dist": -0.002743546298949981,
          "auto_unstuck_wallet_exposure_threshold": 0.03472437790173406,
          "backwards_tp": true,
          "ema_span_0": 795.9450799902766,
          "ema_span_1": 981.5466466454714,
          "enabled": true,
          "eprice_exp_base": 1.147620173768483,
          "eqty_exp_base": 1.5318847923214791,
          "grid_span": 0.14006370647841396,
          "initial_eprice_ema_dist": -0.014846154137939317,
          "initial_qty_pct": 0.010011424285583896,
          "markup_range": 9.904189656539971e-08,
          "max_n_entry_orders": 7,
          "min_markup": 0.006361186729703006,
          "n_close_orders": 15,
          "wallet_exposure_limit": 1.0},
 "short": {"auto_unstuck_ema_dist": 0.0010449170128566318,
           "auto_unstuck_wallet_exposure_threshold": 0.06598126061697704,
           "backwards_tp": true,
           "ema_span_0": 679.9805389100038,
           "ema_span_1": 1061.4836993910758,
           "enabled": true,
           "eprice_exp_base": 1.2096658561700906,
           "eqty_exp_base": 1.386582470968378,
           "grid_span": 0.664948765509795,
           "initial_eprice_ema_dist": -0.0010012861869464734,
           "initial_qty_pct": 0.011065966971430672,
           "markup_range": 0.0012165849826380447,
           "max_n_entry_orders": 10,
           "min_markup": 0.0026495765404257496,
           "n_close_orders": 16,
           "wallet_exposure_limit": 1.0}}