{"config_name": "neat_grid_0days",
 "logging_level": 0,
 "long": {"auto_unstuck_ema_dist": -0.0027471824256465843,
          "auto_unstuck_wallet_exposure_threshold": 0.03470089742402876,
          "backwards_tp": true,
          "ema_span_0": 795.8221739495557,
          "ema_span_1": 981.4094653371451,
          "enabled": true,
          "eprice_exp_base": 1.147724285700863,
          "eqty_exp_base": 1.537395170959118,
          "grid_span": 0.14007104496400244,
          "initial_eprice_ema_dist": -0.015608526283617839,
          "initial_qty_pct": 0.01001485850757886,
          "markup_range": 1.264954132349907e-07,
          "max_n_entry_orders": 7,
          "min_markup": 0.006348878526614941,
          "n_close_orders": 15,
          "wallet_exposure_limit": 1.0},
 "short": {"auto_unstuck_ema_dist": 0.002698479519688356,
           "auto_unstuck_wallet_exposure_threshold": 0.06487485331303945,
           "backwards_tp": true,
           "ema_span_0": 629.509665116357,
           "ema_span_1": 1051.534786507815,
           "enabled": true,
           "eprice_exp_base": 1.151105178126482,
           "eqty_exp_base": 1.3423815798379655,
           "grid_span": 0.6472455314900154,
           "initial_eprice_ema_dist": 0.0017009715732030056,
           "initial_qty_pct": 0.012134669047806246,
           "markup_range": 0.000878684051943286,
           "max_n_entry_orders": 11,
           "min_markup": 0.0026411992118468377,
           "n_close_orders": 16,
           "wallet_exposure_limit": 1.0}}