{"config_name": "neat_grid_0days",
 "logging_level": 0,
 "long": {"auto_unstuck_ema_dist": 0.0029186918603372612,
          "auto_unstuck_wallet_exposure_threshold": 0.03348998059737663,
          "backwards_tp": true,
          "ema_span_0": 1235.9832043283325,
          "ema_span_1": 332.8706674726504,
          "enabled": true,
          "eprice_exp_base": 1.014981222756944,
          "eqty_exp_base": 2.050891711631801,
          "grid_span": 0.1707837663991782,
          "initial_eprice_ema_dist": -0.0030005272216776734,
          "initial_qty_pct": 0.01,
          "markup_range": 0.003977408156304306,
          "max_n_entry_orders": 8,
          "min_markup": 0.0054115710183687705,
          "n_close_orders": 4,
          "wallet_exposure_limit": 1.0},
 "short": {"auto_unstuck_ema_dist": -0.0670638934740733,
           "auto_unstuck_wallet_exposure_threshold": 0.051584234859311476,
           "backwards_tp": true,
           "ema_span_0": 42.99003177524175,
           "ema_span_1": 1375.56863115906,
           "enabled": true,
           "eprice_exp_base": 1.0,
           "eqty_exp_base": 2.1807593514136916,
           "grid_span": 0.7,
           "initial_eprice_ema_dist": -0.002646875309783971,
           "initial_qty_pct": 0.01,
           "markup_range": 0.0,
           "max_n_entry_orders": 20,
           "min_markup": 0.001033121835473107,
           "n_close_orders": 12,
           "wallet_exposure_limit": 1.0}}