{"config_name": "neat_grid_0days",
 "logging_level": 0,
 "long": {"auto_unstuck_ema_dist": 0.0029513185522510362,
          "auto_unstuck_wallet_exposure_threshold": 0.05160957055932655,
          "backwards_tp": true,
          "ema_span_0": 1144.3782533164638,
          "ema_span_1": 337.68966224053895,
          "enabled": true,
          "eprice_exp_base": 1.0000002249240798,
          "eqty_exp_base": 1.141560017307635,
          "grid_span": 0.23420995530169852,
          "initial_eprice_ema_dist": 0.000319239648247771,
          "initial_qty_pct": 0.01013266935546798,
          "markup_range": 0.0010434942040526227,
          "max_n_entry_orders": 7,
          "min_markup": 0.0068854342700809335,
          "n_close_orders": 14,
          "wallet_exposure_limit": 1.0},
 "short": {"auto_unstuck_ema_dist": 0.003,
           "auto_unstuck_wallet_exposure_threshold": 0.05236946216478139,
           "backwards_tp": true,
           "ema_span_0": 514.7165166409607,
           "ema_span_1": 239.0311194567834,
           "enabled": true,
           "eprice_exp_base": 1.0145806830336894,
           "eqty_exp_base": 3.6430355943505695,
           "grid_span": 0.1635936004727763,
           "initial_eprice_ema_dist": 0.00044942588980541385,
           "initial_qty_pct": 0.010015349025505558,
           "markup_range": 0.005570586813679433,
           "max_n_entry_orders": 14,
           "min_markup": 0.006440226126139456,
           "n_close_orders": 12,
           "wallet_exposure_limit": 1.0}}