{"config_name": "neat_grid_0days",
 "logging_level": 0,
 "long": {"auto_unstuck_ema_dist": -0.003047027821279302,
          "auto_unstuck_wallet_exposure_threshold": 0.04058062172831265,
          "backwards_tp": true,
          "ema_span_0": 1440,
          "ema_span_1": 1250.7295322854256,
          "enabled": true,
          "eprice_exp_base": 1.0816788489154947,
          "eqty_exp_base": 1.66907102665279,
          "grid_span": 0.1998230423588504,
          "initial_eprice_ema_dist": 0.0017259488728684166,
          "initial_qty_pct": 0.01390084024263691,
          "markup_range": 0.005695126278314198,
          "max_n_entry_orders": 7,
          "min_markup": 0.006700838886407311,
          "n_close_orders": 8,
          "wallet_exposure_limit": 1.0},
 "short": {"auto_unstuck_ema_dist": 0.002997204062712897,
           "auto_unstuck_wallet_exposure_threshold": 0.06493384004086304,
           "backwards_tp": true,
           "ema_span_0": 1438.8016486956933,
           "ema_span_1": 299.291573732022,
           "enabled": true,
           "eprice_exp_base": 1.1775543307798473,
           "eqty_exp_base": 2.313675568752687,
           "grid_span": 0.1941037361880131,
           "initial_eprice_ema_dist": 0.0034698341301328097,
           "initial_qty_pct": 0.01640775200615826,
           "markup_range": 0.005691876542808009,
           "max_n_entry_orders": 9,
           "min_markup": 0.004539666761951623,
           "n_close_orders": 16,
           "wallet_exposure_limit": 1.0}}