{"config_name": "neat_grid_0days",
 "logging_level": 0,
 "long": {"auto_unstuck_ema_dist": 0.001,
          "auto_unstuck_wallet_exposure_threshold": 0.05506633359837142,
          "backwards_tp": true,
          "ema_span_0": 901.1154251198736,
          "ema_span_1": 372.0626375916491,
          "enabled": true,
          "eprice_exp_base": 1.344568589670921,
          "eqty_exp_base": 2.772890698184562,
          "grid_span": 0.15071940680291376,
          "initial_eprice_ema_dist": -0.023124418911840507,
          "initial_qty_pct": 0.01,
          "markup_range": 0.0,
          "max_n_entry_orders": 7,
          "min_markup": 0.009370044758469923,
          "n_close_orders": 11,
          "wallet_exposure_limit": 1.0},
 "short": {"auto_unstuck_ema_dist": -0.07464182133569482,
           "auto_unstuck_wallet_exposure_threshold": 0.07961035516507899,
           "backwards_tp": true,
           "ema_span_0": 10,
           "ema_span_1": 958.3097443478306,
           "enabled": true,
           "eprice_exp_base": 1.0389961940391352,
           "eqty_exp_base": 1.4872328713661176,
           "grid_span": 0.13911841699146607,
           "initial_eprice_ema_dist": -0.0013131448058594443,
           "initial_qty_pct": 0.010003565021659923,
           "markup_range": 0.0013421928562939727,
           "max_n_entry_orders": 3,
           "min_markup": 0.0010355556813077128,
           "n_close_orders": 5,
           "wallet_exposure_limit": 1.0}}