{"config_name": "neat_grid_0days",
 "logging_level": 0,
 "long": {"auto_unstuck_ema_dist": 0.001,
          "auto_unstuck_wallet_exposure_threshold": 0.03864321792221246,
          "backwards_tp": true,
          "ema_span_0": 1246.1270416483953,
          "ema_span_1": 11.610015107283678,
          "enabled": true,
          "eprice_exp_base": 2.8711177319842967,
          "eqty_exp_base": 1,
          "grid_span": 0.1009336859044912,
          "initial_eprice_ema_dist": 0.001,
          "initial_qty_pct": 0.09984894999975502,
          "markup_range": 0.0,
          "max_n_entry_orders": 4,
          "min_markup": 0.003992935849832847,
          "n_close_orders": 14,
          "wallet_exposure_limit": 1.0},
 "short": {"auto_unstuck_ema_dist": -8.771361818918545e-05,
           "auto_unstuck_wallet_exposure_threshold": 0.03403047962963517,
           "backwards_tp": true,
           "ema_span_0": 1375.7121764682256,
           "ema_span_1": 96.31485204026949,
           "enabled": true,
           "eprice_exp_base": 2.1685747454395643,
           "eqty_exp_base": 1.1981569209411753,
           "grid_span": 0.1,
           "initial_eprice_ema_dist": -0.025546219691528125,
           "initial_qty_pct": 0.013566148794346856,
           "markup_range": 0.0030431151093870054,
           "max_n_entry_orders": 5,
           "min_markup": 0.0013647702875602423,
           "n_close_orders": 2,
           "wallet_exposure_limit": 1.0}}