{"config_name": "neat_grid_0days",
 "logging_level": 0,
 "long": {"auto_unstuck_ema_dist": -0.00292094877763819,
          "auto_unstuck_wallet_exposure_threshold": 0.06917543106799015,
          "backwards_tp": true,
          "ema_span_0": 1144.256992577618,
          "ema_span_1": 611.7837171742834,
          "enabled": true,
          "eprice_exp_base": 1.0036035619182335,
          "eqty_exp_base": 1.3764801669902067,
          "grid_span": 0.22042901901011483,
          "initial_eprice_ema_dist": 0.004,
          "initial_qty_pct": 0.011806135017934889,
          "markup_range": 0.006833562642488614,
          "max_n_entry_orders": 16,
          "min_markup": 0.001513699084265449,
          "n_close_orders": 14,
          "wallet_exposure_limit": 1.0},
 "short": {"auto_unstuck_ema_dist": 0.0029753523077714317,
           "auto_unstuck_wallet_exposure_threshold": 0.058833306684994514,
           "backwards_tp": true,
           "ema_span_0": 1103.0314088307991,
           "ema_span_1": 96.48971714955363,
           "enabled": true,
           "eprice_exp_base": 1.047681820811632,
           "eqty_exp_base": 1.98123265138428,
           "grid_span": 0.11002575305579344,
           "initial_eprice_ema_dist": -0.0014906530340155033,
           "initial_qty_pct": 0.012898497901014909,
           "markup_range": 0.003468703911562477,
           "max_n_entry_orders": 7,
           "min_markup": 0.0022493142784858256,
           "n_close_orders": 13,
           "wallet_exposure_limit": 1.0}}