{"config_name": "neat_grid_0days",
 "logging_level": 0,
 "long": {"auto_unstuck_ema_dist": 0.0023422636723516754,
          "auto_unstuck_wallet_exposure_threshold": 0.03545841580816009,
          "backwards_tp": true,
          "ema_span_0": 1237.883092097693,
          "ema_span_1": 1369.8733576278635,
          "enabled": true,
          "eprice_exp_base": 1.0025958703220301,
          "eqty_exp_base": 2.0203446772005504,
          "grid_span": 0.16041884947420887,
          "initial_eprice_ema_dist": -0.01000949198258264,
          "initial_qty_pct": 0.010089772784477412,
          "markup_range": 0.0020608822582376955,
          "max_n_entry_orders": 8,
          "min_markup": 0.0015791772440713022,
          "n_close_orders": 12,
          "wallet_exposure_limit": 1.0},
 "short": {"auto_unstuck_ema_dist": 0.0026509814266735365,
           "auto_unstuck_wallet_exposure_threshold": 0.04000687064313448,
           "backwards_tp": true,
           "ema_span_0": 943.2440437334574,
           "ema_span_1": 1235.1103297589993,
           "enabled": true,
           "eprice_exp_base": 1.0,
           "eqty_exp_base": 1.2568118908152197,
           "grid_span": 0.36652034408255746,
           "initial_eprice_ema_dist": -0.006144654280356018,
           "initial_qty_pct": 0.010000001759686909,
           "markup_range": 0.007916716935322534,
           "max_n_entry_orders": 14,
           "min_markup": 0.01630894307893224,
           "n_close_orders": 9,
           "wallet_exposure_limit": 1.0}}