{"config_name": "neat_grid_0days",
 "logging_level": 0,
 "long": {"auto_unstuck_ema_dist": 0.0029699481687152744,
          "auto_unstuck_wallet_exposure_threshold": 0.03868008538034913,
          "backwards_tp": true,
          "ema_span_0": 1206.3720988455796,
          "ema_span_1": 1314.1850313497216,
          "enabled": true,
          "eprice_exp_base": 1.0203303084403539,
          "eqty_exp_base": 1.37264645605365,
          "grid_span": 0.1516510168216906,
          "initial_eprice_ema_dist": -0.00024362138141537692,
          "initial_qty_pct": 0.010238566666961586,
          "markup_range": 0.0054224055610052595,
          "max_n_entry_orders": 11,
          "min_markup": 0.0022370566977868954,
          "n_close_orders": 11,
          "wallet_exposure_limit": 1.0},
 "short": {"auto_unstuck_ema_dist": -0.02243185260956184,
           "auto_unstuck_wallet_exposure_threshold": 0.038447466746219544,
           "backwards_tp": true,
           "ema_span_0": 1174.1523570746833,
           "ema_span_1": 1213.2940459193533,
           "enabled": true,
           "eprice_exp_base": 1.050172077824898,
           "eqty_exp_base": 2.021733210487174,
           "grid_span": 0.20098809895150993,
           "initial_eprice_ema_dist": -0.002154758164801754,
           "initial_qty_pct": 0.010576216731752207,
           "markup_range": 0.003674989366782185,
           "max_n_entry_orders": 9,
           "min_markup": 0.0028598989400939264,
           "n_close_orders": 15,
           "wallet_exposure_limit": 1.0}}