{"config_name": "neat_grid_0days",
 "logging_level": 0,
 "long": {"auto_unstuck_ema_dist": 0.002894686546194755,
          "auto_unstuck_wallet_exposure_threshold": 0.051139128661536845,
          "backwards_tp": true,
          "ema_span_0": 1164.7880095534745,
          "ema_span_1": 1116.8079155567993,
          "enabled": true,
          "eprice_exp_base": 1.070950504151468,
          "eqty_exp_base": 1.9672186230177482,
          "grid_span": 0.12683935380924852,
          "initial_eprice_ema_dist": -0.008927397865377157,
          "initial_qty_pct": 0.010463878426057716,
          "markup_range": 0.005487996845847494,
          "max_n_entry_orders": 8,
          "min_markup": 0.002902135255086895,
          "n_close_orders": 4,
          "wallet_exposure_limit": 1.0},
 "short": {"auto_unstuck_ema_dist": -0.009313080664015731,
           "auto_unstuck_wallet_exposure_threshold": 0.04655250528225857,
           "backwards_tp": true,
           "ema_span_0": 816.0685422966174,
           "ema_span_1": 1325.8208043011077,
           "enabled": true,
           "eprice_exp_base": 1.0,
           "eqty_exp_base": 3.483764131204747,
           "grid_span": 0.23078930971113654,
           "initial_eprice_ema_dist": -0.01205233707868882,
           "initial_qty_pct": 0.01810802693167306,
           "markup_range": 0.0094040786273904,
           "max_n_entry_orders": 17,
           "min_markup": 0.005326842731529354,
           "n_close_orders": 10,
           "wallet_exposure_limit": 1.0}}