{"config_name": "neat_grid_0days",
 "logging_level": 0,
 "long": {"auto_unstuck_ema_dist": -0.016078322589789362,
          "auto_unstuck_wallet_exposure_threshold": 0.03523993231633196,
          "backwards_tp": true,
          "ema_span_0": 1017.7920140426234,
          "ema_span_1": 722.8051371074663,
          "enabled": true,
          "eprice_exp_base": 1.0413968184328006,
          "eqty_exp_base": 1.5303916015469716,
          "grid_span": 0.16058353805496373,
          "initial_eprice_ema_dist": -0.06313129734901948,
          "initial_qty_pct": 0.015612364302771964,
          "markup_range": 0.0070877729857427695,
          "max_n_entry_orders": 8,
          "min_markup": 0.0039737986957973466,
          "n_close_orders": 8,
          "wallet_exposure_limit": 1.0},
 "short": {"auto_unstuck_ema_dist": -0.03405429436246039,
           "auto_unstuck_wallet_exposure_threshold": 0.06407799971932224,
           "backwards_tp": true,
           "ema_span_0": 623.3669313499223,
           "ema_span_1": 1093.7233731204306,
           "enabled": true,
           "eprice_exp_base": 1.0402414951331778,
           "eqty_exp_base": 2.1263261837148155,
           "grid_span": 0.33472828531568594,
           "initial_eprice_ema_dist": -0.0005322722352411961,
           "initial_qty_pct": 0.010480912749121878,
           "markup_range": 0.006633979364085601,
           "max_n_entry_orders": 9,
           "min_markup": 0.0032356203159339676,
           "n_close_orders": 11,
           "wallet_exposure_limit": 1.0}}