{"config_name": "neat_grid_0days",
 "logging_level": 0,
 "long": {"auto_unstuck_ema_dist": -0.01864147341934094,
          "auto_unstuck_wallet_exposure_threshold": 0.03039750560106778,
          "backwards_tp": true,
          "ema_span_0": 796.3327235205381,
          "ema_span_1": 304.38009372700384,
          "enabled": true,
          "eprice_exp_base": 1.099724187304201,
          "eqty_exp_base": 1.001252344486559,
          "grid_span": 0.13873863712848264,
          "initial_eprice_ema_dist": -0.041301901115381574,
          "initial_qty_pct": 0.021656960112641708,
          "markup_range": 0.002941858422348112,
          "max_n_entry_orders": 18,
          "min_markup": 0.0022310007476489817,
          "n_close_orders": 2,
          "wallet_exposure_limit": 1.0},
 "short": {"auto_unstuck_ema_dist": -0.07786232396157218,
           "auto_unstuck_wallet_exposure_threshold": 0.07203274311242604,
           "backwards_tp": true,
           "ema_span_0": 1359.3720806061126,
           "ema_span_1": 172.82003172303516,
           "enabled": true,
           "eprice_exp_base": 1.195720678957737,
           "eqty_exp_base": 1.6178523786936934,
           "grid_span": 0.46960156726428487,
           "initial_eprice_ema_dist": -0.002580729291407357,
           "initial_qty_pct": 0.09988532301388509,
           "markup_range": 0.0036652868327255077,
           "max_n_entry_orders": 12,
           "min_markup": 0.005035093207534973,
           "n_close_orders": 7,
           "wallet_exposure_limit": 1.0}}