{"config_name": "neat_grid_0days",
 "logging_level": 0,
 "long": {"auto_unstuck_ema_dist": -0.02643186086465709,
          "auto_unstuck_wallet_exposure_threshold": 0.0878953567119656,
          "backwards_tp": true,
          "ema_span_0": 168.56305275008134,
          "ema_span_1": 574.7005251118126,
          "enabled": true,
          "eprice_exp_base": 1.1759371180211564,
          "eqty_exp_base": 1,
          "grid_span": 0.2479226087979256,
          "initial_eprice_ema_dist": -0.0008735545090341578,
          "initial_qty_pct": 0.010248133200447285,
          "markup_range": 0.000914234427394214,
          "max_n_entry_orders": 14,
          "min_markup": 0.008179998605256643,
          "n_close_orders": 9,
          "wallet_exposure_limit": 1.0},
 "short": {"auto_unstuck_ema_dist": 0.001,
           "auto_unstuck_wallet_exposure_threshold": 0.043799382119764654,
           "backwards_tp": true,
           "ema_span_0": 1022.1551567795999,
           "ema_span_1": 113.48381699946812,
           "enabled": true,
           "eprice_exp_base": 1.0,
           "eqty_exp_base": 1.5604095893094703,
           "grid_span": 0.10323504053383442,
           "initial_eprice_ema_dist": 0.001,
           "initial_qty_pct": 0.01,
           "markup_range": 0.0,
           "max_n_entry_orders": 7,
           "min_markup": 0.0063754832341112785,
           "n_close_orders": 5,
           "wallet_exposure_limit": 1.0}}