{"config_name": "neat_grid_0days",
 "logging_level": 0,
 "long": {"auto_unstuck_ema_dist": 0.002675051003300678,
          "auto_unstuck_wallet_exposure_threshold": 0.03240171640424745,
          "backwards_tp": true,
          "ema_span_0": 586.0671731705824,
          "ema_span_1": 849.2892576318742,
          "enabled": true,
          "eprice_exp_base": 1.0045104362655288,
          "eqty_exp_base": 1.3744716156671342,
          "grid_span": 0.20527299334279206,
          "initial_eprice_ema_dist": -0.0013434996687389591,
          "initial_qty_pct": 0.013280684167222114,
          "markup_range": 0.002176301438615441,
          "max_n_entry_orders": 9,
          "min_markup": 0.004885541256325411,
          "n_close_orders": 12,
          "wallet_exposure_limit": 1.0},
 "short": {"auto_unstuck_ema_dist": 0.002933907074354037,
           "auto_unstuck_wallet_exposure_threshold": 0.08184192300424803,
           "backwards_tp": true,
           "ema_span_0": 901.9348619491302,
           "ema_span_1": 1117.1259091418465,
           "enabled": true,
           "eprice_exp_base": 1.0000391492718117,
           "eqty_exp_base": 1.5070861572619652,
           "grid_span": 0.18228342230945108,
           "initial_eprice_ema_dist": -0.01643186248187094,
           "initial_qty_pct": 0.013713348244904151,
           "markup_range": 0.004419859835762431,
           "max_n_entry_orders": 8,
           "min_markup": 0.009999878684081105,
           "n_close_orders": 14,
           "wallet_exposure_limit": 1.0}}