{"config_name": "neat_grid_0days",
 "logging_level": 0,
 "long": {"auto_unstuck_ema_dist": -0.09672543918684444,
          "auto_unstuck_wallet_exposure_threshold": 0.0836603113601727,
          "backwards_tp": true,
          "ema_span_0": 863.4282276679639,
          "ema_span_1": 153.03876967685503,
          "enabled": true,
          "eprice_exp_base": 1.034132438002002,
          "eqty_exp_base": 3.198987391129467,
          "grid_span": 0.19700242900456957,
          "initial_eprice_ema_dist": 0.0009222113656602221,
          "initial_qty_pct": 0.012479913561456042,
          "markup_range": 0.0012253885534520565,
          "max_n_entry_orders": 8,
          "min_markup": 0.005170638250905702,
          "n_close_orders": 13,
          "wallet_exposure_limit": 1.0},
 "short": {"auto_unstuck_ema_dist": -0.0019231094613950343,
           "auto_unstuck_wallet_exposure_threshold": 0.03228562590162855,
           "backwards_tp": true,
           "ema_span_0": 1295.5715822991863,
           "ema_span_1": 1406.7921492565515,
           "enabled": true,
           "eprice_exp_base": 1.0159520691898773,
           "eqty_exp_base": 2.129906952098254,
           "grid_span": 0.452397297752783,
           "initial_eprice_ema_dist": 0.001999999844512716,
           "initial_qty_pct": 0.010244397693098133,
           "markup_range": 0.0,
           "max_n_entry_orders": 16,
           "min_markup": 0.005471390762277178,
           "n_close_orders": 13,
           "wallet_exposure_limit": 1.0}}