{"config_name": "neat_grid_0days",
 "logging_level": 0,
 "long": {"auto_unstuck_ema_dist": -0.01909376455835556,
          "auto_unstuck_wallet_exposure_threshold": 0.08126077291018165,
          "backwards_tp": true,
          "ema_span_0": 568.046826140158,
          "ema_span_1": 1429.5669693422342,
          "enabled": true,
          "eprice_exp_base": 1.0,
          "eqty_exp_base": 2.188402832466526,
          "grid_span": 0.10038602873521303,
          "initial_eprice_ema_dist": 0.0004309425881931866,
          "initial_qty_pct": 0.010220330321386153,
          "markup_range": 8.831388926873599e-05,
          "max_n_entry_orders": 7,
          "min_markup": 0.005899817786228356,
          "n_close_orders": 4,
          "wallet_exposure_limit": 1.0},
 "short": {"auto_unstuck_ema_dist": 0.0029863659901164024,
           "auto_unstuck_wallet_exposure_threshold": 0.042976684063258025,
           "backwards_tp": true,
           "ema_span_0": 612.057392235538,
           "ema_span_1": 58.78666989206415,
           "enabled": true,
           "eprice_exp_base": 1.040324878643662,
           "eqty_exp_base": 1.44532935211302,
           "grid_span": 0.162801846066033,
           "initial_eprice_ema_dist": 0.00039527505683719245,
           "initial_qty_pct": 0.013649142580848208,
           "markup_range": 0.004621944872545691,
           "max_n_entry_orders": 14,
           "min_markup": 0.0010993691233162136,
           "n_close_orders": 12,
           "wallet_exposure_limit": 1.0}}