{"config_name": "neat_grid_0days",
 "logging_level": 0,
 "long": {"auto_unstuck_ema_dist": -0.005763581293123266,
          "auto_unstuck_wallet_exposure_threshold": 0.0637195620110218,
          "backwards_tp": true,
          "ema_span_0": 174.33766864492813,
          "ema_span_1": 340.58764615709083,
          "enabled": true,
          "eprice_exp_base": 1.0557478582892657,
          "eqty_exp_base": 2.0872997987351116,
          "grid_span": 0.19049189208596534,
          "initial_eprice_ema_dist": 0.0010401203576187342,
          "initial_qty_pct": 0.01819190856560257,
          "markup_range": 0.002173120041351226,
          "max_n_entry_orders": 9,
          "min_markup": 0.00248827707815548,
          "n_close_orders": 14,
          "wallet_exposure_limit": 1.0},
 "short": {"auto_unstuck_ema_dist": 0.002948755336482526,
           "auto_unstuck_wallet_exposure_threshold": 0.08212897700013541,
           "backwards_tp": true,
           "ema_span_0": 264.02160045730255,
           "ema_span_1": 352.5255344584814,
           "enabled": true,
           "eprice_exp_base": 1.0002671517783326,
           "eqty_exp_base": 3.6559365413812963,
           "grid_span": 0.1495738206128899,
           "initial_eprice_ema_dist": 0.0037184102155338873,
           "initial_qty_pct": 0.0185934955916041,
           "markup_range": 0.001259130936067139,
           "max_n_entry_orders": 10,
           "min_markup": 0.004199744056261202,
           "n_close_orders": 5,
           "wallet_exposure_limit": 1.0}}