{"config_name": "neat_grid_0days",
 "logging_level": 0,
 "long": {"auto_unstuck_ema_dist": -0.01261509553527886,
          "auto_unstuck_wallet_exposure_threshold": 0.06984341038268256,
          "backwards_tp": true,
          "ema_span_0": 1315.2586967084853,
          "ema_span_1": 647.2078559778072,
          "enabled": true,
          "eprice_exp_base": 1,
          "eqty_exp_base": 1.6437271264934399,
          "grid_span": 0.3748357035627214,
          "initial_eprice_ema_dist": 0.0019978369951849993,
          "initial_qty_pct": 0.010004599068808956,
          "markup_range": 8.779972271896795e-05,
          "max_n_entry_orders": 8,
          "min_markup": 0.0010707306785969766,
          "n_close_orders": 13,
          "wallet_exposure_limit": 1.0},
 "short": {"auto_unstuck_ema_dist": 0.0013452948317064085,
           "auto_unstuck_wallet_exposure_threshold": 0.0846438109133339,
           "backwards_tp": true,
           "ema_span_0": 1163.2888709503559,
           "ema_span_1": 165.07198109148698,
           "enabled": true,
           "eprice_exp_base": 1.0024367218925685,
           "eqty_exp_base": 2.4391143797935553,
           "grid_span": 0.1167047523270554,
           "initial_eprice_ema_dist": 0.001537974283628243,
           "initial_qty_pct": 0.010697728293207252,
           "markup_range": 0.0067489975428044,
           "max_n_entry_orders": 8,
           "min_markup": 0.0021174375886178036,
           "n_close_orders": 9,
           "wallet_exposure_limit": 1.0}}