{"config_name": "neat_grid_0days",
 "logging_level": 0,
 "long": {"auto_unstuck_ema_dist": -0.04813615044434449,
          "auto_unstuck_wallet_exposure_threshold": 0.05539936203990804,
          "backwards_tp": true,
          "ema_span_0": 978.820866691966,
          "ema_span_1": 1176.0948513822914,
          "enabled": true,
          "eprice_exp_base": 1.0000091644264333,
          "eqty_exp_base": 1.345942085342775,
          "grid_span": 0.31242108663821494,
          "initial_eprice_ema_dist": -0.02827618363398125,
          "initial_qty_pct": 0.019029434589660565,
          "markup_range": 0.0053765629382351784,
          "max_n_entry_orders": 10,
          "min_markup": 0.001777736409064773,
          "n_close_orders": 8,
          "wallet_exposure_limit": 1.0},
 "short": {"auto_unstuck_ema_dist": -0.024827562194976897,
           "auto_unstuck_wallet_exposure_threshold": 0.0738897533570031,
           "backwards_tp": true,
           "ema_span_0": 25.004327049983498,
           "ema_span_1": 10.025271772044103,
           "enabled": true,
           "eprice_exp_base": 1.2543439328617796,
           "eqty_exp_base": 2.7974869156897664,
           "grid_span": 0.1131756724536032,
           "initial_eprice_ema_dist": -0.052886417850019546,
           "initial_qty_pct": 0.014051388412995471,
           "markup_range": 0.0374777647032557,
           "max_n_entry_orders": 7,
           "min_markup": 0.007303085620045432,
           "n_close_orders": 6,
           "wallet_exposure_limit": 1.0}}