{"config_name": "neat_grid_0days",
 "logging_level": 0,
 "long": {"auto_unstuck_ema_dist": -0.03338934809462271,
          "auto_unstuck_wallet_exposure_threshold": 0.0475952851883944,
          "backwards_tp": true,
          "ema_span_0": 428.289185682965,
          "ema_span_1": 752.8536516404074,
          "enabled": true,
          "eprice_exp_base": 1.2848570855318844,
          "eqty_exp_base": 1.2781973961152409,
          "grid_span": 0.28624741992712965,
          "initial_eprice_ema_dist": 0.003882196986837996,
          "initial_qty_pct": 0.014946564161584092,
          "markup_range": 0.0025411880410189484,
          "max_n_entry_orders": 7,
          "min_markup": 0.0025236600256384996,
          "n_close_orders": 7,
          "wallet_exposure_limit": 1.0},
 "short": {"auto_unstuck_ema_dist": -0.013628399002470721,
           "auto_unstuck_wallet_exposure_threshold": 0.04513493894999679,
           "backwards_tp": true,
           "ema_span_0": 12.603557611555207,
           "ema_span_1": 1240.961950818604,
           "enabled": true,
           "eprice_exp_base": 1.0143854733242745,
           "eqty_exp_base": 3.348984623492648,
           "grid_span": 0.3944008259639468,
           "initial_eprice_ema_dist": 0.0022508919582281553,
           "initial_qty_pct": 0.010451298633815356,
           "markup_range": 0.0007724893038596977,
           "max_n_entry_orders": 11,
           "min_markup": 0.0015781758110541937,
           "n_close_orders": 16,
           "wallet_exposure_limit": 1.0}}