{"config_name": "neat_grid_0days",
 "logging_level": 0,
 "long": {"auto_unstuck_ema_dist": -0.07604762282427335,
          "auto_unstuck_wallet_exposure_threshold": 0.06666234831145289,
          "backwards_tp": true,
          "ema_span_0": 430.83300579712665,
          "ema_span_1": 671.260084178258,
          "enabled": true,
          "eprice_exp_base": 1.0485666320696123,
          "eqty_exp_base": 1.341293213205135,
          "grid_span": 0.27055614048555415,
          "initial_eprice_ema_dist": -0.003445450110374866,
          "initial_qty_pct": 0.011745542449674243,
          "markup_range": 0.004521027944863924,
          "max_n_entry_orders": 8,
          "min_markup": 0.005318818120094978,
          "n_close_orders": 14,
          "wallet_exposure_limit": 1.0},
 "short": {"auto_unstuck_ema_dist": 0.0021681426980707514,
           "auto_unstuck_wallet_exposure_threshold": 0.03045687756841459,
           "backwards_tp": true,
           "ema_span_0": 220.22522952734562,
           "ema_span_1": 1249.4438901031683,
           "enabled": true,
           "eprice_exp_base": 1.2704247583064954,
           "eqty_exp_base": 1.793282348554499,
           "grid_span": 0.5711129953981487,
           "initial_eprice_ema_dist": -0.0001154963748419654,
           "initial_qty_pct": 0.010343997784855133,
           "markup_range": 0.005567135039198417,
           "max_n_entry_orders": 7,
           "min_markup": 0.001980000244790811,
           "n_close_orders": 9,
           "wallet_exposure_limit": 1.0}}