{"config_name": "neat_grid_0days",
 "logging_level": 0,
 "long": {"auto_unstuck_ema_dist": -0.003472821361983329,
          "auto_unstuck_wallet_exposure_threshold": 0.0596292947661428,
          "backwards_tp": true,
          "ema_span_0": 161.7143331474568,
          "ema_span_1": 1344.2681200598686,
          "enabled": true,
          "eprice_exp_base": 1.0939912168750001,
          "eqty_exp_base": 1.6243078927267158,
          "grid_span": 0.1176202430183878,
          "initial_eprice_ema_dist": -0.001524505622475707,
          "initial_qty_pct": 0.021015890056025884,
          "markup_range": 0.0037144056766211,
          "max_n_entry_orders": 7,
          "min_markup": 0.004625861621622972,
          "n_close_orders": 7,
          "wallet_exposure_limit": 1.0},
 "short": {"auto_unstuck_ema_dist": 0.001111265818151721,
           "auto_unstuck_wallet_exposure_threshold": 0.08533021360478249,
           "backwards_tp": true,
           "ema_span_0": 823.5297425319121,
           "ema_span_1": 542.9525010337143,
           "enabled": true,
           "eprice_exp_base": 1.0002952997030417,
           "eqty_exp_base": 1.1430517358889531,
           "grid_span": 0.1721956052718154,
           "initial_eprice_ema_dist": -0.028180810082651768,
           "initial_qty_pct": 0.010692417404719967,
           "markup_range": 0.0009196013981972828,
           "max_n_entry_orders": 7,
           "min_markup": 0.004852541273646501,
           "n_close_orders": 7,
           "wallet_exposure_limit": 1.0}}