{"config_name": "neat_grid_0days",
 "logging_level": 0,
 "long": {"auto_unstuck_ema_dist": -0.04898591222628615,
          "auto_unstuck_wallet_exposure_threshold": 0.07338085554680239,
          "backwards_tp": true,
          "ema_span_0": 600.3069954275982,
          "ema_span_1": 1211.2305408518812,
          "enabled": true,
          "eprice_exp_base": 1.253340459054134,
          "eqty_exp_base": 1.5395977838177173,
          "grid_span": 0.15171845731165085,
          "initial_eprice_ema_dist": -0.015028435358139955,
          "initial_qty_pct": 0.0145751298352517,
          "markup_range": 0.0012380477455088072,
          "max_n_entry_orders": 7,
          "min_markup": 0.003183774376335719,
          "n_close_orders": 12,
          "wallet_exposure_limit": 1.0},
 "short": {"auto_unstuck_ema_dist": 0.0023373874765897917,
           "auto_unstuck_wallet_exposure_threshold": 0.06696870956338653,
           "backwards_tp": true,
           "ema_span_0": 85.74715683078828,
           "ema_span_1": 960.1752353104115,
           "enabled": true,
           "eprice_exp_base": 1.2348802597323845,
           "eqty_exp_base": 2.6560960478424467,
           "grid_span": 0.12792916661321987,
           "initial_eprice_ema_dist": -0.008815591585678914,
           "initial_qty_pct": 0.011500481118621241,
           "markup_range": 0.007467567118057308,
           "max_n_entry_orders": 8,
           "min_markup": 0.0016602948561209158,
           "n_close_orders": 15,
           "wallet_exposure_limit": 1.0}}