{"config_name": "neat_grid_0days",
 "logging_level": 0,
 "long": {"auto_unstuck_ema_dist": 0.0029894427085113934,
          "auto_unstuck_wallet_exposure_threshold": 0.08560050025476383,
          "backwards_tp": true,
          "ema_span_0": 1188.8891361991057,
          "ema_span_1": 1365.3981964365184,
          "enabled": true,
          "eprice_exp_base": 1.0545784781217047,
          "eqty_exp_base": 2.3230160529105266,
          "grid_span": 0.12154130810139076,
          "initial_eprice_ema_dist": 0.0005967458015105368,
          "initial_qty_pct": 0.0130587808790326,
          "markup_range": 0.0034346155094607286,
          "max_n_entry_orders": 7,
          "min_markup": 0.0037404559858593063,
          "n_close_orders": 4,
          "wallet_exposure_limit": 1.0},
 "short": {"auto_unstuck_ema_dist": 0.0004861470433305277,
           "auto_unstuck_wallet_exposure_threshold": 0.03,
           "backwards_tp": true,
           "ema_span_0": 399.2025162760049,
           "ema_span_1": 1334.9121806657984,
           "enabled": true,
           "eprice_exp_base": 1.0023587423147806,
           "eqty_exp_base": 3.751198673025587,
           "grid_span": 0.21997797914890194,
           "initial_eprice_ema_dist": 0.002,
           "initial_qty_pct": 0.014257551656475485,
           "markup_range": 0.005992968852554428,
           "max_n_entry_orders": 21,
           "min_markup": 0.006673111373459817,
           "n_close_orders": 4,
           "wallet_exposure_limit": 1.0}}