{"config_name": "neat_grid_0days",
 "logging_level": 0,
 "long": {"auto_unstuck_ema_dist": -0.008327130690902152,
          "auto_unstuck_wallet_exposure_threshold": 0.030011482632577732,
          "backwards_tp": true,
          "ema_span_0": 877.7904432251539,
          "ema_span_1": 724.7753543095561,
          "enabled": true,
          "eprice_exp_base": 1.0,
          "eqty_exp_base": 3.0203926221955775,
          "grid_span": 0.10127849937838974,
          "initial_eprice_ema_dist": 0.00023166170624098985,
          "initial_qty_pct": 0.010133384760118783,
          "markup_range": 0.0,
          "max_n_entry_orders": 17,
          "min_markup": 0.004344899798518211,
          "n_close_orders": 3,
          "wallet_exposure_limit": 1.0},
 "short": {"auto_unstuck_ema_dist": 0.0023736054953611813,
           "auto_unstuck_wallet_exposure_threshold": 0.04171943755052802,
           "backwards_tp": true,
           "ema_span_0": 291.30679207501527,
           "ema_span_1": 1062.8588660204161,
           "enabled": true,
           "eprice_exp_base": 1.0612564853411852,
           "eqty_exp_base": 1.3533259627879395,
           "grid_span": 0.1617358332103673,
           "initial_eprice_ema_dist": -0.0007415726674071358,
           "initial_qty_pct": 0.01538442358762104,
           "markup_range": 0.0017737544734269903,
           "max_n_entry_orders": 12,
           "min_markup": 0.001791894549930438,
           "n_close_orders": 11,
           "wallet_exposure_limit": 1.0}}