{"config_name": "neat_grid_0days",
 "logging_level": 0,
 "long": {"auto_unstuck_ema_dist": -0.015877009043837414,
          "auto_unstuck_wallet_exposure_threshold": 0.04983635342796109,
          "backwards_tp": true,
          "ema_span_0": 1125.816651911224,
          "ema_span_1": 269.9248993235172,
          "enabled": true,
          "eprice_exp_base": 1.0119875587400997,
          "eqty_exp_base": 1.7031866002422835,
          "grid_span": 0.17374085197038944,
          "initial_eprice_ema_dist": -0.018218520385707936,
          "initial_qty_pct": 0.010379345539982163,
          "markup_range": 0.0027099504106740443,
          "max_n_entry_orders": 9,
          "min_markup": 0.002900362617799684,
          "n_close_orders": 12,
          "wallet_exposure_limit": 1.0},
 "short": {"auto_unstuck_ema_dist": 0.003,
           "auto_unstuck_wallet_exposure_threshold": 0.04077220726659164,
           "backwards_tp": true,
           "ema_span_0": 672.2625849441022,
           "ema_span_1": 1381.36842998736,
           "enabled": true,
           "eprice_exp_base": 1.1530941973018465,
           "eqty_exp_base": 3.6920644271371326,
           "grid_span": 0.16678696590899367,
           "initial_eprice_ema_dist": -0.006675266039439694,
           "initial_qty_pct": 0.011789370937552024,
           "markup_range": 0.003955555744807283,
           "max_n_entry_orders": 16,
           "min_markup": 0.002194950562911921,
           "n_close_orders": 7,
           "wallet_exposure_limit": 1}}