{"config_name": "neat_grid_0days",
 "logging_level": 0,
 "long": {"auto_unstuck_ema_dist": -0.05196064918164318,
          "auto_unstuck_wallet_exposure_threshold": 0.04594198985996033,
          "backwards_tp": true,
          "ema_span_0": 1409.9775648990328,
          "ema_span_1": 816.533835650789,
          "enabled": true,
          "eprice_exp_base": 1.020577351415904,
          "eqty_exp_base": 1.0825183332256338,
          "grid_span": 0.35716082424594164,
          "initial_eprice_ema_dist": 0.00030660727324129306,
          "initial_qty_pct": 0.011268875314264865,
          "markup_range": 5.4011485833576516e-05,
          "max_n_entry_orders": 19,
          "min_markup": 0.0017747019347063035,
          "n_close_orders": 13,
          "wallet_exposure_limit": 1.0},
 "short": {"auto_unstuck_ema_dist": -0.0022423341928422998,
           "auto_unstuck_wallet_exposure_threshold": 0.04435872062798741,
           "backwards_tp": true,
           "ema_span_0": 210.49832212842165,
           "ema_span_1": 1435.262042674227,
           "enabled": true,
           "eprice_exp_base": 1.0125837243656512,
           "eqty_exp_base": 1.4348250361477437,
           "grid_span": 0.15847723672014075,
           "initial_eprice_ema_dist": 0.002,
           "initial_qty_pct": 0.01,
           "markup_range": 0.008300353204143622,
           "max_n_entry_orders": 8,
           "min_markup": 0.006863578249226848,
           "n_close_orders": 8,
           "wallet_exposure_limit": 1.0}}