{"config_name": "clock_0days",
 "long": {"backwards_tp": true,
          "delay_between_fills_minutes_close": 1054.726054356279,
          "delay_between_fills_minutes_entry": 794.6490956087475,
          "delay_weight_close": 72.27678507477154,
          "delay_weight_entry": 9.299021497844011,
          "ema_dist_close": 0.0018987585827167698,
          "ema_dist_entry": 0.0034032856483687856,
          "ema_span_0": 1246.7189607852588,
          "ema_span_1": 106.61931977053233,
          "enabled": true,
          "markup_range": 0.03775843856644017,
          "min_markup": 0.0068613119099540645,
          "n_close_orders": 8,
          "qty_pct_close": 0.01130432526174037,
          "qty_pct_entry": 0.012090984713245108,
          "wallet_exposure_limit": 1,
          "we_multiplier_close": 0,
          "we_multiplier_entry": 43.52019142891181},
 "short": {"backwards_tp": true,
           "delay_between_fills_minutes_close": 548.1337178848178,
           "delay_between_fills_minutes_entry": 956.3890113500923,
           "delay_weight_close": 0.041223293307299985,
           "delay_weight_entry": 10.901671976936383,
           "ema_dist_close": 0.0038043016246265796,
           "ema_dist_entry": 0.0008442932495540768,
           "ema_span_0": 43.434782505364744,
           "ema_span_1": 1176.57576677435,
           "enabled": true,
           "markup_range": 0.002492768888618967,
           "min_markup": 0.008010317350030953,
           "n_close_orders": 6,
           "qty_pct_close": 0.01026668249047656,
           "qty_pct_entry": 0.026454468384507848,
           "wallet_exposure_limit": 1,
           "we_multiplier_close": 0,
           "we_multiplier_entry": 80.92524201372305}}