{"config_name": "clock_0days",
 "long": {"backwards_tp": true,
          "delay_between_fills_minutes_close": 1088.7520274300273,
          "delay_between_fills_minutes_entry": 1317.156588454244,
          "delay_weight_close": 43.06670359375242,
          "delay_weight_entry": 11.138669326884749,
          "ema_dist_close": -0.0038671897346200385,
          "ema_dist_entry": 0.0035668355030562247,
          "ema_span_0": 1230.950118985247,
          "ema_span_1": 1386.0968404391235,
          "enabled": true,
          "markup_range": 0.03809926792247836,
          "min_markup": 0.009846696053461442,
          "n_close_orders": 4,
          "qty_pct_close": 0.021076962952952843,
          "qty_pct_entry": 0.010000559559360292,
          "wallet_exposure_limit": 1,
          "we_multiplier_close": 0,
          "we_multiplier_entry": 30.661061222528208},
 "short": {"backwards_tp": true,
           "delay_between_fills_minutes_close": 1267.9960864138893,
           "delay_between_fills_minutes_entry": 950.6715432840257,
           "delay_weight_close": 24.192715104679536,
           "delay_weight_entry": 8.624957000429568,
           "ema_dist_close": 0.002956837466493192,
           "ema_dist_entry": -0.002289244937058262,
           "ema_span_0": 388.6664518996302,
           "ema_span_1": 1027.5667943400526,
           "enabled": true,
           "markup_range": 0.008503292721304389,
           "min_markup": 0.009656663888863187,
           "n_close_orders": 10,
           "qty_pct_close": 0.04391303988615122,
           "qty_pct_entry": 0.01626636403881432,
           "wallet_exposure_limit": 1,
           "we_multiplier_close": 0,
           "we_multiplier_entry": 72.67219748836989}}