{"config_name": "clock_0days",
 "long": {"backwards_tp": true,
          "delay_between_fills_minutes_close": 572.665916281521,
          "delay_between_fills_minutes_entry": 1009.3097924700742,
          "delay_weight_close": 0.0,
          "delay_weight_entry": 16.61811959939214,
          "ema_dist_close": 0.0031315462734573577,
          "ema_dist_entry": -0.03757591733354334,
          "ema_span_0": 216.20807491066492,
          "ema_span_1": 934.2321727605304,
          "enabled": true,
          "markup_range": 0.006124621475505697,
          "min_markup": 0.007535840134335597,
          "n_close_orders": 4,
          "qty_pct_close": 0.010813115792745522,
          "qty_pct_entry": 0.013346430625098297,
          "wallet_exposure_limit": 1.0,
          "we_multiplier_close": 0.0,
          "we_multiplier_entry": 20.96898309359396},
 "short": {"backwards_tp": true,
           "delay_between_fills_minutes_close": 540.0,
           "delay_between_fills_minutes_entry": 1330.512341801223,
           "delay_weight_close": 0.0,
           "delay_weight_entry": 21.281229888486305,
           "ema_dist_close": 0.00389028238764466,
           "ema_dist_entry": -0.03910506480738882,
           "ema_span_0": 845.800312665197,
           "ema_span_1": 20.083529739074436,
           "enabled": true,
           "markup_range": 0.010163793794160913,
           "min_markup": 0.005971162028571102,
           "n_close_orders": 4,
           "qty_pct_close": 0.018935240032332507,
           "qty_pct_entry": 0.026127877425137676,
           "wallet_exposure_limit": 1.0,
           "we_multiplier_close": 0.0,
           "we_multiplier_entry": 3.244518220600179}}