{"config_name": "clock_0days",
 "long": {"backwards_tp": true,
          "delay_between_fills_minutes_close": 929.6730177521931,
          "delay_between_fills_minutes_entry": 443.776279340939,
          "delay_weight_close": 0.0,
          "delay_weight_entry": 17.056375418347418,
          "ema_dist_close": -0.0027283311154345543,
          "ema_dist_entry": -0.010055089165472366,
          "ema_span_0": 106.71846246400091,
          "ema_span_1": 1064.5958138907429,
          "enabled": true,
          "markup_range": 0.0016196005903116482,
          "min_markup": 0.005134951252888699,
          "n_close_orders": 8,
          "qty_pct_close": 0.030942574948862243,
          "qty_pct_entry": 0.019817850429135617,
          "wallet_exposure_limit": 1.0,
          "we_multiplier_close": 0.0,
          "we_multiplier_entry": 45.3150625059412},
 "short": {"backwards_tp": true,
           "delay_between_fills_minutes_close": 603.0397764805723,
           "delay_between_fills_minutes_entry": 880.0703912349031,
           "delay_weight_close": 0.0,
           "delay_weight_entry": 8.046363225266115,
           "ema_dist_close": 0.003298897110513957,
           "ema_dist_entry": -0.003051233912267393,
           "ema_span_0": 719.7724506263619,
           "ema_span_1": 1221.9682742763662,
           "enabled": true,
           "markup_range": 0.008266099671655175,
           "min_markup": 0.0061089427905792575,
           "n_close_orders": 13,
           "qty_pct_close": 0.010574852456759447,
           "qty_pct_entry": 0.02128138755528696,
           "wallet_exposure_limit": 1.0,
           "we_multiplier_close": 0.0,
           "we_multiplier_entry": 72.56861412526035}}