{"config_name": "clock_0days",
 "long": {"backwards_tp": true,
          "delay_between_fills_minutes_close": 638.309241634235,
          "delay_between_fills_minutes_entry": 1422.8555358168146,
          "delay_weight_close": 3.5117620293836175e-08,
          "delay_weight_entry": 18.757334335389707,
          "ema_dist_close": -0.001719799045907493,
          "ema_dist_entry": -0.0070821420999961915,
          "ema_span_0": 743.5267823649541,
          "ema_span_1": 1177.4383245798551,
          "enabled": true,
          "markup_range": 0.011186592726852957,
          "min_markup": 0.004197050159624818,
          "n_close_orders": 7,
          "qty_pct_close": 0.02396451622308339,
          "qty_pct_entry": 0.010006115576075633,
          "wallet_exposure_limit": 1.0,
          "we_multiplier_close": 0.0,
          "we_multiplier_entry": 75.14554910726947},
 "short": {"backwards_tp": true,
           "delay_between_fills_minutes_close": 792.5663801905175,
           "delay_between_fills_minutes_entry": 1087.7195395962215,
           "delay_weight_close": 0.10679572587036948,
           "delay_weight_entry": 9.989423904364415,
           "ema_dist_close": 0.0039647444010281006,
           "ema_dist_entry": 0.0028977451745883774,
           "ema_span_0": 341.60085055619555,
           "ema_span_1": 444.18521464616464,
           "enabled": true,
           "markup_range": 0.011544465948058205,
           "min_markup": 0.00886078881388309,
           "n_close_orders": 5,
           "qty_pct_close": 0.010078126362181033,
           "qty_pct_entry": 0.01724262700693275,
           "wallet_exposure_limit": 1.0,
           "we_multiplier_close": 0.0,
           "we_multiplier_entry": 54.87831646688289}}