{"config_name": "clock_0days",
 "long": {"backwards_tp": true,
          "delay_between_fills_minutes_close": 636.2515303256313,
          "delay_between_fills_minutes_entry": 1198.8162737201237,
          "delay_weight_close": 0.0006400130981206767,
          "delay_weight_entry": 25.14608598849578,
          "ema_dist_close": -0.007234023520120443,
          "ema_dist_entry": 0.0027586649108090875,
          "ema_span_0": 997.9230995489103,
          "ema_span_1": 292.99882640220954,
          "enabled": true,
          "markup_range": 0.011664975690923875,
          "min_markup": 0.0033515564074053715,
          "n_close_orders": 8,
          "qty_pct_close": 0.03187515502485803,
          "qty_pct_entry": 0.019902885886993876,
          "wallet_exposure_limit": 1.0,
          "we_multiplier_close": 0.0,
          "we_multiplier_entry": 21.889714477971232},
 "short": {"backwards_tp": true,
           "delay_between_fills_minutes_close": 1029.1496643798482,
           "delay_between_fills_minutes_entry": 804.0412781774318,
           "delay_weight_close": 18.141270637606503,
           "delay_weight_entry": 26.177942489356628,
           "ema_dist_close": -0.00683996757204617,
           "ema_dist_entry": 0.0015424133156307339,
           "ema_span_0": 1405.0252716936513,
           "ema_span_1": 1282.5592165085618,
           "enabled": true,
           "markup_range": 0.014865398427961795,
           "min_markup": 0.00912342035204999,
           "n_close_orders": 9,
           "qty_pct_close": 0.02002567670262537,
           "qty_pct_entry": 0.01591107751810888,
           "wallet_exposure_limit": 1.0,
           "we_multiplier_close": 0.0,
           "we_multiplier_entry": 14.50350789474451}}