{"config_name": "clock_0days",
 "long": {"backwards_tp": true,
          "delay_between_fills_minutes_close": 1187.095080182916,
          "delay_between_fills_minutes_entry": 908.0803072338276,
          "delay_weight_close": 5.838423490360618,
          "delay_weight_entry": 13.58659144067775,
          "ema_dist_close": 0.003178316576580018,
          "ema_dist_entry": -0.0022297802319761403,
          "ema_span_0": 1295.019026917161,
          "ema_span_1": 946.1593887436572,
          "enabled": true,
          "markup_range": 0.007348894735027325,
          "min_markup": 0.005525878838094275,
          "n_close_orders": 5,
          "qty_pct_close": 0.012235791356402306,
          "qty_pct_entry": 0.01,
          "wallet_exposure_limit": 1,
          "we_multiplier_close": 0,
          "we_multiplier_entry": 37.83553414421201},
 "short": {"backwards_tp": true,
           "delay_between_fills_minutes_close": 1362.6201651307758,
           "delay_between_fills_minutes_entry": 583.453629990331,
           "delay_weight_close": 79.5324402652317,
           "delay_weight_entry": 22.78245500685414,
           "ema_dist_close": 0.00265334995880953,
           "ema_dist_entry": 0.0028372698737647866,
           "ema_span_0": 1349.1936643668369,
           "ema_span_1": 1369.577303161581,
           "enabled": true,
           "markup_range": 0.0058576317909796675,
           "min_markup": 0.0035255859942682445,
           "n_close_orders": 5,
           "qty_pct_close": 0.013083193622432758,
           "qty_pct_entry": 0.01175857487859013,
           "wallet_exposure_limit": 1,
           "we_multiplier_close": 0,
           "we_multiplier_entry": 65.71762352795054}}