{"config_name": "clock_0days",
 "long": {"backwards_tp": true,
          "delay_between_fills_minutes_close": 540,
          "delay_between_fills_minutes_entry": 319.163465769084,
          "delay_weight_close": 0,
          "delay_weight_entry": 24.730275021610872,
          "ema_dist_close": 0.003921886881174207,
          "ema_dist_entry": 0.003255348110107879,
          "ema_span_0": 426.24386332254386,
          "ema_span_1": 644.457445938978,
          "enabled": true,
          "markup_range": 0.003485054538838143,
          "min_markup": 0.0014527393096707706,
          "n_close_orders": 5,
          "qty_pct_close": 0.012295217439788717,
          "qty_pct_entry": 0.010856333511000396,
          "wallet_exposure_limit": 1,
          "we_multiplier_close": 0,
          "we_multiplier_entry": 62.23449986242502},
 "short": {"backwards_tp": true,
           "delay_between_fills_minutes_close": 560.5931402599704,
           "delay_between_fills_minutes_entry": 602.6263908426447,
           "delay_weight_close": 0,
           "delay_weight_entry": 4.262377218200144,
           "ema_dist_close": 0.0003330882048957691,
           "ema_dist_entry": 0.0007744799670271916,
           "ema_span_0": 1224.2265151245422,
           "ema_span_1": 748.6917135754038,
           "enabled": true,
           "markup_range": 0.0007845188111147474,
           "min_markup": 0.005991331291668846,
           "n_close_orders": 5,
           "qty_pct_close": 0.018326445144771216,
           "qty_pct_entry": 0.027503230593565898,
           "wallet_exposure_limit": 1,
           "we_multiplier_close": 0,
           "we_multiplier_entry": 82.82695864984804}}