{"config_name": "clock_0days",
 "long": {"backwards_tp": true,
          "delay_between_fills_minutes_close": 601.638536477261,
          "delay_between_fills_minutes_entry": 683.6096709473497,
          "delay_weight_close": 0.0,
          "delay_weight_entry": 35.25351565114681,
          "ema_dist_close": -0.0022869201094041875,
          "ema_dist_entry": -0.026137604387133823,
          "ema_span_0": 833.4771045994511,
          "ema_span_1": 1409.6375668985854,
          "enabled": true,
          "markup_range": 0.006334573725270071,
          "min_markup": 0.0043423696776282135,
          "n_close_orders": 6,
          "qty_pct_close": 0.041133461318557996,
          "qty_pct_entry": 0.011227987386000678,
          "wallet_exposure_limit": 1.0,
          "we_multiplier_close": 0.0,
          "we_multiplier_entry": 61.300882664353566},
 "short": {"backwards_tp": true,
           "delay_between_fills_minutes_close": 781.7690071360571,
           "delay_between_fills_minutes_entry": 987.5742362361418,
           "delay_weight_close": 0.0,
           "delay_weight_entry": 10.158426551949544,
           "ema_dist_close": 0.0027953180186326945,
           "ema_dist_entry": 0.0039394681117180105,
           "ema_span_0": 1430.2276640030238,
           "ema_span_1": 56.5866357671732,
           "enabled": true,
           "markup_range": 0.01896971712857498,
           "min_markup": 0.007606620728622868,
           "n_close_orders": 7,
           "qty_pct_close": 0.04074931281866252,
           "qty_pct_entry": 0.03456853289411667,
           "wallet_exposure_limit": 1.0,
           "we_multiplier_close": 0.0,
           "we_multiplier_entry": 20.389064151277285}}