{"config_name": "clock_0days",
 "long": {"backwards_tp": true,
          "delay_between_fills_minutes_close": 543.966091343354,
          "delay_between_fills_minutes_entry": 96.53681610435727,
          "delay_weight_close": 0.14818568392580028,
          "delay_weight_entry": 59.46411059050274,
          "ema_dist_close": 0.003456725419713502,
          "ema_dist_entry": 0.003987487477643293,
          "ema_span_0": 58.03433332492292,
          "ema_span_1": 590.7850351377606,
          "enabled": true,
          "markup_range": 0.0003042062167679685,
          "min_markup": 0.004515019489343154,
          "n_close_orders": 14,
          "qty_pct_close": 0.014165737887412773,
          "qty_pct_entry": 0.01137933424010201,
          "wallet_exposure_limit": 1,
          "we_multiplier_close": 0,
          "we_multiplier_entry": 27.210226799614567},
 "short": {"backwards_tp": true,
           "delay_between_fills_minutes_close": 1323.2752617627752,
           "delay_between_fills_minutes_entry": 725.3089149679262,
           "delay_weight_close": 25.296423956765548,
           "delay_weight_entry": 11.108677977724446,
           "ema_dist_close": 0.0019335089466871163,
           "ema_dist_entry": -0.00866593420069957,
           "ema_span_0": 31.674814047726983,
           "ema_span_1": 1401.1495217075849,
           "enabled": true,
           "markup_range": 0.00842245202950247,
           "min_markup": 0.007169660919430434,
           "n_close_orders": 3,
           "qty_pct_close": 0.010319906733523251,
           "qty_pct_entry": 0.011821048663574694,
           "wallet_exposure_limit": 1,
           "we_multiplier_close": 0,
           "we_multiplier_entry": 6.5317067402769124}}