{"config_name": "clock_0days",
 "long": {"backwards_tp": true,
          "delay_between_fills_minutes_close": 1358.5958800480994,
          "delay_between_fills_minutes_entry": 1097.0072425751762,
          "delay_weight_close": 55.22151690089305,
          "delay_weight_entry": 17.413753982278745,
          "ema_dist_close": -0.00036367146121851724,
          "ema_dist_entry": 0.0017243741697449053,
          "ema_span_0": 1306.4774395399068,
          "ema_span_1": 1216.7508566521944,
          "enabled": true,
          "markup_range": 0.007163020560959073,
          "min_markup": 0.004603297990027401,
          "n_close_orders": 3,
          "qty_pct_close": 0.015190111294957882,
          "qty_pct_entry": 0.016892556131792247,
          "wallet_exposure_limit": 1,
          "we_multiplier_close": 0,
          "we_multiplier_entry": 95.16709722050443},
 "short": {"backwards_tp": true,
           "delay_between_fills_minutes_close": 1263.5847057538026,
           "delay_between_fills_minutes_entry": 329.68015333497397,
           "delay_weight_close": 34.28559819121663,
           "delay_weight_entry": 16.705523655269353,
           "ema_dist_close": -0.0012387071041825755,
           "ema_dist_entry": 0.000755919762059122,
           "ema_span_0": 1439.8296021950734,
           "ema_span_1": 181.1737503855322,
           "enabled": true,
           "markup_range": 0.004389490679357972,
           "min_markup": 0.009981770353570682,
           "n_close_orders": 7,
           "qty_pct_close": 0.011546349604790588,
           "qty_pct_entry": 0.010016114399668043,
           "wallet_exposure_limit": 1,
           "we_multiplier_close": 0,
           "we_multiplier_entry": 52.69274298747384}}