{"config_name": "clock_0days",
 "long": {"backwards_tp": true,
          "delay_between_fills_minutes_close": 540.0168006238509,
          "delay_between_fills_minutes_entry": 118.41118500670619,
          "delay_weight_close": 0.0,
          "delay_weight_entry": 12.413289043893295,
          "ema_dist_close": 0.003999960598152787,
          "ema_dist_entry": 0.003999814660211741,
          "ema_span_0": 667.9215108319248,
          "ema_span_1": 5.0,
          "enabled": true,
          "markup_range": 0.0019293765503319849,
          "min_markup": 0.002558130716147075,
          "n_close_orders": 10,
          "qty_pct_close": 0.012615318487211903,
          "qty_pct_entry": 0.030327786075130755,
          "wallet_exposure_limit": 1.0,
          "we_multiplier_close": 0.0,
          "we_multiplier_entry": 15.393259250151543},
 "short": {"backwards_tp": true,
           "delay_between_fills_minutes_close": 541.2821207823335,
           "delay_between_fills_minutes_entry": 244.835764797604,
           "delay_weight_close": 0.0,
           "delay_weight_entry": 10.073137383545307,
           "ema_dist_close": 0.0038348044036737344,
           "ema_dist_entry": 0.0021059237215093852,
           "ema_span_0": 511.68577023197,
           "ema_span_1": 363.88079164014886,
           "enabled": true,
           "markup_range": 0.0033886064560082496,
           "min_markup": 0.005988584657603948,
           "n_close_orders": 12,
           "qty_pct_close": 0.010954050728133867,
           "qty_pct_entry": 0.014908831588462058,
           "wallet_exposure_limit": 1.0,
           "we_multiplier_close": 0.0,
           "we_multiplier_entry": 39.51995508024782}}