{"config_name": "clock_0days",
 "long": {"backwards_tp": true,
          "delay_between_fills_minutes_close": 548.916628410404,
          "delay_between_fills_minutes_entry": 1183.9252243059236,
          "delay_weight_close": 0.0,
          "delay_weight_entry": 15.220162394209028,
          "ema_dist_close": 0.0036579785108715977,
          "ema_dist_entry": -0.0026511198367585396,
          "ema_span_0": 218.84341697715166,
          "ema_span_1": 1262.1343412219185,
          "enabled": true,
          "markup_range": 0.0022745193834105087,
          "min_markup": 0.006913487656919086,
          "n_close_orders": 14,
          "qty_pct_close": 0.013011041538002676,
          "qty_pct_entry": 0.010000111832074039,
          "wallet_exposure_limit": 1.0,
          "we_multiplier_close": 0.0,
          "we_multiplier_entry": 70.75106192184165},
 "short": {"backwards_tp": true,
           "delay_between_fills_minutes_close": 693.9639083055202,
           "delay_between_fills_minutes_entry": 1435.570725994581,
           "delay_weight_close": 0.0,
           "delay_weight_entry": 38.444592343045734,
           "ema_dist_close": -0.009838532900417115,
           "ema_dist_entry": -0.011404219463065208,
           "ema_span_0": 829.0978037135808,
           "ema_span_1": 246.39474942773748,
           "enabled": true,
           "markup_range": 0.039814396122326845,
           "min_markup": 0.002659690903255834,
           "n_close_orders": 4,
           "qty_pct_close": 0.014613111273169055,
           "qty_pct_entry": 0.010401019649861558,
           "wallet_exposure_limit": 1.0,
           "we_multiplier_close": 0.0,
           "we_multiplier_entry": 0.0017292121050777125}}