{"config_name": "clock_0days",
 "long": {"backwards_tp": true,
          "delay_between_fills_minutes_close": 673.4171384332074,
          "delay_between_fills_minutes_entry": 1025.6929431384738,
          "delay_weight_close": 10.405667100695668,
          "delay_weight_entry": 8.514082547103557,
          "ema_dist_close": 0.00013456196409106894,
          "ema_dist_entry": 0.0006194955231406894,
          "ema_span_0": 1438.668038715138,
          "ema_span_1": 236.83769614019442,
          "enabled": true,
          "markup_range": 0.03792768936421108,
          "min_markup": 0.008071456391199766,
          "n_close_orders": 4,
          "qty_pct_close": 0.049900156462293,
          "qty_pct_entry": 0.01000125700959904,
          "wallet_exposure_limit": 1,
          "we_multiplier_close": 0,
          "we_multiplier_entry": 47.32838516149999},
 "short": {"backwards_tp": true,
           "delay_between_fills_minutes_close": 972.9012681524226,
           "delay_between_fills_minutes_entry": 904.8860897173321,
           "delay_weight_close": 0.030408930039442474,
           "delay_weight_entry": 28.605373046760942,
           "ema_dist_close": 0.003999346794616177,
           "ema_dist_entry": -0.016404696255455976,
           "ema_span_0": 289.2142527032527,
           "ema_span_1": 411.94727481146157,
           "enabled": true,
           "markup_range": 0.0029738093022729202,
           "min_markup": 0.0024553094716483173,
           "n_close_orders": 8,
           "qty_pct_close": 0.010142761561929831,
           "qty_pct_entry": 0.010003369961319028,
           "wallet_exposure_limit": 1,
           "we_multiplier_close": 0,
           "we_multiplier_entry": 32.00605058324486}}