{"config_name": "clock_0days",
 "long": {"backwards_tp": true,
          "delay_between_fills_minutes_close": 1187.095080182916,
          "delay_between_fills_minutes_entry": 908.0803072338276,
          "delay_weight_close": 5.838423490360618,
          "delay_weight_entry": 13.58659144067775,
          "ema_dist_close": 0.003178316576580018,
          "ema_dist_entry": -0.0022297802319761403,
          "ema_span_0": 1295.019026917161,
          "ema_span_1": 946.1593887436572,
          "enabled": true,
          "markup_range": 0.007348894735027325,
          "min_markup": 0.005525878838094275,
          "n_close_orders": 5,
          "qty_pct_close": 0.012235791356402306,
          "qty_pct_entry": 0.01,
          "wallet_exposure_limit": 1.0,
          "we_multiplier_close": 0.0,
          "we_multiplier_entry": 37.83553414421201},
 "short": {"backwards_tp": true,
           "delay_between_fills_minutes_close": 560.5931402599704,
           "delay_between_fills_minutes_entry": 602.6263908426447,
           "delay_weight_close": 0,
           "delay_weight_entry": 4.262377218200144,
           "ema_dist_close": 0.0003330882048957691,
           "ema_dist_entry": 0.0007744799670271916,
           "ema_span_0": 1224.2265151245422,
           "ema_span_1": 748.6917135754038,
           "enabled": true,
           "markup_range": 0.0007845188111147474,
           "min_markup": 0.005991331291668846,
           "n_close_orders": 5,
           "qty_pct_close": 0.018326445144771216,
           "qty_pct_entry": 0.027503230593565898,
           "wallet_exposure_limit": 1.0,
           "we_multiplier_close": 0.0,
           "we_multiplier_entry": 82.82695864984804}}