{"config_name": "clock_0days",
 "long": {"backwards_tp": true,
          "delay_between_fills_minutes_close": 629.5044243199127,
          "delay_between_fills_minutes_entry": 1019.0231756265928,
          "delay_weight_close": 0.0,
          "delay_weight_entry": 18.799367923213854,
          "ema_dist_close": 0.003951850612709514,
          "ema_dist_entry": -0.0007732127429379604,
          "ema_span_0": 463.55307788895516,
          "ema_span_1": 1427.7738698638786,
          "enabled": true,
          "markup_range": 0.011775164230314444,
          "min_markup": 0.0020608810785493386,
          "n_close_orders": 14,
          "qty_pct_close": 0.011138163488896019,
          "qty_pct_entry": 0.010000000064877496,
          "wallet_exposure_limit": 1.0,
          "we_multiplier_close": 0.0,
          "we_multiplier_entry": 24.14057106428288},
 "short": {"backwards_tp": true,
           "delay_between_fills_minutes_close": 560.3555406098322,
           "delay_between_fills_minutes_entry": 602.431646883053,
           "delay_weight_close": 0.0,
           "delay_weight_entry": 4.275469881731712,
           "ema_dist_close": 0.00033064676727574796,
           "ema_dist_entry": 0.0007785883072005576,
           "ema_span_0": 1224.6603871097589,
           "ema_span_1": 747.8912011318572,
           "enabled": true,
           "markup_range": 0.000768992188526782,
           "min_markup": 0.005989322048083214,
           "n_close_orders": 5,
           "qty_pct_close": 0.018348751396227627,
           "qty_pct_entry": 0.027568303664434513,
           "wallet_exposure_limit": 1.0,
           "we_multiplier_close": 0.0,
           "we_multiplier_entry": 82.73961015765819}}