{"config_name": "clock_0days",
 "long": {"backwards_tp": true,
          "delay_between_fills_minutes_close": 601.1684147308775,
          "delay_between_fills_minutes_entry": 1365.2658405019372,
          "delay_weight_close": 0.10320256095728882,
          "delay_weight_entry": 18.46301150893649,
          "ema_dist_close": 0.0038474392533439012,
          "ema_dist_entry": -0.002186961462794906,
          "ema_span_0": 835.3012719554245,
          "ema_span_1": 908.6221062727193,
          "enabled": true,
          "markup_range": 0.006937182497180829,
          "min_markup": 0.007837139165365468,
          "n_close_orders": 9,
          "qty_pct_close": 0.012403718236422506,
          "qty_pct_entry": 0.012280888350560215,
          "wallet_exposure_limit": 1.0,
          "we_multiplier_close": 0.0,
          "we_multiplier_entry": 64.38641712541202},
 "short": {"backwards_tp": true,
           "delay_between_fills_minutes_close": 894.8096573704504,
           "delay_between_fills_minutes_entry": 571.3255741388687,
           "delay_weight_close": 1.3761572277890206e-05,
           "delay_weight_entry": 9.293995934736095,
           "ema_dist_close": 0.0039031940348942663,
           "ema_dist_entry": -0.006395879563758487,
           "ema_span_0": 1114.7301896387044,
           "ema_span_1": 812.7933108132263,
           "enabled": true,
           "markup_range": 0.00902110685424737,
           "min_markup": 0.004868521873913341,
           "n_close_orders": 7,
           "qty_pct_close": 0.023782454071689815,
           "qty_pct_entry": 0.01033780833982442,
           "wallet_exposure_limit": 1.0,
           "we_multiplier_close": 0.0,
           "we_multiplier_entry": 63.92390551969176}}