{"config_name": "clock_0days",
 "long": {"backwards_tp": true,
          "delay_between_fills_minutes_close": 1356.517388704356,
          "delay_between_fills_minutes_entry": 1425.2186904592493,
          "delay_weight_close": 13.03839221906955,
          "delay_weight_entry": 13.97408350047003,
          "ema_dist_close": -0.001860958628492341,
          "ema_dist_entry": -0.001147836540502763,
          "ema_span_0": 1218.5243178768817,
          "ema_span_1": 492.76420466373753,
          "enabled": true,
          "markup_range": 0.03982239977294136,
          "min_markup": 0.0083234978097722,
          "n_close_orders": 15,
          "qty_pct_close": 0.01374853523484789,
          "qty_pct_entry": 0.010419299467263629,
          "wallet_exposure_limit": 1.0,
          "we_multiplier_close": 0.0,
          "we_multiplier_entry": 9.148525600113228},
 "short": {"backwards_tp": true,
           "delay_between_fills_minutes_close": 1344.1753713685985,
           "delay_between_fills_minutes_entry": 873.9522806793866,
           "delay_weight_close": 61.50288907263163,
           "delay_weight_entry": 7.1060576486292,
           "ema_dist_close": 0.0011878644706308046,
           "ema_dist_entry": 0.003128392057037769,
           "ema_span_0": 1231.27243438689,
           "ema_span_1": 1299.347372397517,
           "enabled": true,
           "markup_range": 0.03774406450664991,
           "min_markup": 0.00938511171866711,
           "n_close_orders": 9,
           "qty_pct_close": 0.026756365588811573,
           "qty_pct_entry": 0.01829012809847559,
           "wallet_exposure_limit": 1.0,
           "we_multiplier_close": 0.0,
           "we_multiplier_entry": 38.43838710835592}}