{"config_name": "clock_0days",
 "long": {"backwards_tp": true,
          "delay_between_fills_minutes_close": 682.6203522386184,
          "delay_between_fills_minutes_entry": 512.9040790107837,
          "delay_weight_close": 0.0,
          "delay_weight_entry": 20.144216816193726,
          "ema_dist_close": 0.004,
          "ema_dist_entry": 0.003999443124934418,
          "ema_span_0": 1068.3367463402376,
          "ema_span_1": 933.9038475747793,
          "enabled": true,
          "markup_range": 0.011968552852981953,
          "min_markup": 0.0014672085164754323,
          "n_close_orders": 2,
          "qty_pct_close": 0.045179491432806015,
          "qty_pct_entry": 0.012599214920503109,
          "wallet_exposure_limit": 1.0,
          "we_multiplier_close": 0.0,
          "we_multiplier_entry": 41.57574521069586},
 "short": {"backwards_tp": true,
           "delay_between_fills_minutes_close": 561.3281900542563,
           "delay_between_fills_minutes_entry": 811.5262429300662,
           "delay_weight_close": 0.0,
           "delay_weight_entry": 6.356819400807735,
           "ema_dist_close": 0.0035479579020354073,
           "ema_dist_entry": -0.0026979955953414245,
           "ema_span_0": 1336.6720273830624,
           "ema_span_1": 1082.4300764630461,
           "enabled": true,
           "markup_range": 0.012982520552811625,
           "min_markup": 0.003293445523133446,
           "n_close_orders": 10,
           "qty_pct_close": 0.0147731114079444,
           "qty_pct_entry": 0.014709812026390682,
           "wallet_exposure_limit": 1.0,
           "we_multiplier_close": 0.0,
           "we_multiplier_entry": 96.52152370259245}}