{"config_name": "clock_0days",
 "long": {"backwards_tp": true,
          "delay_between_fills_minutes_close": 1369.2670059801071,
          "delay_between_fills_minutes_entry": 1193.8714747710283,
          "delay_weight_close": 0.0,
          "delay_weight_entry": 6.468476822493172,
          "ema_dist_close": 0.0001800766989261773,
          "ema_dist_entry": -0.010952967485967477,
          "ema_span_0": 722.2947521373177,
          "ema_span_1": 1110.3100195586483,
          "enabled": true,
          "markup_range": 0.01586126651187934,
          "min_markup": 0.0014015143193248738,
          "n_close_orders": 12,
          "qty_pct_close": 0.010969357629011385,
          "qty_pct_entry": 0.01581875939904928,
          "wallet_exposure_limit": 1.0,
          "we_multiplier_close": 0.0,
          "we_multiplier_entry": 73.17913345081934},
 "short": {"backwards_tp": true,
           "delay_between_fills_minutes_close": 972.8567496082092,
           "delay_between_fills_minutes_entry": 903.9642117596823,
           "delay_weight_close": 0.0,
           "delay_weight_entry": 28.556988772912394,
           "ema_dist_close": 0.00399723519985721,
           "ema_dist_entry": -0.016349958594057978,
           "ema_span_0": 288.7603751636343,
           "ema_span_1": 416.8360056481556,
           "enabled": true,
           "markup_range": 0.0029668499719080095,
           "min_markup": 0.002450794702379134,
           "n_close_orders": 8,
           "qty_pct_close": 0.010000717606892718,
           "qty_pct_entry": 0.010001856952223017,
           "wallet_exposure_limit": 1.0,
           "we_multiplier_close": 0.0,
           "we_multiplier_entry": 31.913889281766075}}