{"config_name": "clock_0days",
 "long": {"backwards_tp": true,
          "delay_between_fills_minutes_close": 543.6606921442393,
          "delay_between_fills_minutes_entry": 1140.2833579040569,
          "delay_weight_close": 0.07788050485884737,
          "delay_weight_entry": 16.22349853747833,
          "ema_dist_close": 0.004,
          "ema_dist_entry": -0.010632582525478678,
          "ema_span_0": 326.4820397082109,
          "ema_span_1": 1303.3345273650223,
          "enabled": true,
          "markup_range": 0.0024923493581212918,
          "min_markup": 0.0028457890258433162,
          "n_close_orders": 15,
          "qty_pct_close": 0.010494055835177764,
          "qty_pct_entry": 0.022712396729430363,
          "wallet_exposure_limit": 1,
          "we_multiplier_close": 0,
          "we_multiplier_entry": 91.79511533062173},
 "short": {"backwards_tp": true,
           "delay_between_fills_minutes_close": 822.1026677999104,
           "delay_between_fills_minutes_entry": 711.2315847369684,
           "delay_weight_close": 0.01601788002815784,
           "delay_weight_entry": 5.350715313529996,
           "ema_dist_close": 0.003750339827467869,
           "ema_dist_entry": -0.008642644264054243,
           "ema_span_0": 511.45056786705356,
           "ema_span_1": 816.4085069616225,
           "enabled": true,
           "markup_range": 0.00671638951178521,
           "min_markup": 0.008461114726385995,
           "n_close_orders": 12,
           "qty_pct_close": 0.011334580248682998,
           "qty_pct_entry": 0.015778468361678132,
           "wallet_exposure_limit": 1,
           "we_multiplier_close": 0,
           "we_multiplier_entry": 53.09732328625883}}