{"config_name": "clock_0days",
 "long": {"backwards_tp": true,
          "delay_between_fills_minutes_close": 555.4564757021672,
          "delay_between_fills_minutes_entry": 1306.2216954336566,
          "delay_weight_close": 0.0,
          "delay_weight_entry": 13.283958616729834,
          "ema_dist_close": 0.00398506074669176,
          "ema_dist_entry": 0.00384188450631431,
          "ema_span_0": 310.4503968124957,
          "ema_span_1": 830.8606524107089,
          "enabled": true,
          "markup_range": 0.006180956974100127,
          "min_markup": 0.0033063109003099475,
          "n_close_orders": 13,
          "qty_pct_close": 0.010019963931310756,
          "qty_pct_entry": 0.030026451436962094,
          "wallet_exposure_limit": 1.0,
          "we_multiplier_close": 0.0,
          "we_multiplier_entry": 24.455738559926193},
 "short": {"backwards_tp": true,
           "delay_between_fills_minutes_close": 540.0,
           "delay_between_fills_minutes_entry": 118.21679567883481,
           "delay_weight_close": 0.0,
           "delay_weight_entry": 0,
           "ema_dist_close": 0.003926216593508892,
           "ema_dist_entry": 0.002017496638010962,
           "ema_span_0": 46.060863399445935,
           "ema_span_1": 918.7186398023538,
           "enabled": true,
           "markup_range": 0.00019472109164471893,
           "min_markup": 0.0020599298942541077,
           "n_close_orders": 2,
           "qty_pct_close": 0.020853471338084205,
           "qty_pct_entry": 0.01,
           "wallet_exposure_limit": 1.0,
           "we_multiplier_close": 0.0,
           "we_multiplier_entry": 33.787689710021354}}