{"config_name": "clock_0days",
 "long": {"backwards_tp": true,
          "delay_between_fills_minutes_close": 1373.3469410787502,
          "delay_between_fills_minutes_entry": 1025.83833452987,
          "delay_weight_close": 62.87831894657195,
          "delay_weight_entry": 14.006353985732414,
          "ema_dist_close": 0.0033255721127367108,
          "ema_dist_entry": -0.0017240171328020374,
          "ema_span_0": 273.35770817771675,
          "ema_span_1": 1329.0637200259541,
          "enabled": true,
          "markup_range": 0.039984004749559,
          "min_markup": 0.00829372261666042,
          "n_close_orders": 12,
          "qty_pct_close": 0.0320468122856484,
          "qty_pct_entry": 0.013633389756790924,
          "wallet_exposure_limit": 1,
          "we_multiplier_close": 0,
          "we_multiplier_entry": 17.587969916267937},
 "short": {"backwards_tp": true,
           "delay_between_fills_minutes_close": 561.5933878321332,
           "delay_between_fills_minutes_entry": 815.3199153080964,
           "delay_weight_close": 0.0033519813470160548,
           "delay_weight_entry": 6.375154133813964,
           "ema_dist_close": 0.003539413021801904,
           "ema_dist_entry": -0.0026746133277475593,
           "ema_span_0": 1336.5401511922694,
           "ema_span_1": 1081.6954548104286,
           "enabled": true,
           "markup_range": 0.012912925392096599,
           "min_markup": 0.003302296030950703,
           "n_close_orders": 10,
           "qty_pct_close": 0.015195447542409242,
           "qty_pct_entry": 0.014731451106780357,
           "wallet_exposure_limit": 1,
           "we_multiplier_close": 0,
           "we_multiplier_entry": 96.216240389015}}