{"config_name": "clock_0days",
 "long": {"backwards_tp": true,
          "delay_between_fills_minutes_close": 1151.7186795904781,
          "delay_between_fills_minutes_entry": 1275.4190288043362,
          "delay_weight_close": 4.805161815248329,
          "delay_weight_entry": 17.872245154887025,
          "ema_dist_close": 0.00022583878841222362,
          "ema_dist_entry": -0.0006304602296569445,
          "ema_span_0": 1386.388595921272,
          "ema_span_1": 879.6467109947707,
          "enabled": true,
          "markup_range": 0.012693252295248102,
          "min_markup": 0.009680088497147004,
          "n_close_orders": 4,
          "qty_pct_close": 0.04412496605659169,
          "qty_pct_entry": 0.015108242741687712,
          "wallet_exposure_limit": 1.0,
          "we_multiplier_close": 0.0,
          "we_multiplier_entry": 37.33669195697135},
 "short": {"backwards_tp": true,
           "delay_between_fills_minutes_close": 548.1337178848178,
           "delay_between_fills_minutes_entry": 956.3890113500923,
           "delay_weight_close": 0.041223293307299985,
           "delay_weight_entry": 10.901671976936383,
           "ema_dist_close": 0.0038043016246265796,
           "ema_dist_entry": 0.0008442932495540768,
           "ema_span_0": 43.434782505364744,
           "ema_span_1": 1176.57576677435,
           "enabled": true,
           "markup_range": 0.002492768888618967,
           "min_markup": 0.008010317350030953,
           "n_close_orders": 6,
           "qty_pct_close": 0.01026668249047656,
           "qty_pct_entry": 0.026454468384507848,
           "wallet_exposure_limit": 1.0,
           "we_multiplier_close": 0.0,
           "we_multiplier_entry": 80.92524201372305}}