{"config_name": "clock_0days",
 "long": {"backwards_tp": true,
          "delay_between_fills_minutes_close": 1295.0506949781081,
          "delay_between_fills_minutes_entry": 1296.4891037985687,
          "delay_weight_close": 11.852282312114005,
          "delay_weight_entry": 11.849952669409321,
          "ema_dist_close": 0.000919445616508581,
          "ema_dist_entry": -0.0006292911339976114,
          "ema_span_0": 1333.122332261285,
          "ema_span_1": 1297.7370863414149,
          "enabled": true,
          "markup_range": 0.008832031349701347,
          "min_markup": 0.009671658160759999,
          "n_close_orders": 11,
          "qty_pct_close": 0.011815525013894483,
          "qty_pct_entry": 0.010806151982662347,
          "wallet_exposure_limit": 1.0,
          "we_multiplier_close": 0.0,
          "we_multiplier_entry": 74.83989186634443},
 "short": {"backwards_tp": true,
           "delay_between_fills_minutes_close": 1436.649303545153,
           "delay_between_fills_minutes_entry": 602.0530581311607,
           "delay_weight_close": 83.75285240024735,
           "delay_weight_entry": 8.440654226341781,
           "ema_dist_close": 0.0012789639211232173,
           "ema_dist_entry": 0.0023188831354162606,
           "ema_span_0": 1336.2399589376057,
           "ema_span_1": 919.2597112941917,
           "enabled": true,
           "markup_range": 0.019978858411877614,
           "min_markup": 0.009596267351141517,
           "n_close_orders": 14,
           "qty_pct_close": 0.013534923938563615,
           "qty_pct_entry": 0.014358667056417293,
           "wallet_exposure_limit": 1.0,
           "we_multiplier_close": 0.0,
           "we_multiplier_entry": 86.63441476997541}}