{"config_name": "clock_0days",
 "long": {"backwards_tp": true,
          "delay_between_fills_minutes_close": 543.966091343354,
          "delay_between_fills_minutes_entry": 96.53681610435727,
          "delay_weight_close": 0.14818568392580028,
          "delay_weight_entry": 59.46411059050274,
          "ema_dist_close": 0.003456725419713502,
          "ema_dist_entry": 0.003987487477643293,
          "ema_span_0": 58.03433332492292,
          "ema_span_1": 590.7850351377606,
          "enabled": true,
          "markup_range": 0.0003042062167679685,
          "min_markup": 0.004515019489343154,
          "n_close_orders": 14,
          "qty_pct_close": 0.014165737887412773,
          "qty_pct_entry": 0.01137933424010201,
          "wallet_exposure_limit": 1,
          "we_multiplier_close": 0,
          "we_multiplier_entry": 27.210226799614567},
 "short": {"backwards_tp": true,
           "delay_between_fills_minutes_close": 1335.6982981296885,
           "delay_between_fills_minutes_entry": 969.9816708149953,
           "delay_weight_close": 12.23595810236097,
           "delay_weight_entry": 6.822971610064741,
           "ema_dist_close": 0.003524010491461262,
           "ema_dist_entry": 0.00013040856016962435,
           "ema_span_0": 1078.8628830655662,
           "ema_span_1": 715.4336386187456,
           "enabled": true,
           "markup_range": 0.028904644309318484,
           "min_markup": 0.009374622536809325,
           "n_close_orders": 4,
           "qty_pct_close": 0.016560488188429416,
           "qty_pct_entry": 0.010227817055342276,
           "wallet_exposure_limit": 1,
           "we_multiplier_close": 0,
           "we_multiplier_entry": 74.62297765084757}}