{"config_name": "clock_0days",
 "long": {"backwards_tp": true,
          "delay_between_fills_minutes_close": 544.9268353432185,
          "delay_between_fills_minutes_entry": 1131.3932769217604,
          "delay_weight_close": 0.03144880820074957,
          "delay_weight_entry": 53.11320227443352,
          "ema_dist_close": 0.002521111554386422,
          "ema_dist_entry": -0.01126577603939742,
          "ema_span_0": 1018.7468932652803,
          "ema_span_1": 1018.6821513422317,
          "enabled": true,
          "markup_range": 0.000427909103781906,
          "min_markup": 0.001852688865792476,
          "n_close_orders": 11,
          "qty_pct_close": 0.010315992534811799,
          "qty_pct_entry": 0.010015322699124328,
          "wallet_exposure_limit": 1,
          "we_multiplier_close": 0,
          "we_multiplier_entry": 46.401657858483404},
 "short": {"backwards_tp": true,
           "delay_between_fills_minutes_close": 1326.4301861772713,
           "delay_between_fills_minutes_entry": 1008.9158572296813,
           "delay_weight_close": 7.287902767305461,
           "delay_weight_entry": 12.873924315473776,
           "ema_dist_close": -0.0005684158432135953,
           "ema_dist_entry": 0.0016433709533623844,
           "ema_span_0": 1262.1659504174256,
           "ema_span_1": 722.1552700765899,
           "enabled": true,
           "markup_range": 0.03844681489724242,
           "min_markup": 0.009930727774019371,
           "n_close_orders": 11,
           "qty_pct_close": 0.03746888251126818,
           "qty_pct_entry": 0.01038976637736667,
           "wallet_exposure_limit": 1,
           "we_multiplier_close": 0,
           "we_multiplier_entry": 38.40852670563969}}