{"config_name": "clock_0days",
 "long": {"backwards_tp": true,
          "delay_between_fills_minutes_close": 868.633403053064,
          "delay_between_fills_minutes_entry": 1283.73938825215,
          "delay_weight_close": 1.8160089072247674,
          "delay_weight_entry": 20.060504127220277,
          "ema_dist_close": 0.00293531777905591,
          "ema_dist_entry": -0.010734925554425796,
          "ema_span_0": 657.56907082522,
          "ema_span_1": 124.32610656979466,
          "enabled": true,
          "markup_range": 0.002278149086560251,
          "min_markup": 0.006520649865017354,
          "n_close_orders": 15,
          "qty_pct_close": 0.014308381863795983,
          "qty_pct_entry": 0.010043639905089245,
          "wallet_exposure_limit": 1,
          "we_multiplier_close": 0,
          "we_multiplier_entry": 70.72888900293033},
 "short": {"backwards_tp": true,
           "delay_between_fills_minutes_close": 1368.8466106500682,
           "delay_between_fills_minutes_entry": 362.1100754386164,
           "delay_weight_close": 16.988257538952976,
           "delay_weight_entry": 25.2352024531249,
           "ema_dist_close": 0.00205965351225655,
           "ema_dist_entry": -0.0021842799342857667,
           "ema_span_0": 29.074102786512604,
           "ema_span_1": 1054.2549240380595,
           "enabled": true,
           "markup_range": 0.0020635499916578817,
           "min_markup": 0.008020423568876599,
           "n_close_orders": 7,
           "qty_pct_close": 0.03334480815727027,
           "qty_pct_entry": 0.010026919874705022,
           "wallet_exposure_limit": 1,
           "we_multiplier_close": 0,
           "we_multiplier_entry": 48.03347191130436}}