{"config_name": "clock_0days",
 "long": {"backwards_tp": true,
          "delay_between_fills_minutes_close": 617.4626087052461,
          "delay_between_fills_minutes_entry": 1177.3792719981668,
          "delay_weight_close": 0.0,
          "delay_weight_entry": 19.812212034887576,
          "ema_dist_close": 0.003999880050553001,
          "ema_dist_entry": 0.0039885826397488095,
          "ema_span_0": 40.77652003505795,
          "ema_span_1": 1049.4410751831806,
          "enabled": true,
          "markup_range": 0.01768102910688447,
          "min_markup": 0.006932690029619764,
          "n_close_orders": 15,
          "qty_pct_close": 0.010268836159571498,
          "qty_pct_entry": 0.01125265180847828,
          "wallet_exposure_limit": 1.0,
          "we_multiplier_close": 0.0,
          "we_multiplier_entry": 0.6703062620716125},
 "short": {"backwards_tp": true,
           "delay_between_fills_minutes_close": 785.4824714460369,
           "delay_between_fills_minutes_entry": 1063.1691323649302,
           "delay_weight_close": 0.0,
           "delay_weight_entry": 10.858553177959287,
           "ema_dist_close": 0.0018279991091332203,
           "ema_dist_entry": -0.044964018169578,
           "ema_span_0": 269.2927099080512,
           "ema_span_1": 1211.2803770853586,
           "enabled": true,
           "markup_range": 0.012213439768505302,
           "min_markup": 0.005840369710885383,
           "n_close_orders": 9,
           "qty_pct_close": 0.01642507857379542,
           "qty_pct_entry": 0.012266129166603669,
           "wallet_exposure_limit": 1.0,
           "we_multiplier_close": 0.0,
           "we_multiplier_entry": 98.5774040995669}}