{"config_name": "clock_0days",
 "long": {"backwards_tp": true,
          "delay_between_fills_minutes_close": 669.0753498673201,
          "delay_between_fills_minutes_entry": 872.3338305899293,
          "delay_weight_close": 69.03924204379834,
          "delay_weight_entry": 12.581717056292847,
          "ema_dist_close": -0.0007710212133192087,
          "ema_dist_entry": 0.001648615559628395,
          "ema_span_0": 698.8779185036908,
          "ema_span_1": 1245.634564330187,
          "enabled": true,
          "markup_range": 0.037165593989232415,
          "min_markup": 0.007395108253374686,
          "n_close_orders": 12,
          "qty_pct_close": 0.011338234579141534,
          "qty_pct_entry": 0.010003221598355259,
          "wallet_exposure_limit": 1.0,
          "we_multiplier_close": 0.0,
          "we_multiplier_entry": 43.888984605183786},
 "short": {"backwards_tp": true,
           "delay_between_fills_minutes_close": 803.9343052619911,
           "delay_between_fills_minutes_entry": 286.4158963597093,
           "delay_weight_close": 30.6306743683359,
           "delay_weight_entry": 0,
           "ema_dist_close": 0.00307289409606359,
           "ema_dist_entry": -0.0011336919562707026,
           "ema_span_0": 775.8848335508623,
           "ema_span_1": 1340.2256932971663,
           "enabled": true,
           "markup_range": 0.002110857507204673,
           "min_markup": 0.008312791642852563,
           "n_close_orders": 16,
           "qty_pct_close": 0.013836078886136603,
           "qty_pct_entry": 0.010035292846102498,
           "wallet_exposure_limit": 1.0,
           "we_multiplier_close": 0.0,
           "we_multiplier_entry": 47.96788602719671}}