{"config_name": "clock_0days",
 "long": {"backwards_tp": true,
          "delay_between_fills_minutes_close": 1431.7819562595255,
          "delay_between_fills_minutes_entry": 827.3074478619355,
          "delay_weight_close": 12.574056795897434,
          "delay_weight_entry": 17.04951066718085,
          "ema_dist_close": -0.0005343013296518866,
          "ema_dist_entry": 0.0038251561922223775,
          "ema_span_0": 1440,
          "ema_span_1": 1111.9726112436276,
          "enabled": true,
          "markup_range": 0.0077656285481487106,
          "min_markup": 0.0079135718090251,
          "n_close_orders": 14,
          "qty_pct_close": 0.042409199070357805,
          "qty_pct_entry": 0.01440937576059139,
          "wallet_exposure_limit": 1.0,
          "we_multiplier_close": 0.0,
          "we_multiplier_entry": 38.90671017971034},
 "short": {"backwards_tp": true,
           "delay_between_fills_minutes_close": 1376.65031182894,
           "delay_between_fills_minutes_entry": 769.1739744163006,
           "delay_weight_close": 73.39533819975861,
           "delay_weight_entry": 10.302426329910595,
           "ema_dist_close": 0.004,
           "ema_dist_entry": -0.011988352737330427,
           "ema_span_0": 1436.5189604217182,
           "ema_span_1": 14.674979209003338,
           "enabled": true,
           "markup_range": 0.012911108223082496,
           "min_markup": 0.008384190549418889,
           "n_close_orders": 14,
           "qty_pct_close": 0.016335692652871932,
           "qty_pct_entry": 0.011934356447268663,
           "wallet_exposure_limit": 1.0,
           "we_multiplier_close": 0.0,
           "we_multiplier_entry": 35.78639583301733}}