{"config_name": "clock_0days",
 "long": {"backwards_tp": true,
          "delay_between_fills_minutes_close": 727.7235468502809,
          "delay_between_fills_minutes_entry": 893.0561309054592,
          "delay_weight_close": 0.0,
          "delay_weight_entry": 21.56814083314193,
          "ema_dist_close": -0.003019889165768188,
          "ema_dist_entry": -0.009793662645796092,
          "ema_span_0": 1248.0526559975979,
          "ema_span_1": 399.1426263955522,
          "enabled": true,
          "markup_range": 0.02922257267774407,
          "min_markup": 0.00432234804597641,
          "n_close_orders": 15,
          "qty_pct_close": 0.03022194460857368,
          "qty_pct_entry": 0.010638674163444542,
          "wallet_exposure_limit": 1.0,
          "we_multiplier_close": 0.0,
          "we_multiplier_entry": 22.08621910876947},
 "short": {"backwards_tp": true,
           "delay_between_fills_minutes_close": 542.105791275144,
           "delay_between_fills_minutes_entry": 586.0846032418365,
           "delay_weight_close": 0.0,
           "delay_weight_entry": 17.870593241092543,
           "ema_dist_close": 0.003956379119853938,
           "ema_dist_entry": -7.347880387871237e-05,
           "ema_span_0": 295.2977918955889,
           "ema_span_1": 1389.1375510713997,
           "enabled": true,
           "markup_range": 0.007042748668279623,
           "min_markup": 0.004724197974201875,
           "n_close_orders": 13,
           "qty_pct_close": 0.01304145122205885,
           "qty_pct_entry": 0.025459886484277723,
           "wallet_exposure_limit": 1.0,
           "we_multiplier_close": 0.0,
           "we_multiplier_entry": 13.35915645132552}}