{"config_name": "clock_0days",
 "long": {"backwards_tp": true,
          "delay_between_fills_minutes_close": 581.6209085053247,
          "delay_between_fills_minutes_entry": 1303.3597723777016,
          "delay_weight_close": 2.760248854700182,
          "delay_weight_entry": 21.683962754643535,
          "ema_dist_close": -0.002454465089699179,
          "ema_dist_entry": 0.0037717184805077177,
          "ema_span_0": 738.8336665127806,
          "ema_span_1": 694.6461589505581,
          "enabled": true,
          "markup_range": 0.02526833508102989,
          "min_markup": 0.005319849126339225,
          "n_close_orders": 3,
          "qty_pct_close": 0.04605396687615464,
          "qty_pct_entry": 0.01789866197291521,
          "wallet_exposure_limit": 1.0,
          "we_multiplier_close": 0.0,
          "we_multiplier_entry": 46.972353397042035},
 "short": {"backwards_tp": true,
           "delay_between_fills_minutes_close": 919.8783284350151,
           "delay_between_fills_minutes_entry": 272.5422399040919,
           "delay_weight_close": 0.7136796115409957,
           "delay_weight_entry": 34.27722812871516,
           "ema_dist_close": 0.0039867518005584105,
           "ema_dist_entry": 0.004,
           "ema_span_0": 337.15289534013107,
           "ema_span_1": 1170.5545166290105,
           "enabled": true,
           "markup_range": 0.0015264380911350615,
           "min_markup": 0.007523986288974675,
           "n_close_orders": 2,
           "qty_pct_close": 0.03543840661606165,
           "qty_pct_entry": 0.010212709675962611,
           "wallet_exposure_limit": 1.0,
           "we_multiplier_close": 0.0,
           "we_multiplier_entry": 0.7395940045622384}}