{"config_name": "clock_0days",
 "long": {"backwards_tp": true,
          "delay_between_fills_minutes_close": 623.0787750193177,
          "delay_between_fills_minutes_entry": 1284.4167151854722,
          "delay_weight_close": 0.0,
          "delay_weight_entry": 32.19725552515589,
          "ema_dist_close": 0.003516702022537889,
          "ema_dist_entry": -0.0013550661182337865,
          "ema_span_0": 760.4340969304722,
          "ema_span_1": 861.2631304605145,
          "enabled": true,
          "markup_range": 0.011346223173906577,
          "min_markup": 0.00244770641941054,
          "n_close_orders": 7,
          "qty_pct_close": 0.010819146193420556,
          "qty_pct_entry": 0.014923124586774618,
          "wallet_exposure_limit": 1.0,
          "we_multiplier_close": 0.0,
          "we_multiplier_entry": 66.14626744822444},
 "short": {"backwards_tp": true,
           "delay_between_fills_minutes_close": 678.1457154656863,
           "delay_between_fills_minutes_entry": 434.14057294473173,
           "delay_weight_close": 0.0,
           "delay_weight_entry": 19.718791218477172,
           "ema_dist_close": 0.0009122314828992028,
           "ema_dist_entry": -0.005428739526857833,
           "ema_span_0": 522.7347636787408,
           "ema_span_1": 621.1486689661413,
           "enabled": true,
           "markup_range": 0.00493934026980858,
           "min_markup": 0.0030099780386365097,
           "n_close_orders": 13,
           "qty_pct_close": 0.01618551645953165,
           "qty_pct_entry": 0.015269173911546351,
           "wallet_exposure_limit": 1.0,
           "we_multiplier_close": 0.0,
           "we_multiplier_entry": 72.60332283873092}}