{"config_name": "clock_0days",
 "long": {"backwards_tp": true,
          "delay_between_fills_minutes_close": 641.4354007915673,
          "delay_between_fills_minutes_entry": 1091.1831965119013,
          "delay_weight_close": 0.0,
          "delay_weight_entry": 9.54287562076666,
          "ema_dist_close": 0.003996960701378983,
          "ema_dist_entry": 0.003986416933387774,
          "ema_span_0": 384.71391293903815,
          "ema_span_1": 659.579661576652,
          "enabled": true,
          "markup_range": 0.0071064049477439365,
          "min_markup": 0.009990651793412962,
          "n_close_orders": 13,
          "qty_pct_close": 0.010000001283007705,
          "qty_pct_entry": 0.01839567269315042,
          "wallet_exposure_limit": 1.0,
          "we_multiplier_close": 0.0,
          "we_multiplier_entry": 87.0674918756513},
 "short": {"backwards_tp": true,
           "delay_between_fills_minutes_close": 540.0835531423207,
           "delay_between_fills_minutes_entry": 1369.7393874383608,
           "delay_weight_close": 0.0,
           "delay_weight_entry": 9.127092980100453,
           "ema_dist_close": 0.003999172871715427,
           "ema_dist_entry": -0.012709853316666646,
           "ema_span_0": 858.9295711177483,
           "ema_span_1": 1379.4033908440147,
           "enabled": true,
           "markup_range": 0.010748145408879294,
           "min_markup": 0.0058437654220564236,
           "n_close_orders": 2,
           "qty_pct_close": 0.011407555583928511,
           "qty_pct_entry": 0.03641034619489616,
           "wallet_exposure_limit": 1.0,
           "we_multiplier_close": 0.0,
           "we_multiplier_entry": 56.5082463856833}}