{"config_name": "clock_0days",
 "long": {"backwards_tp": true,
          "delay_between_fills_minutes_close": 675.0789913102868,
          "delay_between_fills_minutes_entry": 329.68450270603546,
          "delay_weight_close": 0.0,
          "delay_weight_entry": 19.895967756804694,
          "ema_dist_close": 0.00326743948160643,
          "ema_dist_entry": 0.003419385592431945,
          "ema_span_0": 811.4512685328341,
          "ema_span_1": 1295.0445924593948,
          "enabled": true,
          "markup_range": 0.00344280083786549,
          "min_markup": 0.001904909307222509,
          "n_close_orders": 10,
          "qty_pct_close": 0.040536622856019715,
          "qty_pct_entry": 0.03603725873012919,
          "wallet_exposure_limit": 1.0,
          "we_multiplier_close": 0.0,
          "we_multiplier_entry": 14.969356975135797},
 "short": {"backwards_tp": true,
           "delay_between_fills_minutes_close": 550.7802234057766,
           "delay_between_fills_minutes_entry": 759.2644475712161,
           "delay_weight_close": 0.0,
           "delay_weight_entry": 11.449966739357057,
           "ema_dist_close": 0.0029581677185756693,
           "ema_dist_entry": -0.004884410608829039,
           "ema_span_0": 1183.106229951995,
           "ema_span_1": 771.0386319300331,
           "enabled": true,
           "markup_range": 0.0014444022447791245,
           "min_markup": 0.006700467179464827,
           "n_close_orders": 12,
           "qty_pct_close": 0.012912461327969773,
           "qty_pct_entry": 0.012262134328823828,
           "wallet_exposure_limit": 1.0,
           "we_multiplier_close": 0.0,
           "we_multiplier_entry": 92.55674152631214}}