{"config_name": "clock_0days",
 "long": {"backwards_tp": true,
          "delay_between_fills_minutes_close": 605.0472257614053,
          "delay_between_fills_minutes_entry": 461.6421471239337,
          "delay_weight_close": 0.438565018069344,
          "delay_weight_entry": 8.690837478221987,
          "ema_dist_close": 0.003882844099817483,
          "ema_dist_entry": -0.003003409782302654,
          "ema_span_0": 1278.1160256123555,
          "ema_span_1": 234.42081705488192,
          "enabled": true,
          "markup_range": 0.007413159133943375,
          "min_markup": 0.006589343864007206,
          "n_close_orders": 11,
          "qty_pct_close": 0.010631296708834805,
          "qty_pct_entry": 0.011455624812797535,
          "wallet_exposure_limit": 1.0,
          "we_multiplier_close": 0.0,
          "we_multiplier_entry": 16.19037654930652},
 "short": {"backwards_tp": true,
           "delay_between_fills_minutes_close": 1255.0392020262982,
           "delay_between_fills_minutes_entry": 974.7103062448657,
           "delay_weight_close": 92.095489690789,
           "delay_weight_entry": 12.82897505270421,
           "ema_dist_close": -0.0007733616792515551,
           "ema_dist_entry": -0.008670841631126382,
           "ema_span_0": 1359.1403863459232,
           "ema_span_1": 985.4491705379916,
           "enabled": true,
           "markup_range": 0.011471098074425022,
           "min_markup": 0.008651281728121595,
           "n_close_orders": 7,
           "qty_pct_close": 0.020022417445135346,
           "qty_pct_entry": 0.017378565062644232,
           "wallet_exposure_limit": 1.0,
           "we_multiplier_close": 0.0,
           "we_multiplier_entry": 45.326224843426225}}