{"config_name": "clock_0days",
 "long": {"backwards_tp": true,
          "delay_between_fills_minutes_close": 602.1914418023196,
          "delay_between_fills_minutes_entry": 463.44806961312094,
          "delay_weight_close": 0.0,
          "delay_weight_entry": 8.7553698552934,
          "ema_dist_close": 0.003926394582578975,
          "ema_dist_entry": -0.002812209677738738,
          "ema_span_0": 1295.5960634166977,
          "ema_span_1": 242.06218390511745,
          "enabled": true,
          "markup_range": 0.007647182337405519,
          "min_markup": 0.007234628071238133,
          "n_close_orders": 11,
          "qty_pct_close": 0.01000382036699981,
          "qty_pct_entry": 0.011491735214090715,
          "wallet_exposure_limit": 1.0,
          "we_multiplier_close": 0.0,
          "we_multiplier_entry": 15.880631847415948},
 "short": {"backwards_tp": true,
           "delay_between_fills_minutes_close": 627.2115669621147,
           "delay_between_fills_minutes_entry": 668.9067736212806,
           "delay_weight_close": 0.0,
           "delay_weight_entry": 24.067954431004146,
           "ema_dist_close": 0.0036985213242238225,
           "ema_dist_entry": -0.04234919331471032,
           "ema_span_0": 1186.816431586011,
           "ema_span_1": 594.4134045624722,
           "enabled": true,
           "markup_range": 0.0032511926813161185,
           "min_markup": 0.006144705011412205,
           "n_close_orders": 13,
           "qty_pct_close": 0.014719087919251347,
           "qty_pct_entry": 0.010501985715818628,
           "wallet_exposure_limit": 1.0,
           "we_multiplier_close": 0.0,
           "we_multiplier_entry": 72.04689992369536}}