{"config_name": "clock_0days",
 "long": {"backwards_tp": true,
          "delay_between_fills_minutes_close": 611.8472174321304,
          "delay_between_fills_minutes_entry": 1348.351310543866,
          "delay_weight_close": 0.0005722780129249379,
          "delay_weight_entry": 12.553167226858651,
          "ema_dist_close": 0.003923468465022305,
          "ema_dist_entry": -0.003670725419199173,
          "ema_span_0": 685.2404370977532,
          "ema_span_1": 1141.6904684922195,
          "enabled": true,
          "markup_range": 0.014112218700855479,
          "min_markup": 0.007213700953470872,
          "n_close_orders": 6,
          "qty_pct_close": 0.010074401086728696,
          "qty_pct_entry": 0.010033982813977944,
          "wallet_exposure_limit": 1,
          "we_multiplier_close": 0,
          "we_multiplier_entry": 54.51300768823448},
 "short": {"backwards_tp": true,
           "delay_between_fills_minutes_close": 1263.5847057538026,
           "delay_between_fills_minutes_entry": 329.68015333497397,
           "delay_weight_close": 34.28559819121663,
           "delay_weight_entry": 16.705523655269353,
           "ema_dist_close": -0.0012387071041825755,
           "ema_dist_entry": 0.000755919762059122,
           "ema_span_0": 1439.8296021950734,
           "ema_span_1": 181.1737503855322,
           "enabled": true,
           "markup_range": 0.004389490679357972,
           "min_markup": 0.009981770353570682,
           "n_close_orders": 7,
           "qty_pct_close": 0.011546349604790588,
           "qty_pct_entry": 0.010016114399668043,
           "wallet_exposure_limit": 1,
           "we_multiplier_close": 0,
           "we_multiplier_entry": 52.69274298747384}}