{"config_name": "clock_0days",
 "long": {"backwards_tp": true,
          "delay_between_fills_minutes_close": 543.9403224365791,
          "delay_between_fills_minutes_entry": 1271.2546345912313,
          "delay_weight_close": 0,
          "delay_weight_entry": 13.450673673126865,
          "ema_dist_close": 0.003781797367739953,
          "ema_dist_entry": 0.00023957545158055069,
          "ema_span_0": 904.9232455265388,
          "ema_span_1": 1357.6421684039417,
          "enabled": true,
          "markup_range": 0.006981437940416558,
          "min_markup": 0.007007206778864435,
          "n_close_orders": 6,
          "qty_pct_close": 0.010018348343760815,
          "qty_pct_entry": 0.02637009328609567,
          "wallet_exposure_limit": 1,
          "we_multiplier_close": 0,
          "we_multiplier_entry": 13.385043829230662},
 "short": {"backwards_tp": true,
           "delay_between_fills_minutes_close": 540.2764188107467,
           "delay_between_fills_minutes_entry": 144.4202092929474,
           "delay_weight_close": 0.0,
           "delay_weight_entry": 7.399532078763946,
           "ema_dist_close": 0.001670519223061618,
           "ema_dist_entry": -0.002171464021475371,
           "ema_span_0": 981.9493043099541,
           "ema_span_1": 457.8012440090748,
           "enabled": true,
           "markup_range": 0.00584741158987442,
           "min_markup": 0.004662303884409145,
           "n_close_orders": 2,
           "qty_pct_close": 0.010011450471698434,
           "qty_pct_entry": 0.010000012536261654,
           "wallet_exposure_limit": 1.0,
           "we_multiplier_close": 0.0,
           "we_multiplier_entry": 10.772954399580911}}