{"config_name": "clock_0days",
 "long": {"backwards_tp": true,
          "delay_between_fills_minutes_close": 949.0757318236165,
          "delay_between_fills_minutes_entry": 1388.0172255598977,
          "delay_weight_close": 32.89712889679982,
          "delay_weight_entry": 13.479231480077283,
          "ema_dist_close": 0.003931178065392846,
          "ema_dist_entry": -0.007317844525645344,
          "ema_span_0": 1182.465249531703,
          "ema_span_1": 1172.9382114545272,
          "enabled": true,
          "markup_range": 0.027135611358941054,
          "min_markup": 0.00614992915716643,
          "n_close_orders": 12,
          "qty_pct_close": 0.011618093491129043,
          "qty_pct_entry": 0.012368061582587535,
          "wallet_exposure_limit": 1.0,
          "we_multiplier_close": 0.0,
          "we_multiplier_entry": 31.375883754894915},
 "short": {"backwards_tp": true,
           "delay_between_fills_minutes_close": 1438.4336986394355,
           "delay_between_fills_minutes_entry": 609.5196204968182,
           "delay_weight_close": 2.1904883261692194,
           "delay_weight_entry": 25.4185758157985,
           "ema_dist_close": 0.003966104474330959,
           "ema_dist_entry": 0.0027290289244765523,
           "ema_span_0": 356.91072442166825,
           "ema_span_1": 1432.6205294768458,
           "enabled": true,
           "markup_range": 0.00594396522078514,
           "min_markup": 0.005225190360149258,
           "n_close_orders": 7,
           "qty_pct_close": 0.0361926998237392,
           "qty_pct_entry": 0.01001879466145223,
           "wallet_exposure_limit": 1.0,
           "we_multiplier_close": 0.0,
           "we_multiplier_entry": 17.881227849629553}}