{"config_name": "clock_0days",
 "long": {"backwards_tp": true,
          "delay_between_fills_minutes_close": 817.3636388552865,
          "delay_between_fills_minutes_entry": 607.384448755567,
          "delay_weight_close": 0.0,
          "delay_weight_entry": 29.380141369165152,
          "ema_dist_close": 0.002676810021734025,
          "ema_dist_entry": 0.0031114882237897067,
          "ema_span_0": 528.3858680384403,
          "ema_span_1": 286.2534617579672,
          "enabled": true,
          "markup_range": 0.004119261034914247,
          "min_markup": 0.003511738984826798,
          "n_close_orders": 2,
          "qty_pct_close": 0.04411469422033208,
          "qty_pct_entry": 0.01669327274659925,
          "wallet_exposure_limit": 1.0,
          "we_multiplier_close": 0.0,
          "we_multiplier_entry": 43.502160273606044},
 "short": {"backwards_tp": true,
           "delay_between_fills_minutes_close": 540.0792751934031,
           "delay_between_fills_minutes_entry": 576.9269948023837,
           "delay_weight_close": 0.0,
           "delay_weight_entry": 4.6611882489218575,
           "ema_dist_close": 0.0037140339144184397,
           "ema_dist_entry": -0.008153684909610034,
           "ema_span_0": 1358.116103672846,
           "ema_span_1": 1041.5629732346274,
           "enabled": true,
           "markup_range": 0.011189069639231936,
           "min_markup": 0.0052369939634915996,
           "n_close_orders": 8,
           "qty_pct_close": 0.014645840460302678,
           "qty_pct_entry": 0.010454736972992257,
           "wallet_exposure_limit": 1.0,
           "we_multiplier_close": 0.0,
           "we_multiplier_entry": 51.80953281479153}}