{"config_name": "clock_0days",
 "long": {"backwards_tp": true,
          "delay_between_fills_minutes_close": 1104.1776791335458,
          "delay_between_fills_minutes_entry": 1423.0428007888768,
          "delay_weight_close": 8.762028471220175,
          "delay_weight_entry": 12.693719404965403,
          "ema_dist_close": -0.0012817319156371166,
          "ema_dist_entry": 0.0030590039897767708,
          "ema_span_0": 1342.6306122499916,
          "ema_span_1": 975.7677750445137,
          "enabled": true,
          "markup_range": 0.018191533751258832,
          "min_markup": 0.00730358084719293,
          "n_close_orders": 13,
          "qty_pct_close": 0.01,
          "qty_pct_entry": 0.01,
          "wallet_exposure_limit": 1,
          "we_multiplier_close": 0,
          "we_multiplier_entry": 40.75643749565974},
 "short": {"backwards_tp": true,
           "delay_between_fills_minutes_close": 803.9343052619911,
           "delay_between_fills_minutes_entry": 286.4158963597093,
           "delay_weight_close": 30.6306743683359,
           "delay_weight_entry": 0,
           "ema_dist_close": 0.00307289409606359,
           "ema_dist_entry": -0.0011336919562707026,
           "ema_span_0": 775.8848335508623,
           "ema_span_1": 1340.2256932971663,
           "enabled": true,
           "markup_range": 0.002110857507204673,
           "min_markup": 0.008312791642852563,
           "n_close_orders": 16,
           "qty_pct_close": 0.013836078886136603,
           "qty_pct_entry": 0.010035292846102498,
           "wallet_exposure_limit": 1,
           "we_multiplier_close": 0,
           "we_multiplier_entry": 47.96788602719671}}