{"config_name": "clock_0days",
 "long": {"backwards_tp": true,
          "delay_between_fills_minutes_close": 1111.3503462831075,
          "delay_between_fills_minutes_entry": 1354.4564642414184,
          "delay_weight_close": 47.58841069661911,
          "delay_weight_entry": 14.39903587732481,
          "ema_dist_close": 0.00222964043210601,
          "ema_dist_entry": 0.003336919992398846,
          "ema_span_0": 1377.1054017061529,
          "ema_span_1": 1071.4074704479408,
          "enabled": true,
          "markup_range": 0.03972476487823204,
          "min_markup": 0.00964688478479357,
          "n_close_orders": 11,
          "qty_pct_close": 0.04200030058308408,
          "qty_pct_entry": 0.019288569583133606,
          "wallet_exposure_limit": 1,
          "we_multiplier_close": 0,
          "we_multiplier_entry": 12.486988454776379},
 "short": {"backwards_tp": true,
           "delay_between_fills_minutes_close": 560.5931402599704,
           "delay_between_fills_minutes_entry": 602.6263908426447,
           "delay_weight_close": 0,
           "delay_weight_entry": 4.262377218200144,
           "ema_dist_close": 0.0003330882048957691,
           "ema_dist_entry": 0.0007744799670271916,
           "ema_span_0": 1224.2265151245422,
           "ema_span_1": 748.6917135754038,
           "enabled": true,
           "markup_range": 0.0007845188111147474,
           "min_markup": 0.005991331291668846,
           "n_close_orders": 5,
           "qty_pct_close": 0.018326445144771216,
           "qty_pct_entry": 0.027503230593565898,
           "wallet_exposure_limit": 1,
           "we_multiplier_close": 0,
           "we_multiplier_entry": 82.82695864984804}}