{"config_name": "clock_0days",
 "long": {"backwards_tp": true,
          "delay_between_fills_minutes_close": 762.2808784731295,
          "delay_between_fills_minutes_entry": 1308.6987696600727,
          "delay_weight_close": 0.0019676649167895545,
          "delay_weight_entry": 22.523246922473543,
          "ema_dist_close": 0.003966277863679441,
          "ema_dist_entry": 0.0003552726024204784,
          "ema_span_0": 634.1862496955854,
          "ema_span_1": 1026.223216861124,
          "enabled": true,
          "markup_range": 0.001559051168781965,
          "min_markup": 0.009955500190230867,
          "n_close_orders": 2,
          "qty_pct_close": 0.011180261867279025,
          "qty_pct_entry": 0.011058315596487253,
          "wallet_exposure_limit": 1.0,
          "we_multiplier_close": 0.0,
          "we_multiplier_entry": 48.68652036319639},
 "short": {"backwards_tp": true,
           "delay_between_fills_minutes_close": 980.5705622606827,
           "delay_between_fills_minutes_entry": 1135.4796311097093,
           "delay_weight_close": 0.001642132364238143,
           "delay_weight_entry": 13.570225123904548,
           "ema_dist_close": 0.0038451173660318467,
           "ema_dist_entry": -0.004488649341544535,
           "ema_span_0": 1115.0753438038319,
           "ema_span_1": 597.8280982116679,
           "enabled": true,
           "markup_range": 0.0006715390249121093,
           "min_markup": 0.007383009750986913,
           "n_close_orders": 6,
           "qty_pct_close": 0.012181531816219894,
           "qty_pct_entry": 0.01625292189188469,
           "wallet_exposure_limit": 1.0,
           "we_multiplier_close": 0.0,
           "we_multiplier_entry": 99.9922143053392}}