{"config_name": "clock_0days",
 "long": {"backwards_tp": true,
          "delay_between_fills_minutes_close": 1169.47340641488,
          "delay_between_fills_minutes_entry": 1214.0787587936509,
          "delay_weight_close": 32.8338397733055,
          "delay_weight_entry": 7.848669683342697,
          "ema_dist_close": 0.0028400448333556565,
          "ema_dist_entry": 0.000635159343699631,
          "ema_span_0": 1116.505692791662,
          "ema_span_1": 634.861595820828,
          "enabled": true,
          "markup_range": 0.03938419090500395,
          "min_markup": 0.008267338747906264,
          "n_close_orders": 11,
          "qty_pct_close": 0.044342149337869785,
          "qty_pct_entry": 0.010495933951967963,
          "wallet_exposure_limit": 1,
          "we_multiplier_close": 0,
          "we_multiplier_entry": 85.44627017607884},
 "short": {"backwards_tp": true,
           "delay_between_fills_minutes_close": 881.6813065359169,
           "delay_between_fills_minutes_entry": 1431.729618558161,
           "delay_weight_close": 0.005061891380900797,
           "delay_weight_entry": 17.303311982062013,
           "ema_dist_close": -0.0035779194523177195,
           "ema_dist_entry": 0.0022606283555780754,
           "ema_span_0": 1169.383426357285,
           "ema_span_1": 1044.3242707299396,
           "enabled": true,
           "markup_range": 0.03999822586883846,
           "min_markup": 0.006297689296688784,
           "n_close_orders": 14,
           "qty_pct_close": 0.017795880382350356,
           "qty_pct_entry": 0.01134313854842103,
           "wallet_exposure_limit": 1,
           "we_multiplier_close": 0,
           "we_multiplier_entry": 44.67772906523426}}