{"config_name": "clock_0days",
 "long": {"backwards_tp": true,
          "delay_between_fills_minutes_close": 709.9261093165685,
          "delay_between_fills_minutes_entry": 817.1835073983841,
          "delay_weight_close": 3.666231000821924e-05,
          "delay_weight_entry": 46.060823675908274,
          "ema_dist_close": 0.002531972260970731,
          "ema_dist_entry": 0.0028369325003235915,
          "ema_span_0": 208.02945386405594,
          "ema_span_1": 350.8262562966502,
          "enabled": true,
          "markup_range": 0.00041926449800278476,
          "min_markup": 0.0041069846823804405,
          "n_close_orders": 10,
          "qty_pct_close": 0.011081970988724134,
          "qty_pct_entry": 0.011018917688189156,
          "wallet_exposure_limit": 1,
          "we_multiplier_close": 0,
          "we_multiplier_entry": 18.6186855251626},
 "short": {"backwards_tp": true,
           "delay_between_fills_minutes_close": 1413.7126410936091,
           "delay_between_fills_minutes_entry": 771.288247323637,
           "delay_weight_close": 9.974790514756808,
           "delay_weight_entry": 5.103836140198686,
           "ema_dist_close": 0.001704187674792159,
           "ema_dist_entry": -0.011634464237561192,
           "ema_span_0": 1316.2887307584404,
           "ema_span_1": 397.8085751189282,
           "enabled": true,
           "markup_range": 0.020202394554187472,
           "min_markup": 0.008109957723629553,
           "n_close_orders": 5,
           "qty_pct_close": 0.013539557219822813,
           "qty_pct_entry": 0.01,
           "wallet_exposure_limit": 1,
           "we_multiplier_close": 0,
           "we_multiplier_entry": 35.824051015534984}}