{"config_name": "clock_0days",
 "long": {"backwards_tp": true,
          "delay_between_fills_minutes_close": 673.4171384332074,
          "delay_between_fills_minutes_entry": 1025.6929431384738,
          "delay_weight_close": 10.405667100695668,
          "delay_weight_entry": 8.514082547103557,
          "ema_dist_close": 0.00013456196409106894,
          "ema_dist_entry": 0.0006194955231406894,
          "ema_span_0": 1438.668038715138,
          "ema_span_1": 236.83769614019442,
          "enabled": true,
          "markup_range": 0.03792768936421108,
          "min_markup": 0.008071456391199766,
          "n_close_orders": 4,
          "qty_pct_close": 0.049900156462293,
          "qty_pct_entry": 0.01000125700959904,
          "wallet_exposure_limit": 1,
          "we_multiplier_close": 0,
          "we_multiplier_entry": 47.32838516149999},
 "short": {"backwards_tp": true,
           "delay_between_fills_minutes_close": 830.5787444925601,
           "delay_between_fills_minutes_entry": 276.2398611862112,
           "delay_weight_close": 87.94601842386218,
           "delay_weight_entry": 2.745494456149172,
           "ema_dist_close": -0.0002516996471599385,
           "ema_dist_entry": -0.007000287863225859,
           "ema_span_0": 1291.398487761549,
           "ema_span_1": 482.73181142999834,
           "enabled": true,
           "markup_range": 0.004314134802490879,
           "min_markup": 0.006697512020746903,
           "n_close_orders": 2,
           "qty_pct_close": 0.01450796303293186,
           "qty_pct_entry": 0.010002657338848923,
           "wallet_exposure_limit": 1,
           "we_multiplier_close": 0,
           "we_multiplier_entry": 77.73118254136897}}