{"config_name": "clock_0days",
 "long": {"backwards_tp": true,
          "delay_between_fills_minutes_close": 583.6770094039084,
          "delay_between_fills_minutes_entry": 430.19595434445677,
          "delay_weight_close": 0.0,
          "delay_weight_entry": 13.828015551860792,
          "ema_dist_close": 0.00048081015804136133,
          "ema_dist_entry": 0.003369446921249518,
          "ema_span_0": 317.49000388509364,
          "ema_span_1": 347.69525186550874,
          "enabled": true,
          "markup_range": 0.005009010816824789,
          "min_markup": 0.0028312870405638804,
          "n_close_orders": 4,
          "qty_pct_close": 0.01667456252202396,
          "qty_pct_entry": 0.014376679902204731,
          "wallet_exposure_limit": 1.0,
          "we_multiplier_close": 0.0,
          "we_multiplier_entry": 93.44932934690787},
 "short": {"backwards_tp": true,
           "delay_between_fills_minutes_close": 1211.8592072777574,
           "delay_between_fills_minutes_entry": 1035.1433474425028,
           "delay_weight_close": 0.0,
           "delay_weight_entry": 5.449445064772796,
           "ema_dist_close": -0.0025021425938959465,
           "ema_dist_entry": -0.012588734807371894,
           "ema_span_0": 498.48281359966285,
           "ema_span_1": 1257.5420598401658,
           "enabled": true,
           "markup_range": 0.02153578812468826,
           "min_markup": 0.008577356164829589,
           "n_close_orders": 11,
           "qty_pct_close": 0.010925188865902486,
           "qty_pct_entry": 0.010292593549519165,
           "wallet_exposure_limit": 1.0,
           "we_multiplier_close": 0.0,
           "we_multiplier_entry": 99.54622568576873}}