{"config_name": "clock_0days",
 "long": {"backwards_tp": true,
          "delay_between_fills_minutes_close": 1356.517388704356,
          "delay_between_fills_minutes_entry": 1425.2186904592493,
          "delay_weight_close": 13.03839221906955,
          "delay_weight_entry": 13.97408350047003,
          "ema_dist_close": -0.001860958628492341,
          "ema_dist_entry": -0.001147836540502763,
          "ema_span_0": 1218.5243178768817,
          "ema_span_1": 492.76420466373753,
          "enabled": true,
          "markup_range": 0.03982239977294136,
          "min_markup": 0.0083234978097722,
          "n_close_orders": 15,
          "qty_pct_close": 0.01374853523484789,
          "qty_pct_entry": 0.010419299467263629,
          "wallet_exposure_limit": 1,
          "we_multiplier_close": 0,
          "we_multiplier_entry": 9.148525600113228},
 "short": {"backwards_tp": true,
           "delay_between_fills_minutes_close": 1034.1433668694112,
           "delay_between_fills_minutes_entry": 658.7755811049117,
           "delay_weight_close": 81.61424602307787,
           "delay_weight_entry": 5.882198166745823,
           "ema_dist_close": 0.00344295142066551,
           "ema_dist_entry": 0.001227145990511943,
           "ema_span_0": 1208.1101329179064,
           "ema_span_1": 922.8414531256082,
           "enabled": true,
           "markup_range": 0.025251748893771058,
           "min_markup": 0.007662761101627289,
           "n_close_orders": 4,
           "qty_pct_close": 0.030356140145198066,
           "qty_pct_entry": 0.016428697969556795,
           "wallet_exposure_limit": 1,
           "we_multiplier_close": 0,
           "we_multiplier_entry": 77.32413255636727}}