{"config_name": "clock_0days",
 "long": {"backwards_tp": true,
          "delay_between_fills_minutes_close": 605.2434982833583,
          "delay_between_fills_minutes_entry": 1436.4766266023728,
          "delay_weight_close": 0.0,
          "delay_weight_entry": 29.688960975709787,
          "ema_dist_close": 0.003999956041871359,
          "ema_dist_entry": 0.0017102386611674897,
          "ema_span_0": 1439.290973099978,
          "ema_span_1": 1393.7049378902523,
          "enabled": true,
          "markup_range": 3.6755817791191785e-06,
          "min_markup": 0.007818451611046653,
          "n_close_orders": 10,
          "qty_pct_close": 0.04996864667407122,
          "qty_pct_entry": 0.026437403790405455,
          "wallet_exposure_limit": 1.0,
          "we_multiplier_close": 0.0,
          "we_multiplier_entry": 0.19075103002568314},
 "short": {"backwards_tp": true,
           "delay_between_fills_minutes_close": 624.8592600354058,
           "delay_between_fills_minutes_entry": 1120.0059271961081,
           "delay_weight_close": 0.0,
           "delay_weight_entry": 24.765067937624888,
           "ema_dist_close": -0.002977673993813239,
           "ema_dist_entry": -0.010942641617448744,
           "ema_span_0": 1287.7747322819291,
           "ema_span_1": 949.9390370865294,
           "enabled": true,
           "markup_range": 0.012850267457006128,
           "min_markup": 0.009911735677516442,
           "n_close_orders": 7,
           "qty_pct_close": 0.013805675482227298,
           "qty_pct_entry": 0.01408788483137179,
           "wallet_exposure_limit": 1.0,
           "we_multiplier_close": 0.0,
           "we_multiplier_entry": 7.473550772108298}}