{"config_name": "clock_0days",
 "long": {"backwards_tp": true,
          "delay_between_fills_minutes_close": 896.5082113248997,
          "delay_between_fills_minutes_entry": 1297.1577191779597,
          "delay_weight_close": 1.4647137762806797,
          "delay_weight_entry": 9.218984371117068,
          "ema_dist_close": 0.0011261050854001892,
          "ema_dist_entry": -0.0026495244140794178,
          "ema_span_0": 765.7665349717452,
          "ema_span_1": 961.0428426797528,
          "enabled": true,
          "markup_range": 0.023606532057239626,
          "min_markup": 0.005818089106405822,
          "n_close_orders": 14,
          "qty_pct_close": 0.010688623699988995,
          "qty_pct_entry": 0.01,
          "wallet_exposure_limit": 1,
          "we_multiplier_close": 0,
          "we_multiplier_entry": 44.28934629284252},
 "short": {"backwards_tp": true,
           "delay_between_fills_minutes_close": 1376.65031182894,
           "delay_between_fills_minutes_entry": 769.1739744163006,
           "delay_weight_close": 73.39533819975861,
           "delay_weight_entry": 10.302426329910595,
           "ema_dist_close": 0.004,
           "ema_dist_entry": -0.011988352737330427,
           "ema_span_0": 1436.5189604217182,
           "ema_span_1": 14.674979209003338,
           "enabled": true,
           "markup_range": 0.012911108223082496,
           "min_markup": 0.008384190549418889,
           "n_close_orders": 14,
           "qty_pct_close": 0.016335692652871932,
           "qty_pct_entry": 0.011934356447268663,
           "wallet_exposure_limit": 1,
           "we_multiplier_close": 0,
           "we_multiplier_entry": 35.78639583301733}}