{"config_name": "clock_0days",
 "long": {"backwards_tp": true,
          "delay_between_fills_minutes_close": 1248.166375229616,
          "delay_between_fills_minutes_entry": 855.0416207857324,
          "delay_weight_close": 3.9951493285812294,
          "delay_weight_entry": 22.069029923464026,
          "ema_dist_close": 0.0005731106488463669,
          "ema_dist_entry": -0.004715970201264709,
          "ema_span_0": 392.6594674807106,
          "ema_span_1": 1245.9032687876208,
          "enabled": true,
          "markup_range": 0.0020884062075483983,
          "min_markup": 0.007985151482417348,
          "n_close_orders": 15,
          "qty_pct_close": 0.04265303597847319,
          "qty_pct_entry": 0.011639172401102328,
          "wallet_exposure_limit": 1,
          "we_multiplier_close": 0,
          "we_multiplier_entry": 99.35921446753261},
 "short": {"backwards_tp": true,
           "delay_between_fills_minutes_close": 1271.8332666794806,
           "delay_between_fills_minutes_entry": 1290.419189584752,
           "delay_weight_close": 22.17409209484861,
           "delay_weight_entry": 13.28619518488575,
           "ema_dist_close": 0.0031258553928317626,
           "ema_dist_entry": -0.005667763612651593,
           "ema_span_0": 1437.6875533784096,
           "ema_span_1": 1294.076881477817,
           "enabled": true,
           "markup_range": 0.018780322562194373,
           "min_markup": 0.008202458183402987,
           "n_close_orders": 3,
           "qty_pct_close": 0.023000646709306207,
           "qty_pct_entry": 0.017397450005601563,
           "wallet_exposure_limit": 1,
           "we_multiplier_close": 0,
           "we_multiplier_entry": 45.35013810535189}}