{"config_name": "clock_0days",
 "long": {"backwards_tp": true,
          "delay_between_fills_minutes_close": 736.8126167272636,
          "delay_between_fills_minutes_entry": 1203.9743102673049,
          "delay_weight_close": 0.0,
          "delay_weight_entry": 17.65589033887253,
          "ema_dist_close": -0.00790926733443314,
          "ema_dist_entry": 0.0014628638026719471,
          "ema_span_0": 736.1731879907367,
          "ema_span_1": 772.2199306770922,
          "enabled": true,
          "markup_range": 0.005378142669443219,
          "min_markup": 0.005069638189709742,
          "n_close_orders": 13,
          "qty_pct_close": 0.01260387869666042,
          "qty_pct_entry": 0.03844328288637231,
          "wallet_exposure_limit": 1.0,
          "we_multiplier_close": 0.0,
          "we_multiplier_entry": 62.23840356387511},
 "short": {"backwards_tp": true,
           "delay_between_fills_minutes_close": 540.3047315305428,
           "delay_between_fills_minutes_entry": 540.9871951526915,
           "delay_weight_close": 0.0,
           "delay_weight_entry": 4.233011458530327,
           "ema_dist_close": 0.003996355046540397,
           "ema_dist_entry": -0.01042966211860398,
           "ema_span_0": 1033.5506148470354,
           "ema_span_1": 935.9273598867654,
           "enabled": true,
           "markup_range": 0.010554149071284895,
           "min_markup": 0.004658241546916924,
           "n_close_orders": 6,
           "qty_pct_close": 0.010054839141109646,
           "qty_pct_entry": 0.024103526276125987,
           "wallet_exposure_limit": 1.0,
           "we_multiplier_close": 0.0,
           "we_multiplier_entry": 19.497291740034814}}