{"config_name": "clock_0days",
 "long": {"backwards_tp": true,
          "delay_between_fills_minutes_close": 1007.6656584625787,
          "delay_between_fills_minutes_entry": 1439.5264547284637,
          "delay_weight_close": 63.79604854207022,
          "delay_weight_entry": 26.751268207253286,
          "ema_dist_close": 0.0031692792799300025,
          "ema_dist_entry": 0.0015342437253833617,
          "ema_span_0": 942.2430346757985,
          "ema_span_1": 1307.883502202449,
          "enabled": true,
          "markup_range": 0.008173179285002847,
          "min_markup": 0.0046733996467996025,
          "n_close_orders": 13,
          "qty_pct_close": 0.017102829103928623,
          "qty_pct_entry": 0.01609306901387663,
          "wallet_exposure_limit": 1.0,
          "we_multiplier_close": 0.0,
          "we_multiplier_entry": 89.893189566539},
 "short": {"backwards_tp": true,
           "delay_between_fills_minutes_close": 1034.1433668694112,
           "delay_between_fills_minutes_entry": 658.7755811049117,
           "delay_weight_close": 81.61424602307787,
           "delay_weight_entry": 5.882198166745823,
           "ema_dist_close": 0.00344295142066551,
           "ema_dist_entry": 0.001227145990511943,
           "ema_span_0": 1208.1101329179064,
           "ema_span_1": 922.8414531256082,
           "enabled": true,
           "markup_range": 0.025251748893771058,
           "min_markup": 0.007662761101627289,
           "n_close_orders": 4,
           "qty_pct_close": 0.030356140145198066,
           "qty_pct_entry": 0.016428697969556795,
           "wallet_exposure_limit": 1.0,
           "we_multiplier_close": 0.0,
           "we_multiplier_entry": 77.32413255636727}}