{"config_name": "clock_0days",
 "long": {"backwards_tp": true,
          "delay_between_fills_minutes_close": 928.9912348108231,
          "delay_between_fills_minutes_entry": 1200.5948738165255,
          "delay_weight_close": 0.0,
          "delay_weight_entry": 33.98833237333098,
          "ema_dist_close": -0.004953871413746001,
          "ema_dist_entry": 0.003969069652364888,
          "ema_span_0": 928.4802105486743,
          "ema_span_1": 864.1576080888874,
          "enabled": true,
          "markup_range": 0.020463433484016604,
          "min_markup": 0.001908509725082773,
          "n_close_orders": 12,
          "qty_pct_close": 0.04113448767517253,
          "qty_pct_entry": 0.010497357833443594,
          "wallet_exposure_limit": 1.0,
          "we_multiplier_close": 0.0,
          "we_multiplier_entry": 40.13601472931725},
 "short": {"backwards_tp": true,
           "delay_between_fills_minutes_close": 658.6275380379992,
           "delay_between_fills_minutes_entry": 1231.7612006989218,
           "delay_weight_close": 0.0,
           "delay_weight_entry": 7.109283271425308,
           "ema_dist_close": 0.004,
           "ema_dist_entry": 0.004,
           "ema_span_0": 1277.1299955355028,
           "ema_span_1": 1235.2257809433934,
           "enabled": true,
           "markup_range": 0.010913653506175845,
           "min_markup": 0.007321919535949169,
           "n_close_orders": 5,
           "qty_pct_close": 0.010000088834102524,
           "qty_pct_entry": 0.03961045675678335,
           "wallet_exposure_limit": 1.0,
           "we_multiplier_close": 0.0,
           "we_multiplier_entry": 83.72055087809248}}