{"config_name": "clock_0days",
 "long": {"backwards_tp": true,
          "delay_between_fills_minutes_close": 700.2170513913645,
          "delay_between_fills_minutes_entry": 1411.0273808826148,
          "delay_weight_close": 49.71112050673961,
          "delay_weight_entry": 25.301461867936503,
          "ema_dist_close": 0.0018243612577859753,
          "ema_dist_entry": 0.003783828060535557,
          "ema_span_0": 1287.4477111060469,
          "ema_span_1": 351.4432012083042,
          "enabled": true,
          "markup_range": 0.0067702981467386,
          "min_markup": 0.005051943466804742,
          "n_close_orders": 3,
          "qty_pct_close": 0.025210890551724603,
          "qty_pct_entry": 0.019548377801580336,
          "wallet_exposure_limit": 1,
          "we_multiplier_close": 0,
          "we_multiplier_entry": 76.97855206564101},
 "short": {"backwards_tp": true,
           "delay_between_fills_minutes_close": 919.8783284350151,
           "delay_between_fills_minutes_entry": 272.5422399040919,
           "delay_weight_close": 0.7136796115409957,
           "delay_weight_entry": 34.27722812871516,
           "ema_dist_close": 0.0039867518005584105,
           "ema_dist_entry": 0.004,
           "ema_span_0": 337.15289534013107,
           "ema_span_1": 1170.5545166290105,
           "enabled": true,
           "markup_range": 0.0015264380911350615,
           "min_markup": 0.007523986288974675,
           "n_close_orders": 2,
           "qty_pct_close": 0.03543840661606165,
           "qty_pct_entry": 0.010212709675962611,
           "wallet_exposure_limit": 1,
           "we_multiplier_close": 0,
           "we_multiplier_entry": 0.7395940045622384}}