{"config_name": "clock_0days",
 "long": {"backwards_tp": true,
          "delay_between_fills_minutes_close": 908.6079415210158,
          "delay_between_fills_minutes_entry": 979.9226052276331,
          "delay_weight_close": 0.0,
          "delay_weight_entry": 8.616439119681743,
          "ema_dist_close": 0.002142596758347819,
          "ema_dist_entry": -0.008423440552097533,
          "ema_span_0": 1355.810652043208,
          "ema_span_1": 623.4002820446239,
          "enabled": true,
          "markup_range": 0.012787448146657351,
          "min_markup": 0.004404815632976012,
          "n_close_orders": 7,
          "qty_pct_close": 0.014727003678950681,
          "qty_pct_entry": 0.014366619622328125,
          "wallet_exposure_limit": 1.0,
          "we_multiplier_close": 0.0,
          "we_multiplier_entry": 48.11994762701887},
 "short": {"backwards_tp": true,
           "delay_between_fills_minutes_close": 608.2688199627005,
           "delay_between_fills_minutes_entry": 472.0167652005629,
           "delay_weight_close": 0.0,
           "delay_weight_entry": 4.930411780144617,
           "ema_dist_close": 0.0016624349513250374,
           "ema_dist_entry": -0.02771372016408556,
           "ema_span_0": 188.17079730954237,
           "ema_span_1": 1430.9965371493515,
           "enabled": true,
           "markup_range": 0.0054918159541845965,
           "min_markup": 0.005823186647076592,
           "n_close_orders": 8,
           "qty_pct_close": 0.013192143070728347,
           "qty_pct_entry": 0.010156910894346461,
           "wallet_exposure_limit": 1.0,
           "we_multiplier_close": 0.0,
           "we_multiplier_entry": 97.53001570854519}}