{"config_name": "clock_0days",
 "long": {"backwards_tp": true,
          "delay_between_fills_minutes_close": 1373.3469410787502,
          "delay_between_fills_minutes_entry": 1025.83833452987,
          "delay_weight_close": 62.87831894657195,
          "delay_weight_entry": 14.006353985732414,
          "ema_dist_close": 0.0033255721127367108,
          "ema_dist_entry": -0.0017240171328020374,
          "ema_span_0": 273.35770817771675,
          "ema_span_1": 1329.0637200259541,
          "enabled": true,
          "markup_range": 0.039984004749559,
          "min_markup": 0.00829372261666042,
          "n_close_orders": 12,
          "qty_pct_close": 0.0320468122856484,
          "qty_pct_entry": 0.013633389756790924,
          "wallet_exposure_limit": 1.0,
          "we_multiplier_close": 0.0,
          "we_multiplier_entry": 17.587969916267937},
 "short": {"backwards_tp": true,
           "delay_between_fills_minutes_close": 573.2180999275982,
           "delay_between_fills_minutes_entry": 701.483902791369,
           "delay_weight_close": 2.4556775254205188,
           "delay_weight_entry": 51.16279614129494,
           "ema_dist_close": 0.0039057691436877474,
           "ema_dist_entry": -0.015244020741420394,
           "ema_span_0": 926.2876889496009,
           "ema_span_1": 1224.7361459810243,
           "enabled": true,
           "markup_range": 0.002082852643429263,
           "min_markup": 0.002953033263361359,
           "n_close_orders": 9,
           "qty_pct_close": 0.011991284452449423,
           "qty_pct_entry": 0.0100368259029563,
           "wallet_exposure_limit": 1.0,
           "we_multiplier_close": 0.0,
           "we_multiplier_entry": 67.7826706604094}}