{"config_name": "clock_0days",
 "long": {"backwards_tp": true,
          "delay_between_fills_minutes_close": 711.5331416220541,
          "delay_between_fills_minutes_entry": 1193.2721347981635,
          "delay_weight_close": 0,
          "delay_weight_entry": 22.721675593515954,
          "ema_dist_close": 0.0036515433284769637,
          "ema_dist_entry": -0.01693998425024506,
          "ema_span_0": 668.275417323453,
          "ema_span_1": 910.1448284296005,
          "enabled": true,
          "markup_range": 0.005725174874422949,
          "min_markup": 0.006352899333631808,
          "n_close_orders": 12,
          "qty_pct_close": 0.014716324128486877,
          "qty_pct_entry": 0.010158251925499262,
          "wallet_exposure_limit": 1.0,
          "we_multiplier_close": 0.0,
          "we_multiplier_entry": 17.470364412958773},
 "short": {"backwards_tp": true,
           "delay_between_fills_minutes_close": 580.1581157248162,
           "delay_between_fills_minutes_entry": 485.5476324376422,
           "delay_weight_close": 0.0011462459791530572,
           "delay_weight_entry": 8.809314443417145,
           "ema_dist_close": 0.00395477101874547,
           "ema_dist_entry": -3.0002504538042003e-05,
           "ema_span_0": 921.7902319649922,
           "ema_span_1": 1214.7942482201631,
           "enabled": true,
           "markup_range": 0.002545144491793468,
           "min_markup": 0.00682589465724217,
           "n_close_orders": 13,
           "qty_pct_close": 0.010267434622938583,
           "qty_pct_entry": 0.016925169222323573,
           "wallet_exposure_limit": 1.0,
           "we_multiplier_close": 0.0,
           "we_multiplier_entry": 47.86733321366636}}