{"config_name": "clock_0days",
 "long": {"backwards_tp": true,
          "delay_between_fills_minutes_close": 663.7200704678321,
          "delay_between_fills_minutes_entry": 1301.9975599174027,
          "delay_weight_close": 0.0,
          "delay_weight_entry": 11.135118788154113,
          "ema_dist_close": 0.0009661902725249114,
          "ema_dist_entry": -0.004421212147042854,
          "ema_span_0": 1201.356140676677,
          "ema_span_1": 832.5123159653016,
          "enabled": true,
          "markup_range": 0.01388151269650682,
          "min_markup": 0.003787377289872438,
          "n_close_orders": 8,
          "qty_pct_close": 0.012565693613286943,
          "qty_pct_entry": 0.012399958386510774,
          "wallet_exposure_limit": 1.0,
          "we_multiplier_close": 0.0,
          "we_multiplier_entry": 36.28884831671888},
 "short": {"backwards_tp": true,
           "delay_between_fills_minutes_close": 625.9736387620984,
           "delay_between_fills_minutes_entry": 1118.7033669143154,
           "delay_weight_close": 0.0,
           "delay_weight_entry": 12.324861780705147,
           "ema_dist_close": 0.003942812849111494,
           "ema_dist_entry": -0.004224525350696683,
           "ema_span_0": 1381.9323116512967,
           "ema_span_1": 760.2219676700173,
           "enabled": true,
           "markup_range": 0.010941772276681503,
           "min_markup": 0.0065875509056333775,
           "n_close_orders": 7,
           "qty_pct_close": 0.019813900578160522,
           "qty_pct_entry": 0.014727230256331155,
           "wallet_exposure_limit": 1.0,
           "we_multiplier_close": 0.0,
           "we_multiplier_entry": 49.48566950602115}}