{"config_name": "clock_0days",
 "long": {"backwards_tp": true,
          "delay_between_fills_minutes_close": 1104.1776791335458,
          "delay_between_fills_minutes_entry": 1423.0428007888768,
          "delay_weight_close": 8.762028471220175,
          "delay_weight_entry": 12.693719404965403,
          "ema_dist_close": -0.0012817319156371166,
          "ema_dist_entry": 0.0030590039897767708,
          "ema_span_0": 1342.6306122499916,
          "ema_span_1": 975.7677750445137,
          "enabled": true,
          "markup_range": 0.018191533751258832,
          "min_markup": 0.00730358084719293,
          "n_close_orders": 13,
          "qty_pct_close": 0.01,
          "qty_pct_entry": 0.01,
          "wallet_exposure_limit": 1.0,
          "we_multiplier_close": 0.0,
          "we_multiplier_entry": 40.75643749565974},
 "short": {"backwards_tp": true,
           "delay_between_fills_minutes_close": 1051.4615021393115,
           "delay_between_fills_minutes_entry": 1358.907118254733,
           "delay_weight_close": 42.96663150870339,
           "delay_weight_entry": 14.046009734235746,
           "ema_dist_close": 0.0024089333988684676,
           "ema_dist_entry": 0.0031131093804657125,
           "ema_span_0": 1201.4515240345477,
           "ema_span_1": 859.6220009492635,
           "enabled": true,
           "markup_range": 0.039946868483591476,
           "min_markup": 0.009964023355669798,
           "n_close_orders": 10,
           "qty_pct_close": 0.010000000000765298,
           "qty_pct_entry": 0.01221059199539185,
           "wallet_exposure_limit": 1.0,
           "we_multiplier_close": 0.0,
           "we_multiplier_entry": 37.24712215912855}}