{"config_name": "clock_0days",
 "long": {"backwards_tp": true,
          "delay_between_fills_minutes_close": 570.5001442223517,
          "delay_between_fills_minutes_entry": 427.52704208119326,
          "delay_weight_close": 0.0,
          "delay_weight_entry": 8.87082312590059,
          "ema_dist_close": 0.003840770779295473,
          "ema_dist_entry": -0.011788811763902021,
          "ema_span_0": 554.3735264170155,
          "ema_span_1": 1300.9959332796846,
          "enabled": true,
          "markup_range": 0.007587077714394195,
          "min_markup": 0.004544621217885615,
          "n_close_orders": 13,
          "qty_pct_close": 0.010703956913014068,
          "qty_pct_entry": 0.011068490301830167,
          "wallet_exposure_limit": 1.0,
          "we_multiplier_close": 0.0,
          "we_multiplier_entry": 16.333387931040996},
 "short": {"backwards_tp": true,
           "delay_between_fills_minutes_close": 927.3488507318002,
           "delay_between_fills_minutes_entry": 842.0331031564605,
           "delay_weight_close": 0.0,
           "delay_weight_entry": 16.37368249709481,
           "ema_dist_close": 0.003843586597324865,
           "ema_dist_entry": -0.032507238131730634,
           "ema_span_0": 849.0975447650014,
           "ema_span_1": 1326.1185088090785,
           "enabled": true,
           "markup_range": 0.020229729035455734,
           "min_markup": 0.009089768618721331,
           "n_close_orders": 4,
           "qty_pct_close": 0.02455883493831795,
           "qty_pct_entry": 0.01,
           "wallet_exposure_limit": 1.0,
           "we_multiplier_close": 0.0,
           "we_multiplier_entry": 44.39711581447069}}