{"config_name": "clock_0days",
 "long": {"backwards_tp": true,
          "delay_between_fills_minutes_close": 642.3001097841862,
          "delay_between_fills_minutes_entry": 766.6145784641506,
          "delay_weight_close": 0.0,
          "delay_weight_entry": 14.631151309084595,
          "ema_dist_close": 0.0019618398327067486,
          "ema_dist_entry": -0.008924017482169188,
          "ema_span_0": 185.31394474138284,
          "ema_span_1": 1288.700269547025,
          "enabled": true,
          "markup_range": 0.002633090155996401,
          "min_markup": 0.005809278724486249,
          "n_close_orders": 16,
          "qty_pct_close": 0.029752203631932077,
          "qty_pct_entry": 0.01290107079858267,
          "wallet_exposure_limit": 1.0,
          "we_multiplier_close": 0.0,
          "we_multiplier_entry": 35.163817534261725},
 "short": {"backwards_tp": true,
           "delay_between_fills_minutes_close": 558.2929579942831,
           "delay_between_fills_minutes_entry": 31.96952998351247,
           "delay_weight_close": 0.0,
           "delay_weight_entry": 4.384735531385389,
           "ema_dist_close": 0.003967869591294275,
           "ema_dist_entry": 0.0019472757082832956,
           "ema_span_0": 342.5976629605729,
           "ema_span_1": 400.3793152320542,
           "enabled": true,
           "markup_range": 0.000993630143193292,
           "min_markup": 0.0024824690473368477,
           "n_close_orders": 10,
           "qty_pct_close": 0.01,
           "qty_pct_entry": 0.011024997779042506,
           "wallet_exposure_limit": 1.0,
           "we_multiplier_close": 0.0,
           "we_multiplier_entry": 8.906488313150057}}