{"config_name": "clock_0days",
 "long": {"backwards_tp": true,
          "delay_between_fills_minutes_close": 1370.7695661723694,
          "delay_between_fills_minutes_entry": 1186.848663371184,
          "delay_weight_close": 98.02060466448775,
          "delay_weight_entry": 25.41279985946253,
          "ema_dist_close": -0.005549797813827057,
          "ema_dist_entry": 0.002845181188906294,
          "ema_span_0": 926.9583850182389,
          "ema_span_1": 859.2306824535527,
          "enabled": true,
          "markup_range": 0.00718399058761968,
          "min_markup": 0.002794344458058548,
          "n_close_orders": 6,
          "qty_pct_close": 0.0395772979669407,
          "qty_pct_entry": 0.015786109070241475,
          "wallet_exposure_limit": 1.0,
          "we_multiplier_close": 0.0,
          "we_multiplier_entry": 99.41334481316595},
 "short": {"backwards_tp": true,
           "delay_between_fills_minutes_close": 628.4277188334047,
           "delay_between_fills_minutes_entry": 307.06193854132897,
           "delay_weight_close": 3.3420957396126627,
           "delay_weight_entry": 8.76398539336105,
           "ema_dist_close": 0.003998957486961695,
           "ema_dist_entry": -0.022055411567492095,
           "ema_span_0": 247.24469890216017,
           "ema_span_1": 1009.7935961120141,
           "enabled": true,
           "markup_range": 0.005021037183264921,
           "min_markup": 0.0024378851054854185,
           "n_close_orders": 8,
           "qty_pct_close": 0.01087328275590689,
           "qty_pct_entry": 0.01,
           "wallet_exposure_limit": 1.0,
           "we_multiplier_close": 0.0,
           "we_multiplier_entry": 54.8102968124044}}