{"config_name": "clock_0days",
 "long": {"backwards_tp": true,
          "delay_between_fills_minutes_close": 917.2853520486116,
          "delay_between_fills_minutes_entry": 1412.4770294138054,
          "delay_weight_close": 3.091207723019048,
          "delay_weight_entry": 11.0950325820064,
          "ema_dist_close": 0.0029422640053014923,
          "ema_dist_entry": -0.0025945775285333085,
          "ema_span_0": 674.4940153961749,
          "ema_span_1": 1061.17091781092,
          "enabled": true,
          "markup_range": 0.017607794219094582,
          "min_markup": 0.005310196527435407,
          "n_close_orders": 14,
          "qty_pct_close": 0.01696213366674608,
          "qty_pct_entry": 0.01611006791845054,
          "wallet_exposure_limit": 1.0,
          "we_multiplier_close": 0.0,
          "we_multiplier_entry": 34.03904967571071},
 "short": {"backwards_tp": true,
           "delay_between_fills_minutes_close": 937.6831114603114,
           "delay_between_fills_minutes_entry": 846.008995403558,
           "delay_weight_close": 45.030369112819585,
           "delay_weight_entry": 18.021300800640706,
           "ema_dist_close": 0.003993547250348544,
           "ema_dist_entry": -0.009830061361300171,
           "ema_span_0": 946.382506803579,
           "ema_span_1": 1147.294923277312,
           "enabled": true,
           "markup_range": 0.016346792704594174,
           "min_markup": 0.004698466635246096,
           "n_close_orders": 4,
           "qty_pct_close": 0.010312619098728477,
           "qty_pct_entry": 0.012265318781909689,
           "wallet_exposure_limit": 1.0,
           "we_multiplier_close": 0.0,
           "we_multiplier_entry": 18.448597036766266}}