{"config_name": "clock_0days",
 "long": {"backwards_tp": true,
          "delay_between_fills_minutes_close": 653.8144271997776,
          "delay_between_fills_minutes_entry": 1075.9801200218849,
          "delay_weight_close": 0.0,
          "delay_weight_entry": 31.993449090174988,
          "ema_dist_close": 0.003967718921125504,
          "ema_dist_entry": -0.007137993897602164,
          "ema_span_0": 262.75467606059607,
          "ema_span_1": 542.7072450104647,
          "enabled": true,
          "markup_range": 0.002125120131865226,
          "min_markup": 0.001419678930145059,
          "n_close_orders": 14,
          "qty_pct_close": 0.018783534418070208,
          "qty_pct_entry": 0.012993002377754472,
          "wallet_exposure_limit": 1.0,
          "we_multiplier_close": 0.0,
          "we_multiplier_entry": 57.8831304687153},
 "short": {"backwards_tp": true,
           "delay_between_fills_minutes_close": 977.7224826359749,
           "delay_between_fills_minutes_entry": 921.2404650365523,
           "delay_weight_close": 0.0,
           "delay_weight_entry": 8.727528351393246,
           "ema_dist_close": -0.0037079818822272218,
           "ema_dist_entry": -0.005969117837575615,
           "ema_span_0": 958.2548132486334,
           "ema_span_1": 1439.9506431514687,
           "enabled": true,
           "markup_range": 0.02334521482004111,
           "min_markup": 0.006727048916964521,
           "n_close_orders": 11,
           "qty_pct_close": 0.03307379164124637,
           "qty_pct_entry": 0.010763133249019357,
           "wallet_exposure_limit": 1.0,
           "we_multiplier_close": 0.0,
           "we_multiplier_entry": 97.58157867415403}}