{"config_name": "clock_0days",
 "long": {"backwards_tp": true,
          "delay_between_fills_minutes_close": 555.2368866190669,
          "delay_between_fills_minutes_entry": 1042.2602791611132,
          "delay_weight_close": 4.844713527824833,
          "delay_weight_entry": 8.34468202149212,
          "ema_dist_close": 0.003905586549889077,
          "ema_dist_entry": 0.003917747137604954,
          "ema_span_0": 1044.8763613717556,
          "ema_span_1": 662.6405981008262,
          "enabled": true,
          "markup_range": 0.005332197970856454,
          "min_markup": 0.005067906065249464,
          "n_close_orders": 3,
          "qty_pct_close": 0.01667135468208717,
          "qty_pct_entry": 0.022721698106089566,
          "wallet_exposure_limit": 1.0,
          "we_multiplier_close": 0.0,
          "we_multiplier_entry": 55.57159494192883},
 "short": {"backwards_tp": true,
           "delay_between_fills_minutes_close": 692.1192304611375,
           "delay_between_fills_minutes_entry": 353.4258620640707,
           "delay_weight_close": 45.801712447882025,
           "delay_weight_entry": 26.25646204704378,
           "ema_dist_close": 0.0011211427017208044,
           "ema_dist_entry": 0.0036891995848754317,
           "ema_span_0": 1414.4629502012715,
           "ema_span_1": 1266.8789011498768,
           "enabled": true,
           "markup_range": 0.013867888545935007,
           "min_markup": 0.007915720525592088,
           "n_close_orders": 16,
           "qty_pct_close": 0.04544212955963002,
           "qty_pct_entry": 0.01,
           "wallet_exposure_limit": 1.0,
           "we_multiplier_close": 0.0,
           "we_multiplier_entry": 11.994911098316397}}