{"config_name": "clock_0days",
 "long": {"backwards_tp": true,
          "delay_between_fills_minutes_close": 563.3209090863741,
          "delay_between_fills_minutes_entry": 783.7181254945859,
          "delay_weight_close": 0.013393991079334488,
          "delay_weight_entry": 12.571750469960243,
          "ema_dist_close": 0.003790817120095593,
          "ema_dist_entry": -0.026056283192744265,
          "ema_span_0": 980.9236169709169,
          "ema_span_1": 928.4892487041619,
          "enabled": true,
          "markup_range": 0.004161713696580921,
          "min_markup": 0.0038636918738306895,
          "n_close_orders": 2,
          "qty_pct_close": 0.010469081415563602,
          "qty_pct_entry": 0.023042263946410443,
          "wallet_exposure_limit": 1.0,
          "we_multiplier_close": 0.0,
          "we_multiplier_entry": 31.302288434850787},
 "short": {"backwards_tp": true,
           "delay_between_fills_minutes_close": 740.6363910194233,
           "delay_between_fills_minutes_entry": 469.1870135998826,
           "delay_weight_close": 97.49336273118367,
           "delay_weight_entry": 14.646066878416804,
           "ema_dist_close": -0.0018897642750214242,
           "ema_dist_entry": 0.0007977003772772416,
           "ema_span_0": 1178.4006815815574,
           "ema_span_1": 1255.4598118783979,
           "enabled": true,
           "markup_range": 0.002322844325052104,
           "min_markup": 0.009565975828699969,
           "n_close_orders": 13,
           "qty_pct_close": 0.03910545681640367,
           "qty_pct_entry": 0.01788380184508113,
           "wallet_exposure_limit": 1.0,
           "we_multiplier_close": 0.0,
           "we_multiplier_entry": 51.26305844772287}}