{"config_name": "clock_0days",
 "long": {"backwards_tp": true,
          "delay_between_fills_minutes_close": 573.6314664843519,
          "delay_between_fills_minutes_entry": 815.3875113331577,
          "delay_weight_close": 0.0,
          "delay_weight_entry": 13.180069709529928,
          "ema_dist_close": 0.003742512636849064,
          "ema_dist_entry": -0.026714552598593632,
          "ema_span_0": 1148.097416464443,
          "ema_span_1": 944.2791189638085,
          "enabled": true,
          "markup_range": 0.003691467256778086,
          "min_markup": 0.003306910706732227,
          "n_close_orders": 2,
          "qty_pct_close": 0.010029279770535917,
          "qty_pct_entry": 0.024745336032502424,
          "wallet_exposure_limit": 1.0,
          "we_multiplier_close": 0.0,
          "we_multiplier_entry": 27.733156251455206},
 "short": {"backwards_tp": true,
           "delay_between_fills_minutes_close": 562.2406859132024,
           "delay_between_fills_minutes_entry": 1136.4061908484186,
           "delay_weight_close": 0.0,
           "delay_weight_entry": 9.638358899942471,
           "ema_dist_close": 0.003993398869938081,
           "ema_dist_entry": -0.011663770484315517,
           "ema_span_0": 1213.8601441377944,
           "ema_span_1": 850.1547266306286,
           "enabled": true,
           "markup_range": 0.012873039538109829,
           "min_markup": 0.008920976704479841,
           "n_close_orders": 3,
           "qty_pct_close": 0.020549333589918454,
           "qty_pct_entry": 0.020154145318971608,
           "wallet_exposure_limit": 1.0,
           "we_multiplier_close": 0.0,
           "we_multiplier_entry": 74.38251320795848}}