{"config_name": "clock_0days",
 "long": {"backwards_tp": true,
          "delay_between_fills_minutes_close": 1187.095080182916,
          "delay_between_fills_minutes_entry": 908.0803072338276,
          "delay_weight_close": 5.838423490360618,
          "delay_weight_entry": 13.58659144067775,
          "ema_dist_close": 0.003178316576580018,
          "ema_dist_entry": -0.0022297802319761403,
          "ema_span_0": 1295.019026917161,
          "ema_span_1": 946.1593887436572,
          "enabled": true,
          "markup_range": 0.007348894735027325,
          "min_markup": 0.005525878838094275,
          "n_close_orders": 5,
          "qty_pct_close": 0.012235791356402306,
          "qty_pct_entry": 0.01,
          "wallet_exposure_limit": 1,
          "we_multiplier_close": 0,
          "we_multiplier_entry": 37.83553414421201},
 "short": {"backwards_tp": true,
           "delay_between_fills_minutes_close": 541.7457179626906,
           "delay_between_fills_minutes_entry": 576.2656410763256,
           "delay_weight_close": 0,
           "delay_weight_entry": 4.674345882470536,
           "ema_dist_close": 0.003800995132769454,
           "ema_dist_entry": -0.008423418954348675,
           "ema_span_0": 1342.3751738186934,
           "ema_span_1": 1042.3142008668246,
           "enabled": true,
           "markup_range": 0.012604832958532625,
           "min_markup": 0.005353896942910001,
           "n_close_orders": 8,
           "qty_pct_close": 0.0170512419119944,
           "qty_pct_entry": 0.010448592631749484,
           "wallet_exposure_limit": 1,
           "we_multiplier_close": 0,
           "we_multiplier_entry": 51.470823890372635}}