{"config_name": "clock_0days",
 "long": {"backwards_tp": true,
          "delay_between_fills_minutes_close": 1122.5819976236724,
          "delay_between_fills_minutes_entry": 914.410158435725,
          "delay_weight_close": 60.00192205583252,
          "delay_weight_entry": 29.465768070544392,
          "ema_dist_close": 0.0027589587496286024,
          "ema_dist_entry": -0.006924202420988746,
          "ema_span_0": 150.75332493818786,
          "ema_span_1": 1295.2086576702006,
          "enabled": true,
          "markup_range": 0.0017637730418067772,
          "min_markup": 0.007046264467005081,
          "n_close_orders": 8,
          "qty_pct_close": 0.02805594700554649,
          "qty_pct_entry": 0.010379625475057327,
          "wallet_exposure_limit": 1,
          "we_multiplier_close": 0,
          "we_multiplier_entry": 38.11269752036328},
 "short": {"backwards_tp": true,
           "delay_between_fills_minutes_close": 1184.674061466895,
           "delay_between_fills_minutes_entry": 581.6791545917733,
           "delay_weight_close": 21.19295387001436,
           "delay_weight_entry": 6.759160981368702,
           "ema_dist_close": 0.003534334139450791,
           "ema_dist_entry": -0.004501933209313856,
           "ema_span_0": 1259.2350762522392,
           "ema_span_1": 356.62638255332143,
           "enabled": true,
           "markup_range": 0.008158323639944606,
           "min_markup": 0.006955086577103627,
           "n_close_orders": 16,
           "qty_pct_close": 0.034530276330109876,
           "qty_pct_entry": 0.012307804385150592,
           "wallet_exposure_limit": 1,
           "we_multiplier_close": 0,
           "we_multiplier_entry": 98.89501487351724}}