{"config_name": "clock_0days",
 "long": {"backwards_tp": true,
          "delay_between_fills_minutes_close": 1169.47340641488,
          "delay_between_fills_minutes_entry": 1214.0787587936509,
          "delay_weight_close": 32.8338397733055,
          "delay_weight_entry": 7.848669683342697,
          "ema_dist_close": 0.0028400448333556565,
          "ema_dist_entry": 0.000635159343699631,
          "ema_span_0": 1116.505692791662,
          "ema_span_1": 634.861595820828,
          "enabled": true,
          "markup_range": 0.03938419090500395,
          "min_markup": 0.008267338747906264,
          "n_close_orders": 11,
          "qty_pct_close": 0.044342149337869785,
          "qty_pct_entry": 0.010495933951967963,
          "wallet_exposure_limit": 1,
          "we_multiplier_close": 0,
          "we_multiplier_entry": 85.44627017607884},
 "short": {"backwards_tp": true,
           "delay_between_fills_minutes_close": 884.4991650873842,
           "delay_between_fills_minutes_entry": 904.9091894527584,
           "delay_weight_close": 26.262224123082703,
           "delay_weight_entry": 28.8388083906998,
           "ema_dist_close": 0.0011222401320222274,
           "ema_dist_entry": -0.018077265909045882,
           "ema_span_0": 359.81245496109227,
           "ema_span_1": 1439.6165231638977,
           "enabled": true,
           "markup_range": 0.004080682170766003,
           "min_markup": 0.005290827124937578,
           "n_close_orders": 10,
           "qty_pct_close": 0.030001418335630338,
           "qty_pct_entry": 0.010020653363457971,
           "wallet_exposure_limit": 1,
           "we_multiplier_close": 0,
           "we_multiplier_entry": 92.47139539611115}}