{"config_name": "clock_0days",
 "long": {"backwards_tp": true,
          "delay_between_fills_minutes_close": 546.2756145770408,
          "delay_between_fills_minutes_entry": 1406.262187219432,
          "delay_weight_close": 0.0010386890208737023,
          "delay_weight_entry": 33.52065481361003,
          "ema_dist_close": 0.0039901126738572995,
          "ema_dist_entry": 0.0003806662536305126,
          "ema_span_0": 1191.2103846715102,
          "ema_span_1": 881.2006802249873,
          "enabled": true,
          "markup_range": 0.009174015173544398,
          "min_markup": 0.0012480799752687475,
          "n_close_orders": 11,
          "qty_pct_close": 0.012159944889513823,
          "qty_pct_entry": 0.014232452094539324,
          "wallet_exposure_limit": 1.0,
          "we_multiplier_close": 0.0,
          "we_multiplier_entry": 55.49844832117529},
 "short": {"backwards_tp": true,
           "delay_between_fills_minutes_close": 1263.5847057538026,
           "delay_between_fills_minutes_entry": 329.68015333497397,
           "delay_weight_close": 34.28559819121663,
           "delay_weight_entry": 16.705523655269353,
           "ema_dist_close": -0.0012387071041825755,
           "ema_dist_entry": 0.000755919762059122,
           "ema_span_0": 1439.8296021950734,
           "ema_span_1": 181.1737503855322,
           "enabled": true,
           "markup_range": 0.004389490679357972,
           "min_markup": 0.009981770353570682,
           "n_close_orders": 7,
           "qty_pct_close": 0.011546349604790588,
           "qty_pct_entry": 0.010016114399668043,
           "wallet_exposure_limit": 1.0,
           "we_multiplier_close": 0.0,
           "we_multiplier_entry": 52.69274298747384}}