{"config_name": "clock_0days",
 "long": {"backwards_tp": true,
          "delay_between_fills_minutes_close": 906.9647721745437,
          "delay_between_fills_minutes_entry": 1209.9640944441942,
          "delay_weight_close": 0,
          "delay_weight_entry": 34.94547969027747,
          "ema_dist_close": 0.0025838063232093964,
          "ema_dist_entry": -0.009058408390047692,
          "ema_span_0": 655.0518985778036,
          "ema_span_1": 583.8150229184218,
          "enabled": true,
          "markup_range": 0.00606736339551393,
          "min_markup": 0.004823521825046877,
          "n_close_orders": 4,
          "qty_pct_close": 0.01573303865609808,
          "qty_pct_entry": 0.010014183704158894,
          "wallet_exposure_limit": 1.0,
          "we_multiplier_close": 0.0,
          "we_multiplier_entry": 19.219742106591383},
 "short": {"backwards_tp": true,
           "delay_between_fills_minutes_close": 734.7525880443837,
           "delay_between_fills_minutes_entry": 614.5846742780649,
           "delay_weight_close": 0.07868505183220423,
           "delay_weight_entry": 7.3770000345929425,
           "ema_dist_close": 0.0033393128641722317,
           "ema_dist_entry": -0.012576868578010093,
           "ema_span_0": 1176.4848242367677,
           "ema_span_1": 896.1686956142997,
           "enabled": true,
           "markup_range": 0.008012109716962005,
           "min_markup": 0.007045020755442092,
           "n_close_orders": 3,
           "qty_pct_close": 0.010158795473785785,
           "qty_pct_entry": 0.012405696466840924,
           "wallet_exposure_limit": 1.0,
           "we_multiplier_close": 0.0,
           "we_multiplier_entry": 32.79177591122453}}