{"config_name": "clock_0days",
 "long": {"backwards_tp": true,
          "delay_between_fills_minutes_close": 907.7054321390848,
          "delay_between_fills_minutes_entry": 1209.9887532879056,
          "delay_weight_close": 0.0,
          "delay_weight_entry": 34.94572140566561,
          "ema_dist_close": 0.0025835443473207725,
          "ema_dist_entry": -0.009059022132163906,
          "ema_span_0": 655.0053256092217,
          "ema_span_1": 584.1366393503596,
          "enabled": true,
          "markup_range": 0.0060588756788874645,
          "min_markup": 0.004825043722271282,
          "n_close_orders": 4,
          "qty_pct_close": 0.015737288753647626,
          "qty_pct_entry": 0.010014063534218378,
          "wallet_exposure_limit": 1.0,
          "we_multiplier_close": 0.0,
          "we_multiplier_entry": 19.21882635811223},
 "short": {"backwards_tp": true,
           "delay_between_fills_minutes_close": 737.1881106791269,
           "delay_between_fills_minutes_entry": 613.0217800033377,
           "delay_weight_close": 0.0,
           "delay_weight_entry": 7.459860335022631,
           "ema_dist_close": 0.0032629966917464373,
           "ema_dist_entry": -0.012327798466230213,
           "ema_span_0": 1176.9611246045497,
           "ema_span_1": 898.8064789853742,
           "enabled": true,
           "markup_range": 0.007825744374349944,
           "min_markup": 0.007016498626121886,
           "n_close_orders": 3,
           "qty_pct_close": 0.010106313887999659,
           "qty_pct_entry": 0.012244989148814698,
           "wallet_exposure_limit": 1.0,
           "we_multiplier_close": 0.0,
           "we_multiplier_entry": 33.23961676325289}}