{"config_name": "clock_0days",
 "long": {"backwards_tp": true,
          "delay_between_fills_minutes_close": 540.3114715327233,
          "delay_between_fills_minutes_entry": 929.1286542604796,
          "delay_weight_close": 0.0,
          "delay_weight_entry": 15.220790324299825,
          "ema_dist_close": 0.004,
          "ema_dist_entry": 0.0030667163317933707,
          "ema_span_0": 622.3395314326945,
          "ema_span_1": 500.6437591738826,
          "enabled": true,
          "markup_range": 0.016431745858637263,
          "min_markup": 0.004944791332172529,
          "n_close_orders": 5,
          "qty_pct_close": 0.010004208044989379,
          "qty_pct_entry": 0.010005497197414084,
          "wallet_exposure_limit": 1.0,
          "we_multiplier_close": 0.0,
          "we_multiplier_entry": 44.3116553581694},
 "short": {"backwards_tp": true,
           "delay_between_fills_minutes_close": 555.1671953335532,
           "delay_between_fills_minutes_entry": 768.364914284021,
           "delay_weight_close": 0.0,
           "delay_weight_entry": 27.238366653223107,
           "ema_dist_close": 0.003989676586848636,
           "ema_dist_entry": 0.0026099215544750217,
           "ema_span_0": 249.72315258734534,
           "ema_span_1": 413.8796419371199,
           "enabled": true,
           "markup_range": 0.007310155570628341,
           "min_markup": 0.0033992615143626503,
           "n_close_orders": 16,
           "qty_pct_close": 0.010012574440642187,
           "qty_pct_entry": 0.014429492464259697,
           "wallet_exposure_limit": 1.0,
           "we_multiplier_close": 0.0,
           "we_multiplier_entry": 71.71218219138996}}