{"config_name": "clock_0days",
 "long": {"backwards_tp": true,
          "delay_between_fills_minutes_close": 1090.6059406986506,
          "delay_between_fills_minutes_entry": 1058.5919646949812,
          "delay_weight_close": 5.103866406092102,
          "delay_weight_entry": 20.57158102690765,
          "ema_dist_close": 0.0031392466847582953,
          "ema_dist_entry": -0.0038460796198389008,
          "ema_span_0": 661.4405658963612,
          "ema_span_1": 987.6215698117804,
          "enabled": true,
          "markup_range": 0.014196314657253439,
          "min_markup": 0.0015941438091770952,
          "n_close_orders": 8,
          "qty_pct_close": 0.010203878755535242,
          "qty_pct_entry": 0.010000301667602103,
          "wallet_exposure_limit": 1,
          "we_multiplier_close": 0,
          "we_multiplier_entry": 73.73269682734488},
 "short": {"backwards_tp": true,
           "delay_between_fills_minutes_close": 809.377776476927,
           "delay_between_fills_minutes_entry": 792.45534190002,
           "delay_weight_close": 63.34383068986668,
           "delay_weight_entry": 8.240120011824008,
           "ema_dist_close": 0.0036081396556550092,
           "ema_dist_entry": -0.014650238620738077,
           "ema_span_0": 1194.547398015315,
           "ema_span_1": 1144.5218118049238,
           "enabled": true,
           "markup_range": 0.02081237638789634,
           "min_markup": 0.003492631265787945,
           "n_close_orders": 5,
           "qty_pct_close": 0.01155560290778332,
           "qty_pct_entry": 0.010661428332944822,
           "wallet_exposure_limit": 1,
           "we_multiplier_close": 0,
           "we_multiplier_entry": 76.87321508414153}}