{"config_name": "clock_0days",
 "long": {"backwards_tp": true,
          "delay_between_fills_minutes_close": 1007.6656584625787,
          "delay_between_fills_minutes_entry": 1439.5264547284637,
          "delay_weight_close": 63.79604854207022,
          "delay_weight_entry": 26.751268207253286,
          "ema_dist_close": 0.0031692792799300025,
          "ema_dist_entry": 0.0015342437253833617,
          "ema_span_0": 942.2430346757985,
          "ema_span_1": 1307.883502202449,
          "enabled": true,
          "markup_range": 0.008173179285002847,
          "min_markup": 0.0046733996467996025,
          "n_close_orders": 13,
          "qty_pct_close": 0.017102829103928623,
          "qty_pct_entry": 0.01609306901387663,
          "wallet_exposure_limit": 1,
          "we_multiplier_close": 0,
          "we_multiplier_entry": 89.893189566539},
 "short": {"backwards_tp": true,
           "delay_between_fills_minutes_close": 855.8517414922969,
           "delay_between_fills_minutes_entry": 252.10769181745414,
           "delay_weight_close": 42.44161153929929,
           "delay_weight_entry": 12.026376741961478,
           "ema_dist_close": -0.005269452189599086,
           "ema_dist_entry": -0.0024178384013243885,
           "ema_span_0": 1048.7342993970472,
           "ema_span_1": 897.3744756087991,
           "enabled": true,
           "markup_range": 0.008173945300368569,
           "min_markup": 0.003830077183395784,
           "n_close_orders": 15,
           "qty_pct_close": 0.02348570735915841,
           "qty_pct_entry": 0.010065952201753487,
           "wallet_exposure_limit": 1,
           "we_multiplier_close": 0,
           "we_multiplier_entry": 65.86471512495118}}