{"config_name": "clock_0days",
 "long": {"backwards_tp": true,
          "delay_between_fills_minutes_close": 1342.1128866954043,
          "delay_between_fills_minutes_entry": 799.7784305613891,
          "delay_weight_close": 41.07601310143656,
          "delay_weight_entry": 11.9768144129865,
          "ema_dist_close": 0.0028315115939517585,
          "ema_dist_entry": 0.0038442951926405404,
          "ema_span_0": 881.181037034371,
          "ema_span_1": 1409.5810848105339,
          "enabled": true,
          "markup_range": 0.00679861773050587,
          "min_markup": 0.0064651924693144985,
          "n_close_orders": 14,
          "qty_pct_close": 0.02471438785597803,
          "qty_pct_entry": 0.021884852896729822,
          "wallet_exposure_limit": 1.0,
          "we_multiplier_close": 0.0,
          "we_multiplier_entry": 58.25872697853322},
 "short": {"backwards_tp": true,
           "delay_between_fills_minutes_close": 1093.0730097072483,
           "delay_between_fills_minutes_entry": 1043.396370749514,
           "delay_weight_close": 1.9721655126402264,
           "delay_weight_entry": 22.617748378321732,
           "ema_dist_close": 0.0036339954416410225,
           "ema_dist_entry": 0.004,
           "ema_span_0": 1389.3111397847574,
           "ema_span_1": 154.103235834266,
           "enabled": true,
           "markup_range": 0.004273755024282371,
           "min_markup": 0.00672974893558617,
           "n_close_orders": 8,
           "qty_pct_close": 0.014910894683162503,
           "qty_pct_entry": 0.01831313860124786,
           "wallet_exposure_limit": 1.0,
           "we_multiplier_close": 0.0,
           "we_multiplier_entry": 59.25267689494021}}