{"config_name": "clock_0days",
 "long": {"backwards_tp": true,
          "delay_between_fills_minutes_close": 1076.7508373892927,
          "delay_between_fills_minutes_entry": 908.0899905197621,
          "delay_weight_close": 0.9778507021380024,
          "delay_weight_entry": 9.380417927626402,
          "ema_dist_close": 0.0029668702284721547,
          "ema_dist_entry": 0.003993760472210167,
          "ema_span_0": 1014.7539255726244,
          "ema_span_1": 1095.7224232862873,
          "enabled": true,
          "markup_range": 0.025246422766541855,
          "min_markup": 0.007964561306225616,
          "n_close_orders": 10,
          "qty_pct_close": 0.04469119811401573,
          "qty_pct_entry": 0.010724826112995751,
          "wallet_exposure_limit": 1.0,
          "we_multiplier_close": 0.0,
          "we_multiplier_entry": 36.560882709524726},
 "short": {"backwards_tp": true,
           "delay_between_fills_minutes_close": 884.4991650873842,
           "delay_between_fills_minutes_entry": 904.9091894527584,
           "delay_weight_close": 26.262224123082703,
           "delay_weight_entry": 28.8388083906998,
           "ema_dist_close": 0.0011222401320222274,
           "ema_dist_entry": -0.018077265909045882,
           "ema_span_0": 359.81245496109227,
           "ema_span_1": 1439.6165231638977,
           "enabled": true,
           "markup_range": 0.004080682170766003,
           "min_markup": 0.005290827124937578,
           "n_close_orders": 10,
           "qty_pct_close": 0.030001418335630338,
           "qty_pct_entry": 0.010020653363457971,
           "wallet_exposure_limit": 1.0,
           "we_multiplier_close": 0.0,
           "we_multiplier_entry": 92.47139539611115}}