{"config_name": "clock_0days",
 "long": {"backwards_tp": true,
          "delay_between_fills_minutes_close": 609.3909429035637,
          "delay_between_fills_minutes_entry": 1318.4620703848188,
          "delay_weight_close": 0.07470172945020084,
          "delay_weight_entry": 10.176654812534814,
          "ema_dist_close": 0.003996483215393523,
          "ema_dist_entry": 0.0010768744564559943,
          "ema_span_0": 988.7358260639919,
          "ema_span_1": 356.02220176280554,
          "enabled": true,
          "markup_range": 0.009964463150980138,
          "min_markup": 0.004120571273741078,
          "n_close_orders": 13,
          "qty_pct_close": 0.010067762506288326,
          "qty_pct_entry": 0.011271338395384165,
          "wallet_exposure_limit": 1,
          "we_multiplier_close": 0,
          "we_multiplier_entry": 40.67004172284763},
 "short": {"backwards_tp": true,
           "delay_between_fills_minutes_close": 861.0238758596907,
           "delay_between_fills_minutes_entry": 450.89331668495123,
           "delay_weight_close": 35.296486788727876,
           "delay_weight_entry": 14.05020077335595,
           "ema_dist_close": -0.0024991647415286557,
           "ema_dist_entry": -0.010105314696927423,
           "ema_span_0": 1019.6675820951461,
           "ema_span_1": 1061.334870953412,
           "enabled": true,
           "markup_range": 0.0006278257707760969,
           "min_markup": 0.009116046209359909,
           "n_close_orders": 10,
           "qty_pct_close": 0.01247066585792351,
           "qty_pct_entry": 0.015133300558827513,
           "wallet_exposure_limit": 1,
           "we_multiplier_close": 0,
           "we_multiplier_entry": 84.67694275203071}}