{"config_name": "clock_0days",
 "long": {"backwards_tp": true,
          "delay_between_fills_minutes_close": 1316.9782859562704,
          "delay_between_fills_minutes_entry": 1015.4697366889961,
          "delay_weight_close": 24.240013096188633,
          "delay_weight_entry": 25.763320480479315,
          "ema_dist_close": 0.0001401966069146213,
          "ema_dist_entry": -0.015244791417957478,
          "ema_span_0": 215.29669061010253,
          "ema_span_1": 868.1667344314769,
          "enabled": true,
          "markup_range": 0.003674030509045643,
          "min_markup": 0.004946387454430561,
          "n_close_orders": 10,
          "qty_pct_close": 0.021033969708546874,
          "qty_pct_entry": 0.013201397683841473,
          "wallet_exposure_limit": 1,
          "we_multiplier_close": 0,
          "we_multiplier_entry": 61.03751853443307},
 "short": {"backwards_tp": true,
           "delay_between_fills_minutes_close": 540.7909627590578,
           "delay_between_fills_minutes_entry": 689.6323245006142,
           "delay_weight_close": 0.36581508466011364,
           "delay_weight_entry": 8.446906226164897,
           "ema_dist_close": 0.003893439876824554,
           "ema_dist_entry": -0.03973442633652512,
           "ema_span_0": 918.507415701329,
           "ema_span_1": 177.927991198177,
           "enabled": true,
           "markup_range": 0.006396595243856132,
           "min_markup": 0.005729361180802758,
           "n_close_orders": 7,
           "qty_pct_close": 0.010137920862495082,
           "qty_pct_entry": 0.013976432663060083,
           "wallet_exposure_limit": 1,
           "we_multiplier_close": 0,
           "we_multiplier_entry": 91.5624004926641}}