{"config_name": "clock_0days",
 "long": {"backwards_tp": true,
          "delay_between_fills_minutes_close": 1171.3480431790215,
          "delay_between_fills_minutes_entry": 234.50036862907578,
          "delay_weight_close": 92.19772718721153,
          "delay_weight_entry": 9.129163355287913,
          "ema_dist_close": -0.0025395644738930895,
          "ema_dist_entry": -0.006806789308864333,
          "ema_span_0": 974.2302434011423,
          "ema_span_1": 1336.4391323778527,
          "enabled": true,
          "markup_range": 0.0028777462917318163,
          "min_markup": 0.003189475126497128,
          "n_close_orders": 11,
          "qty_pct_close": 0.02297107028930797,
          "qty_pct_entry": 0.011739670408341746,
          "wallet_exposure_limit": 1.0,
          "we_multiplier_close": 0.0,
          "we_multiplier_entry": 57.04923861852876},
 "short": {"backwards_tp": true,
           "delay_between_fills_minutes_close": 540.2043211163159,
           "delay_between_fills_minutes_entry": 179.51178957561248,
           "delay_weight_close": 0.13722368591878453,
           "delay_weight_entry": 0.3851027246154583,
           "ema_dist_close": 0.003988090101624116,
           "ema_dist_entry": -0.01293584053631555,
           "ema_span_0": 1019.2630749189796,
           "ema_span_1": 1358.2697277570473,
           "enabled": true,
           "markup_range": 0.001285171792059994,
           "min_markup": 0.0021098022063676595,
           "n_close_orders": 4,
           "qty_pct_close": 0.01000716137123387,
           "qty_pct_entry": 0.0137200497962645,
           "wallet_exposure_limit": 1.0,
           "we_multiplier_close": 0.0,
           "we_multiplier_entry": 95.07433761031571}}