{"config_name": "clock_0days",
 "long": {"backwards_tp": true,
          "delay_between_fills_minutes_close": 711.1150571168821,
          "delay_between_fills_minutes_entry": 818.6434901202836,
          "delay_weight_close": 0.0,
          "delay_weight_entry": 45.95620059615767,
          "ema_dist_close": 0.002377476498558845,
          "ema_dist_entry": 0.002818825180585071,
          "ema_span_0": 207.8438458432599,
          "ema_span_1": 349.717642494979,
          "enabled": true,
          "markup_range": 0.0004249416842372553,
          "min_markup": 0.004066336553292177,
          "n_close_orders": 10,
          "qty_pct_close": 0.01109752527672736,
          "qty_pct_entry": 0.011039532349697248,
          "wallet_exposure_limit": 1.0,
          "we_multiplier_close": 0.0,
          "we_multiplier_entry": 18.70728314340193},
 "short": {"backwards_tp": true,
           "delay_between_fills_minutes_close": 1071.5085534348934,
           "delay_between_fills_minutes_entry": 961.396803943615,
           "delay_weight_close": 0.0,
           "delay_weight_entry": 20.382617149588203,
           "ema_dist_close": -0.0029247600841625383,
           "ema_dist_entry": -0.019254989784514613,
           "ema_span_0": 890.6983786454817,
           "ema_span_1": 746.2290425253976,
           "enabled": true,
           "markup_range": 0.010532812788721271,
           "min_markup": 0.007772913415109139,
           "n_close_orders": 9,
           "qty_pct_close": 0.01611093539567286,
           "qty_pct_entry": 0.011538043567679044,
           "wallet_exposure_limit": 1.0,
           "we_multiplier_close": 0.0,
           "we_multiplier_entry": 58.17570521003658}}