{"config_name": "clock_0days",
 "long": {"backwards_tp": true,
          "delay_between_fills_minutes_close": 548.6866461340627,
          "delay_between_fills_minutes_entry": 636.9445590738679,
          "delay_weight_close": 0.0,
          "delay_weight_entry": 8.71624614047166,
          "ema_dist_close": 0.0037541587303687976,
          "ema_dist_entry": -0.010991607161857772,
          "ema_span_0": 532.0524205460514,
          "ema_span_1": 573.5787987788528,
          "enabled": true,
          "markup_range": 0.007344657049176571,
          "min_markup": 0.00298416242400944,
          "n_close_orders": 16,
          "qty_pct_close": 0.01022798992516003,
          "qty_pct_entry": 0.01887345501217631,
          "wallet_exposure_limit": 1.0,
          "we_multiplier_close": 0.0,
          "we_multiplier_entry": 15.419367823496263},
 "short": {"backwards_tp": true,
           "delay_between_fills_minutes_close": 546.0878081464422,
           "delay_between_fills_minutes_entry": 1034.567404816897,
           "delay_weight_close": 0.0,
           "delay_weight_entry": 34.239075945268176,
           "ema_dist_close": 0.001621390658874659,
           "ema_dist_entry": -0.035533277419620236,
           "ema_span_0": 742.2927282449203,
           "ema_span_1": 297.1441688225779,
           "enabled": true,
           "markup_range": 0.0029640152343285977,
           "min_markup": 0.00753366970833689,
           "n_close_orders": 7,
           "qty_pct_close": 0.016793896592610564,
           "qty_pct_entry": 0.01,
           "wallet_exposure_limit": 1.0,
           "we_multiplier_close": 0.0,
           "we_multiplier_entry": 26.17779523456015}}