{"config_name": "clock_0days",
 "long": {"backwards_tp": true,
          "delay_between_fills_minutes_close": 1110.7576149791357,
          "delay_between_fills_minutes_entry": 835.0919419149293,
          "delay_weight_close": 82.86614363690704,
          "delay_weight_entry": 12.1251233928714,
          "ema_dist_close": 8.945667398161461e-05,
          "ema_dist_entry": 0.0006274128074723138,
          "ema_span_0": 1172.6061475951517,
          "ema_span_1": 951.18159213741,
          "enabled": true,
          "markup_range": 0.03473119795487353,
          "min_markup": 0.006907737246195471,
          "n_close_orders": 7,
          "qty_pct_close": 0.018511538485280896,
          "qty_pct_entry": 0.0137517932796888,
          "wallet_exposure_limit": 1.0,
          "we_multiplier_close": 0.0,
          "we_multiplier_entry": 38.10256898412639},
 "short": {"backwards_tp": true,
           "delay_between_fills_minutes_close": 553.4685841660676,
           "delay_between_fills_minutes_entry": 1009.318083511178,
           "delay_weight_close": 0.11938046786233604,
           "delay_weight_entry": 33.75396944004865,
           "ema_dist_close": 0.0016547396779732777,
           "ema_dist_entry": -0.0374858365652093,
           "ema_span_0": 710.226013185303,
           "ema_span_1": 283.2037657722803,
           "enabled": true,
           "markup_range": 0.002984095657130615,
           "min_markup": 0.007350532456533317,
           "n_close_orders": 7,
           "qty_pct_close": 0.01674591606406595,
           "qty_pct_entry": 0.01,
           "wallet_exposure_limit": 1.0,
           "we_multiplier_close": 0.0,
           "we_multiplier_entry": 26.46223514241017}}