{"config_name": "clock_0days",
 "long": {"backwards_tp": true,
          "delay_between_fills_minutes_close": 540.0034448718676,
          "delay_between_fills_minutes_entry": 381.1997427666087,
          "delay_weight_close": 0.0,
          "delay_weight_entry": 13.891237922306143,
          "ema_dist_close": 0.003925351740866511,
          "ema_dist_entry": -0.0007641936774629216,
          "ema_span_0": 365.36155404518775,
          "ema_span_1": 325.74371585528536,
          "enabled": true,
          "markup_range": 0.004685991607083419,
          "min_markup": 0.005700617188160316,
          "n_close_orders": 3,
          "qty_pct_close": 0.010000759826715012,
          "qty_pct_entry": 0.01372689557347393,
          "wallet_exposure_limit": 1.0,
          "we_multiplier_close": 0.0,
          "we_multiplier_entry": 24.838548911228152},
 "short": {"backwards_tp": true,
           "delay_between_fills_minutes_close": 1386.9906070422824,
           "delay_between_fills_minutes_entry": 1083.5067097387616,
           "delay_weight_close": 0.0,
           "delay_weight_entry": 42.96958711859148,
           "ema_dist_close": 0.0033344687013696014,
           "ema_dist_entry": -0.011830328516395889,
           "ema_span_0": 10.343301233327903,
           "ema_span_1": 1181.4040358530915,
           "enabled": true,
           "markup_range": 1.2651315545917892e-06,
           "min_markup": 0.008018859062939449,
           "n_close_orders": 4,
           "qty_pct_close": 0.034960692686234404,
           "qty_pct_entry": 0.010096312349915175,
           "wallet_exposure_limit": 1.0,
           "we_multiplier_close": 0.0,
           "we_multiplier_entry": 50.1733152413281}}