{"config_name": "clock_0days",
 "long": {"backwards_tp": true,
          "delay_between_fills_minutes_close": 647.2962595863772,
          "delay_between_fills_minutes_entry": 365.33348499767294,
          "delay_weight_close": 57.421012612967,
          "delay_weight_entry": 71.31015399840089,
          "ema_dist_close": -0.006175530092147998,
          "ema_dist_entry": -0.0003601955993117264,
          "ema_span_0": 1239.9052401963588,
          "ema_span_1": 1236.9532179923629,
          "enabled": true,
          "markup_range": 0.003023541155402338,
          "min_markup": 0.001363307949731691,
          "n_close_orders": 6,
          "qty_pct_close": 0.018472454069307902,
          "qty_pct_entry": 0.010118267141749328,
          "wallet_exposure_limit": 1.0,
          "we_multiplier_close": 0.0,
          "we_multiplier_entry": 37.910405062517434},
 "short": {"backwards_tp": true,
           "delay_between_fills_minutes_close": 941.352137792835,
           "delay_between_fills_minutes_entry": 297.3386585884946,
           "delay_weight_close": 0.8622803651069867,
           "delay_weight_entry": 35.174686242200636,
           "ema_dist_close": 0.0024239374534384254,
           "ema_dist_entry": -0.01622377180782009,
           "ema_span_0": 1227.0883151508401,
           "ema_span_1": 955.9697171224061,
           "enabled": true,
           "markup_range": 0.003214502020108422,
           "min_markup": 0.0017068401465885018,
           "n_close_orders": 3,
           "qty_pct_close": 0.013990111611388991,
           "qty_pct_entry": 0.010040399270949603,
           "wallet_exposure_limit": 1.0,
           "we_multiplier_close": 0.0,
           "we_multiplier_entry": 29.497280273871088}}