{"config_name": "clock_0days",
 "long": {"backwards_tp": true,
          "delay_between_fills_minutes_close": 548.0061809974611,
          "delay_between_fills_minutes_entry": 171.50688820582246,
          "delay_weight_close": 0,
          "delay_weight_entry": 11.281637050623512,
          "ema_dist_close": 0.003998396781978056,
          "ema_dist_entry": 0.0027463524378511526,
          "ema_span_0": 1293.7733257613068,
          "ema_span_1": 1413.0643011431036,
          "enabled": true,
          "markup_range": 0.0014866136195521857,
          "min_markup": 0.0028633342021811017,
          "n_close_orders": 6,
          "qty_pct_close": 0.010342808137989797,
          "qty_pct_entry": 0.011846179659828336,
          "wallet_exposure_limit": 1.0,
          "we_multiplier_close": 0.0,
          "we_multiplier_entry": 78.36320926160849},
 "short": {"backwards_tp": true,
           "delay_between_fills_minutes_close": 936.7795889105382,
           "delay_between_fills_minutes_entry": 491.7122472956255,
           "delay_weight_close": 61.56059268663733,
           "delay_weight_entry": 15.67260273171526,
           "ema_dist_close": -0.004669947219993407,
           "ema_dist_entry": -0.0035161050855253245,
           "ema_span_0": 175.89882036770152,
           "ema_span_1": 1150.6942654471568,
           "enabled": true,
           "markup_range": 0.022443310949362298,
           "min_markup": 0.008988029389364988,
           "n_close_orders": 9,
           "qty_pct_close": 0.03480114740940647,
           "qty_pct_entry": 0.01083476816099697,
           "wallet_exposure_limit": 1.0,
           "we_multiplier_close": 0.0,
           "we_multiplier_entry": 49.6800731217101}}