{"config_name": "clock_0days",
 "long": {"backwards_tp": true,
          "delay_between_fills_minutes_close": 547.6130275650315,
          "delay_between_fills_minutes_entry": 171.5254609320472,
          "delay_weight_close": 0.0,
          "delay_weight_entry": 11.285378496971964,
          "ema_dist_close": 0.003997722680019888,
          "ema_dist_entry": 0.0027472970665240624,
          "ema_span_0": 1294.632378319019,
          "ema_span_1": 1413.058850858296,
          "enabled": true,
          "markup_range": 0.0014896281913209803,
          "min_markup": 0.0028630606597259915,
          "n_close_orders": 6,
          "qty_pct_close": 0.01021006385729007,
          "qty_pct_entry": 0.011847838316070357,
          "wallet_exposure_limit": 1.0,
          "we_multiplier_close": 0.0,
          "we_multiplier_entry": 78.44446582171781},
 "short": {"backwards_tp": true,
           "delay_between_fills_minutes_close": 545.0863135815275,
           "delay_between_fills_minutes_entry": 690.0187019274134,
           "delay_weight_close": 0.0,
           "delay_weight_entry": 7.836441023205468,
           "ema_dist_close": 0.0019939775698310214,
           "ema_dist_entry": -0.00881435091240384,
           "ema_span_0": 1439.0839101336646,
           "ema_span_1": 1225.0634596044647,
           "enabled": true,
           "markup_range": 0.0100761930263588,
           "min_markup": 0.004948147055350479,
           "n_close_orders": 10,
           "qty_pct_close": 0.01022002792439349,
           "qty_pct_entry": 0.022009914595703017,
           "wallet_exposure_limit": 1.0,
           "we_multiplier_close": 0.0,
           "we_multiplier_entry": 61.101684735813606}}