{
    "key": "f92c7b20aec400ac83a716271f3ae27663e0aac332953296c43ad0bd51715c37",
    "balance_pct": 0.233,
    "entry_qty_pct": 0.0349,
    "ddown_factor": 1.46,
    "grid_coefficient": 91.35,
    "grid_spacing": 0.00374,
    "leverage": 50.0,
    "stop_loss_liq_diff": 0.0615,
    "stop_loss_pos_price_diff": 0.0819,
    "max_markup": 0.01936,
    "min_markup": 0.00167,
    "min_close_qty_multiplier": 0.6,
    "n_close_orders": 13.0,
    "stop_loss_pos_reduction": 0.066,
    "ema_span": 89087.0,
    "ema_spread": 0.0078,
    "do_long": 1.0,
    "do_shrt": 1.0,
    "net_pnl_plus_fees": 387.6645780860008,
    "profit_sum": 483.3688999999998,
    "loss_sum": 0.0,
    "fee_sum": -95.70432191399995,
    "gain": 4.876645780860008,
    "average_daily_gain": 1.0824455530082076,
    "n_days": 20,
    "closest_shrt_liq": 0.10998767517589167,
    "closest_long_liq": 0.14572716024749613,
    "closest_liq": 0.10998767517589167,
    "max_n_hours_between_consec_trades": 13.223263055555556,
    "n_trades": 4808,
    "n_closes": 2420,
    "n_reentries": 291,
    "n_stop_losses": 0,
    "max_drawdown": 0.0011460219281782646,
    "biggest_pos_size": 65.9,
    "seconds_elapsed": 24.1322181224823
}