{"config_name": "binance_hbarusdt_139days_adg1.67%_bkr52.35%",
 "logging_level": 0,
 "long": {"enabled": true,
          "iprc_MAr_coeffs": [[0.1798150468378719, 0.3651114665769922],
                              [0.2624611665883672, 0.35203021676518936],
                              [-0.011377271804973938, -0.1730129805858391]],
          "iprc_const": 0.992218376493077,
          "iqty_MAr_coeffs": [[-0.21141062324309204, -0.11277758129430267],
                              [-0.1687735284986519, -0.13026655732443446],
                              [0.046261993135603835, 0.13277519802337806]],
          "iqty_const": 0.05881803150989215,
          "markup_MAr_coeffs": [[-0.26472518709674514, -0.04420687693868605],
                                [-0.28451267024764143, 0.07910190448301208],
                                [0.24568539028593647, 0.3463019288868563]],
          "markup_const": 1.0249651538374922,
          "pbr_limit": 0.8733473790910358,
          "pbr_stop_loss": -0.1,
          "rprc_MAr_coeffs": [[-0.22112133946831344, 0.09838000201667844],
                              [-0.11584002186050402, 0.09360343833481619],
                              [-0.031726093083894964, 0.10134733631740057]],
          "rprc_PBr_coeffs": [[0.06601551533753705, -0.17693714325616966]],
          "rprc_const": 0.9953629469974481,
          "rqty_MAr_coeffs": [[0.2419624462918808, 0.24947571228949444],
                              [-0.06486102850553205, 0.01103941235182181],
                              [0.3696704178844523, 0.013831859458460785]],
          "rqty_const": 0.8086767096039079},
 "max_span": 5628.719487148054,
 "min_span": 1383.6115847889466,
 "n_spans": 3,
 "shrt": {"enabled": true,
          "iprc_MAr_coeffs": [[-0.022137372051556636, -0.31475780264584546],
                              [0.177945586426347, -0.1341298687907581],
                              [0.15325278094231068, -0.1608684956998783]],
          "iprc_const": 1.005660232536943,
          "iqty_MAr_coeffs": [[-0.2633233449580713, 0.12011784377415163],
                              [-0.11973893790461752, 0.06633286804356361],
                              [0.30439203997656733, -0.21790207054269048]],
          "iqty_const": 0.2029285530140193,
          "markup_MAr_coeffs": [[-0.3478501549189975, 0.28303224193125376],
                                [0.1990777130285618, -0.029782363947910815],
                                [0.028974252423537065, -0.12837251132912883]],
          "markup_const": 0.9784499847451013,
          "pbr_limit": 0.8183863950412701,
          "pbr_stop_loss": -0.1,
          "rprc_MAr_coeffs": [[-0.2996667023377571, -0.11429997180602956],
                              [0.26586151017988463, 0.04452125774558954],
                              [0.15572818339452618, -0.3516387069874142]],
          "rprc_PBr_coeffs": [[-0.04707032320302834, 0.2853573440769817]],
          "rprc_const": 1.02864377620997,
          "rqty_MAr_coeffs": [[-0.2845152302203248, 0.006080000791069675],
                              [-0.029624279902307295, -0.07103933736046335],
                              [0.198489683051628, 0.3159305034994881]],
          "rqty_const": 1.5420799578995876}}
