{"config_name": "binance_hbarusdt_151days_adg1.51%_bkr47.41%",
 "logging_level": 0,
 "long": {"enabled": true,
          "iprc_MAr_coeffs": [[-0.283898154240387, 0.3893651957464962],
                              [0.3168533555996665, 0.4],
                              [0.0526710130413643, -0.0971683076479882]],
          "iprc_const": 1.006000834945067,
          "iqty_MAr_coeffs": [[-0.1515611338272688, 0.1404385106345966],
                              [0.1916552458883718, 0.1335966060066699],
                              [0.0672206753552528, 0.2456089655731625]],
          "iqty_const": 0.2663056468805994,
          "markup_MAr_coeffs": [[-0.3862505284443761, -0.1630541881886858],
                                [0.1058225538418559, -0.3123400255774101],
                                [0.3170878483338785, 0.2817001806349711]],
          "markup_const": 1.0174149887344048,
          "pbr_limit": 0.5195136947494969,
          "pbr_stop_loss": 0.5272207534268296,
          "rprc_MAr_coeffs": [[0.3168582592731191, 0.3671592392606077],
                              [-0.3366840487496822, 0.0353322789186876],
                              [0.3063964613256543, -0.2139161001800008]],
          "rprc_PBr_coeffs": [[-0.4459051976524728, -0.198178917938156]],
          "rprc_const": 0.9972314223005504,
          "rqty_MAr_coeffs": [[0.3406459314561562, 0.1426617323556472],
                              [-0.4, -0.3737647088890771],
                              [0.2108147409372688, -0.0956794602329333]],
          "rqty_const": 0.8364140257760477},
 "max_span": 2150.7351260930013,
 "min_span": 1404.631446533397,
 "n_spans": 3,
 "shrt": {"enabled": true,
          "iprc_MAr_coeffs": [[-0.3062706527634673, -0.2926269057774286],
                              [0.0339770931411876, -0.3047994410905962],
                              [0.3181862822935142, 0.1710337892759915]],
          "iprc_const": 1.00304908411712,
          "iqty_MAr_coeffs": [[0.025613585336839, 0.4],
                              [0.1335263338114176, -0.1074279411401446],
                              [-0.3711786361659646, -0.3953516106410809]],
          "iqty_const": 0.0356913924494941,
          "markup_MAr_coeffs": [[-0.085086237795867, 0.1129988087485331],
                                [-0.2063269345653648, -0.2572770727846382],
                                [-0.0678553079033615, 0.0119193639130917]],
          "markup_const": 0.976695624304486,
          "pbr_limit": 0.2362353590146975,
          "pbr_stop_loss": 0.6654505624964948,
          "rprc_MAr_coeffs": [[0.1468905435373441, 0.1383389243895078],
                              [-0.2020944828325493, -0.3541499665096583],
                              [-0.2698632543153026, 0.1432265354936062]],
          "rprc_PBr_coeffs": [[0.0237769138134298, 0.0103367532057642]],
          "rprc_const": 1.0081205264870354,
          "rqty_MAr_coeffs": [[0.1392689532533298, -0.0513435808414762],
                              [0.3724621778813017, 0.1330441538871638],
                              [-0.3356654724866818, 0.1821886607876957]],
          "rqty_const": 1.6961982014912576}}
