{"config_name": "clock_0days",
 "long": {"backwards_tp": true,
          "delay_between_fills_minutes_close": 1201.450149304049,
          "delay_between_fills_minutes_entry": 1160.3264039471053,
          "delay_weight_close": 0.009736533588871069,
          "delay_weight_entry": 23.34680286016222,
          "ema_dist_close": 0.001847392173849052,
          "ema_dist_entry": 0.00225895335230477,
          "ema_span_0": 1388.760304288753,
          "ema_span_1": 594.9188138634648,
          "enabled": true,
          "markup_range": 0.004200665722366016,
          "min_markup": 0.005754130354235459,
          "n_close_orders": 13,
          "qty_pct_close": 0.030239983368648207,
          "qty_pct_entry": 0.014259974938995263,
          "wallet_exposure_limit": 1,
          "we_multiplier_close": 0,
          "we_multiplier_entry": 155.53852274102607},
 "short": {"backwards_tp": true,
           "delay_between_fills_minutes_close": 923.4332148278052,
           "delay_between_fills_minutes_entry": 718.0370739366859,
           "delay_weight_close": 0,
           "delay_weight_entry": 11.361889062158198,
           "ema_dist_close": -0.002237428810592892,
           "ema_dist_entry": -0.004265832545759081,
           "ema_span_0": 1049.6417003102388,
           "ema_span_1": 863.4851248240769,
           "enabled": true,
           "markup_range": 0.0045087749267992425,
           "min_markup": 0.006305350545351498,
           "n_close_orders": 11,
           "qty_pct_close": 0.013705393813393058,
           "qty_pct_entry": 0.011939341626625733,
           "wallet_exposure_limit": 1,
           "we_multiplier_close": 0,
           "we_multiplier_entry": 100.42809435340195}}