{"config_name": "clock_0days",
 "long": {"backwards_tp": true,
          "delay_between_fills_minutes_close": 1179.8778285011513,
          "delay_between_fills_minutes_entry": 1380.719396597123,
          "delay_weight_close": 0,
          "delay_weight_entry": 14.196041507121398,
          "ema_dist_close": -0.02144016058603098,
          "ema_dist_entry": -0.008108922026002474,
          "ema_span_0": 967.9013803225345,
          "ema_span_1": 1099.7815249442651,
          "enabled": true,
          "markup_range": 0.020890873080837327,
          "min_markup": 0.008748053940679784,
          "n_close_orders": 2,
          "qty_pct_close": 0.01017504951834038,
          "qty_pct_entry": 0.011722263346081842,
          "wallet_exposure_limit": 1,
          "we_multiplier_close": 0,
          "we_multiplier_entry": 43.80721463161578},
 "short": {"backwards_tp": true,
           "delay_between_fills_minutes_close": 1440,
           "delay_between_fills_minutes_entry": 191.19240382987437,
           "delay_weight_close": 0,
           "delay_weight_entry": 17.482739014267075,
           "ema_dist_close": 0.003,
           "ema_dist_entry": -0.00801278803261438,
           "ema_span_0": 1064.5299305169988,
           "ema_span_1": 186.35743373063164,
           "enabled": true,
           "markup_range": 0.0021587840178932593,
           "min_markup": 0.0047252057917143864,
           "n_close_orders": 9,
           "qty_pct_close": 0.01,
           "qty_pct_entry": 0.01102212543842145,
           "wallet_exposure_limit": 1,
           "we_multiplier_close": 0,
           "we_multiplier_entry": 63.81824000335414}}