{"config_name": "clock_0days",
 "long": {"backwards_tp": true,
          "delay_between_fills_minutes_close": 1395.3293946461274,
          "delay_between_fills_minutes_entry": 1178.284440470521,
          "delay_weight_close": 110.57568255052493,
          "delay_weight_entry": 19.015800590858642,
          "ema_dist_close": -0.012651545243833065,
          "ema_dist_entry": -0.005257327718911291,
          "ema_span_0": 517.6715395672513,
          "ema_span_1": 413.560923595372,
          "enabled": true,
          "markup_range": 0.03742445619162702,
          "min_markup": 0.009775277314068591,
          "n_close_orders": 4,
          "qty_pct_close": 0.03512198852764968,
          "qty_pct_entry": 0.010000033325407281,
          "wallet_exposure_limit": 1,
          "we_multiplier_close": 0,
          "we_multiplier_entry": 133.87051846781182},
 "short": {"backwards_tp": true,
           "delay_between_fills_minutes_close": 975.9836235581668,
           "delay_between_fills_minutes_entry": 1090.3944895855589,
           "delay_weight_close": 0.042095498674224865,
           "delay_weight_entry": 24.645044963888154,
           "ema_dist_close": 0.0029806695352234524,
           "ema_dist_entry": 0.0006952535911447591,
           "ema_span_0": 1431.568314398425,
           "ema_span_1": 1324.466224414617,
           "enabled": true,
           "markup_range": 0.017064773404511693,
           "min_markup": 0.006396826667299644,
           "n_close_orders": 13,
           "qty_pct_close": 0.025533375676169947,
           "qty_pct_entry": 0.015047997807188733,
           "wallet_exposure_limit": 1,
           "we_multiplier_close": 0,
           "we_multiplier_entry": 29.99947774397682}}