{"config_name": "clock_0days",
 "long": {"backwards_tp": true,
          "delay_between_fills_minutes_close": 829.4968941790315,
          "delay_between_fills_minutes_entry": 1289.4041336708683,
          "delay_weight_close": 170.14037733844307,
          "delay_weight_entry": 9.932178001869017,
          "ema_dist_close": 0.0027662995848566213,
          "ema_dist_entry": 0.0004835709560285662,
          "ema_span_0": 746.4857095555196,
          "ema_span_1": 60.69257045870366,
          "enabled": true,
          "markup_range": 0.03838948529137666,
          "min_markup": 0.002221150593199981,
          "n_close_orders": 16,
          "qty_pct_close": 0.013994204798098655,
          "qty_pct_entry": 0.011396677242107812,
          "wallet_exposure_limit": 1,
          "we_multiplier_close": 0,
          "we_multiplier_entry": 154.59083112359625},
 "short": {"backwards_tp": true,
           "delay_between_fills_minutes_close": 1205.3379563527585,
           "delay_between_fills_minutes_entry": 626.0948899863996,
           "delay_weight_close": 0.008350078976584305,
           "delay_weight_entry": 4.843227212646731,
           "ema_dist_close": -0.0008364590425511494,
           "ema_dist_entry": 0.0005912598944200411,
           "ema_span_0": 1322.5153543728293,
           "ema_span_1": 1020.6558887923713,
           "enabled": true,
           "markup_range": 0.002966046105869611,
           "min_markup": 0.009756352248423942,
           "n_close_orders": 3,
           "qty_pct_close": 0.010201665194029964,
           "qty_pct_entry": 0.013235010346221505,
           "wallet_exposure_limit": 1,
           "we_multiplier_close": 0,
           "we_multiplier_entry": 123.83415790319367}}