{"config_name": "clock_0days",
 "long": {"backwards_tp": true,
          "delay_between_fills_minutes_close": 1250.9247997235163,
          "delay_between_fills_minutes_entry": 413.3971850999475,
          "delay_weight_close": 159.31414527391402,
          "delay_weight_entry": 22.654961308961454,
          "ema_dist_close": -0.021326251041008878,
          "ema_dist_entry": 0.0022651906161175192,
          "ema_span_0": 555.661361653183,
          "ema_span_1": 1051.7888419917879,
          "enabled": true,
          "markup_range": 0.01195250992519614,
          "min_markup": 0.005814287032127949,
          "n_close_orders": 12,
          "qty_pct_close": 0.029605893906992635,
          "qty_pct_entry": 0.012128776733459032,
          "wallet_exposure_limit": 1,
          "we_multiplier_close": 0,
          "we_multiplier_entry": 99.84556067408975},
 "short": {"backwards_tp": true,
           "delay_between_fills_minutes_close": 1297.756117250541,
           "delay_between_fills_minutes_entry": 381.86438744983417,
           "delay_weight_close": 0.6103996452528452,
           "delay_weight_entry": 8.937924658406837,
           "ema_dist_close": -0.0310329328242633,
           "ema_dist_entry": -0.0022466457712424946,
           "ema_span_0": 1435.7956380363012,
           "ema_span_1": 1372.1593954621019,
           "enabled": true,
           "markup_range": 0.003989039038416579,
           "min_markup": 0.007566261728326674,
           "n_close_orders": 14,
           "qty_pct_close": 0.010687042883572475,
           "qty_pct_entry": 0.010031528170229707,
           "wallet_exposure_limit": 1,
           "we_multiplier_close": 0,
           "we_multiplier_entry": 149.68229151209528}}