{"config_name": "clock_0days",
 "long": {"backwards_tp": true,
          "delay_between_fills_minutes_close": 1242.6975465359492,
          "delay_between_fills_minutes_entry": 1352.763320300339,
          "delay_weight_close": 6.354785641178821e-05,
          "delay_weight_entry": 15.685039762244633,
          "ema_dist_close": 0.00022521005152991154,
          "ema_dist_entry": 0.00196684070424305,
          "ema_span_0": 715.4416848189217,
          "ema_span_1": 1398.62722773907,
          "enabled": true,
          "markup_range": 0.008072740900171809,
          "min_markup": 0.009568295893296351,
          "n_close_orders": 8,
          "qty_pct_close": 0.010577694179584816,
          "qty_pct_entry": 0.012546221871875887,
          "wallet_exposure_limit": 1,
          "we_multiplier_close": 0,
          "we_multiplier_entry": 167.60704200044543},
 "short": {"backwards_tp": true,
           "delay_between_fills_minutes_close": 1060.5826701835963,
           "delay_between_fills_minutes_entry": 1287.4255594382732,
           "delay_weight_close": 118.37516640465381,
           "delay_weight_entry": 23.20559691763889,
           "ema_dist_close": -0.009183832609053144,
           "ema_dist_entry": -0.00012751988431744816,
           "ema_span_0": 975.0188881506319,
           "ema_span_1": 903.8156103397558,
           "enabled": true,
           "markup_range": 0.03733083814892479,
           "min_markup": 0.009141201315735613,
           "n_close_orders": 7,
           "qty_pct_close": 0.04578341127407603,
           "qty_pct_entry": 0.010878435615593013,
           "wallet_exposure_limit": 1,
           "we_multiplier_close": 0,
           "we_multiplier_entry": 176.93605332657958}}