{"config_name": "clock_0days",
 "long": {"backwards_tp": true,
          "delay_between_fills_minutes_close": 315.74472230548025,
          "delay_between_fills_minutes_entry": 631.9250675102215,
          "delay_weight_close": 71.64781402403945,
          "delay_weight_entry": 7.657765964389762,
          "ema_dist_close": 0.0021730251970316587,
          "ema_dist_entry": 0.000458860572111599,
          "ema_span_0": 41.407428813311896,
          "ema_span_1": 1202.2300326112304,
          "enabled": true,
          "markup_range": 0.007619899671037798,
          "min_markup": 0.006081556135781475,
          "n_close_orders": 6,
          "qty_pct_close": 0.010841988507676304,
          "qty_pct_entry": 0.010282302494417653,
          "wallet_exposure_limit": 1,
          "we_multiplier_close": 0,
          "we_multiplier_entry": 179.99194780398796},
 "short": {"backwards_tp": true,
           "delay_between_fills_minutes_close": 1431.3815761609765,
           "delay_between_fills_minutes_entry": 722.7236525080583,
           "delay_weight_close": 0.12102026875657006,
           "delay_weight_entry": 25.004758863191487,
           "ema_dist_close": -0.016281053620817318,
           "ema_dist_entry": -0.003454572688168426,
           "ema_span_0": 1439.2283042186073,
           "ema_span_1": 73.80915198811856,
           "enabled": true,
           "markup_range": 0.005957808742596041,
           "min_markup": 0.0038191240162163357,
           "n_close_orders": 14,
           "qty_pct_close": 0.047859142720715404,
           "qty_pct_entry": 0.01308054608659846,
           "wallet_exposure_limit": 1,
           "we_multiplier_close": 0,
           "we_multiplier_entry": 179.70810905277096}}