{"config_name": "clock_0days",
 "long": {"backwards_tp": true,
          "delay_between_fills_minutes_close": 1388.6026921513212,
          "delay_between_fills_minutes_entry": 462.9350587058666,
          "delay_weight_close": 0.015510721212563493,
          "delay_weight_entry": 15.976821217467453,
          "ema_dist_close": -0.017589482841582224,
          "ema_dist_entry": 0.000944631709051169,
          "ema_span_0": 1074.6376036637794,
          "ema_span_1": 554.6396667022425,
          "enabled": true,
          "markup_range": 0.011940451421830908,
          "min_markup": 0.0015983163634065126,
          "n_close_orders": 9,
          "qty_pct_close": 0.011078612056424783,
          "qty_pct_entry": 0.01000504916080092,
          "wallet_exposure_limit": 1,
          "we_multiplier_close": 0,
          "we_multiplier_entry": 40.20670956388846},
 "short": {"backwards_tp": true,
           "delay_between_fills_minutes_close": 1000.4731418622029,
           "delay_between_fills_minutes_entry": 356.8840315799568,
           "delay_weight_close": 0.0021713671069052633,
           "delay_weight_entry": 10.737498919172415,
           "ema_dist_close": -0.0003982744387010822,
           "ema_dist_entry": 0.00022077872648253315,
           "ema_span_0": 1325.725881192694,
           "ema_span_1": 1268.6158351667793,
           "enabled": true,
           "markup_range": 0.005418131694922986,
           "min_markup": 0.006830530061072275,
           "n_close_orders": 14,
           "qty_pct_close": 0.011928076577909907,
           "qty_pct_entry": 0.010413308395392071,
           "wallet_exposure_limit": 1,
           "we_multiplier_close": 0,
           "we_multiplier_entry": 116.9902424249311}}