{"config_name": "clock_0days",
 "long": {"backwards_tp": true,
          "delay_between_fills_minutes_close": 439.00016419324993,
          "delay_between_fills_minutes_entry": 440.0949270219656,
          "delay_weight_close": 191.35775192181134,
          "delay_weight_entry": 6.416221545272737,
          "ema_dist_close": 0.0017737959894648684,
          "ema_dist_entry": 0.0007263784808430327,
          "ema_span_0": 1439.7763853671572,
          "ema_span_1": 1222.4873339433693,
          "enabled": true,
          "markup_range": 0.038990198567215376,
          "min_markup": 0.007250803698388851,
          "n_close_orders": 11,
          "qty_pct_close": 0.012721660552696308,
          "qty_pct_entry": 0.016669797323504366,
          "wallet_exposure_limit": 1,
          "we_multiplier_close": 0,
          "we_multiplier_entry": 17.26988697077915},
 "short": {"backwards_tp": true,
           "delay_between_fills_minutes_close": 1239.736397357549,
           "delay_between_fills_minutes_entry": 393.20607676402466,
           "delay_weight_close": 0.6887646754621417,
           "delay_weight_entry": 17.22709942828044,
           "ema_dist_close": 0.0024409533285492608,
           "ema_dist_entry": 0.001279500974428708,
           "ema_span_0": 1241.626885707707,
           "ema_span_1": 129.04481506784873,
           "enabled": true,
           "markup_range": 0.0013813535959106696,
           "min_markup": 0.003832961681869794,
           "n_close_orders": 10,
           "qty_pct_close": 0.01154103283395859,
           "qty_pct_entry": 0.010001974079231852,
           "wallet_exposure_limit": 1,
           "we_multiplier_close": 0,
           "we_multiplier_entry": 184.59445562364644}}