{"config_name": "clock_0days",
 "long": {"backwards_tp": true,
          "delay_between_fills_minutes_close": 1137.7771809879125,
          "delay_between_fills_minutes_entry": 1238.5059967203786,
          "delay_weight_close": 142.59130102450436,
          "delay_weight_entry": 14.544901315180285,
          "ema_dist_close": -0.03426660519989969,
          "ema_dist_entry": -0.0009204883861833779,
          "ema_span_0": 1286.9571474365455,
          "ema_span_1": 1338.3713713424027,
          "enabled": true,
          "markup_range": 0.0304769665393636,
          "min_markup": 0.009667054013871489,
          "n_close_orders": 13,
          "qty_pct_close": 0.014992853896747652,
          "qty_pct_entry": 0.01,
          "wallet_exposure_limit": 1,
          "we_multiplier_close": 0,
          "we_multiplier_entry": 163.96150328426788},
 "short": {"backwards_tp": true,
           "delay_between_fills_minutes_close": 1196.103504142777,
           "delay_between_fills_minutes_entry": 1067.1662624712687,
           "delay_weight_close": 0,
           "delay_weight_entry": 16.292655227081465,
           "ema_dist_close": -0.005185360093461088,
           "ema_dist_entry": 0.003,
           "ema_span_0": 1022.1569474377516,
           "ema_span_1": 966.9685742637579,
           "enabled": true,
           "markup_range": 0.0033270447474068572,
           "min_markup": 0.002781326674680245,
           "n_close_orders": 3,
           "qty_pct_close": 0.010802407629748476,
           "qty_pct_entry": 0.01346402501264374,
           "wallet_exposure_limit": 1,
           "we_multiplier_close": 0,
           "we_multiplier_entry": 164.55416226984698}}