{"config_name": "clock_0days",
 "long": {"backwards_tp": true,
          "delay_between_fills_minutes_close": 845.7086933792111,
          "delay_between_fills_minutes_entry": 1127.9351668355755,
          "delay_weight_close": 143.50654936920964,
          "delay_weight_entry": 12.914741683117938,
          "ema_dist_close": 0.000969663995675184,
          "ema_dist_entry": -0.005331198836089535,
          "ema_span_0": 1038.1966776663971,
          "ema_span_1": 443.57930511004514,
          "enabled": true,
          "markup_range": 0.028567816989793986,
          "min_markup": 0.006692401713531139,
          "n_close_orders": 11,
          "qty_pct_close": 0.011417517836260138,
          "qty_pct_entry": 0.013780239548722276,
          "wallet_exposure_limit": 1,
          "we_multiplier_close": 0,
          "we_multiplier_entry": 115.22928743912158},
 "short": {"backwards_tp": true,
           "delay_between_fills_minutes_close": 1236.5659630669368,
           "delay_between_fills_minutes_entry": 417.18495945794155,
           "delay_weight_close": 8.164119403524646,
           "delay_weight_entry": 7.823838994771734,
           "ema_dist_close": -0.003270961725003023,
           "ema_dist_entry": -6.561617501559105e-05,
           "ema_span_0": 1185.4995391126265,
           "ema_span_1": 708.2428556446077,
           "enabled": true,
           "markup_range": 0.00442627714068309,
           "min_markup": 0.0036723656192575956,
           "n_close_orders": 9,
           "qty_pct_close": 0.027079688589918636,
           "qty_pct_entry": 0.02036310296553984,
           "wallet_exposure_limit": 1,
           "we_multiplier_close": 0,
           "we_multiplier_entry": 126.36361137056069}}