{"config_name": "clock_0days",
 "long": {"backwards_tp": true,
          "delay_between_fills_minutes_close": 1347.5715287175299,
          "delay_between_fills_minutes_entry": 1426.485914210723,
          "delay_weight_close": 2.09039843656423,
          "delay_weight_entry": 17.02236192219405,
          "ema_dist_close": -0.0012441069855554726,
          "ema_dist_entry": -0.0030916559426694625,
          "ema_span_0": 544.1291484265365,
          "ema_span_1": 348.68779480743456,
          "enabled": true,
          "markup_range": 0.008624930853618753,
          "min_markup": 0.0037860332404827117,
          "n_close_orders": 9,
          "qty_pct_close": 0.011861712817450411,
          "qty_pct_entry": 0.014863872717748071,
          "wallet_exposure_limit": 1,
          "we_multiplier_close": 0,
          "we_multiplier_entry": 159.24143697776495},
 "short": {"backwards_tp": true,
           "delay_between_fills_minutes_close": 1073.0525377617955,
           "delay_between_fills_minutes_entry": 1186.0076881375103,
           "delay_weight_close": 0.7812452969220793,
           "delay_weight_entry": 8.165623553857634,
           "ema_dist_close": 0.0013512505447213286,
           "ema_dist_entry": -0.0013387426734967835,
           "ema_span_0": 1221.4568637027783,
           "ema_span_1": 1195.910901779436,
           "enabled": true,
           "markup_range": 0.020608348571366834,
           "min_markup": 0.009061719518872677,
           "n_close_orders": 3,
           "qty_pct_close": 0.012525106609884167,
           "qty_pct_entry": 0.014926364322827033,
           "wallet_exposure_limit": 1,
           "we_multiplier_close": 0,
           "we_multiplier_entry": 59.882729777883384}}