{"config_name": "clock_0days",
 "long": {"backwards_tp": true,
          "delay_between_fills_minutes_close": 1201.450149304049,
          "delay_between_fills_minutes_entry": 1160.3264039471053,
          "delay_weight_close": 0.009736533588871069,
          "delay_weight_entry": 23.34680286016222,
          "ema_dist_close": 0.001847392173849052,
          "ema_dist_entry": 0.00225895335230477,
          "ema_span_0": 1388.760304288753,
          "ema_span_1": 594.9188138634648,
          "enabled": true,
          "markup_range": 0.004200665722366016,
          "min_markup": 0.005754130354235459,
          "n_close_orders": 13,
          "qty_pct_close": 0.030239983368648207,
          "qty_pct_entry": 0.014259974938995263,
          "wallet_exposure_limit": 1,
          "we_multiplier_close": 0,
          "we_multiplier_entry": 155.53852274102607},
 "short": {"backwards_tp": true,
           "delay_between_fills_minutes_close": 1440,
           "delay_between_fills_minutes_entry": 191.19240382987437,
           "delay_weight_close": 0,
           "delay_weight_entry": 17.482739014267075,
           "ema_dist_close": 0.003,
           "ema_dist_entry": -0.00801278803261438,
           "ema_span_0": 1064.5299305169988,
           "ema_span_1": 186.35743373063164,
           "enabled": true,
           "markup_range": 0.0021587840178932593,
           "min_markup": 0.0047252057917143864,
           "n_close_orders": 9,
           "qty_pct_close": 0.01,
           "qty_pct_entry": 0.01102212543842145,
           "wallet_exposure_limit": 1,
           "we_multiplier_close": 0,
           "we_multiplier_entry": 63.81824000335414}}