{"config_name": "clock_0days",
 "long": {"backwards_tp": true,
          "delay_between_fills_minutes_close": 1357.798463959938,
          "delay_between_fills_minutes_entry": 847.2663539764151,
          "delay_weight_close": 0.15604712291878892,
          "delay_weight_entry": 45.636912187756145,
          "ema_dist_close": 0.0029891874071092434,
          "ema_dist_entry": 0.002843759953730511,
          "ema_span_0": 239.9596947648971,
          "ema_span_1": 351.6302941787246,
          "enabled": true,
          "markup_range": 0.0004289732535348638,
          "min_markup": 0.004568286197082197,
          "n_close_orders": 10,
          "qty_pct_close": 0.011133891468466777,
          "qty_pct_entry": 0.011084293578457926,
          "wallet_exposure_limit": 1,
          "we_multiplier_close": 0,
          "we_multiplier_entry": 24.294349968547547},
 "short": {"backwards_tp": true,
           "delay_between_fills_minutes_close": 1254.5049145314208,
           "delay_between_fills_minutes_entry": 482.0267410957997,
           "delay_weight_close": 126.69475681800404,
           "delay_weight_entry": 8.486195285137772,
           "ema_dist_close": 0.00014653206402746527,
           "ema_dist_entry": -0.01044053061185501,
           "ema_span_0": 734.0536694940026,
           "ema_span_1": 1273.4388304403858,
           "enabled": true,
           "markup_range": 0.03513750265413776,
           "min_markup": 0.0027489478007878864,
           "n_close_orders": 14,
           "qty_pct_close": 0.03413340013291278,
           "qty_pct_entry": 0.010703911399879982,
           "wallet_exposure_limit": 1,
           "we_multiplier_close": 0,
           "we_multiplier_entry": 70.5461660715256}}