{"config_name": "clock_0days",
 "long": {"backwards_tp": true,
          "delay_between_fills_minutes_close": 818.5926439288614,
          "delay_between_fills_minutes_entry": 1343.077325672045,
          "delay_weight_close": 90.81148063998687,
          "delay_weight_entry": 23.006678167734556,
          "ema_dist_close": -0.024133833849639727,
          "ema_dist_entry": 0.0029271008726332684,
          "ema_span_0": 332.85474957583415,
          "ema_span_1": 658.1359964561636,
          "enabled": true,
          "markup_range": 0.03986761997958102,
          "min_markup": 0.009999999996802117,
          "n_close_orders": 9,
          "qty_pct_close": 0.020029134626091603,
          "qty_pct_entry": 0.010570299649827055,
          "wallet_exposure_limit": 1,
          "we_multiplier_close": 0,
          "we_multiplier_entry": 141.33008184550368},
 "short": {"backwards_tp": true,
           "delay_between_fills_minutes_close": 968.0288351480971,
           "delay_between_fills_minutes_entry": 738.2345232725085,
           "delay_weight_close": 0.008174603706378127,
           "delay_weight_entry": 8.9461769545722,
           "ema_dist_close": 0.0029995667764472736,
           "ema_dist_entry": -0.003943689936097843,
           "ema_span_0": 1147.777530287157,
           "ema_span_1": 842.4152794294836,
           "enabled": true,
           "markup_range": 0.01034330912129877,
           "min_markup": 0.006182943023056589,
           "n_close_orders": 3,
           "qty_pct_close": 0.011386752587997326,
           "qty_pct_entry": 0.010000567568104295,
           "wallet_exposure_limit": 1,
           "we_multiplier_close": 0,
           "we_multiplier_entry": 168.77036699561512}}