{"config_name": "clock_0days",
 "long": {"backwards_tp": true,
          "delay_between_fills_minutes_close": 1429.40190234158,
          "delay_between_fills_minutes_entry": 352.6787178055043,
          "delay_weight_close": 1.5040364443160612,
          "delay_weight_entry": 13.735953317011498,
          "ema_dist_close": 0.0029959826156823375,
          "ema_dist_entry": 0.0013449037757114453,
          "ema_span_0": 624.6766873071537,
          "ema_span_1": 100.35045544456038,
          "enabled": true,
          "markup_range": 0.002114936438510062,
          "min_markup": 0.003858739359753164,
          "n_close_orders": 8,
          "qty_pct_close": 0.01226037997960701,
          "qty_pct_entry": 0.011044599066594066,
          "wallet_exposure_limit": 1,
          "we_multiplier_close": 0,
          "we_multiplier_entry": 123.72002669731019},
 "short": {"backwards_tp": true,
           "delay_between_fills_minutes_close": 1289.3639943605983,
           "delay_between_fills_minutes_entry": 978.3630078761587,
           "delay_weight_close": 0,
           "delay_weight_entry": 19.546065765598623,
           "ema_dist_close": -0.015868838110017665,
           "ema_dist_entry": -0.005510821846909502,
           "ema_span_0": 1107.2291330365813,
           "ema_span_1": 279.12513553674086,
           "enabled": true,
           "markup_range": 0.00963208384756048,
           "min_markup": 0.004178086722984433,
           "n_close_orders": 9,
           "qty_pct_close": 0.012396678565198242,
           "qty_pct_entry": 0.010000652771049666,
           "wallet_exposure_limit": 1,
           "we_multiplier_close": 0,
           "we_multiplier_entry": 172.69772409076603}}