{"config_name": "clock_0days",
 "long": {"backwards_tp": true,
          "delay_between_fills_minutes_close": 1187.5159125172547,
          "delay_between_fills_minutes_entry": 934.8549918166714,
          "delay_weight_close": 183.14955251118843,
          "delay_weight_entry": 7.4020982801189765,
          "ema_dist_close": 0.003,
          "ema_dist_entry": -0.0007201214543245009,
          "ema_span_0": 5.001084731280378,
          "ema_span_1": 1187.9062419776928,
          "enabled": true,
          "markup_range": 0.03590588705800657,
          "min_markup": 0.009547482339989087,
          "n_close_orders": 13,
          "qty_pct_close": 0.03359142586996403,
          "qty_pct_entry": 0.010024028951959725,
          "wallet_exposure_limit": 1,
          "we_multiplier_close": 0,
          "we_multiplier_entry": 56.500187349590405},
 "short": {"backwards_tp": true,
           "delay_between_fills_minutes_close": 815.8822612116387,
           "delay_between_fills_minutes_entry": 935.7201024803874,
           "delay_weight_close": 0,
           "delay_weight_entry": 9.147361331199091,
           "ema_dist_close": 0.0017576721948503505,
           "ema_dist_entry": -0.0026564963117754812,
           "ema_span_0": 1045.8937778784168,
           "ema_span_1": 1173.3289243411505,
           "enabled": true,
           "markup_range": 0.011813717460654675,
           "min_markup": 0.003939754399288202,
           "n_close_orders": 2,
           "qty_pct_close": 0.03336599042049806,
           "qty_pct_entry": 0.011003988154619813,
           "wallet_exposure_limit": 1,
           "we_multiplier_close": 0,
           "we_multiplier_entry": 186.5885368650552}}