{"config_name": "clock_0days",
 "long": {"backwards_tp": true,
          "delay_between_fills_minutes_close": 1133.5582546729136,
          "delay_between_fills_minutes_entry": 1400.681386580925,
          "delay_weight_close": 134.15367427902152,
          "delay_weight_entry": 21.397650236953883,
          "ema_dist_close": -0.03601180916159424,
          "ema_dist_entry": -0.0024461529600686375,
          "ema_span_0": 1425.2630606661273,
          "ema_span_1": 1322.2889617107792,
          "enabled": true,
          "markup_range": 0.007084766910428627,
          "min_markup": 0.005120495701281959,
          "n_close_orders": 5,
          "qty_pct_close": 0.013492821218127693,
          "qty_pct_entry": 0.011411363311548212,
          "wallet_exposure_limit": 1,
          "we_multiplier_close": 0,
          "we_multiplier_entry": 86.22346359067201},
 "short": {"backwards_tp": true,
           "delay_between_fills_minutes_close": 923.4332148278052,
           "delay_between_fills_minutes_entry": 718.0370739366859,
           "delay_weight_close": 0,
           "delay_weight_entry": 11.361889062158198,
           "ema_dist_close": -0.002237428810592892,
           "ema_dist_entry": -0.004265832545759081,
           "ema_span_0": 1049.6417003102388,
           "ema_span_1": 863.4851248240769,
           "enabled": true,
           "markup_range": 0.0045087749267992425,
           "min_markup": 0.006305350545351498,
           "n_close_orders": 11,
           "qty_pct_close": 0.013705393813393058,
           "qty_pct_entry": 0.011939341626625733,
           "wallet_exposure_limit": 1,
           "we_multiplier_close": 0,
           "we_multiplier_entry": 100.42809435340195}}