{"config_name": "clock_0days",
 "long": {"backwards_tp": true,
          "delay_between_fills_minutes_close": 1322.4621064586643,
          "delay_between_fills_minutes_entry": 1174.9228999423558,
          "delay_weight_close": 0.0001433093150809371,
          "delay_weight_entry": 15.460119027630506,
          "ema_dist_close": -0.008192851431872246,
          "ema_dist_entry": 0.0004978228281030424,
          "ema_span_0": 1093.2248040752263,
          "ema_span_1": 486.8275164903054,
          "enabled": true,
          "markup_range": 0.009756758419442025,
          "min_markup": 0.007617867506649405,
          "n_close_orders": 3,
          "qty_pct_close": 0.015181071606284208,
          "qty_pct_entry": 0.017823234438391216,
          "wallet_exposure_limit": 1,
          "we_multiplier_close": 0,
          "we_multiplier_entry": 37.32654356396149},
 "short": {"backwards_tp": true,
           "delay_between_fills_minutes_close": 1150.0101701930007,
           "delay_between_fills_minutes_entry": 770.7310596579274,
           "delay_weight_close": 101.43240895753652,
           "delay_weight_entry": 0.0004176603559479248,
           "ema_dist_close": 0.0024071444851057793,
           "ema_dist_entry": -0.0024509934443336756,
           "ema_span_0": 1246.019383444618,
           "ema_span_1": 569.9561652701773,
           "enabled": true,
           "markup_range": 0.014272810144284616,
           "min_markup": 0.009720360899737416,
           "n_close_orders": 11,
           "qty_pct_close": 0.015614850647871858,
           "qty_pct_entry": 0.012822043011600115,
           "wallet_exposure_limit": 1,
           "we_multiplier_close": 0,
           "we_multiplier_entry": 132.5275013548576}}