{"config_name": "clock_0days",
 "long": {"backwards_tp": true,
          "delay_between_fills_minutes_close": 1133.5582546729136,
          "delay_between_fills_minutes_entry": 1400.681386580925,
          "delay_weight_close": 134.15367427902152,
          "delay_weight_entry": 21.397650236953883,
          "ema_dist_close": -0.03601180916159424,
          "ema_dist_entry": -0.0024461529600686375,
          "ema_span_0": 1425.2630606661273,
          "ema_span_1": 1322.2889617107792,
          "enabled": true,
          "markup_range": 0.007084766910428627,
          "min_markup": 0.005120495701281959,
          "n_close_orders": 5,
          "qty_pct_close": 0.013492821218127693,
          "qty_pct_entry": 0.011411363311548212,
          "wallet_exposure_limit": 1,
          "we_multiplier_close": 0,
          "we_multiplier_entry": 86.22346359067201},
 "short": {"backwards_tp": true,
           "delay_between_fills_minutes_close": 1276.4146618320497,
           "delay_between_fills_minutes_entry": 717.7840386887141,
           "delay_weight_close": 0.03640043736343832,
           "delay_weight_entry": 12.178124343330834,
           "ema_dist_close": -0.04445862736685381,
           "ema_dist_entry": -0.0006500312080592326,
           "ema_span_0": 1352.2933986364947,
           "ema_span_1": 514.3541265119981,
           "enabled": true,
           "markup_range": 0.003924615683110038,
           "min_markup": 0.0067339791017966616,
           "n_close_orders": 12,
           "qty_pct_close": 0.015413523897879831,
           "qty_pct_entry": 0.010555572517381555,
           "wallet_exposure_limit": 1,
           "we_multiplier_close": 0,
           "we_multiplier_entry": 195.84530014747173}}