{"config_name": "clock_0days",
 "long": {"backwards_tp": true,
          "delay_between_fills_minutes_close": 988.8846355823318,
          "delay_between_fills_minutes_entry": 976.796161621882,
          "delay_weight_close": 64.36169308487911,
          "delay_weight_entry": 14.103643473204825,
          "ema_dist_close": 0.0006025270591408612,
          "ema_dist_entry": 0.003,
          "ema_span_0": 270.62713987832717,
          "ema_span_1": 1063.0904136437507,
          "enabled": true,
          "markup_range": 0.037772938610368706,
          "min_markup": 0.009707451894276147,
          "n_close_orders": 4,
          "qty_pct_close": 0.045456981296879646,
          "qty_pct_entry": 0.015819024139029938,
          "wallet_exposure_limit": 1,
          "we_multiplier_close": 0,
          "we_multiplier_entry": 52.04536859500931},
 "short": {"backwards_tp": true,
           "delay_between_fills_minutes_close": 1422.0838125092505,
           "delay_between_fills_minutes_entry": 1234.272613267107,
           "delay_weight_close": 0.7141647346430424,
           "delay_weight_entry": 29.155285690114162,
           "ema_dist_close": 0.0029336159108361497,
           "ema_dist_entry": -0.002194051532249899,
           "ema_span_0": 921.658608063114,
           "ema_span_1": 307.33988269846174,
           "enabled": true,
           "markup_range": 0.003229665457998374,
           "min_markup": 0.0027227304786309626,
           "n_close_orders": 12,
           "qty_pct_close": 0.01011327702298076,
           "qty_pct_entry": 0.010064360851757184,
           "wallet_exposure_limit": 1,
           "we_multiplier_close": 0,
           "we_multiplier_entry": 122.81553085951258}}