{"config_name": "clock_0days",
 "long": {"backwards_tp": true,
          "delay_between_fills_minutes_close": 1353.2758556113838,
          "delay_between_fills_minutes_entry": 488.38922485435427,
          "delay_weight_close": 193.34290429671015,
          "delay_weight_entry": 7.967696518562473,
          "ema_dist_close": -0.03786155457898344,
          "ema_dist_entry": 0.002339822716151649,
          "ema_span_0": 236.0735428972663,
          "ema_span_1": 764.4325066686861,
          "enabled": true,
          "markup_range": 0.021186756427551898,
          "min_markup": 0.007961017964365618,
          "n_close_orders": 10,
          "qty_pct_close": 0.014679374704541302,
          "qty_pct_entry": 0.015508586335170521,
          "wallet_exposure_limit": 1,
          "we_multiplier_close": 0,
          "we_multiplier_entry": 110.90604491045764},
 "short": {"backwards_tp": true,
           "delay_between_fills_minutes_close": 1289.3639943605983,
           "delay_between_fills_minutes_entry": 978.3630078761587,
           "delay_weight_close": 0,
           "delay_weight_entry": 19.546065765598623,
           "ema_dist_close": -0.015868838110017665,
           "ema_dist_entry": -0.005510821846909502,
           "ema_span_0": 1107.2291330365813,
           "ema_span_1": 279.12513553674086,
           "enabled": true,
           "markup_range": 0.00963208384756048,
           "min_markup": 0.004178086722984433,
           "n_close_orders": 9,
           "qty_pct_close": 0.012396678565198242,
           "qty_pct_entry": 0.010000652771049666,
           "wallet_exposure_limit": 1,
           "we_multiplier_close": 0,
           "we_multiplier_entry": 172.69772409076603}}