{"config_name": "clock_0days",
 "long": {"backwards_tp": true,
          "delay_between_fills_minutes_close": 1223.2222401393096,
          "delay_between_fills_minutes_entry": 646.2444403329883,
          "delay_weight_close": 0.1287801964102248,
          "delay_weight_entry": 25.72650110105462,
          "ema_dist_close": -0.005799553989668527,
          "ema_dist_entry": 0.00021015635637898253,
          "ema_span_0": 1067.4717266073615,
          "ema_span_1": 815.1394209953332,
          "enabled": true,
          "markup_range": 0.0022629341171275775,
          "min_markup": 0.0046200628388333295,
          "n_close_orders": 6,
          "qty_pct_close": 0.03685275026162734,
          "qty_pct_entry": 0.011628076557322684,
          "wallet_exposure_limit": 1,
          "we_multiplier_close": 0,
          "we_multiplier_entry": 164.6094960709121},
 "short": {"backwards_tp": true,
           "delay_between_fills_minutes_close": 1392.4544763691197,
           "delay_between_fills_minutes_entry": 593.5368293385851,
           "delay_weight_close": 0,
           "delay_weight_entry": 4.384752272744119,
           "ema_dist_close": -0.0048138821417990155,
           "ema_dist_entry": -0.021888744482489213,
           "ema_span_0": 1328.2137966029052,
           "ema_span_1": 408.02477390291307,
           "enabled": true,
           "markup_range": 0.0027846776324771095,
           "min_markup": 0.009555787306952133,
           "n_close_orders": 3,
           "qty_pct_close": 0.010075242103116973,
           "qty_pct_entry": 0.013046741058195293,
           "wallet_exposure_limit": 1,
           "we_multiplier_close": 0,
           "we_multiplier_entry": 34.83824096147733}}