{"config_name": "clock_0days",
 "long": {"backwards_tp": true,
          "delay_between_fills_minutes_close": 1187.5159125172547,
          "delay_between_fills_minutes_entry": 934.8549918166714,
          "delay_weight_close": 183.14955251118843,
          "delay_weight_entry": 7.4020982801189765,
          "ema_dist_close": 0.003,
          "ema_dist_entry": -0.0007201214543245009,
          "ema_span_0": 5.001084731280378,
          "ema_span_1": 1187.9062419776928,
          "enabled": true,
          "markup_range": 0.03590588705800657,
          "min_markup": 0.009547482339989087,
          "n_close_orders": 13,
          "qty_pct_close": 0.03359142586996403,
          "qty_pct_entry": 0.010024028951959725,
          "wallet_exposure_limit": 1,
          "we_multiplier_close": 0,
          "we_multiplier_entry": 56.500187349590405},
 "short": {"backwards_tp": true,
           "delay_between_fills_minutes_close": 1311.2800741343915,
           "delay_between_fills_minutes_entry": 638.8391083763729,
           "delay_weight_close": 133.647975628159,
           "delay_weight_entry": 7.583058161838663,
           "ema_dist_close": -0.011700552383174176,
           "ema_dist_entry": -0.008194172920880831,
           "ema_span_0": 1392.1429092034766,
           "ema_span_1": 1101.148714316817,
           "enabled": true,
           "markup_range": 0.022826224873933917,
           "min_markup": 0.0068858066120127065,
           "n_close_orders": 12,
           "qty_pct_close": 0.02104111794330178,
           "qty_pct_entry": 0.010520038684975131,
           "wallet_exposure_limit": 1,
           "we_multiplier_close": 0,
           "we_multiplier_entry": 160.74235718948003}}