{"config_name": "clock_0days",
 "long": {"backwards_tp": true,
          "delay_between_fills_minutes_close": 820.9365438508557,
          "delay_between_fills_minutes_entry": 1300.0747898166283,
          "delay_weight_close": 84.41248625283647,
          "delay_weight_entry": 19.693939465326878,
          "ema_dist_close": -0.0019975662687361975,
          "ema_dist_entry": 0.0002633881274630552,
          "ema_span_0": 1144.4651046582362,
          "ema_span_1": 904.9176278797098,
          "enabled": true,
          "markup_range": 0.018055127071327833,
          "min_markup": 0.009012809650158809,
          "n_close_orders": 4,
          "qty_pct_close": 0.04803887525218938,
          "qty_pct_entry": 0.010005527697252119,
          "wallet_exposure_limit": 1,
          "we_multiplier_close": 0,
          "we_multiplier_entry": 173.88693333238987},
 "short": {"backwards_tp": true,
           "delay_between_fills_minutes_close": 852.6115567153297,
           "delay_between_fills_minutes_entry": 1256.7232049979984,
           "delay_weight_close": 0.2835146482734745,
           "delay_weight_entry": 16.93403535709518,
           "ema_dist_close": -0.002813964384038896,
           "ema_dist_entry": -0.007181126580420132,
           "ema_span_0": 1417.4889299688361,
           "ema_span_1": 171.75728329184693,
           "enabled": true,
           "markup_range": 0.021455676612909712,
           "min_markup": 0.009898935894243592,
           "n_close_orders": 8,
           "qty_pct_close": 0.018667721401234894,
           "qty_pct_entry": 0.01113577152366184,
           "wallet_exposure_limit": 1,
           "we_multiplier_close": 0,
           "we_multiplier_entry": 62.5937183971379}}