{"config_name": "clock_0days",
 "long": {"backwards_tp": true,
          "delay_between_fills_minutes_close": 855.9410912153182,
          "delay_between_fills_minutes_entry": 553.990985186811,
          "delay_weight_close": 191.73559681312943,
          "delay_weight_entry": 20.016551267740272,
          "ema_dist_close": 0.002935539203961377,
          "ema_dist_entry": 0.00041053375156947444,
          "ema_span_0": 6.361480731971762,
          "ema_span_1": 1082.4693263490037,
          "enabled": true,
          "markup_range": 0.0031665325994491935,
          "min_markup": 0.005546991024879821,
          "n_close_orders": 11,
          "qty_pct_close": 0.02488926424395104,
          "qty_pct_entry": 0.01,
          "wallet_exposure_limit": 1,
          "we_multiplier_close": 0,
          "we_multiplier_entry": 133.7394431974845},
 "short": {"backwards_tp": true,
           "delay_between_fills_minutes_close": 1328.8039717860713,
           "delay_between_fills_minutes_entry": 529.9276579637577,
           "delay_weight_close": 121.56146434026971,
           "delay_weight_entry": 9.237576727405454,
           "ema_dist_close": -0.03099819560885507,
           "ema_dist_entry": -0.008780399646588681,
           "ema_span_0": 1129.645893196673,
           "ema_span_1": 114.21559450903762,
           "enabled": true,
           "markup_range": 0.020614883144519387,
           "min_markup": 0.008223268849151576,
           "n_close_orders": 16,
           "qty_pct_close": 0.024369934079739742,
           "qty_pct_entry": 0.010000001165746472,
           "wallet_exposure_limit": 1,
           "we_multiplier_close": 0,
           "we_multiplier_entry": 118.50312368136392}}