{"config_name": "clock_0days",
 "long": {"backwards_tp": true,
          "delay_between_fills_minutes_close": 1183.2632085848327,
          "delay_between_fills_minutes_entry": 1033.178070226575,
          "delay_weight_close": 1.6528987392667636,
          "delay_weight_entry": 17.29010893590758,
          "ema_dist_close": 0.0029166742235762584,
          "ema_dist_entry": 0.001757901651365483,
          "ema_span_0": 688.7788869844234,
          "ema_span_1": 1398.3441229442242,
          "enabled": true,
          "markup_range": 0.0012239969339521196,
          "min_markup": 0.009500076707235305,
          "n_close_orders": 4,
          "qty_pct_close": 0.04685482217601199,
          "qty_pct_entry": 0.015851054082711362,
          "wallet_exposure_limit": 1,
          "we_multiplier_close": 0,
          "we_multiplier_entry": 174.42880367866275},
 "short": {"backwards_tp": true,
           "delay_between_fills_minutes_close": 1312.9331461222885,
           "delay_between_fills_minutes_entry": 497.62014254017754,
           "delay_weight_close": 52.42873666725011,
           "delay_weight_entry": 5.473066721978605,
           "ema_dist_close": 0.0011936294643065672,
           "ema_dist_entry": -0.001919122950169198,
           "ema_span_0": 1361.5450784952475,
           "ema_span_1": 155.81109730980873,
           "enabled": true,
           "markup_range": 0.01505057325542511,
           "min_markup": 0.008123670520312412,
           "n_close_orders": 11,
           "qty_pct_close": 0.01802254216536847,
           "qty_pct_entry": 0.010002679144574506,
           "wallet_exposure_limit": 1,
           "we_multiplier_close": 0,
           "we_multiplier_entry": 53.56313848188723}}