{"config_name": "clock_0days",
 "long": {"backwards_tp": true,
          "delay_between_fills_minutes_close": 1318.291147285784,
          "delay_between_fills_minutes_entry": 1315.83820905793,
          "delay_weight_close": 0.0001480472655501117,
          "delay_weight_entry": 26.04314446929535,
          "ema_dist_close": -0.0036186330308282774,
          "ema_dist_entry": 0.0012783654593930243,
          "ema_span_0": 407.5694551753756,
          "ema_span_1": 1070.9246772963168,
          "enabled": true,
          "markup_range": 0.005482954427372112,
          "min_markup": 0.0074653907822680105,
          "n_close_orders": 5,
          "qty_pct_close": 0.04537404332122722,
          "qty_pct_entry": 0.011697947642620712,
          "wallet_exposure_limit": 1,
          "we_multiplier_close": 0,
          "we_multiplier_entry": 90.83724909292282},
 "short": {"backwards_tp": true,
           "delay_between_fills_minutes_close": 1290.7248660288033,
           "delay_between_fills_minutes_entry": 1317.3333582993932,
           "delay_weight_close": 0.0014292709829705906,
           "delay_weight_entry": 13.449883347442247,
           "ema_dist_close": 0.00038943734491087755,
           "ema_dist_entry": 0.0007695070143664201,
           "ema_span_0": 1302.714300457268,
           "ema_span_1": 1125.216662799833,
           "enabled": true,
           "markup_range": 0.009381022695578655,
           "min_markup": 0.006316431561731526,
           "n_close_orders": 8,
           "qty_pct_close": 0.012248180619181802,
           "qty_pct_entry": 0.013923232241638456,
           "wallet_exposure_limit": 1,
           "we_multiplier_close": 0,
           "we_multiplier_entry": 87.74689604365273}}