{"config_name": "clock_0days",
 "long": {"backwards_tp": true,
          "delay_between_fills_minutes_close": 1018.4106495333837,
          "delay_between_fills_minutes_entry": 916.4549775460304,
          "delay_weight_close": 43.31411188360731,
          "delay_weight_entry": 16.355907449713516,
          "ema_dist_close": 0.002145668300856545,
          "ema_dist_entry": 0.001798185307334344,
          "ema_span_0": 714.591208243782,
          "ema_span_1": 1358.4862031185662,
          "enabled": true,
          "markup_range": 0.006280309241318447,
          "min_markup": 0.005128375598638718,
          "n_close_orders": 9,
          "qty_pct_close": 0.020406811978010166,
          "qty_pct_entry": 0.014635485524935586,
          "wallet_exposure_limit": 1,
          "we_multiplier_close": 0,
          "we_multiplier_entry": 177.00997302238096},
 "short": {"backwards_tp": true,
           "delay_between_fills_minutes_close": 1002.5437947474601,
           "delay_between_fills_minutes_entry": 817.9105624956462,
           "delay_weight_close": 0.010544540582749453,
           "delay_weight_entry": 10.918344910035835,
           "ema_dist_close": -0.0016604085149160416,
           "ema_dist_entry": 0.0011835230145542668,
           "ema_span_0": 1204.555081994593,
           "ema_span_1": 1307.2668675748366,
           "enabled": true,
           "markup_range": 0.015968860655530485,
           "min_markup": 0.00241988743302766,
           "n_close_orders": 15,
           "qty_pct_close": 0.018016404704399795,
           "qty_pct_entry": 0.010008772982870206,
           "wallet_exposure_limit": 1,
           "we_multiplier_close": 0,
           "we_multiplier_entry": 101.2814493882898}}