{"config_name": "clock_0days",
 "long": {"backwards_tp": true,
          "delay_between_fills_minutes_close": 1438.759296838272,
          "delay_between_fills_minutes_entry": 1350.2096310652512,
          "delay_weight_close": 96.71189767411073,
          "delay_weight_entry": 8.51623991316139,
          "ema_dist_close": -0.004217206297894675,
          "ema_dist_entry": -0.0019038477888580427,
          "ema_span_0": 1066.1571307843533,
          "ema_span_1": 288.0238266890943,
          "enabled": true,
          "markup_range": 0.03825958901283555,
          "min_markup": 0.009767670288592094,
          "n_close_orders": 6,
          "qty_pct_close": 0.02087450276241897,
          "qty_pct_entry": 0.010000147160017115,
          "wallet_exposure_limit": 1,
          "we_multiplier_close": 0,
          "we_multiplier_entry": 99.52342128187816},
 "short": {"backwards_tp": true,
           "delay_between_fills_minutes_close": 1343.0689264835378,
           "delay_between_fills_minutes_entry": 1435.1272204432466,
           "delay_weight_close": 0.044826540955142234,
           "delay_weight_entry": 12.619345308300648,
           "ema_dist_close": -0.010494253038582752,
           "ema_dist_entry": -0.0019909004603457852,
           "ema_span_0": 1263.3095192930386,
           "ema_span_1": 931.0847628745358,
           "enabled": true,
           "markup_range": 0.012977828845611019,
           "min_markup": 0.007475255656606591,
           "n_close_orders": 5,
           "qty_pct_close": 0.012183862444741988,
           "qty_pct_entry": 0.014096048385837018,
           "wallet_exposure_limit": 1,
           "we_multiplier_close": 0,
           "we_multiplier_entry": 112.72578232174186}}