{"config_name": "clock_0days",
 "long": {"backwards_tp": true,
          "delay_between_fills_minutes_close": 952.54890061469,
          "delay_between_fills_minutes_entry": 1119.9262248874345,
          "delay_weight_close": 0,
          "delay_weight_entry": 22.7403603940441,
          "ema_dist_close": -0.024566426685009957,
          "ema_dist_entry": -0.003802505234653728,
          "ema_span_0": 1224.0964180228802,
          "ema_span_1": 1329.53979976069,
          "enabled": true,
          "markup_range": 0.007402907689066756,
          "min_markup": 0.005789069888774418,
          "n_close_orders": 11,
          "qty_pct_close": 0.011476165355146376,
          "qty_pct_entry": 0.012041204703022194,
          "wallet_exposure_limit": 1,
          "we_multiplier_close": 0,
          "we_multiplier_entry": 193.7463814034247},
 "short": {"backwards_tp": true,
           "delay_between_fills_minutes_close": 1437.3934024549815,
           "delay_between_fills_minutes_entry": 725.1814475919497,
           "delay_weight_close": 0.0029486526259108765,
           "delay_weight_entry": 6.75420152376524,
           "ema_dist_close": 0.002999543740306705,
           "ema_dist_entry": -0.006111056708560942,
           "ema_span_0": 720.8462299270527,
           "ema_span_1": 86.35260211222852,
           "enabled": true,
           "markup_range": 0.004262391710245719,
           "min_markup": 0.008005325271854291,
           "n_close_orders": 8,
           "qty_pct_close": 0.011761520488330447,
           "qty_pct_entry": 0.01144867774151846,
           "wallet_exposure_limit": 1,
           "we_multiplier_close": 0,
           "we_multiplier_entry": 173.20683773065775}}