{"config_name": "clock_0days",
 "long": {"backwards_tp": true,
          "delay_between_fills_minutes_close": 873.5829898308087,
          "delay_between_fills_minutes_entry": 1233.454417274077,
          "delay_weight_close": 0.033420882509884384,
          "delay_weight_entry": 7.263274317493109,
          "ema_dist_close": 0.00296289475949373,
          "ema_dist_entry": 0.00023641014570712938,
          "ema_span_0": 1237.244928491296,
          "ema_span_1": 390.66583383900803,
          "enabled": true,
          "markup_range": 0.0387919284981336,
          "min_markup": 0.007995712500247618,
          "n_close_orders": 12,
          "qty_pct_close": 0.04828440359962673,
          "qty_pct_entry": 0.010187862587028224,
          "wallet_exposure_limit": 1,
          "we_multiplier_close": 0,
          "we_multiplier_entry": 78.67441760451143},
 "short": {"backwards_tp": true,
           "delay_between_fills_minutes_close": 1000.4731418622029,
           "delay_between_fills_minutes_entry": 356.8840315799568,
           "delay_weight_close": 0.0021713671069052633,
           "delay_weight_entry": 10.737498919172415,
           "ema_dist_close": -0.0003982744387010822,
           "ema_dist_entry": 0.00022077872648253315,
           "ema_span_0": 1325.725881192694,
           "ema_span_1": 1268.6158351667793,
           "enabled": true,
           "markup_range": 0.005418131694922986,
           "min_markup": 0.006830530061072275,
           "n_close_orders": 14,
           "qty_pct_close": 0.011928076577909907,
           "qty_pct_entry": 0.010413308395392071,
           "wallet_exposure_limit": 1,
           "we_multiplier_close": 0,
           "we_multiplier_entry": 116.9902424249311}}