{"config_name": "clock_0days",
 "long": {"backwards_tp": true,
          "delay_between_fills_minutes_close": 820.9365438508557,
          "delay_between_fills_minutes_entry": 1300.0747898166283,
          "delay_weight_close": 84.41248625283647,
          "delay_weight_entry": 19.693939465326878,
          "ema_dist_close": -0.0019975662687361975,
          "ema_dist_entry": 0.0002633881274630552,
          "ema_span_0": 1144.4651046582362,
          "ema_span_1": 904.9176278797098,
          "enabled": true,
          "markup_range": 0.018055127071327833,
          "min_markup": 0.009012809650158809,
          "n_close_orders": 4,
          "qty_pct_close": 0.04803887525218938,
          "qty_pct_entry": 0.010005527697252119,
          "wallet_exposure_limit": 1,
          "we_multiplier_close": 0,
          "we_multiplier_entry": 173.88693333238987},
 "short": {"backwards_tp": true,
           "delay_between_fills_minutes_close": 1381.721150930579,
           "delay_between_fills_minutes_entry": 457.1484093561561,
           "delay_weight_close": 147.85579969294378,
           "delay_weight_entry": 10.406338663028565,
           "ema_dist_close": -0.0019265909525847046,
           "ema_dist_entry": -0.0018532847975587284,
           "ema_span_0": 1223.787901482719,
           "ema_span_1": 629.8470321280381,
           "enabled": true,
           "markup_range": 0.0031458817238085145,
           "min_markup": 0.005669975789329698,
           "n_close_orders": 13,
           "qty_pct_close": 0.04094731724204424,
           "qty_pct_entry": 0.013066253711953349,
           "wallet_exposure_limit": 1,
           "we_multiplier_close": 0,
           "we_multiplier_entry": 186.59566082229603}}