{"config_name": "clock_0days",
 "long": {"backwards_tp": true,
          "delay_between_fills_minutes_close": 746.4108132611447,
          "delay_between_fills_minutes_entry": 905.5693769177766,
          "delay_weight_close": 0.00018724640626624074,
          "delay_weight_entry": 28.267918079557642,
          "ema_dist_close": 0.0013244330379011307,
          "ema_dist_entry": -0.0027311114492665906,
          "ema_span_0": 1022.1908058814671,
          "ema_span_1": 666.2554311645127,
          "enabled": true,
          "markup_range": 0.007948940718344998,
          "min_markup": 0.0017931044844877555,
          "n_close_orders": 13,
          "qty_pct_close": 0.03390805550077258,
          "qty_pct_entry": 0.011565772542759633,
          "wallet_exposure_limit": 1,
          "we_multiplier_close": 0,
          "we_multiplier_entry": 78.10538866958485},
 "short": {"backwards_tp": true,
           "delay_between_fills_minutes_close": 1312.9331461222885,
           "delay_between_fills_minutes_entry": 497.62014254017754,
           "delay_weight_close": 52.42873666725011,
           "delay_weight_entry": 5.473066721978605,
           "ema_dist_close": 0.0011936294643065672,
           "ema_dist_entry": -0.001919122950169198,
           "ema_span_0": 1361.5450784952475,
           "ema_span_1": 155.81109730980873,
           "enabled": true,
           "markup_range": 0.01505057325542511,
           "min_markup": 0.008123670520312412,
           "n_close_orders": 11,
           "qty_pct_close": 0.01802254216536847,
           "qty_pct_entry": 0.010002679144574506,
           "wallet_exposure_limit": 1,
           "we_multiplier_close": 0,
           "we_multiplier_entry": 53.56313848188723}}