{"config_name": "clock_0days",
 "long": {"backwards_tp": true,
          "delay_between_fills_minutes_close": 1164.2302789096827,
          "delay_between_fills_minutes_entry": 1077.9468385978948,
          "delay_weight_close": 0.0009357718991875433,
          "delay_weight_entry": 16.713074787920064,
          "ema_dist_close": -0.0007756074508884965,
          "ema_dist_entry": 0.0027529945223083137,
          "ema_span_0": 314.47209632025044,
          "ema_span_1": 467.36727837929845,
          "enabled": true,
          "markup_range": 0.006477916034016805,
          "min_markup": 0.005287388910754806,
          "n_close_orders": 7,
          "qty_pct_close": 0.0145722253382037,
          "qty_pct_entry": 0.012067030356896276,
          "wallet_exposure_limit": 1,
          "we_multiplier_close": 0,
          "we_multiplier_entry": 192.52883711625623},
 "short": {"backwards_tp": true,
           "delay_between_fills_minutes_close": 1000.4731418622029,
           "delay_between_fills_minutes_entry": 356.8840315799568,
           "delay_weight_close": 0.0021713671069052633,
           "delay_weight_entry": 10.737498919172415,
           "ema_dist_close": -0.0003982744387010822,
           "ema_dist_entry": 0.00022077872648253315,
           "ema_span_0": 1325.725881192694,
           "ema_span_1": 1268.6158351667793,
           "enabled": true,
           "markup_range": 0.005418131694922986,
           "min_markup": 0.006830530061072275,
           "n_close_orders": 14,
           "qty_pct_close": 0.011928076577909907,
           "qty_pct_entry": 0.010413308395392071,
           "wallet_exposure_limit": 1,
           "we_multiplier_close": 0,
           "we_multiplier_entry": 116.9902424249311}}