{"config_name": "clock_0days",
 "long": {"backwards_tp": true,
          "delay_between_fills_minutes_close": 1187.5159125172547,
          "delay_between_fills_minutes_entry": 934.8549918166714,
          "delay_weight_close": 183.14955251118843,
          "delay_weight_entry": 7.4020982801189765,
          "ema_dist_close": 0.003,
          "ema_dist_entry": -0.0007201214543245009,
          "ema_span_0": 5.001084731280378,
          "ema_span_1": 1187.9062419776928,
          "enabled": true,
          "markup_range": 0.03590588705800657,
          "min_markup": 0.009547482339989087,
          "n_close_orders": 13,
          "qty_pct_close": 0.03359142586996403,
          "qty_pct_entry": 0.010024028951959725,
          "wallet_exposure_limit": 1,
          "we_multiplier_close": 0,
          "we_multiplier_entry": 56.500187349590405},
 "short": {"backwards_tp": true,
           "delay_between_fills_minutes_close": 399.49302604574126,
           "delay_between_fills_minutes_entry": 644.3717592473247,
           "delay_weight_close": 173.26811782645822,
           "delay_weight_entry": 10.29081479300438,
           "ema_dist_close": 0.0028769884770018443,
           "ema_dist_entry": 0.0004375492764019948,
           "ema_span_0": 1320.2868579311712,
           "ema_span_1": 34.796086002001985,
           "enabled": true,
           "markup_range": 0.03713235723966763,
           "min_markup": 0.006307569302695317,
           "n_close_orders": 11,
           "qty_pct_close": 0.014351077364470709,
           "qty_pct_entry": 0.015367909127537098,
           "wallet_exposure_limit": 1,
           "we_multiplier_close": 0,
           "we_multiplier_entry": 42.0624356115233}}