{"config_name": "clock_0days",
 "long": {"backwards_tp": true,
          "delay_between_fills_minutes_close": 1353.2758556113838,
          "delay_between_fills_minutes_entry": 488.38922485435427,
          "delay_weight_close": 193.34290429671015,
          "delay_weight_entry": 7.967696518562473,
          "ema_dist_close": -0.03786155457898344,
          "ema_dist_entry": 0.002339822716151649,
          "ema_span_0": 236.0735428972663,
          "ema_span_1": 764.4325066686861,
          "enabled": true,
          "markup_range": 0.021186756427551898,
          "min_markup": 0.007961017964365618,
          "n_close_orders": 10,
          "qty_pct_close": 0.014679374704541302,
          "qty_pct_entry": 0.015508586335170521,
          "wallet_exposure_limit": 1,
          "we_multiplier_close": 0,
          "we_multiplier_entry": 110.90604491045764},
 "short": {"backwards_tp": true,
           "delay_between_fills_minutes_close": 1440,
           "delay_between_fills_minutes_entry": 191.19240382987437,
           "delay_weight_close": 0,
           "delay_weight_entry": 17.482739014267075,
           "ema_dist_close": 0.003,
           "ema_dist_entry": -0.00801278803261438,
           "ema_span_0": 1064.5299305169988,
           "ema_span_1": 186.35743373063164,
           "enabled": true,
           "markup_range": 0.0021587840178932593,
           "min_markup": 0.0047252057917143864,
           "n_close_orders": 9,
           "qty_pct_close": 0.01,
           "qty_pct_entry": 0.01102212543842145,
           "wallet_exposure_limit": 1,
           "we_multiplier_close": 0,
           "we_multiplier_entry": 63.81824000335414}}