{"config_name": "clock_0days",
 "long": {"backwards_tp": true,
          "delay_between_fills_minutes_close": 1379.0259017561941,
          "delay_between_fills_minutes_entry": 1071.1730670072086,
          "delay_weight_close": 182.7780905375852,
          "delay_weight_entry": 11.639727958734687,
          "ema_dist_close": 0.002993315029877474,
          "ema_dist_entry": -0.0014595391794257223,
          "ema_span_0": 17.861377686898702,
          "ema_span_1": 1396.1820782407178,
          "enabled": true,
          "markup_range": 0.02923580245918865,
          "min_markup": 0.007954066882660754,
          "n_close_orders": 3,
          "qty_pct_close": 0.01020179348138334,
          "qty_pct_entry": 0.010023793343842815,
          "wallet_exposure_limit": 1,
          "we_multiplier_close": 0,
          "we_multiplier_entry": 57.03175334926974},
 "short": {"backwards_tp": true,
           "delay_between_fills_minutes_close": 1265.1404478334205,
           "delay_between_fills_minutes_entry": 253.3660874837762,
           "delay_weight_close": 169.82205913741373,
           "delay_weight_entry": 2.3852526206979894,
           "ema_dist_close": -0.014119759611592952,
           "ema_dist_entry": -0.0013147948918384837,
           "ema_span_0": 1331.2893218285255,
           "ema_span_1": 1188.841289330681,
           "enabled": true,
           "markup_range": 0.004996616067708116,
           "min_markup": 0.004208120114355106,
           "n_close_orders": 8,
           "qty_pct_close": 0.016317363797065776,
           "qty_pct_entry": 0.012350336565548781,
           "wallet_exposure_limit": 1,
           "we_multiplier_close": 0,
           "we_multiplier_entry": 96.79410941123662}}