{"config_name": "clock_0days",
 "long": {"backwards_tp": true,
          "delay_between_fills_minutes_close": 1332.586172695566,
          "delay_between_fills_minutes_entry": 1322.0433318732573,
          "delay_weight_close": 0.1140253030921625,
          "delay_weight_entry": 19.950633014775644,
          "ema_dist_close": -0.00268111093632942,
          "ema_dist_entry": 0.0027895816373614568,
          "ema_span_0": 593.4865321296814,
          "ema_span_1": 1116.4146544098749,
          "enabled": true,
          "markup_range": 0.012489088630778128,
          "min_markup": 0.008021288639586942,
          "n_close_orders": 15,
          "qty_pct_close": 0.010729141933016904,
          "qty_pct_entry": 0.013176584182658293,
          "wallet_exposure_limit": 1,
          "we_multiplier_close": 0,
          "we_multiplier_entry": 20.540361418946464},
 "short": {"backwards_tp": true,
           "delay_between_fills_minutes_close": 1427.2848576395386,
           "delay_between_fills_minutes_entry": 409.2096761022606,
           "delay_weight_close": 0,
           "delay_weight_entry": 7.45133917609717,
           "ema_dist_close": 0.002984119276894518,
           "ema_dist_entry": -0.0022261518817271553,
           "ema_span_0": 1171.9271777289398,
           "ema_span_1": 728.3730424394972,
           "enabled": true,
           "markup_range": 0.006818070460672099,
           "min_markup": 0.004581552667837723,
           "n_close_orders": 3,
           "qty_pct_close": 0.010062185305799646,
           "qty_pct_entry": 0.014719007448158426,
           "wallet_exposure_limit": 1,
           "we_multiplier_close": 0,
           "we_multiplier_entry": 55.57438940856116}}