{"config_name": "clock_0days",
 "long": {"backwards_tp": true,
          "delay_between_fills_minutes_close": 1286.614573250837,
          "delay_between_fills_minutes_entry": 1054.4183752819945,
          "delay_weight_close": 0.005280264759689288,
          "delay_weight_entry": 12.003933878206704,
          "ema_dist_close": 0.0024465554534874715,
          "ema_dist_entry": -0.00012478508746083375,
          "ema_span_0": 1233.3670592949882,
          "ema_span_1": 838.1802989811168,
          "enabled": true,
          "markup_range": 0.006962617942303742,
          "min_markup": 0.003633719643778348,
          "n_close_orders": 10,
          "qty_pct_close": 0.011852556919171447,
          "qty_pct_entry": 0.011745004647018048,
          "wallet_exposure_limit": 1,
          "we_multiplier_close": 0,
          "we_multiplier_entry": 164.50876260566622},
 "short": {"backwards_tp": true,
           "delay_between_fills_minutes_close": 968.0288351480971,
           "delay_between_fills_minutes_entry": 738.2345232725085,
           "delay_weight_close": 0.008174603706378127,
           "delay_weight_entry": 8.9461769545722,
           "ema_dist_close": 0.0029995667764472736,
           "ema_dist_entry": -0.003943689936097843,
           "ema_span_0": 1147.777530287157,
           "ema_span_1": 842.4152794294836,
           "enabled": true,
           "markup_range": 0.01034330912129877,
           "min_markup": 0.006182943023056589,
           "n_close_orders": 3,
           "qty_pct_close": 0.011386752587997326,
           "qty_pct_entry": 0.010000567568104295,
           "wallet_exposure_limit": 1,
           "we_multiplier_close": 0,
           "we_multiplier_entry": 168.77036699561512}}