{"config_name": "clock_0days",
 "long": {"backwards_tp": true,
          "delay_between_fills_minutes_close": 1379.0259017561941,
          "delay_between_fills_minutes_entry": 1071.1730670072086,
          "delay_weight_close": 182.7780905375852,
          "delay_weight_entry": 11.639727958734687,
          "ema_dist_close": 0.002993315029877474,
          "ema_dist_entry": -0.0014595391794257223,
          "ema_span_0": 17.861377686898702,
          "ema_span_1": 1396.1820782407178,
          "enabled": true,
          "markup_range": 0.02923580245918865,
          "min_markup": 0.007954066882660754,
          "n_close_orders": 3,
          "qty_pct_close": 0.01020179348138334,
          "qty_pct_entry": 0.010023793343842815,
          "wallet_exposure_limit": 1,
          "we_multiplier_close": 0,
          "we_multiplier_entry": 57.03175334926974},
 "short": {"backwards_tp": true,
           "delay_between_fills_minutes_close": 1239.736397357549,
           "delay_between_fills_minutes_entry": 393.20607676402466,
           "delay_weight_close": 0.6887646754621417,
           "delay_weight_entry": 17.22709942828044,
           "ema_dist_close": 0.0024409533285492608,
           "ema_dist_entry": 0.001279500974428708,
           "ema_span_0": 1241.626885707707,
           "ema_span_1": 129.04481506784873,
           "enabled": true,
           "markup_range": 0.0013813535959106696,
           "min_markup": 0.003832961681869794,
           "n_close_orders": 10,
           "qty_pct_close": 0.01154103283395859,
           "qty_pct_entry": 0.010001974079231852,
           "wallet_exposure_limit": 1,
           "we_multiplier_close": 0,
           "we_multiplier_entry": 184.59445562364644}}