{"config_name": "clock_0days",
 "long": {"backwards_tp": true,
          "delay_between_fills_minutes_close": 1029.2364878644146,
          "delay_between_fills_minutes_entry": 948.553472322851,
          "delay_weight_close": 4.222180881099738,
          "delay_weight_entry": 7.660648845239595,
          "ema_dist_close": -0.004197419814980059,
          "ema_dist_entry": -0.0014949031389247813,
          "ema_span_0": 839.8488685183163,
          "ema_span_1": 1349.2625666715044,
          "enabled": true,
          "markup_range": 0.028834889136583667,
          "min_markup": 0.009432464208569915,
          "n_close_orders": 4,
          "qty_pct_close": 0.04748560380986866,
          "qty_pct_entry": 0.010001050814240249,
          "wallet_exposure_limit": 1,
          "we_multiplier_close": 0,
          "we_multiplier_entry": 74.10724016673679},
 "short": {"backwards_tp": true,
           "delay_between_fills_minutes_close": 1126.474375562791,
           "delay_between_fills_minutes_entry": 730.9827882370109,
           "delay_weight_close": 133.68598883316992,
           "delay_weight_entry": 12.474356023322729,
           "ema_dist_close": -0.0025798742474495155,
           "ema_dist_entry": 0.00023492820873144708,
           "ema_span_0": 1332.5724516099463,
           "ema_span_1": 1218.2000728027995,
           "enabled": true,
           "markup_range": 0.0016214616809734263,
           "min_markup": 0.006801003656459378,
           "n_close_orders": 15,
           "qty_pct_close": 0.011701222591396677,
           "qty_pct_entry": 0.022392188606611105,
           "wallet_exposure_limit": 1,
           "we_multiplier_close": 0,
           "we_multiplier_entry": 197.06209497177275}}