{"config_name": "clock_0days",
 "long": {"backwards_tp": true,
          "delay_between_fills_minutes_close": 439.00016419324993,
          "delay_between_fills_minutes_entry": 440.0949270219656,
          "delay_weight_close": 191.35775192181134,
          "delay_weight_entry": 6.416221545272737,
          "ema_dist_close": 0.0017737959894648684,
          "ema_dist_entry": 0.0007263784808430327,
          "ema_span_0": 1439.7763853671572,
          "ema_span_1": 1222.4873339433693,
          "enabled": true,
          "markup_range": 0.038990198567215376,
          "min_markup": 0.007250803698388851,
          "n_close_orders": 11,
          "qty_pct_close": 0.012721660552696308,
          "qty_pct_entry": 0.016669797323504366,
          "wallet_exposure_limit": 1,
          "we_multiplier_close": 0,
          "we_multiplier_entry": 17.26988697077915},
 "short": {"backwards_tp": true,
           "delay_between_fills_minutes_close": 1290.7248660288033,
           "delay_between_fills_minutes_entry": 1317.3333582993932,
           "delay_weight_close": 0.0014292709829705906,
           "delay_weight_entry": 13.449883347442247,
           "ema_dist_close": 0.00038943734491087755,
           "ema_dist_entry": 0.0007695070143664201,
           "ema_span_0": 1302.714300457268,
           "ema_span_1": 1125.216662799833,
           "enabled": true,
           "markup_range": 0.009381022695578655,
           "min_markup": 0.006316431561731526,
           "n_close_orders": 8,
           "qty_pct_close": 0.012248180619181802,
           "qty_pct_entry": 0.013923232241638456,
           "wallet_exposure_limit": 1,
           "we_multiplier_close": 0,
           "we_multiplier_entry": 87.74689604365273}}