{"config_name": "clock_0days",
 "long": {"backwards_tp": true,
          "delay_between_fills_minutes_close": 1187.2736789224705,
          "delay_between_fills_minutes_entry": 773.0148280757595,
          "delay_weight_close": 0.005860341880475135,
          "delay_weight_entry": 23.985631115286935,
          "ema_dist_close": -0.0013816977722695273,
          "ema_dist_entry": 0.0015348245982212958,
          "ema_span_0": 824.0245812540921,
          "ema_span_1": 1176.6463056042435,
          "enabled": true,
          "markup_range": 0.0026593341306072418,
          "min_markup": 0.006174374589879532,
          "n_close_orders": 8,
          "qty_pct_close": 0.04314661052305431,
          "qty_pct_entry": 0.012022132548143502,
          "wallet_exposure_limit": 1,
          "we_multiplier_close": 0,
          "we_multiplier_entry": 162.1137249784553},
 "short": {"backwards_tp": true,
           "delay_between_fills_minutes_close": 1381.721150930579,
           "delay_between_fills_minutes_entry": 457.1484093561561,
           "delay_weight_close": 147.85579969294378,
           "delay_weight_entry": 10.406338663028565,
           "ema_dist_close": -0.0019265909525847046,
           "ema_dist_entry": -0.0018532847975587284,
           "ema_span_0": 1223.787901482719,
           "ema_span_1": 629.8470321280381,
           "enabled": true,
           "markup_range": 0.0031458817238085145,
           "min_markup": 0.005669975789329698,
           "n_close_orders": 13,
           "qty_pct_close": 0.04094731724204424,
           "qty_pct_entry": 0.013066253711953349,
           "wallet_exposure_limit": 1,
           "we_multiplier_close": 0,
           "we_multiplier_entry": 186.59566082229603}}