{"config_name": "clock_0days",
 "long": {"backwards_tp": true,
          "delay_between_fills_minutes_close": 1357.798463959938,
          "delay_between_fills_minutes_entry": 847.2663539764151,
          "delay_weight_close": 0.15604712291878892,
          "delay_weight_entry": 45.636912187756145,
          "ema_dist_close": 0.0029891874071092434,
          "ema_dist_entry": 0.002843759953730511,
          "ema_span_0": 239.9596947648971,
          "ema_span_1": 351.6302941787246,
          "enabled": true,
          "markup_range": 0.0004289732535348638,
          "min_markup": 0.004568286197082197,
          "n_close_orders": 10,
          "qty_pct_close": 0.011133891468466777,
          "qty_pct_entry": 0.011084293578457926,
          "wallet_exposure_limit": 1,
          "we_multiplier_close": 0,
          "we_multiplier_entry": 24.294349968547547},
 "short": {"backwards_tp": true,
           "delay_between_fills_minutes_close": 1342.5450875385623,
           "delay_between_fills_minutes_entry": 1141.3264895859495,
           "delay_weight_close": 195.96805656865413,
           "delay_weight_entry": 21.682750649550687,
           "ema_dist_close": -0.004358711292196896,
           "ema_dist_entry": 0.0029977493931459074,
           "ema_span_0": 294.1660955382884,
           "ema_span_1": 1349.1028834749084,
           "enabled": true,
           "markup_range": 0.015068222553170032,
           "min_markup": 0.00987063098819842,
           "n_close_orders": 7,
           "qty_pct_close": 0.015448834013816687,
           "qty_pct_entry": 0.014386592652671996,
           "wallet_exposure_limit": 1,
           "we_multiplier_close": 0,
           "we_multiplier_entry": 199.34268052985365}}