{"config_name": "clock_0days",
 "long": {"backwards_tp": true,
          "delay_between_fills_minutes_close": 1188.12361942438,
          "delay_between_fills_minutes_entry": 1184.4320574412018,
          "delay_weight_close": 114.41748090154138,
          "delay_weight_entry": 8.078912162133246,
          "ema_dist_close": 0.002976006097774692,
          "ema_dist_entry": -0.0042357505468246055,
          "ema_span_0": 1032.2212036290023,
          "ema_span_1": 342.5871966713359,
          "enabled": true,
          "markup_range": 0.039888782973711075,
          "min_markup": 0.005550781495761809,
          "n_close_orders": 4,
          "qty_pct_close": 0.01114373144689477,
          "qty_pct_entry": 0.014260595014879284,
          "wallet_exposure_limit": 1,
          "we_multiplier_close": 0,
          "we_multiplier_entry": 64.52737192723005},
 "short": {"backwards_tp": true,
           "delay_between_fills_minutes_close": 1224.1072890659389,
           "delay_between_fills_minutes_entry": 1325.61626378343,
           "delay_weight_close": 0.41271482736702436,
           "delay_weight_entry": 11.03282396989358,
           "ema_dist_close": 0.002298555892415702,
           "ema_dist_entry": 0.0006048467275421692,
           "ema_span_0": 1369.3078559381004,
           "ema_span_1": 268.2992455817155,
           "enabled": true,
           "markup_range": 0.02986032141234819,
           "min_markup": 0.008625822690448263,
           "n_close_orders": 12,
           "qty_pct_close": 0.019375196218956187,
           "qty_pct_entry": 0.010578603796559106,
           "wallet_exposure_limit": 1,
           "we_multiplier_close": 0,
           "we_multiplier_entry": 27.444079887704298}}