{"config_name": "clock_0days",
 "long": {"backwards_tp": true,
          "delay_between_fills_minutes_close": 1332.586172695566,
          "delay_between_fills_minutes_entry": 1322.0433318732573,
          "delay_weight_close": 0.1140253030921625,
          "delay_weight_entry": 19.950633014775644,
          "ema_dist_close": -0.00268111093632942,
          "ema_dist_entry": 0.0027895816373614568,
          "ema_span_0": 593.4865321296814,
          "ema_span_1": 1116.4146544098749,
          "enabled": true,
          "markup_range": 0.012489088630778128,
          "min_markup": 0.008021288639586942,
          "n_close_orders": 15,
          "qty_pct_close": 0.010729141933016904,
          "qty_pct_entry": 0.013176584182658293,
          "wallet_exposure_limit": 1,
          "we_multiplier_close": 0,
          "we_multiplier_entry": 20.540361418946464},
 "short": {"backwards_tp": true,
           "delay_between_fills_minutes_close": 1404.9626671521303,
           "delay_between_fills_minutes_entry": 549.7468647822046,
           "delay_weight_close": 0.006243709818511088,
           "delay_weight_entry": 12.13966176076537,
           "ema_dist_close": 0.002864831327990576,
           "ema_dist_entry": 0.002104552594090465,
           "ema_span_0": 1148.9184869641974,
           "ema_span_1": 1327.025899356567,
           "enabled": true,
           "markup_range": 0.002908865977808165,
           "min_markup": 0.002786041577224261,
           "n_close_orders": 10,
           "qty_pct_close": 0.010581379200167456,
           "qty_pct_entry": 0.016186639582853934,
           "wallet_exposure_limit": 1,
           "we_multiplier_close": 0,
           "we_multiplier_entry": 166.61488158959207}}