{"config_name": "clock_0days",
 "long": {"backwards_tp": true,
          "delay_between_fills_minutes_close": 590.3618718558439,
          "delay_between_fills_minutes_entry": 1381.1056035605181,
          "delay_weight_close": 3.119542813132889e-05,
          "delay_weight_entry": 12.390401023982019,
          "ema_dist_close": -0.00766909859763835,
          "ema_dist_entry": 0.0016055823831966434,
          "ema_span_0": 646.9632793529361,
          "ema_span_1": 256.2714351718303,
          "enabled": true,
          "markup_range": 0.03357311132950379,
          "min_markup": 0.005307566103525794,
          "n_close_orders": 4,
          "qty_pct_close": 0.010128769549544754,
          "qty_pct_entry": 0.011319256053938721,
          "wallet_exposure_limit": 1,
          "we_multiplier_close": 0,
          "we_multiplier_entry": 84.40865137479764},
 "short": {"backwards_tp": true,
           "delay_between_fills_minutes_close": 1404.9626671521303,
           "delay_between_fills_minutes_entry": 549.7468647822046,
           "delay_weight_close": 0.006243709818511088,
           "delay_weight_entry": 12.13966176076537,
           "ema_dist_close": 0.002864831327990576,
           "ema_dist_entry": 0.002104552594090465,
           "ema_span_0": 1148.9184869641974,
           "ema_span_1": 1327.025899356567,
           "enabled": true,
           "markup_range": 0.002908865977808165,
           "min_markup": 0.002786041577224261,
           "n_close_orders": 10,
           "qty_pct_close": 0.010581379200167456,
           "qty_pct_entry": 0.016186639582853934,
           "wallet_exposure_limit": 1,
           "we_multiplier_close": 0,
           "we_multiplier_entry": 166.61488158959207}}