{"config_name": "clock_0days",
 "long": {"backwards_tp": true,
          "delay_between_fills_minutes_close": 1388.6026921513212,
          "delay_between_fills_minutes_entry": 462.9350587058666,
          "delay_weight_close": 0.015510721212563493,
          "delay_weight_entry": 15.976821217467453,
          "ema_dist_close": -0.017589482841582224,
          "ema_dist_entry": 0.000944631709051169,
          "ema_span_0": 1074.6376036637794,
          "ema_span_1": 554.6396667022425,
          "enabled": true,
          "markup_range": 0.011940451421830908,
          "min_markup": 0.0015983163634065126,
          "n_close_orders": 9,
          "qty_pct_close": 0.011078612056424783,
          "qty_pct_entry": 0.01000504916080092,
          "wallet_exposure_limit": 1,
          "we_multiplier_close": 0,
          "we_multiplier_entry": 40.20670956388846},
 "short": {"backwards_tp": true,
           "delay_between_fills_minutes_close": 1276.4146618320497,
           "delay_between_fills_minutes_entry": 717.7840386887141,
           "delay_weight_close": 0.03640043736343832,
           "delay_weight_entry": 12.178124343330834,
           "ema_dist_close": -0.04445862736685381,
           "ema_dist_entry": -0.0006500312080592326,
           "ema_span_0": 1352.2933986364947,
           "ema_span_1": 514.3541265119981,
           "enabled": true,
           "markup_range": 0.003924615683110038,
           "min_markup": 0.0067339791017966616,
           "n_close_orders": 12,
           "qty_pct_close": 0.015413523897879831,
           "qty_pct_entry": 0.010555572517381555,
           "wallet_exposure_limit": 1,
           "we_multiplier_close": 0,
           "we_multiplier_entry": 195.84530014747173}}