{"config_name": "clock_0days",
 "long": {"backwards_tp": true,
          "delay_between_fills_minutes_close": 41.293990729332144,
          "delay_between_fills_minutes_entry": 753.1757687418929,
          "delay_weight_close": 10.613651629431482,
          "delay_weight_entry": 20,
          "ema_dist_close": -0.0017451128751701135,
          "ema_dist_entry": 0.0058342508896770135,
          "ema_span_0": 158.09058397155118,
          "ema_span_1": 408.3165112981025,
          "enabled": true,
          "markup_range": 0.09224772793754729,
          "min_markup": 0.1,
          "n_close_orders": 9,
          "qty_pct_close": 0.11860881089907122,
          "qty_pct_entry": 0.03501934800278011,
          "wallet_exposure_limit": 1.0,
          "we_multiplier_close": 7.9434300179759685,
          "we_multiplier_entry": 47.72807140363178},
 "short": {"backwards_tp": true,
           "delay_between_fills_minutes_close": 51.60572096948364,
           "delay_between_fills_minutes_entry": 1003.0734544958563,
           "delay_weight_close": 16.527206822765567,
           "delay_weight_entry": 18.308203716837898,
           "ema_dist_close": 0.0043626932260456925,
           "ema_dist_entry": 0.006879684040175883,
           "ema_span_0": 98.28351142119695,
           "ema_span_1": 145.78523540384904,
           "enabled": true,
           "markup_range": 0.07684465947654774,
           "min_markup": 0.09627953273411614,
           "n_close_orders": 10,
           "qty_pct_close": 0.1298948023550737,
           "qty_pct_entry": 0.01,
           "wallet_exposure_limit": 1.0,
           "we_multiplier_close": 0,
           "we_multiplier_entry": 59.5589942164154}}