{"config_name": "clock_0days",
 "long": {"backwards_tp": true,
          "delay_between_fills_minutes_close": 53.005058838582734,
          "delay_between_fills_minutes_entry": 1172.376560051904,
          "delay_weight_close": 1.0781686260632546,
          "delay_weight_entry": 11.288171049274762,
          "ema_dist_close": 0.0008772829682643737,
          "ema_dist_entry": 0.007495531131579466,
          "ema_span_0": 538.369437930676,
          "ema_span_1": 1036.524515084996,
          "enabled": true,
          "markup_range": 0.08372962373908259,
          "min_markup": 0.1,
          "n_close_orders": 9,
          "qty_pct_close": 0.01,
          "qty_pct_entry": 0.01,
          "wallet_exposure_limit": 1.0,
          "we_multiplier_close": 0,
          "we_multiplier_entry": 32.16401172872095},
 "short": {"backwards_tp": true,
           "delay_between_fills_minutes_close": 37.471909580319334,
           "delay_between_fills_minutes_entry": 797.6494100913911,
           "delay_weight_close": 18.058150161801052,
           "delay_weight_entry": 11.843646193658676,
           "ema_dist_close": -0.0008365905997183608,
           "ema_dist_entry": 0.0006845032910847728,
           "ema_span_0": 91.17014286524532,
           "ema_span_1": 1323.1219082469995,
           "enabled": true,
           "markup_range": 0.023033400178796907,
           "min_markup": 0.034339356902654036,
           "n_close_orders": 11,
           "qty_pct_close": 0.02800975744123716,
           "qty_pct_entry": 0.04477018968378517,
           "wallet_exposure_limit": 1.0,
           "we_multiplier_close": 0.0014592431014404943,
           "we_multiplier_entry": 26.23381754994307}}