{"config_name": "clock_0days",
 "long": {"backwards_tp": true,
          "delay_between_fills_minutes_close": 1437.492425049831,
          "delay_between_fills_minutes_entry": 898.2177504938627,
          "delay_weight_close": 0.0057363672389153415,
          "delay_weight_entry": 23.640035103377862,
          "ema_dist_close": 0.00010005215592529664,
          "ema_dist_entry": -0.03188872115391277,
          "ema_span_0": 85.2303242632476,
          "ema_span_1": 1331.2456959490773,
          "enabled": true,
          "markup_range": 0.04219370556746481,
          "min_markup": 0.02776945171864145,
          "n_close_orders": 15,
          "qty_pct_close": 0.21672460146428307,
          "qty_pct_entry": 0.01,
          "wallet_exposure_limit": 1.0,
          "we_multiplier_close": 9.262769517039112,
          "we_multiplier_entry": 91.05915226741907},
 "short": {"backwards_tp": true,
           "delay_between_fills_minutes_close": 1178.3864834872227,
           "delay_between_fills_minutes_entry": 1394.2843865002553,
           "delay_weight_close": 86.62889890979832,
           "delay_weight_entry": 22.532431352528768,
           "ema_dist_close": -0.013461647108744618,
           "ema_dist_entry": 0.00174059878482789,
           "ema_span_0": 739.4859976088643,
           "ema_span_1": 311.8017851531204,
           "enabled": true,
           "markup_range": 0.030911869737092486,
           "min_markup": 0.02038795988815325,
           "n_close_orders": 12,
           "qty_pct_close": 0.7498780935393641,
           "qty_pct_entry": 0.01,
           "wallet_exposure_limit": 1.0,
           "we_multiplier_close": 9.946615935576403,
           "we_multiplier_entry": 100}}