{"config_name": "clock_0days",
 "long": {"backwards_tp": true,
          "delay_between_fills_minutes_close": 58.91828211348997,
          "delay_between_fills_minutes_entry": 482.1467054160844,
          "delay_weight_close": 2.055741656419856,
          "delay_weight_entry": 20.228999734195725,
          "ema_dist_close": 0.002530686942299417,
          "ema_dist_entry": 0.009800823466970334,
          "ema_span_0": 231.75952819870383,
          "ema_span_1": 183.6433528627554,
          "enabled": true,
          "markup_range": 0.007008401202837654,
          "min_markup": 0.07740905461569253,
          "n_close_orders": 8,
          "qty_pct_close": 0.9401893497200042,
          "qty_pct_entry": 0.014996010969350406,
          "wallet_exposure_limit": 1.0,
          "we_multiplier_close": 8.865920843266403,
          "we_multiplier_entry": 69.81159467142164},
 "short": {"backwards_tp": true,
           "delay_between_fills_minutes_close": 149.58459175497555,
           "delay_between_fills_minutes_entry": 359.8724180034797,
           "delay_weight_close": 4.116532866084736,
           "delay_weight_entry": 7.7145971802485676,
           "ema_dist_close": 0.006314579191468004,
           "ema_dist_entry": -0.045988628010810204,
           "ema_span_0": 97.53374478741746,
           "ema_span_1": 1052.7101521692625,
           "enabled": true,
           "markup_range": 0.07826707698640131,
           "min_markup": 0.06534961383427232,
           "n_close_orders": 6,
           "qty_pct_close": 0.3633875520169883,
           "qty_pct_entry": 0.01,
           "wallet_exposure_limit": 1.0,
           "we_multiplier_close": 7.212798787017981,
           "we_multiplier_entry": 90.9464463473598}}