{"config_name": "clock_0days",
 "long": {"backwards_tp": true,
          "delay_between_fills_minutes_close": 1123.1992973433357,
          "delay_between_fills_minutes_entry": 299.8472261014808,
          "delay_weight_close": 53.74151498290783,
          "delay_weight_entry": 17.736275012738986,
          "ema_dist_close": -0.006363026023992988,
          "ema_dist_entry": 0.00399995719467423,
          "ema_span_0": 97.9142793928524,
          "ema_span_1": 527.9901704397464,
          "enabled": true,
          "markup_range": 0.024757918757247525,
          "min_markup": 0.015915715738108266,
          "n_close_orders": 4,
          "qty_pct_close": 0.10409915192293627,
          "qty_pct_entry": 0.01,
          "wallet_exposure_limit": 1.0,
          "we_multiplier_close": 1.4564789386551271,
          "we_multiplier_entry": 93.97179836523995},
 "short": {"backwards_tp": true,
           "delay_between_fills_minutes_close": 697.3132867308999,
           "delay_between_fills_minutes_entry": 778.3068669552804,
           "delay_weight_close": 97.27747933513324,
           "delay_weight_entry": 9.982104932254169,
           "ema_dist_close": -0.0008419621919818513,
           "ema_dist_entry": 0.004,
           "ema_span_0": 1297.7213780951795,
           "ema_span_1": 802.9085561479704,
           "enabled": true,
           "markup_range": 0.05800339059521801,
           "min_markup": 0.01432926559539183,
           "n_close_orders": 4,
           "qty_pct_close": 0.29910766118707344,
           "qty_pct_entry": 0.03822649973071237,
           "wallet_exposure_limit": 1.0,
           "we_multiplier_close": 1.4959311838432594,
           "we_multiplier_entry": 96.48067504727064}}