{"config_name": "clock_0days",
 "long": {"backwards_tp": true,
          "delay_between_fills_minutes_close": 608.2322854176373,
          "delay_between_fills_minutes_entry": 512.4800145480738,
          "delay_weight_close": 15.611255041993825,
          "delay_weight_entry": 27.141123365271838,
          "ema_dist_close": -0.001707777542196012,
          "ema_dist_entry": 0.0009192910026840058,
          "ema_span_0": 247.985401192348,
          "ema_span_1": 1426.7066021924193,
          "enabled": true,
          "markup_range": 0.027315414840667143,
          "min_markup": 0.009568889903390203,
          "n_close_orders": 12,
          "qty_pct_close": 0.40575575995650304,
          "qty_pct_entry": 0.01,
          "wallet_exposure_limit": 1.0,
          "we_multiplier_close": 4.994677960773137,
          "we_multiplier_entry": 76.24138011283819},
 "short": {"backwards_tp": true,
           "delay_between_fills_minutes_close": 986.9429644370019,
           "delay_between_fills_minutes_entry": 788.3549382416019,
           "delay_weight_close": 4.594336392675599,
           "delay_weight_entry": 7.2668067041436,
           "ema_dist_close": -0.0019456445163498056,
           "ema_dist_entry": -1.2750340191035664e-05,
           "ema_span_0": 1396.2377891828453,
           "ema_span_1": 279.2454033245084,
           "enabled": true,
           "markup_range": 0.05501035778240774,
           "min_markup": 0.028920103081564234,
           "n_close_orders": 15,
           "qty_pct_close": 0.036781552447977255,
           "qty_pct_entry": 0.01,
           "wallet_exposure_limit": 1.0,
           "we_multiplier_close": 6.5262265123352305,
           "we_multiplier_entry": 74.99014158256742}}