{"config_name": "clock_0days",
 "long": {"backwards_tp": true,
          "delay_between_fills_minutes_close": 52.02185392419977,
          "delay_between_fills_minutes_entry": 637.2274447005027,
          "delay_weight_close": 14.15612123844617,
          "delay_weight_entry": 12.601578546778786,
          "ema_dist_close": 0.005661858150820993,
          "ema_dist_entry": 0.011563472989017805,
          "ema_span_0": 226.00772245889482,
          "ema_span_1": 1207.916899265923,
          "enabled": true,
          "markup_range": 0.04955808817917135,
          "min_markup": 0.023414862149406645,
          "n_close_orders": 13,
          "qty_pct_close": 0.10602084246859153,
          "qty_pct_entry": 0.025421090735195852,
          "wallet_exposure_limit": 1.0,
          "we_multiplier_close": 3.341498434094331,
          "we_multiplier_entry": 50.12287597348679},
 "short": {"backwards_tp": true,
           "delay_between_fills_minutes_close": 46.292601686041046,
           "delay_between_fills_minutes_entry": 527.5822197479374,
           "delay_weight_close": 4.6348377269109555,
           "delay_weight_entry": 12.317303194277919,
           "ema_dist_close": 0.00979029502290317,
           "ema_dist_entry": 0.004865071174156387,
           "ema_span_0": 25.66279319001679,
           "ema_span_1": 1084.9965552457427,
           "enabled": true,
           "markup_range": 0.060863251091693445,
           "min_markup": 0.04289226699654777,
           "n_close_orders": 15,
           "qty_pct_close": 0.17205315187747686,
           "qty_pct_entry": 0.021077900039233998,
           "wallet_exposure_limit": 1.0,
           "we_multiplier_close": 0.28285442992469306,
           "we_multiplier_entry": 45.533417958757994}}