{"config_name": "clock_0days",
 "long": {"backwards_tp": true,
          "delay_between_fills_minutes_close": 53.154800139147014,
          "delay_between_fills_minutes_entry": 637.7380718144926,
          "delay_weight_close": 14.14726325980489,
          "delay_weight_entry": 12.601529993454806,
          "ema_dist_close": 0.005660736364979295,
          "ema_dist_entry": 0.011563536899784175,
          "ema_span_0": 225.8045938042473,
          "ema_span_1": 1207.9517381320043,
          "enabled": true,
          "markup_range": 0.04947821443716534,
          "min_markup": 0.023500719139988458,
          "n_close_orders": 13,
          "qty_pct_close": 0.1060113004035453,
          "qty_pct_entry": 0.0254318681264954,
          "wallet_exposure_limit": 1.0,
          "we_multiplier_close": 3.3412510197774252,
          "we_multiplier_entry": 50.1256398318462},
 "short": {"backwards_tp": true,
           "delay_between_fills_minutes_close": 46.29665549091015,
           "delay_between_fills_minutes_entry": 527.56387780581,
           "delay_weight_close": 4.6350316792768975,
           "delay_weight_entry": 12.316689441008775,
           "ema_dist_close": 0.009792484389393877,
           "ema_dist_entry": 0.004870034200755862,
           "ema_span_0": 25.665153365176177,
           "ema_span_1": 1085.0934642870923,
           "enabled": true,
           "markup_range": 0.06084977880568897,
           "min_markup": 0.04289065851199985,
           "n_close_orders": 15,
           "qty_pct_close": 0.1721013436253195,
           "qty_pct_entry": 0.021081225038979724,
           "wallet_exposure_limit": 1.0,
           "we_multiplier_close": 0.28288764079333334,
           "we_multiplier_entry": 45.52566642171935}}