{"config_name": "clock_0days",
 "long": {"backwards_tp": true,
          "delay_between_fills_minutes_close": 654.1115063666927,
          "delay_between_fills_minutes_entry": 1237.064614560598,
          "delay_weight_close": 29.56364549147388,
          "delay_weight_entry": 19.58005968457322,
          "ema_dist_close": 0.004,
          "ema_dist_entry": 0.0019775269761641697,
          "ema_span_0": 1175.4650296091625,
          "ema_span_1": 48.2417688407997,
          "enabled": true,
          "markup_range": 0.03595944345453691,
          "min_markup": 0.02837108071290897,
          "n_close_orders": 12,
          "qty_pct_close": 0.10002152594227455,
          "qty_pct_entry": 0.010798009686869038,
          "wallet_exposure_limit": 1.0,
          "we_multiplier_close": 6.5122435011186655,
          "we_multiplier_entry": 89.98490232558098},
 "short": {"backwards_tp": true,
           "delay_between_fills_minutes_close": 1194.0495484314172,
           "delay_between_fills_minutes_entry": 1148.6434596334686,
           "delay_weight_close": 1.6273973141000837,
           "delay_weight_entry": 11.280703652655165,
           "ema_dist_close": 0.0010833000218062327,
           "ema_dist_entry": -0.04534165210970056,
           "ema_span_0": 1016.3440463366184,
           "ema_span_1": 1342.2061340252078,
           "enabled": true,
           "markup_range": 0.053767635375693776,
           "min_markup": 0.011973904650606998,
           "n_close_orders": 6,
           "qty_pct_close": 0.053188686737542,
           "qty_pct_entry": 0.01,
           "wallet_exposure_limit": 1.0,
           "we_multiplier_close": 0.5770792521554345,
           "we_multiplier_entry": 37.92158663427153}}