{"config_name": "clock_0days",
 "long": {"backwards_tp": true,
          "delay_between_fills_minutes_close": 661.4742343592291,
          "delay_between_fills_minutes_entry": 1279.151444875327,
          "delay_weight_close": 47.365997836763434,
          "delay_weight_entry": 20.096171671376535,
          "ema_dist_close": 0.0009085901489129371,
          "ema_dist_entry": -4.423271787488509e-05,
          "ema_span_0": 375.29696339125104,
          "ema_span_1": 438.91780976940686,
          "enabled": true,
          "markup_range": 0.02287347221002216,
          "min_markup": 0.01372918877058127,
          "n_close_orders": 6,
          "qty_pct_close": 0.7230390331709649,
          "qty_pct_entry": 0.055963640937374534,
          "wallet_exposure_limit": 1.0,
          "we_multiplier_close": 7.877003574582999,
          "we_multiplier_entry": 54.04621893703865},
 "short": {"backwards_tp": true,
           "delay_between_fills_minutes_close": 655.1289126255343,
           "delay_between_fills_minutes_entry": 1427.7911493361307,
           "delay_weight_close": 15.369023623969927,
           "delay_weight_entry": 5.31432308791453,
           "ema_dist_close": 0.004,
           "ema_dist_entry": -0.03148160178553891,
           "ema_span_0": 250.44342679293138,
           "ema_span_1": 1333.6585247348246,
           "enabled": true,
           "markup_range": 0.0001303227119667733,
           "min_markup": 0.029386499358174986,
           "n_close_orders": 4,
           "qty_pct_close": 0.01,
           "qty_pct_entry": 0.01,
           "wallet_exposure_limit": 1.0,
           "we_multiplier_close": 1.265681599222505,
           "we_multiplier_entry": 94.07980114538982}}