{"config_name": "clock_0days",
 "long": {"backwards_tp": true,
          "delay_between_fills_minutes_close": 41.15112563150334,
          "delay_between_fills_minutes_entry": 1074.4389985795474,
          "delay_weight_close": 1.2842505393675328,
          "delay_weight_entry": 15.255677171504708,
          "ema_dist_close": 0.008593362273210853,
          "ema_dist_entry": 0.001080717763906629,
          "ema_span_0": 45.23496833613697,
          "ema_span_1": 1281.8175650792853,
          "enabled": true,
          "markup_range": 0.071514230158093,
          "min_markup": 0.08251138416569874,
          "n_close_orders": 7,
          "qty_pct_close": 0.12037580074118297,
          "qty_pct_entry": 0.01,
          "wallet_exposure_limit": 1.0,
          "we_multiplier_close": 0.08696692720996799,
          "we_multiplier_entry": 46.733235326231885},
 "short": {"backwards_tp": true,
           "delay_between_fills_minutes_close": 13.349166139571132,
           "delay_between_fills_minutes_entry": 221.0147354053429,
           "delay_weight_close": 0,
           "delay_weight_entry": 9.299105713774853,
           "ema_dist_close": 0.0024805934891755036,
           "ema_dist_entry": 0.002491880602810051,
           "ema_span_0": 658.8787440135397,
           "ema_span_1": 451.0828771189633,
           "enabled": true,
           "markup_range": 0.036721578868707624,
           "min_markup": 0.09042536944398635,
           "n_close_orders": 4,
           "qty_pct_close": 0.9999999995022332,
           "qty_pct_entry": 0.01,
           "wallet_exposure_limit": 1.0,
           "we_multiplier_close": 9.282954283876725,
           "we_multiplier_entry": 73.57910633323303}}