{"config_name": "clock_0days",
 "long": {"backwards_tp": true,
          "delay_between_fills_minutes_close": 1383.5687998868323,
          "delay_between_fills_minutes_entry": 1152.2272995916696,
          "delay_weight_close": 45.784809982275384,
          "delay_weight_entry": 24.80990962660976,
          "ema_dist_close": -0.03475298999952477,
          "ema_dist_entry": -0.005763035467034432,
          "ema_span_0": 475.2485711644473,
          "ema_span_1": 443.6744893941787,
          "enabled": true,
          "markup_range": 0.026068973900461822,
          "min_markup": 0.020935047253139546,
          "n_close_orders": 12,
          "qty_pct_close": 0.16103455096768202,
          "qty_pct_entry": 0.012303577705079801,
          "wallet_exposure_limit": 1.0,
          "we_multiplier_close": 0.7785563381447297,
          "we_multiplier_entry": 87.85318260530565},
 "short": {"backwards_tp": true,
           "delay_between_fills_minutes_close": 1346.9909694364082,
           "delay_between_fills_minutes_entry": 267.29883678055654,
           "delay_weight_close": 85.79353982976068,
           "delay_weight_entry": 33.71913061187272,
           "ema_dist_close": 0.0037759279280082927,
           "ema_dist_entry": 0.004,
           "ema_span_0": 126.69345052153736,
           "ema_span_1": 191.26942090243259,
           "enabled": true,
           "markup_range": 0.04853508103905546,
           "min_markup": 0.00998105205067827,
           "n_close_orders": 5,
           "qty_pct_close": 0.1361450288675902,
           "qty_pct_entry": 0.01,
           "wallet_exposure_limit": 1.0,
           "we_multiplier_close": 0.23021648990256535,
           "we_multiplier_entry": 60.89935075788302}}