{"config_name": "clock_0days",
 "long": {"backwards_tp": true,
          "delay_between_fills_minutes_close": 898.6781307518162,
          "delay_between_fills_minutes_entry": 1301.5385099824605,
          "delay_weight_close": 12.233632886892783,
          "delay_weight_entry": 17.927245005170434,
          "ema_dist_close": -0.010613564489368024,
          "ema_dist_entry": 0.0027998161619131106,
          "ema_span_0": 1426.728479634726,
          "ema_span_1": 637.7282310814804,
          "enabled": true,
          "markup_range": 0.02857041399787097,
          "min_markup": 0.0057170793471893215,
          "n_close_orders": 13,
          "qty_pct_close": 0.7779395189008194,
          "qty_pct_entry": 0.028695151875910978,
          "wallet_exposure_limit": 1.0,
          "we_multiplier_close": 5.074807880028206,
          "we_multiplier_entry": 90.91012513696155},
 "short": {"backwards_tp": true,
           "delay_between_fills_minutes_close": 1367.387440704446,
           "delay_between_fills_minutes_entry": 405.16263812973557,
           "delay_weight_close": 53.809595023852886,
           "delay_weight_entry": 0.7064808570898126,
           "ema_dist_close": -0.00507584025245245,
           "ema_dist_entry": -0.030870643284591402,
           "ema_span_0": 1379.5545276440662,
           "ema_span_1": 579.5444638099365,
           "enabled": true,
           "markup_range": 0.010146064445912895,
           "min_markup": 0.001,
           "n_close_orders": 13,
           "qty_pct_close": 0.01051318610320951,
           "qty_pct_entry": 0.01,
           "wallet_exposure_limit": 1.0,
           "we_multiplier_close": 1.2314745861596905,
           "we_multiplier_entry": 94.38608747195845}}