{"config_name": "clock_0days",
 "long": {"backwards_tp": true,
          "delay_between_fills_minutes_close": 18.741912560511395,
          "delay_between_fills_minutes_entry": 685.4511749690164,
          "delay_weight_close": 18.429578867196867,
          "delay_weight_entry": 15.896571637663387,
          "ema_dist_close": 0.0019933927403432998,
          "ema_dist_entry": 0.014205825480949905,
          "ema_span_0": 476.7640498822718,
          "ema_span_1": 730.0251075346611,
          "enabled": true,
          "markup_range": 0.0004175309226982238,
          "min_markup": 0.06662326789050285,
          "n_close_orders": 1,
          "qty_pct_close": 0.2887918392613443,
          "qty_pct_entry": 0.028103646959567706,
          "wallet_exposure_limit": 1.0,
          "we_multiplier_close": 1.6341413547276047,
          "we_multiplier_entry": 47.03620147593698},
 "short": {"backwards_tp": true,
           "delay_between_fills_minutes_close": 26.907147196622716,
           "delay_between_fills_minutes_entry": 413.9074241323118,
           "delay_weight_close": 3.558573864906839,
           "delay_weight_entry": 6.898722568160561,
           "ema_dist_close": 0.017455434951672556,
           "ema_dist_entry": 0.0039147500416524825,
           "ema_span_0": 67.67951415662834,
           "ema_span_1": 1374.7487129682022,
           "enabled": true,
           "markup_range": 0.07604435147490643,
           "min_markup": 0.0443175470836183,
           "n_close_orders": 7,
           "qty_pct_close": 0.966387926277036,
           "qty_pct_entry": 0.01,
           "wallet_exposure_limit": 1.0,
           "we_multiplier_close": 8.451524062948128,
           "we_multiplier_entry": 66.15861215660895}}