{"config_name": "clock_0days",
 "long": {"backwards_tp": true,
          "delay_between_fills_minutes_close": 23.744091719899117,
          "delay_between_fills_minutes_entry": 1087.58963311026,
          "delay_weight_close": 9.986078554473766,
          "delay_weight_entry": 14.152221379415911,
          "ema_dist_close": 0.014517304786706238,
          "ema_dist_entry": -0.002834620837600083,
          "ema_span_0": 702.325325007356,
          "ema_span_1": 1435.2437508286387,
          "enabled": true,
          "markup_range": 0.04534352983768608,
          "min_markup": 0.020462517366296906,
          "n_close_orders": 15,
          "qty_pct_close": 0.4333046988736121,
          "qty_pct_entry": 0.01,
          "wallet_exposure_limit": 1.0,
          "we_multiplier_close": 3.181208151394317,
          "we_multiplier_entry": 56.64934943532883},
 "short": {"backwards_tp": true,
           "delay_between_fills_minutes_close": 1.0,
           "delay_between_fills_minutes_entry": 1124.1615419135314,
           "delay_weight_close": 11.298475436532732,
           "delay_weight_entry": 13.522020955845855,
           "ema_dist_close": -0.001927772168884757,
           "ema_dist_entry": 0.010515474538950248,
           "ema_span_0": 497.0790085513255,
           "ema_span_1": 668.1011839227505,
           "enabled": true,
           "markup_range": 0.09994493468322838,
           "min_markup": 0.09275436680343599,
           "n_close_orders": 15,
           "qty_pct_close": 0.3480411657913144,
           "qty_pct_entry": 0.05438059732943782,
           "wallet_exposure_limit": 1.0,
           "we_multiplier_close": 2.8420191854278887,
           "we_multiplier_entry": 65.3067966119925}}