{"config_name": "clock_0days",
 "long": {"backwards_tp": true,
          "delay_between_fills_minutes_close": 27.961945966398115,
          "delay_between_fills_minutes_entry": 920.6402645345236,
          "delay_weight_close": 5.34596953137467,
          "delay_weight_entry": 16.070240086493552,
          "ema_dist_close": 0.009725671119680028,
          "ema_dist_entry": 0.010062994248264552,
          "ema_span_0": 604.680976680317,
          "ema_span_1": 437.17127198159193,
          "enabled": true,
          "markup_range": 0.08804882147546803,
          "min_markup": 0.09999909702495849,
          "n_close_orders": 12,
          "qty_pct_close": 0.6158961867843433,
          "qty_pct_entry": 0.01,
          "wallet_exposure_limit": 1.0,
          "we_multiplier_close": 9.270340004385154,
          "we_multiplier_entry": 57.25993342119176},
 "short": {"backwards_tp": true,
           "delay_between_fills_minutes_close": 4.481698820441368,
           "delay_between_fills_minutes_entry": 365.5280530531061,
           "delay_weight_close": 16.363080840389514,
           "delay_weight_entry": 11.722594336827516,
           "ema_dist_close": 0.011567177876569376,
           "ema_dist_entry": 0.0037839171261043647,
           "ema_span_0": 458.48660491809494,
           "ema_span_1": 1238.1877238653951,
           "enabled": true,
           "markup_range": 0.012342117319075049,
           "min_markup": 0.08899353713200087,
           "n_close_orders": 14,
           "qty_pct_close": 0.060348968750715645,
           "qty_pct_entry": 0.01,
           "wallet_exposure_limit": 1.0,
           "we_multiplier_close": 3.6741043651108325,
           "we_multiplier_entry": 48.68280514748271}}