{"config_name": "clock_0days",
 "long": {"backwards_tp": true,
          "delay_between_fills_minutes_close": 1248.2083790605973,
          "delay_between_fills_minutes_entry": 1103.5091025617905,
          "delay_weight_close": 94.27522671915769,
          "delay_weight_entry": 15.400249672289137,
          "ema_dist_close": -0.004584206498435387,
          "ema_dist_entry": -0.017767427816460075,
          "ema_span_0": 731.3296373698024,
          "ema_span_1": 1343.499987755572,
          "enabled": true,
          "markup_range": 0.012866602719325946,
          "min_markup": 0.02709717633422003,
          "n_close_orders": 4,
          "qty_pct_close": 0.2646339520171129,
          "qty_pct_entry": 0.013765868462749421,
          "wallet_exposure_limit": 1.0,
          "we_multiplier_close": 5.49811199559871,
          "we_multiplier_entry": 79.92483003509894},
 "short": {"backwards_tp": true,
           "delay_between_fills_minutes_close": 693.1453588611923,
           "delay_between_fills_minutes_entry": 531.0726797371113,
           "delay_weight_close": 49.534761283891804,
           "delay_weight_entry": 32.43699367205719,
           "ema_dist_close": -0.015097342640526836,
           "ema_dist_entry": 0.002644970441389654,
           "ema_span_0": 68.86934954990289,
           "ema_span_1": 1440,
           "enabled": true,
           "markup_range": 0.0598381183860383,
           "min_markup": 0.026117549969722723,
           "n_close_orders": 13,
           "qty_pct_close": 0.17131220719116,
           "qty_pct_entry": 0.01,
           "wallet_exposure_limit": 1.0,
           "we_multiplier_close": 3.1414240090798424,
           "we_multiplier_entry": 72.36340103445201}}