{"config_name": "clock_0days",
 "long": {"backwards_tp": true,
          "delay_between_fills_minutes_close": 55.00587880948884,
          "delay_between_fills_minutes_entry": 1351.4440147115743,
          "delay_weight_close": 2.194399240326448,
          "delay_weight_entry": 16.826158735390976,
          "ema_dist_close": 0.0009888225848086896,
          "ema_dist_entry": 0.00871601728950278,
          "ema_span_0": 493.06969543315626,
          "ema_span_1": 871.631951017008,
          "enabled": true,
          "markup_range": 0.026092615719952257,
          "min_markup": 0.09861435846589878,
          "n_close_orders": 5,
          "qty_pct_close": 0.6477599208706379,
          "qty_pct_entry": 0.012221611751122604,
          "wallet_exposure_limit": 1.0,
          "we_multiplier_close": 8.538391056033882,
          "we_multiplier_entry": 59.37068041527666},
 "short": {"backwards_tp": true,
           "delay_between_fills_minutes_close": 55.47671605318362,
           "delay_between_fills_minutes_entry": 1440,
           "delay_weight_close": 7.2262936789487915,
           "delay_weight_entry": 19.777061809748407,
           "ema_dist_close": 0.011884090293381487,
           "ema_dist_entry": 0.005109213475592737,
           "ema_span_0": 31.806254917121684,
           "ema_span_1": 179.02093732448566,
           "enabled": true,
           "markup_range": 0.07077378632213524,
           "min_markup": 0.039766352863370345,
           "n_close_orders": 8,
           "qty_pct_close": 0.19013183844245735,
           "qty_pct_entry": 0.01,
           "wallet_exposure_limit": 1.0,
           "we_multiplier_close": 3.4177557615326832,
           "we_multiplier_entry": 19.847964374016204}}