{"config_name": "clock_0days",
 "long": {"backwards_tp": true,
          "delay_between_fills_minutes_close": 54.914853513536876,
          "delay_between_fills_minutes_entry": 1351.653869983225,
          "delay_weight_close": 2.2170964082143505,
          "delay_weight_entry": 16.819333893146574,
          "ema_dist_close": 0.0009621879311297035,
          "ema_dist_entry": 0.008447338013821928,
          "ema_span_0": 509.20869179264724,
          "ema_span_1": 872.3935328266554,
          "enabled": true,
          "markup_range": 0.02731325494675978,
          "min_markup": 0.09879461765063947,
          "n_close_orders": 5,
          "qty_pct_close": 0.6188062832276998,
          "qty_pct_entry": 0.01221228120566656,
          "wallet_exposure_limit": 1.0,
          "we_multiplier_close": 8.533050203351385,
          "we_multiplier_entry": 59.38694346276107},
 "short": {"backwards_tp": true,
           "delay_between_fills_minutes_close": 55.474515604974854,
           "delay_between_fills_minutes_entry": 1440,
           "delay_weight_close": 7.22654612738602,
           "delay_weight_entry": 19.77644955485806,
           "ema_dist_close": 0.011885648787887502,
           "ema_dist_entry": 0.005111807658182441,
           "ema_span_0": 31.80775028232757,
           "ema_span_1": 179.0549097042007,
           "enabled": true,
           "markup_range": 0.07077311173590883,
           "min_markup": 0.039763939119151395,
           "n_close_orders": 8,
           "qty_pct_close": 0.19001123531229452,
           "qty_pct_entry": 0.01,
           "wallet_exposure_limit": 1,
           "we_multiplier_close": 3.417987983486744,
           "we_multiplier_entry": 19.846168339885136}}