{"config_name": "clock_0days",
 "long": {"backwards_tp": true,
          "delay_between_fills_minutes_close": 174.17548435750274,
          "delay_between_fills_minutes_entry": 124.6670098975283,
          "delay_weight_close": 22.306810731840542,
          "delay_weight_entry": 27.16138129175249,
          "ema_dist_close": -0.027450237997365234,
          "ema_dist_entry": 0.0054422670278241395,
          "ema_span_0": 10.0,
          "ema_span_1": 619.4463422374539,
          "enabled": true,
          "markup_range": 0.08207891890939276,
          "min_markup": 0.08158073819411997,
          "n_close_orders": 14,
          "qty_pct_close": 0.638828063925175,
          "qty_pct_entry": 0.01,
          "wallet_exposure_limit": 1.0,
          "we_multiplier_close": 6.791815196293987,
          "we_multiplier_entry": 51.721291157372775},
 "short": {"backwards_tp": true,
           "delay_between_fills_minutes_close": 1.0912312371213035,
           "delay_between_fills_minutes_entry": 516.3304782515777,
           "delay_weight_close": 13.390285687557881,
           "delay_weight_entry": 9.648328474946188,
           "ema_dist_close": -0.005116472057462448,
           "ema_dist_entry": 0.007722626142004985,
           "ema_span_0": 10.5817474231665,
           "ema_span_1": 218.8364098731166,
           "enabled": true,
           "markup_range": 0.06716489163321725,
           "min_markup": 0.033857173024945175,
           "n_close_orders": 11,
           "qty_pct_close": 0.9621150286941803,
           "qty_pct_entry": 0.014522772067456556,
           "wallet_exposure_limit": 1.0,
           "we_multiplier_close": 8.848094871818267,
           "we_multiplier_entry": 69.49303596143119}}