{"config_name": "clock_0days",
 "long": {"backwards_tp": true,
          "delay_between_fills_minutes_close": 832.204516965419,
          "delay_between_fills_minutes_entry": 738.480433642793,
          "delay_weight_close": 84.41985048817966,
          "delay_weight_entry": 20.810787010650493,
          "ema_dist_close": -0.0078109017010939445,
          "ema_dist_entry": 0.0028052110604849844,
          "ema_span_0": 321.5852894936125,
          "ema_span_1": 1396.6757345109888,
          "enabled": true,
          "markup_range": 0.02170822568880923,
          "min_markup": 0.027317785368082936,
          "n_close_orders": 14,
          "qty_pct_close": 0.7470881225902356,
          "qty_pct_entry": 0.01,
          "wallet_exposure_limit": 1.0,
          "we_multiplier_close": 5.959056003659271,
          "we_multiplier_entry": 99.97964312861133},
 "short": {"backwards_tp": true,
           "delay_between_fills_minutes_close": 676.4382801527279,
           "delay_between_fills_minutes_entry": 930.470565034569,
           "delay_weight_close": 27.475813365541505,
           "delay_weight_entry": 7.312489994132011,
           "ema_dist_close": -0.03080025159578822,
           "ema_dist_entry": 0.0010236631795899358,
           "ema_span_0": 227.69069887240173,
           "ema_span_1": 1356.5805528280391,
           "enabled": true,
           "markup_range": 0.06,
           "min_markup": 0.02379704966847154,
           "n_close_orders": 14,
           "qty_pct_close": 0.23193209768627954,
           "qty_pct_entry": 0.010011468384376008,
           "wallet_exposure_limit": 1.0,
           "we_multiplier_close": 0.17704704489352388,
           "we_multiplier_entry": 89.64356657111801}}