{"config_name": "clock_0days",
 "long": {"backwards_tp": true,
          "delay_between_fills_minutes_close": 5.63009491702542,
          "delay_between_fills_minutes_entry": 958.5285189867602,
          "delay_weight_close": 7.911372374896657,
          "delay_weight_entry": 13.83071900932762,
          "ema_dist_close": 0.005438941209681866,
          "ema_dist_entry": 5.2622657668035515e-06,
          "ema_span_0": 698.3233920925486,
          "ema_span_1": 870.0610344739293,
          "enabled": true,
          "markup_range": 0.0853558292435476,
          "min_markup": 0.09086039512558397,
          "n_close_orders": 8,
          "qty_pct_close": 0.0486568625384977,
          "qty_pct_entry": 0.01,
          "wallet_exposure_limit": 1.0,
          "we_multiplier_close": 9.520691109299838,
          "we_multiplier_entry": 67.16829339126907},
 "short": {"backwards_tp": true,
           "delay_between_fills_minutes_close": 41.07197334354109,
           "delay_between_fills_minutes_entry": 749.2220922050808,
           "delay_weight_close": 15.555460892323424,
           "delay_weight_entry": 15.627627086466134,
           "ema_dist_close": 0.015936960844443775,
           "ema_dist_entry": 0.008328387306825747,
           "ema_span_0": 246.1893260098824,
           "ema_span_1": 1261.0902620403433,
           "enabled": true,
           "markup_range": 0.05570255823365044,
           "min_markup": 0.040872951053687746,
           "n_close_orders": 9,
           "qty_pct_close": 0.4138235087579815,
           "qty_pct_entry": 0.01,
           "wallet_exposure_limit": 1.0,
           "we_multiplier_close": 1.3980014434820582,
           "we_multiplier_entry": 32.55232256865138}}