{"config_name": "clock_0days",
 "long": {"backwards_tp": true,
          "delay_between_fills_minutes_close": 5.599570796575998,
          "delay_between_fills_minutes_entry": 959.200730542946,
          "delay_weight_close": 7.922876139031707,
          "delay_weight_entry": 13.81506473822008,
          "ema_dist_close": 0.005436370897312026,
          "ema_dist_entry": 3.6463671432291913e-06,
          "ema_span_0": 698.1599211045317,
          "ema_span_1": 870.1894688910547,
          "enabled": true,
          "markup_range": 0.08515162049669726,
          "min_markup": 0.09081225440909427,
          "n_close_orders": 8,
          "qty_pct_close": 0.0487847098801554,
          "qty_pct_entry": 0.01,
          "wallet_exposure_limit": 1.0,
          "we_multiplier_close": 9.513178794651633,
          "we_multiplier_entry": 66.86061992328239},
 "short": {"backwards_tp": true,
           "delay_between_fills_minutes_close": 41.070525728416044,
           "delay_between_fills_minutes_entry": 749.2336454170762,
           "delay_weight_close": 15.555416055103988,
           "delay_weight_entry": 15.628147309031855,
           "ema_dist_close": 0.015936868644601025,
           "ema_dist_entry": 0.008327502886804585,
           "ema_span_0": 246.11584954258666,
           "ema_span_1": 1261.0878015740016,
           "enabled": true,
           "markup_range": 0.05569910944784742,
           "min_markup": 0.04085986940053935,
           "n_close_orders": 9,
           "qty_pct_close": 0.4138220945710441,
           "qty_pct_entry": 0.01,
           "wallet_exposure_limit": 1.0,
           "we_multiplier_close": 1.3981022424607363,
           "we_multiplier_entry": 32.55324923306434}}