{"config_name": "clock_0days",
 "long": {"backwards_tp": true,
          "delay_between_fills_minutes_close": 145.8016921361111,
          "delay_between_fills_minutes_entry": 928.9147787780855,
          "delay_weight_close": 59.53833608234645,
          "delay_weight_entry": 8.254265198643022,
          "ema_dist_close": 0.009995972461027847,
          "ema_dist_entry": 0.002884786977279964,
          "ema_span_0": 390.5339546820515,
          "ema_span_1": 1147.7506368121633,
          "enabled": true,
          "markup_range": 0.0844659155305906,
          "min_markup": 0.09999851721395053,
          "n_close_orders": 9,
          "qty_pct_close": 0.016225357242851537,
          "qty_pct_entry": 0.01,
          "wallet_exposure_limit": 1.0,
          "we_multiplier_close": 2.1317003924351563,
          "we_multiplier_entry": 44.956781190262944},
 "short": {"backwards_tp": true,
           "delay_between_fills_minutes_close": 180.0,
           "delay_between_fills_minutes_entry": 121.4921067494104,
           "delay_weight_close": 59.77088102487147,
           "delay_weight_entry": 6.4372874626601835,
           "ema_dist_close": -0.02342782453229325,
           "ema_dist_entry": 0.007671048556586806,
           "ema_span_0": 406.86066508864593,
           "ema_span_1": 17.24813249961856,
           "enabled": true,
           "markup_range": 0.09371608666060578,
           "min_markup": 0.08585589583980564,
           "n_close_orders": 6,
           "qty_pct_close": 0.40752996136486047,
           "qty_pct_entry": 0.01,
           "wallet_exposure_limit": 1.0,
           "we_multiplier_close": 8.044540664578893,
           "we_multiplier_entry": 99.70308660451906}}