{"config_name": "clock_0days",
 "long": {"backwards_tp": true,
          "delay_between_fills_minutes_close": 25.350324735387204,
          "delay_between_fills_minutes_entry": 1184.0805645459109,
          "delay_weight_close": 5.64880320064712,
          "delay_weight_entry": 9.863253142503646,
          "ema_dist_close": 0.009240941285592665,
          "ema_dist_entry": -0.0064827863985314075,
          "ema_span_0": 598.5293058987987,
          "ema_span_1": 1439.9999878146755,
          "enabled": true,
          "markup_range": 0.0767988252087008,
          "min_markup": 0.04750672387906681,
          "n_close_orders": 2,
          "qty_pct_close": 0.1687141283580434,
          "qty_pct_entry": 0.013917859168800032,
          "wallet_exposure_limit": 1.0,
          "we_multiplier_close": 1.382034981587228,
          "we_multiplier_entry": 58.26162748744057},
 "short": {"backwards_tp": true,
           "delay_between_fills_minutes_close": 41.51316461035607,
           "delay_between_fills_minutes_entry": 415.54503756441784,
           "delay_weight_close": 17.940785079606975,
           "delay_weight_entry": 7.210676375513458,
           "ema_dist_close": 0.006924753010885132,
           "ema_dist_entry": 0.002175848621735685,
           "ema_span_0": 410.60326880820213,
           "ema_span_1": 1439.9943476702533,
           "enabled": true,
           "markup_range": 0.08084686279028755,
           "min_markup": 0.044994554115561025,
           "n_close_orders": 4,
           "qty_pct_close": 0.06502726165983146,
           "qty_pct_entry": 0.01,
           "wallet_exposure_limit": 1.0,
           "we_multiplier_close": 6.611131805406088,
           "we_multiplier_entry": 70.10381516852635}}