{"config_name": "clock_0days",
 "long": {"backwards_tp": true,
          "delay_between_fills_minutes_close": 25.350202382383397,
          "delay_between_fills_minutes_entry": 1184.0469747854952,
          "delay_weight_close": 5.651311344439015,
          "delay_weight_entry": 9.863279984412435,
          "ema_dist_close": 0.00924084165218881,
          "ema_dist_entry": -0.0064766739424960765,
          "ema_span_0": 598.8449469859501,
          "ema_span_1": 1439.9999781772494,
          "enabled": true,
          "markup_range": 0.0767977173436808,
          "min_markup": 0.04750029573515783,
          "n_close_orders": 2,
          "qty_pct_close": 0.16907383407600213,
          "qty_pct_entry": 0.013917179916824257,
          "wallet_exposure_limit": 1.0,
          "we_multiplier_close": 1.3821259694398373,
          "we_multiplier_entry": 58.262729890254334},
 "short": {"backwards_tp": true,
           "delay_between_fills_minutes_close": 41.60848011062847,
           "delay_between_fills_minutes_entry": 415.93281755098593,
           "delay_weight_close": 17.847388854006873,
           "delay_weight_entry": 7.308683328067601,
           "ema_dist_close": 0.006907779125016747,
           "ema_dist_entry": 0.0025340420837751034,
           "ema_span_0": 409.85806449729375,
           "ema_span_1": 1439.9997442668296,
           "enabled": true,
           "markup_range": 0.08085378865228424,
           "min_markup": 0.04514985517145749,
           "n_close_orders": 4,
           "qty_pct_close": 0.06488767268106083,
           "qty_pct_entry": 0.01,
           "wallet_exposure_limit": 1.0,
           "we_multiplier_close": 6.6091744807168,
           "we_multiplier_entry": 69.99867790986256}}