{"config_name": "clock_0days",
 "long": {"backwards_tp": true,
          "delay_between_fills_minutes_close": 23.126537513133247,
          "delay_between_fills_minutes_entry": 1081.4955966466973,
          "delay_weight_close": 5.081134377062635,
          "delay_weight_entry": 13.599680723854096,
          "ema_dist_close": 0.003835444143215304,
          "ema_dist_entry": 0.00030522386632579124,
          "ema_span_0": 594.8073427342255,
          "ema_span_1": 1157.8615911314414,
          "enabled": true,
          "markup_range": 0.07163672037859573,
          "min_markup": 0.08835348783642212,
          "n_close_orders": 5,
          "qty_pct_close": 0.01,
          "qty_pct_entry": 0.013186575596178212,
          "wallet_exposure_limit": 1.0,
          "we_multiplier_close": 9.082331489117895,
          "we_multiplier_entry": 64.93499131823138},
 "short": {"backwards_tp": true,
           "delay_between_fills_minutes_close": 40.285217113835024,
           "delay_between_fills_minutes_entry": 309.79557757511725,
           "delay_weight_close": 10.019595198104904,
           "delay_weight_entry": 19.121196578094036,
           "ema_dist_close": 0.005548449093411895,
           "ema_dist_entry": 0.005832754301808701,
           "ema_span_0": 182.57026871929736,
           "ema_span_1": 66.70333644096242,
           "enabled": true,
           "markup_range": 0.07094588459942265,
           "min_markup": 0.07014535955260237,
           "n_close_orders": 2,
           "qty_pct_close": 0.10186732227139664,
           "qty_pct_entry": 0.01,
           "wallet_exposure_limit": 1.0,
           "we_multiplier_close": 3.9637431190868933,
           "we_multiplier_entry": 64.74408447649628}}