{"config_name": "clock_0days",
 "long": {"backwards_tp": true,
          "delay_between_fills_minutes_close": 23.131976789077207,
          "delay_between_fills_minutes_entry": 1081.4376324434097,
          "delay_weight_close": 5.082598652800596,
          "delay_weight_entry": 13.557685193829418,
          "ema_dist_close": 0.003840518042061213,
          "ema_dist_entry": 0.0002754029419588989,
          "ema_span_0": 593.7652427277219,
          "ema_span_1": 1157.6561216458865,
          "enabled": true,
          "markup_range": 0.07163775275622701,
          "min_markup": 0.08871600442183443,
          "n_close_orders": 5,
          "qty_pct_close": 0.01,
          "qty_pct_entry": 0.013178729712771961,
          "wallet_exposure_limit": 1.0,
          "we_multiplier_close": 9.069242467243154,
          "we_multiplier_entry": 64.95009850740448},
 "short": {"backwards_tp": true,
           "delay_between_fills_minutes_close": 39.46973475302968,
           "delay_between_fills_minutes_entry": 380.15093359286533,
           "delay_weight_close": 13.855017965770786,
           "delay_weight_entry": 20.88682021300714,
           "ema_dist_close": 0.0055653940073829514,
           "ema_dist_entry": 0.005805182577471829,
           "ema_span_0": 182.1283160117177,
           "ema_span_1": 66.93418759109123,
           "enabled": true,
           "markup_range": 0.07154165859471474,
           "min_markup": 0.07418996438956264,
           "n_close_orders": 2,
           "qty_pct_close": 0.10330407917374577,
           "qty_pct_entry": 0.01,
           "wallet_exposure_limit": 1.0,
           "we_multiplier_close": 4.044454374265642,
           "we_multiplier_entry": 64.78087743113113}}