{"config_name": "clock_0days",
 "long": {"backwards_tp": true,
          "delay_between_fills_minutes_close": 234.6430628955134,
          "delay_between_fills_minutes_entry": 925.0774541268759,
          "delay_weight_close": 41.96029865699079,
          "delay_weight_entry": 8.798795435176178,
          "ema_dist_close": 0.00398853564465929,
          "ema_dist_entry": 0.0013636099115656973,
          "ema_span_0": 1280.0474948225897,
          "ema_span_1": 1284.5027933193478,
          "enabled": true,
          "markup_range": 0.05999054930141675,
          "min_markup": 0.02999432537188694,
          "n_close_orders": 6,
          "qty_pct_close": 0.01,
          "qty_pct_entry": 0.01,
          "wallet_exposure_limit": 1.0,
          "we_multiplier_close": 0.8828406542408729,
          "we_multiplier_entry": 80.18551429588426},
 "short": {"backwards_tp": true,
           "delay_between_fills_minutes_close": 28.0437693833879,
           "delay_between_fills_minutes_entry": 385.29853315984724,
           "delay_weight_close": 3.637271306786965,
           "delay_weight_entry": 22.223577514525175,
           "ema_dist_close": 0.003990003041899962,
           "ema_dist_entry": 0.004,
           "ema_span_0": 193.31559581539085,
           "ema_span_1": 42.07348851598983,
           "enabled": true,
           "markup_range": 0.06,
           "min_markup": 0.03,
           "n_close_orders": 4,
           "qty_pct_close": 0.14986251324534935,
           "qty_pct_entry": 0.01,
           "wallet_exposure_limit": 1.0,
           "we_multiplier_close": 3.8200793373900845,
           "we_multiplier_entry": 76.7427252700867}}