{"config_name": "clock_0days",
 "long": {"backwards_tp": true,
          "delay_between_fills_minutes_close": 51.378059059375225,
          "delay_between_fills_minutes_entry": 1144.5194258160961,
          "delay_weight_close": 19.49430271118958,
          "delay_weight_entry": 2.9739427476861766,
          "ema_dist_close": 0.004226691141594751,
          "ema_dist_entry": 0.00735925082667306,
          "ema_span_0": 384.20578604729803,
          "ema_span_1": 1170.346016602879,
          "enabled": true,
          "markup_range": 0.03234736465506519,
          "min_markup": 0.06078369383375918,
          "n_close_orders": 15,
          "qty_pct_close": 0.35463163455325275,
          "qty_pct_entry": 0.13354654625460696,
          "wallet_exposure_limit": 1.0,
          "we_multiplier_close": 0.9520106615206404,
          "we_multiplier_entry": 61.810869881756936},
 "short": {"backwards_tp": true,
           "delay_between_fills_minutes_close": 54.06101510894734,
           "delay_between_fills_minutes_entry": 845.7062618107325,
           "delay_weight_close": 18.189527273935017,
           "delay_weight_entry": 13.63539017016421,
           "ema_dist_close": 0.00035228671058161096,
           "ema_dist_entry": 0.0010392764072709522,
           "ema_span_0": 410.7909257448879,
           "ema_span_1": 1214.5162191709276,
           "enabled": true,
           "markup_range": 0.05330807628226067,
           "min_markup": 0.09431393495596346,
           "n_close_orders": 16,
           "qty_pct_close": 0.010000014699840727,
           "qty_pct_entry": 0.014686339288966824,
           "wallet_exposure_limit": 1.0,
           "we_multiplier_close": 4.11191803589282,
           "we_multiplier_entry": 64.65178053697979}}