{"config_name": "clock_0days",
 "long": {"backwards_tp": true,
          "delay_between_fills_minutes_close": 92.18914513221554,
          "delay_between_fills_minutes_entry": 1345.3485574090257,
          "delay_weight_close": 0,
          "delay_weight_entry": 3.270869156572443,
          "ema_dist_close": 0.0038496964359124074,
          "ema_dist_entry": 0.002785352091442267,
          "ema_span_0": 115.93230901273233,
          "ema_span_1": 1260.9082873817326,
          "enabled": true,
          "markup_range": 0.045525115114343276,
          "min_markup": 0.029992907769617817,
          "n_close_orders": 12,
          "qty_pct_close": 0.010015165939886694,
          "qty_pct_entry": 0.01,
          "wallet_exposure_limit": 1.0,
          "we_multiplier_close": 0.18928767063199534,
          "we_multiplier_entry": 37.77649452761846},
 "short": {"backwards_tp": true,
           "delay_between_fills_minutes_close": 1216.385749447652,
           "delay_between_fills_minutes_entry": 1266.8109124105542,
           "delay_weight_close": 63.018708163362284,
           "delay_weight_entry": 53.88264949113902,
           "ema_dist_close": -0.0242860396671649,
           "ema_dist_entry": 0.0021247423580862354,
           "ema_span_0": 542.3634701029175,
           "ema_span_1": 432.13133692102116,
           "enabled": true,
           "markup_range": 0.01620778412661331,
           "min_markup": 0.006475465247159646,
           "n_close_orders": 9,
           "qty_pct_close": 0.04125043276063418,
           "qty_pct_entry": 0.01,
           "wallet_exposure_limit": 1.0,
           "we_multiplier_close": 1.7639161015030262,
           "we_multiplier_entry": 60.29421907173158}}