{"config_name": "clock_0days",
 "long": {"backwards_tp": true,
          "delay_between_fills_minutes_close": 50.743654165706616,
          "delay_between_fills_minutes_entry": 1438.2376411648174,
          "delay_weight_close": 0,
          "delay_weight_entry": 5.188175595690324,
          "ema_dist_close": 0.003386489126770883,
          "ema_dist_entry": 0.0027725288098177196,
          "ema_span_0": 97.80271091195932,
          "ema_span_1": 1175.0105516577783,
          "enabled": true,
          "markup_range": 0.058949518896520246,
          "min_markup": 0.0687802091389852,
          "n_close_orders": 11,
          "qty_pct_close": 0.01,
          "qty_pct_entry": 0.01,
          "wallet_exposure_limit": 1.0,
          "we_multiplier_close": 0.002767930809409303,
          "we_multiplier_entry": 53.589808028662056},
 "short": {"backwards_tp": true,
           "delay_between_fills_minutes_close": 39.50465451318968,
           "delay_between_fills_minutes_entry": 78.39667274323669,
           "delay_weight_close": 6.348317968287136,
           "delay_weight_entry": 19.686065388538672,
           "ema_dist_close": -0.0022953098145285,
           "ema_dist_entry": 0.0039837719670024144,
           "ema_span_0": 211.8684277177414,
           "ema_span_1": 542.193856350325,
           "enabled": true,
           "markup_range": 0.0890475426687093,
           "min_markup": 0.06710931144732675,
           "n_close_orders": 10,
           "qty_pct_close": 0.6876614370484655,
           "qty_pct_entry": 0.010061380431929367,
           "wallet_exposure_limit": 1.0,
           "we_multiplier_close": 8.556637396999065,
           "we_multiplier_entry": 70.0}}