{"config_name": "clock_0days",
 "long": {"backwards_tp": true,
          "delay_between_fills_minutes_close": 46.13721224794522,
          "delay_between_fills_minutes_entry": 427.9143601261358,
          "delay_weight_close": 15.457906260228288,
          "delay_weight_entry": 14.013014366595774,
          "ema_dist_close": -0.007229253973588986,
          "ema_dist_entry": 0.014478195713940349,
          "ema_span_0": 576.4179203960133,
          "ema_span_1": 604.7798711714894,
          "enabled": true,
          "markup_range": 0.02638389106989326,
          "min_markup": 0.08175395501459005,
          "n_close_orders": 13,
          "qty_pct_close": 0.20325191377133892,
          "qty_pct_entry": 0.011116253531963664,
          "wallet_exposure_limit": 1.0,
          "we_multiplier_close": 0.7159124131172709,
          "we_multiplier_entry": 70.00750081317516},
 "short": {"backwards_tp": true,
           "delay_between_fills_minutes_close": 21.11513448664527,
           "delay_between_fills_minutes_entry": 682.0767625587077,
           "delay_weight_close": 4.605714093916404e-05,
           "delay_weight_entry": 21.962302900623214,
           "ema_dist_close": 0.02,
           "ema_dist_entry": -0.011162146135616424,
           "ema_span_0": 322.3537067093856,
           "ema_span_1": 36.977804233779395,
           "enabled": true,
           "markup_range": 0.08709762220720935,
           "min_markup": 0.05218047202996168,
           "n_close_orders": 16,
           "qty_pct_close": 0.5252674302503073,
           "qty_pct_entry": 0.01,
           "wallet_exposure_limit": 1.0,
           "we_multiplier_close": 7.5715999780884635,
           "we_multiplier_entry": 6.418647646089326}}