{"config_name": "clock_0days",
 "long": {"backwards_tp": true,
          "delay_between_fills_minutes_close": 19.67229849902633,
          "delay_between_fills_minutes_entry": 1362.7443801955606,
          "delay_weight_close": 12.074959654436919,
          "delay_weight_entry": 18.24416444735186,
          "ema_dist_close": 0.006612603109046354,
          "ema_dist_entry": 0.015383753725322274,
          "ema_span_0": 429.1117339595473,
          "ema_span_1": 879.1928140812734,
          "enabled": true,
          "markup_range": 0.020442925236364488,
          "min_markup": 0.0606394730738815,
          "n_close_orders": 16,
          "qty_pct_close": 0.30185264591467115,
          "qty_pct_entry": 0.034162902084098196,
          "wallet_exposure_limit": 1.0,
          "we_multiplier_close": 1.1899731810088223,
          "we_multiplier_entry": 13.888173081550336},
 "short": {"backwards_tp": true,
           "delay_between_fills_minutes_close": 39.063321524446216,
           "delay_between_fills_minutes_entry": 634.3988885311205,
           "delay_weight_close": 11.208390592864397,
           "delay_weight_entry": 23.55860664092596,
           "ema_dist_close": 0.01693725135483533,
           "ema_dist_entry": 0.01161829887562269,
           "ema_span_0": 510.9551560678034,
           "ema_span_1": 582.6155092539868,
           "enabled": true,
           "markup_range": 0.02979534285328105,
           "min_markup": 0.07738936820103316,
           "n_close_orders": 16,
           "qty_pct_close": 0.43653197216197287,
           "qty_pct_entry": 0.02683860342855193,
           "wallet_exposure_limit": 1.0,
           "we_multiplier_close": 9.405283170415219,
           "we_multiplier_entry": 11.581825831113063}}