{"config_name": "clock_0days",
 "long": {"backwards_tp": true,
          "delay_between_fills_minutes_close": 155.39877576310724,
          "delay_between_fills_minutes_entry": 891.182095457726,
          "delay_weight_close": 67.84283435549801,
          "delay_weight_entry": 12.016582380970908,
          "ema_dist_close": 0.00716177059317554,
          "ema_dist_entry": 0.005229107347941136,
          "ema_span_0": 1342.6413331298806,
          "ema_span_1": 10.0,
          "enabled": true,
          "markup_range": 0.07128843203012272,
          "min_markup": 0.06768929529230165,
          "n_close_orders": 15,
          "qty_pct_close": 0.7163951764495498,
          "qty_pct_entry": 0.01,
          "wallet_exposure_limit": 1.0,
          "we_multiplier_close": 2.1235203891189265,
          "we_multiplier_entry": 30.468446353322825},
 "short": {"backwards_tp": true,
           "delay_between_fills_minutes_close": 149.74201396656264,
           "delay_between_fills_minutes_entry": 533.3596315276314,
           "delay_weight_close": 26.853587907845522,
           "delay_weight_entry": 5.551295443105433,
           "ema_dist_close": 0.005507166061966657,
           "ema_dist_entry": 0.002857768490706609,
           "ema_span_0": 1241.6104407969958,
           "ema_span_1": 1196.021153367324,
           "enabled": true,
           "markup_range": 0.04165491508739108,
           "min_markup": 0.0940152142113004,
           "n_close_orders": 10,
           "qty_pct_close": 0.03548100982925462,
           "qty_pct_entry": 0.01,
           "wallet_exposure_limit": 1.0,
           "we_multiplier_close": 0.7492373113474597,
           "we_multiplier_entry": 72.51365690667546}}