{"config_name": "clock_0days",
 "long": {"backwards_tp": true,
          "delay_between_fills_minutes_close": 62.93341583577519,
          "delay_between_fills_minutes_entry": 542.3689075583776,
          "delay_weight_close": 1.2126926995862157,
          "delay_weight_entry": 17.91861550881663,
          "ema_dist_close": 0.007914006363520718,
          "ema_dist_entry": 0.013814538784858832,
          "ema_span_0": 167.53723612270264,
          "ema_span_1": 758.2252629355401,
          "enabled": true,
          "markup_range": 0.07227712802814887,
          "min_markup": 0.04934118441354892,
          "n_close_orders": 9,
          "qty_pct_close": 0.039165518992784906,
          "qty_pct_entry": 0.01,
          "wallet_exposure_limit": 1.0,
          "we_multiplier_close": 1.4146191163635324,
          "we_multiplier_entry": 32.2158481110499},
 "short": {"backwards_tp": true,
           "delay_between_fills_minutes_close": 35.27203294183225,
           "delay_between_fills_minutes_entry": 170.87973392987965,
           "delay_weight_close": 3.2580341250968097,
           "delay_weight_entry": 16.32212434803628,
           "ema_dist_close": 0.01129175239433766,
           "ema_dist_entry": 0.007798698850678894,
           "ema_span_0": 183.55595165168342,
           "ema_span_1": 49.75685208709536,
           "enabled": true,
           "markup_range": 0.03616368433015149,
           "min_markup": 0.07243063533301757,
           "n_close_orders": 7,
           "qty_pct_close": 0.630169445268493,
           "qty_pct_entry": 0.014493583866972198,
           "wallet_exposure_limit": 1.0,
           "we_multiplier_close": 7.031612236445012,
           "we_multiplier_entry": 62.179193466494404}}