{"config_name": "clock_0days",
 "long": {"backwards_tp": true,
          "delay_between_fills_minutes_close": 123.13664852476582,
          "delay_between_fills_minutes_entry": 740.6676756192435,
          "delay_weight_close": 83.82677197606473,
          "delay_weight_entry": 22.394426616602537,
          "ema_dist_close": -0.0008804933321011756,
          "ema_dist_entry": -0.001810449827165374,
          "ema_span_0": 438.3054366026035,
          "ema_span_1": 1437.6937188132383,
          "enabled": true,
          "markup_range": 0.016705262782617733,
          "min_markup": 0.024098791681618055,
          "n_close_orders": 9,
          "qty_pct_close": 0.9134679758374719,
          "qty_pct_entry": 0.01,
          "wallet_exposure_limit": 1.0,
          "we_multiplier_close": 1.2638710093128396,
          "we_multiplier_entry": 79.21095215796237},
 "short": {"backwards_tp": true,
           "delay_between_fills_minutes_close": 892.9959518562915,
           "delay_between_fills_minutes_entry": 602.708972445211,
           "delay_weight_close": 53.63303725337984,
           "delay_weight_entry": 5.726786758115505,
           "ema_dist_close": 0.003418302078769891,
           "ema_dist_entry": 0.003840693452095656,
           "ema_span_0": 1195.7775194198546,
           "ema_span_1": 485.4866824897754,
           "enabled": true,
           "markup_range": 0.05893417185231914,
           "min_markup": 0.0018301177345594467,
           "n_close_orders": 4,
           "qty_pct_close": 0.01,
           "qty_pct_entry": 0.01,
           "wallet_exposure_limit": 1.0,
           "we_multiplier_close": 0,
           "we_multiplier_entry": 52.05552976265986}}