{"config_name": "clock_0days",
 "long": {"backwards_tp": true,
          "delay_between_fills_minutes_close": 1160.4721994920487,
          "delay_between_fills_minutes_entry": 1050.667617435864,
          "delay_weight_close": 35.19399318009417,
          "delay_weight_entry": 20.908499122768205,
          "ema_dist_close": -0.002938522688594708,
          "ema_dist_entry": -0.01911803026724438,
          "ema_span_0": 1433.6182632694108,
          "ema_span_1": 1343.6125355431616,
          "enabled": true,
          "markup_range": 0.015609627739161296,
          "min_markup": 0.022101246504554032,
          "n_close_orders": 6,
          "qty_pct_close": 0.18351635774588215,
          "qty_pct_entry": 0.013804966282962811,
          "wallet_exposure_limit": 1.0,
          "we_multiplier_close": 1.337356103344886,
          "we_multiplier_entry": 83.63837454215751},
 "short": {"backwards_tp": true,
           "delay_between_fills_minutes_close": 1440,
           "delay_between_fills_minutes_entry": 388.1928260546873,
           "delay_weight_close": 99.95374082291417,
           "delay_weight_entry": 16.63371190483164,
           "ema_dist_close": 0.00012294002637949344,
           "ema_dist_entry": -0.031551654703045225,
           "ema_span_0": 1376.016627005896,
           "ema_span_1": 462.1022330494394,
           "enabled": true,
           "markup_range": 0.05365773902495501,
           "min_markup": 0.021652598535167905,
           "n_close_orders": 4,
           "qty_pct_close": 1.0,
           "qty_pct_entry": 0.01,
           "wallet_exposure_limit": 1.0,
           "we_multiplier_close": 9.462977887216526,
           "we_multiplier_entry": 24.018094407811084}}