{"config_name": "clock_0days",
 "long": {"backwards_tp": true,
          "delay_between_fills_minutes_close": 26.434414933656434,
          "delay_between_fills_minutes_entry": 1021.586609428457,
          "delay_weight_close": 9.321385505002947,
          "delay_weight_entry": 8.522334738250548,
          "ema_dist_close": 0.0055278255535591795,
          "ema_dist_entry": 0.00772424346129107,
          "ema_span_0": 691.1885164351352,
          "ema_span_1": 1007.5212331879421,
          "enabled": true,
          "markup_range": 0.0550774871446142,
          "min_markup": 0.09368448883083676,
          "n_close_orders": 4,
          "qty_pct_close": 0.010400160155857565,
          "qty_pct_entry": 0.012818976780499869,
          "wallet_exposure_limit": 1.0,
          "we_multiplier_close": 3.8636226197237074,
          "we_multiplier_entry": 70.19247263868506},
 "short": {"backwards_tp": true,
           "delay_between_fills_minutes_close": 2.3562294765112464,
           "delay_between_fills_minutes_entry": 494.00321678460955,
           "delay_weight_close": 15.811299893660491,
           "delay_weight_entry": 16.166900614619607,
           "ema_dist_close": 0.006406944764784175,
           "ema_dist_entry": 0.004434179443354999,
           "ema_span_0": 165.67227078984791,
           "ema_span_1": 1147.98000825563,
           "enabled": true,
           "markup_range": 0.09994407465967507,
           "min_markup": 0.05327021955305815,
           "n_close_orders": 13,
           "qty_pct_close": 0.09756671767278062,
           "qty_pct_entry": 0.01,
           "wallet_exposure_limit": 1.0,
           "we_multiplier_close": 3.09494326228027,
           "we_multiplier_entry": 72.75594410167622}}