{"config_name": "clock_0days",
 "long": {"backwards_tp": true,
          "delay_between_fills_minutes_close": 48.62170199748261,
          "delay_between_fills_minutes_entry": 454.61169403743855,
          "delay_weight_close": 16.169848218528145,
          "delay_weight_entry": 10.47430077620367,
          "ema_dist_close": 0.006395655893476578,
          "ema_dist_entry": 0.0091545421222621,
          "ema_span_0": 476.5423142081875,
          "ema_span_1": 1201.4110351953361,
          "enabled": true,
          "markup_range": 0.07021386145504302,
          "min_markup": 0.011992446680386536,
          "n_close_orders": 3,
          "qty_pct_close": 0.08299936631836256,
          "qty_pct_entry": 0.01,
          "wallet_exposure_limit": 1.0,
          "we_multiplier_close": 0.1076908055839163,
          "we_multiplier_entry": 35.63507804147703},
 "short": {"backwards_tp": true,
           "delay_between_fills_minutes_close": 38.00646409092912,
           "delay_between_fills_minutes_entry": 454.9756836800232,
           "delay_weight_close": 11.158696401746829,
           "delay_weight_entry": 10.132464073300904,
           "ema_dist_close": 0.01453454872060064,
           "ema_dist_entry": -0.00893113826904251,
           "ema_span_0": 601.9178535811666,
           "ema_span_1": 1181.6963329204948,
           "enabled": true,
           "markup_range": 0.08813841326717889,
           "min_markup": 0.05198635868970834,
           "n_close_orders": 10,
           "qty_pct_close": 0.23943144274076025,
           "qty_pct_entry": 0.01,
           "wallet_exposure_limit": 1.0,
           "we_multiplier_close": 0.9480885468419812,
           "we_multiplier_entry": 19.501427693000583}}