{"config_name": "clock_0days",
 "long": {"backwards_tp": true,
          "delay_between_fills_minutes_close": 1384.7919471989003,
          "delay_between_fills_minutes_entry": 305.9717965503253,
          "delay_weight_close": 19.139046140018728,
          "delay_weight_entry": 31.539102137478938,
          "ema_dist_close": -0.0004933837437760372,
          "ema_dist_entry": 0.002139122879764346,
          "ema_span_0": 1167.5777531789681,
          "ema_span_1": 443.8268783841577,
          "enabled": true,
          "markup_range": 0.015149519963061965,
          "min_markup": 0.0013718395138506562,
          "n_close_orders": 9,
          "qty_pct_close": 0.1626910305795434,
          "qty_pct_entry": 0.01,
          "wallet_exposure_limit": 1.0,
          "we_multiplier_close": 1.0655290209084713,
          "we_multiplier_entry": 83.2056750543801},
 "short": {"backwards_tp": true,
           "delay_between_fills_minutes_close": 1322.590676848066,
           "delay_between_fills_minutes_entry": 553.7829342979102,
           "delay_weight_close": 85.07010293683433,
           "delay_weight_entry": 40.68813440318264,
           "ema_dist_close": 0.004,
           "ema_dist_entry": -0.003456497516472589,
           "ema_span_0": 1374.7890311487654,
           "ema_span_1": 5.0089880005465925,
           "enabled": true,
           "markup_range": 0.058886580078943214,
           "min_markup": 0.029316536642208905,
           "n_close_orders": 10,
           "qty_pct_close": 0.3106772766066174,
           "qty_pct_entry": 0.01,
           "wallet_exposure_limit": 1.0,
           "we_multiplier_close": 1.3078141242793824,
           "we_multiplier_entry": 42.52356897336807}}