{"config_name": "clock_0days",
 "long": {"backwards_tp": true,
          "delay_between_fills_minutes_close": 55.31084429920546,
          "delay_between_fills_minutes_entry": 1216.3873503894476,
          "delay_weight_close": 4.440643950937615,
          "delay_weight_entry": 19.270926480791594,
          "ema_dist_close": 0.015221701690048835,
          "ema_dist_entry": 0.010481155667316366,
          "ema_span_0": 290.93339748698065,
          "ema_span_1": 1170.5657738343396,
          "enabled": true,
          "markup_range": 0.09474825709899222,
          "min_markup": 0.1,
          "n_close_orders": 12,
          "qty_pct_close": 0.25791734617236933,
          "qty_pct_entry": 0.01564943710638937,
          "wallet_exposure_limit": 1.0,
          "we_multiplier_close": 0.9448527422405504,
          "we_multiplier_entry": 29.66564784028093},
 "short": {"backwards_tp": true,
           "delay_between_fills_minutes_close": 33.6902863668532,
           "delay_between_fills_minutes_entry": 823.982543647184,
           "delay_weight_close": 2.4634334111109024,
           "delay_weight_entry": 16.01454022761537,
           "ema_dist_close": 0.012330153710912875,
           "ema_dist_entry": 0.0036451037195224054,
           "ema_span_0": 217.75255170508942,
           "ema_span_1": 1440.0,
           "enabled": true,
           "markup_range": 0.05291335742705262,
           "min_markup": 0.034685005147558144,
           "n_close_orders": 4,
           "qty_pct_close": 0.16325778629029475,
           "qty_pct_entry": 0.02204259682153629,
           "wallet_exposure_limit": 1.0,
           "we_multiplier_close": 2.4075697771499907,
           "we_multiplier_entry": 70.16237560314849}}