{"config_name": "clock_0days",
 "long": {"backwards_tp": true,
          "delay_between_fills_minutes_close": 45.32438151754165,
          "delay_between_fills_minutes_entry": 325.86254466628935,
          "delay_weight_close": 10.122262044140516,
          "delay_weight_entry": 8.901566880300452,
          "ema_dist_close": 0.001514480080874828,
          "ema_dist_entry": 0.00040829600188660296,
          "ema_span_0": 474.97831148883995,
          "ema_span_1": 96.50308377901379,
          "enabled": true,
          "markup_range": 0.004054496726007045,
          "min_markup": 0.09470291333724533,
          "n_close_orders": 10,
          "qty_pct_close": 0.3400968038065037,
          "qty_pct_entry": 0.013535075203733822,
          "wallet_exposure_limit": 1.0,
          "we_multiplier_close": 3.304144457976845,
          "we_multiplier_entry": 65.4884324918858},
 "short": {"backwards_tp": true,
           "delay_between_fills_minutes_close": 5.870554699046218,
           "delay_between_fills_minutes_entry": 1386.0709102159315,
           "delay_weight_close": 5.005456664421126,
           "delay_weight_entry": 18.673935812086675,
           "ema_dist_close": 0.012899664927859156,
           "ema_dist_entry": 0.0042646333090374956,
           "ema_span_0": 34.68544595992003,
           "ema_span_1": 1412.0315896890454,
           "enabled": true,
           "markup_range": 0.09750057208217,
           "min_markup": 0.0357512233977425,
           "n_close_orders": 11,
           "qty_pct_close": 0.22317019719399667,
           "qty_pct_entry": 0.03295349407765878,
           "wallet_exposure_limit": 1.0,
           "we_multiplier_close": 0.6653249977496615,
           "we_multiplier_entry": 3.2204297776100543}}