{"config_name": "clock_0days",
 "long": {"backwards_tp": true,
          "delay_between_fills_minutes_close": 38.50079364691922,
          "delay_between_fills_minutes_entry": 1069.4941335316003,
          "delay_weight_close": 1.8747208676692504,
          "delay_weight_entry": 9.887727728458902,
          "ema_dist_close": 0.011014707491070693,
          "ema_dist_entry": 0.0050242547271859474,
          "ema_span_0": 690.6539363597896,
          "ema_span_1": 1079.990287723693,
          "enabled": true,
          "markup_range": 0.09101196734134295,
          "min_markup": 0.08322832364876966,
          "n_close_orders": 15,
          "qty_pct_close": 0.039001302488720364,
          "qty_pct_entry": 0.01,
          "wallet_exposure_limit": 1.0,
          "we_multiplier_close": 0.9034650086987661,
          "we_multiplier_entry": 68.46044468127361},
 "short": {"backwards_tp": true,
           "delay_between_fills_minutes_close": 51.972993607027014,
           "delay_between_fills_minutes_entry": 519.7966533412381,
           "delay_weight_close": 10.353427884860794,
           "delay_weight_entry": 4.651902493989504,
           "ema_dist_close": 0.018791321818814016,
           "ema_dist_entry": 0.006082636295412649,
           "ema_span_0": 627.5970486531006,
           "ema_span_1": 1188.3938431338343,
           "enabled": true,
           "markup_range": 0.055262363909688646,
           "min_markup": 0.06460559704112626,
           "n_close_orders": 4,
           "qty_pct_close": 0.14729053384673627,
           "qty_pct_entry": 0.010057247826546578,
           "wallet_exposure_limit": 1.0,
           "we_multiplier_close": 0,
           "we_multiplier_entry": 55.11681820851396}}