{"config_name": "clock_0days",
 "long": {"backwards_tp": true,
          "delay_between_fills_minutes_close": 38.54573541333063,
          "delay_between_fills_minutes_entry": 1069.121702616008,
          "delay_weight_close": 1.8911372623624745,
          "delay_weight_entry": 9.888914943584549,
          "ema_dist_close": 0.011010463161763519,
          "ema_dist_entry": 0.005037433513365499,
          "ema_span_0": 690.8144071147432,
          "ema_span_1": 1080.5787316451115,
          "enabled": true,
          "markup_range": 0.09092691442439342,
          "min_markup": 0.08325453713394243,
          "n_close_orders": 15,
          "qty_pct_close": 0.03937688246684806,
          "qty_pct_entry": 0.01,
          "wallet_exposure_limit": 1.0,
          "we_multiplier_close": 0.9053215790069793,
          "we_multiplier_entry": 68.45359563156381},
 "short": {"backwards_tp": true,
           "delay_between_fills_minutes_close": 52.46773438869281,
           "delay_between_fills_minutes_entry": 520.7054349295087,
           "delay_weight_close": 10.359403658944734,
           "delay_weight_entry": 4.660200979163774,
           "ema_dist_close": 0.018789369095856226,
           "ema_dist_entry": 0.006122351923526898,
           "ema_span_0": 627.6793707843593,
           "ema_span_1": 1181.9465005482225,
           "enabled": true,
           "markup_range": 0.05530681763324688,
           "min_markup": 0.06454964729102725,
           "n_close_orders": 4,
           "qty_pct_close": 0.14764981007537908,
           "qty_pct_entry": 0.010057006817184905,
           "wallet_exposure_limit": 1.0,
           "we_multiplier_close": 0,
           "we_multiplier_entry": 55.34289479714814}}