{"config_name": "clock_0days",
 "long": {"backwards_tp": true,
          "delay_between_fills_minutes_close": 17.0559243945608,
          "delay_between_fills_minutes_entry": 1024.503149550114,
          "delay_weight_close": 13.4208802196072,
          "delay_weight_entry": 13.386687769548894,
          "ema_dist_close": 0.014946445325132353,
          "ema_dist_entry": 0.01059115325312349,
          "ema_span_0": 606.8899257358214,
          "ema_span_1": 568.5445993974425,
          "enabled": true,
          "markup_range": 0.08979649534490812,
          "min_markup": 0.1,
          "n_close_orders": 16,
          "qty_pct_close": 0.6693088800013087,
          "qty_pct_entry": 0.011354244365055307,
          "wallet_exposure_limit": 1.0,
          "we_multiplier_close": 8.338702535540786,
          "we_multiplier_entry": 58.950373600656356},
 "short": {"backwards_tp": true,
           "delay_between_fills_minutes_close": 32.59686204959855,
           "delay_between_fills_minutes_entry": 664.2008137973193,
           "delay_weight_close": 6.690410905054015,
           "delay_weight_entry": 13.30209488537249,
           "ema_dist_close": 0.014707728232555204,
           "ema_dist_entry": 0.00538047946105174,
           "ema_span_0": 719.6479186946542,
           "ema_span_1": 1440.0,
           "enabled": true,
           "markup_range": 0.0995325356290172,
           "min_markup": 0.08000531829424382,
           "n_close_orders": 13,
           "qty_pct_close": 0.3614062315663614,
           "qty_pct_entry": 0.01,
           "wallet_exposure_limit": 1.0,
           "we_multiplier_close": 0.5575177400872537,
           "we_multiplier_entry": 70.72128141077353}}