{"config_name": "clock_0days",
 "long": {"backwards_tp": true,
          "delay_between_fills_minutes_close": 147.55099251066838,
          "delay_between_fills_minutes_entry": 489.81872729114855,
          "delay_weight_close": 3.8510388837075964,
          "delay_weight_entry": 17.67166016127243,
          "ema_dist_close": -0.03421135132254122,
          "ema_dist_entry": 0.007281606397872813,
          "ema_span_0": 384.68683973212933,
          "ema_span_1": 1002.2995638867698,
          "enabled": true,
          "markup_range": 0.01092727627298686,
          "min_markup": 0.07212322041213788,
          "n_close_orders": 5,
          "qty_pct_close": 0.3343920848627078,
          "qty_pct_entry": 0.012628624065974238,
          "wallet_exposure_limit": 1.0,
          "we_multiplier_close": 3.6531512399522437,
          "we_multiplier_entry": 88.50139756968746},
 "short": {"backwards_tp": true,
           "delay_between_fills_minutes_close": 166.081911205966,
           "delay_between_fills_minutes_entry": 393.0213808412072,
           "delay_weight_close": 79.44867944758954,
           "delay_weight_entry": 7.958368972779483,
           "ema_dist_close": 0.01,
           "ema_dist_entry": -0.003383365102385647,
           "ema_span_0": 1419.4187643454122,
           "ema_span_1": 1438.894152758671,
           "enabled": true,
           "markup_range": 0.009807836277374934,
           "min_markup": 0.03159098048043076,
           "n_close_orders": 3,
           "qty_pct_close": 0.6330764013597403,
           "qty_pct_entry": 0.01,
           "wallet_exposure_limit": 1.0,
           "we_multiplier_close": 0.10117948598722407,
           "we_multiplier_entry": 47.80338479341271}}