{"config_name": "clock_0days",
 "long": {"backwards_tp": true,
          "delay_between_fills_minutes_close": 47.87935724679323,
          "delay_between_fills_minutes_entry": 875.6560798655074,
          "delay_weight_close": 1.1209064494758136,
          "delay_weight_entry": 12.410400119145367,
          "ema_dist_close": -0.0002099108601156854,
          "ema_dist_entry": -0.0073616509193695605,
          "ema_span_0": 176.23271627124066,
          "ema_span_1": 1345.0352448932513,
          "enabled": true,
          "markup_range": 0.06514499173278557,
          "min_markup": 0.08353693755270698,
          "n_close_orders": 6,
          "qty_pct_close": 0.01,
          "qty_pct_entry": 0.01,
          "wallet_exposure_limit": 1.0,
          "we_multiplier_close": 0.012621714629866087,
          "we_multiplier_entry": 20.25167655709588},
 "short": {"backwards_tp": true,
           "delay_between_fills_minutes_close": 29.281175432031052,
           "delay_between_fills_minutes_entry": 798.7047237718726,
           "delay_weight_close": 15.668355202272044,
           "delay_weight_entry": 14.107179088612686,
           "ema_dist_close": 0.010743618539159951,
           "ema_dist_entry": -0.007798212358973245,
           "ema_span_0": 626.7993516555664,
           "ema_span_1": 425.5624096435031,
           "enabled": true,
           "markup_range": 0.006526840659344248,
           "min_markup": 0.015743847386132402,
           "n_close_orders": 10,
           "qty_pct_close": 0.010286044236435699,
           "qty_pct_entry": 0.01,
           "wallet_exposure_limit": 1.0,
           "we_multiplier_close": 0.004186281565056097,
           "we_multiplier_entry": 41.80737210332364}}