{"config_name": "clock_0days",
 "long": {"backwards_tp": true,
          "delay_between_fills_minutes_close": 1286.3044415855322,
          "delay_between_fills_minutes_entry": 1060.1323753542654,
          "delay_weight_close": 60.07970759976815,
          "delay_weight_entry": 14.799562332574055,
          "ema_dist_close": 0.00269003574610265,
          "ema_dist_entry": -0.003675675033847301,
          "ema_span_0": 1062.6274458857981,
          "ema_span_1": 5,
          "enabled": true,
          "markup_range": 0.02510825423431091,
          "min_markup": 0.014767118653474699,
          "n_close_orders": 8,
          "qty_pct_close": 0.047112037706796395,
          "qty_pct_entry": 0.01,
          "wallet_exposure_limit": 1.0,
          "we_multiplier_close": 0.7370910133613802,
          "we_multiplier_entry": 73.22593106276754},
 "short": {"backwards_tp": true,
           "delay_between_fills_minutes_close": 1430.1150342460805,
           "delay_between_fills_minutes_entry": 699.8405688966287,
           "delay_weight_close": 15.17800775908749,
           "delay_weight_entry": 10.838436971817247,
           "ema_dist_close": 0.0035179314907300137,
           "ema_dist_entry": -0.0005842804918901214,
           "ema_span_0": 76.02922370484794,
           "ema_span_1": 591.9637317021543,
           "enabled": true,
           "markup_range": 0.0009860764441221323,
           "min_markup": 0.015416522443594165,
           "n_close_orders": 15,
           "qty_pct_close": 0.014671365614089793,
           "qty_pct_entry": 0.010353659992584065,
           "wallet_exposure_limit": 1.0,
           "we_multiplier_close": 0.3109842138379489,
           "we_multiplier_entry": 28.68006484220948}}