{"config_name": "clock_0days",
 "long": {"backwards_tp": true,
          "delay_between_fills_minutes_close": 167.66478107653404,
          "delay_between_fills_minutes_entry": 1432.7185002120882,
          "delay_weight_close": 44.64861285133424,
          "delay_weight_entry": 25.258149057132062,
          "ema_dist_close": 0.00995368361526293,
          "ema_dist_entry": 0.006206594527640566,
          "ema_span_0": 801.3363244541524,
          "ema_span_1": 54.59835404070072,
          "enabled": true,
          "markup_range": 0.00431360071438032,
          "min_markup": 0.014551888930996876,
          "n_close_orders": 7,
          "qty_pct_close": 0.38259605845641015,
          "qty_pct_entry": 0.01216776828087952,
          "wallet_exposure_limit": 1.0,
          "we_multiplier_close": 7.97164603673857,
          "we_multiplier_entry": 95.36205141844033},
 "short": {"backwards_tp": true,
           "delay_between_fills_minutes_close": 88.91559873590786,
           "delay_between_fills_minutes_entry": 776.4624173837362,
           "delay_weight_close": 91.73275016784235,
           "delay_weight_entry": 13.210056470841158,
           "ema_dist_close": 0.0053032422950470256,
           "ema_dist_entry": 0.008339090734349913,
           "ema_span_0": 510.7799944259551,
           "ema_span_1": 631.0752734456825,
           "enabled": true,
           "markup_range": 0.07026832355142007,
           "min_markup": 0.08676293183120702,
           "n_close_orders": 7,
           "qty_pct_close": 0.6135577961138919,
           "qty_pct_entry": 0.01,
           "wallet_exposure_limit": 1.0,
           "we_multiplier_close": 5.641248810039454,
           "we_multiplier_entry": 57.25970744064558}}