{"config_name": "clock_0days",
 "long": {"backwards_tp": true,
          "delay_between_fills_minutes_close": 42.99944668460485,
          "delay_between_fills_minutes_entry": 1087.8041599423439,
          "delay_weight_close": 18.521270822673696,
          "delay_weight_entry": 13.944363484219364,
          "ema_dist_close": 0.017271661370166627,
          "ema_dist_entry": 0.008659321872031795,
          "ema_span_0": 389.37427981176694,
          "ema_span_1": 1347.8199379477924,
          "enabled": true,
          "markup_range": 0.06327459798993011,
          "min_markup": 0.09860809933424214,
          "n_close_orders": 2,
          "qty_pct_close": 0.09436640703799931,
          "qty_pct_entry": 0.01,
          "wallet_exposure_limit": 1.0,
          "we_multiplier_close": 0,
          "we_multiplier_entry": 40.578955108925726},
 "short": {"backwards_tp": true,
           "delay_between_fills_minutes_close": 56.31439632359603,
           "delay_between_fills_minutes_entry": 332.4966994002508,
           "delay_weight_close": 9.75109844266949,
           "delay_weight_entry": 15.422485619765963,
           "ema_dist_close": -0.002852204692834524,
           "ema_dist_entry": 0.008502453596816178,
           "ema_span_0": 668.0368057714559,
           "ema_span_1": 829.5729661083462,
           "enabled": true,
           "markup_range": 0.09427103576886964,
           "min_markup": 0.09970514425092543,
           "n_close_orders": 2,
           "qty_pct_close": 0.07364008981563666,
           "qty_pct_entry": 0.01,
           "wallet_exposure_limit": 1.0,
           "we_multiplier_close": 0,
           "we_multiplier_entry": 63.09520731592459}}