{"config_name": "clock_0days",
 "long": {"backwards_tp": true,
          "delay_between_fills_minutes_close": 1282.0690753582926,
          "delay_between_fills_minutes_entry": 692.5066879401551,
          "delay_weight_close": 40.82046978281886,
          "delay_weight_entry": 15.41944738538359,
          "ema_dist_close": 0.004,
          "ema_dist_entry": -0.021079561402955697,
          "ema_span_0": 1184.3618823560341,
          "ema_span_1": 1440,
          "enabled": true,
          "markup_range": 0.040662331891452755,
          "min_markup": 0.027719940922069447,
          "n_close_orders": 9,
          "qty_pct_close": 0.9711296577328498,
          "qty_pct_entry": 0.01,
          "wallet_exposure_limit": 1.0,
          "we_multiplier_close": 10,
          "we_multiplier_entry": 93.2759621973093},
 "short": {"backwards_tp": true,
           "delay_between_fills_minutes_close": 1112.9970863463043,
           "delay_between_fills_minutes_entry": 1142.9260872079892,
           "delay_weight_close": 8.12109043899852,
           "delay_weight_entry": 23.228506018125998,
           "ema_dist_close": -0.005279929432260063,
           "ema_dist_entry": 0.0024953715547336927,
           "ema_span_0": 1437.356040061226,
           "ema_span_1": 59.88699722254797,
           "enabled": true,
           "markup_range": 0.05375859004800463,
           "min_markup": 0.02823277438993034,
           "n_close_orders": 13,
           "qty_pct_close": 0.06649680967440877,
           "qty_pct_entry": 0.01,
           "wallet_exposure_limit": 1.0,
           "we_multiplier_close": 0.34761822943395726,
           "we_multiplier_entry": 19.403337243003932}}