{"config_name": "clock_0days",
 "long": {"backwards_tp": true,
          "delay_between_fills_minutes_close": 128.4432620786628,
          "delay_between_fills_minutes_entry": 1196.7259509918422,
          "delay_weight_close": 67.42428301246585,
          "delay_weight_entry": 15.735290420596524,
          "ema_dist_close": 0.007653066983356919,
          "ema_dist_entry": 0.004904882750219904,
          "ema_span_0": 26.95980943110109,
          "ema_span_1": 1348.9482871108364,
          "enabled": true,
          "markup_range": 0.0031779176377162263,
          "min_markup": 0.05373115911466199,
          "n_close_orders": 6,
          "qty_pct_close": 0.9435243951679536,
          "qty_pct_entry": 0.01,
          "wallet_exposure_limit": 1.0,
          "we_multiplier_close": 5.448181161496839,
          "we_multiplier_entry": 98.75640904606942},
 "short": {"backwards_tp": true,
           "delay_between_fills_minutes_close": 56.6093971182969,
           "delay_between_fills_minutes_entry": 279.796772447487,
           "delay_weight_close": 7.076799310574087,
           "delay_weight_entry": 13.791653068059615,
           "ema_dist_close": -0.0022035049304885545,
           "ema_dist_entry": 0.008579923639139831,
           "ema_span_0": 669.7165963024821,
           "ema_span_1": 829.879439093645,
           "enabled": true,
           "markup_range": 0.09430328449363153,
           "min_markup": 0.09977964755968062,
           "n_close_orders": 2,
           "qty_pct_close": 0.07824951713707676,
           "qty_pct_entry": 0.01,
           "wallet_exposure_limit": 1.0,
           "we_multiplier_close": 0.15948807641734347,
           "we_multiplier_entry": 69.0846003079397}}