{"config_name": "clock_0days",
 "long": {"backwards_tp": true,
          "delay_between_fills_minutes_close": 46.632178143696365,
          "delay_between_fills_minutes_entry": 744.8664048277911,
          "delay_weight_close": 13.266124590659496,
          "delay_weight_entry": 13.712721823027573,
          "ema_dist_close": 0.005592276163709452,
          "ema_dist_entry": 0.008140499903977073,
          "ema_span_0": 213.78647455073101,
          "ema_span_1": 771.4988956164922,
          "enabled": true,
          "markup_range": 0.09483759674401776,
          "min_markup": 0.1,
          "n_close_orders": 11,
          "qty_pct_close": 0.19049598442181767,
          "qty_pct_entry": 0.02212670929061452,
          "wallet_exposure_limit": 1.0,
          "we_multiplier_close": 0.4637212245826065,
          "we_multiplier_entry": 58.67858200847815},
 "short": {"backwards_tp": true,
           "delay_between_fills_minutes_close": 13.968375475174657,
           "delay_between_fills_minutes_entry": 479.9575061717227,
           "delay_weight_close": 19.9610556077085,
           "delay_weight_entry": 9.321835911851652,
           "ema_dist_close": 0.010988602174467023,
           "ema_dist_entry": 0.005438799492380115,
           "ema_span_0": 656.6996529477924,
           "ema_span_1": 359.7122965610348,
           "enabled": true,
           "markup_range": 0.07343975041111374,
           "min_markup": 0.011567158208406252,
           "n_close_orders": 3,
           "qty_pct_close": 0.3770292178925097,
           "qty_pct_entry": 0.01,
           "wallet_exposure_limit": 1.0,
           "we_multiplier_close": 1.9481005665147169,
           "we_multiplier_entry": 70.3539202565513}}