{"config_name": "clock_0days",
 "long": {"backwards_tp": true,
          "delay_between_fills_minutes_close": 1439.8956527551998,
          "delay_between_fills_minutes_entry": 1244.9729146323657,
          "delay_weight_close": 85.53496970221322,
          "delay_weight_entry": 18.866983636134037,
          "ema_dist_close": -0.0016200648189120858,
          "ema_dist_entry": -0.00471683842127263,
          "ema_span_0": 696.9556935177771,
          "ema_span_1": 1389.0389090673632,
          "enabled": true,
          "markup_range": 0.04203127079939753,
          "min_markup": 0.027823792934958638,
          "n_close_orders": 7,
          "qty_pct_close": 0.07993268319885369,
          "qty_pct_entry": 0.014455577293863379,
          "wallet_exposure_limit": 1.0,
          "we_multiplier_close": 4.973447883677407,
          "we_multiplier_entry": 95.85532839018659},
 "short": {"backwards_tp": true,
           "delay_between_fills_minutes_close": 677.8803342319085,
           "delay_between_fills_minutes_entry": 1166.5631017205371,
           "delay_weight_close": 91.2777293202751,
           "delay_weight_entry": 26.13048699552195,
           "ema_dist_close": -0.03831085430147968,
           "ema_dist_entry": 0.003399656579986642,
           "ema_span_0": 477.605268343933,
           "ema_span_1": 445.6242153976325,
           "enabled": true,
           "markup_range": 0.04989465644899167,
           "min_markup": 0.01937177238056892,
           "n_close_orders": 10,
           "qty_pct_close": 0.2057261865794793,
           "qty_pct_entry": 0.01,
           "wallet_exposure_limit": 1.0,
           "we_multiplier_close": 0.20169110068669324,
           "we_multiplier_entry": 70.73293712159624}}