{"config_name": "clock_0days",
 "long": {"backwards_tp": true,
          "delay_between_fills_minutes_close": 25.422465052688867,
          "delay_between_fills_minutes_entry": 1109.7090359058966,
          "delay_weight_close": 4.187083174306151,
          "delay_weight_entry": 19.08127307382488,
          "ema_dist_close": 0.015569054506070209,
          "ema_dist_entry": 0.009152630114064005,
          "ema_span_0": 362.58634270037135,
          "ema_span_1": 1139.190556183367,
          "enabled": true,
          "markup_range": 0.017510874774820228,
          "min_markup": 0.04388791620455227,
          "n_close_orders": 14,
          "qty_pct_close": 0.7965735720643417,
          "qty_pct_entry": 0.01,
          "wallet_exposure_limit": 1.0,
          "we_multiplier_close": 6.76287304841295,
          "we_multiplier_entry": 55.9709341043824},
 "short": {"backwards_tp": true,
           "delay_between_fills_minutes_close": 47.34051209975485,
           "delay_between_fills_minutes_entry": 342.9849860484328,
           "delay_weight_close": 0.6283032863086512,
           "delay_weight_entry": 6.712267417862791,
           "ema_dist_close": 0.011978728767285224,
           "ema_dist_entry": 0.012998954311755628,
           "ema_span_0": 361.65206469685637,
           "ema_span_1": 309.64443873107984,
           "enabled": true,
           "markup_range": 0.013413935805567887,
           "min_markup": 0.041000770915539934,
           "n_close_orders": 9,
           "qty_pct_close": 0.359939829564912,
           "qty_pct_entry": 0.029691002362288468,
           "wallet_exposure_limit": 1.0,
           "we_multiplier_close": 1.7974002728982765,
           "we_multiplier_entry": 49.595291916104706}}