{"config_name": "clock_0days",
 "long": {"backwards_tp": true,
          "delay_between_fills_minutes_close": 30.163468364586958,
          "delay_between_fills_minutes_entry": 1092.9939801550463,
          "delay_weight_close": 11.89622369084953,
          "delay_weight_entry": 19.80055845730644,
          "ema_dist_close": -0.006194343121390844,
          "ema_dist_entry": 0.012095968865422775,
          "ema_span_0": 611.9843611667246,
          "ema_span_1": 845.5917482107234,
          "enabled": true,
          "markup_range": 0.08816993001672155,
          "min_markup": 0.09546451840429943,
          "n_close_orders": 11,
          "qty_pct_close": 0.24677407669728355,
          "qty_pct_entry": 0.014542777626026166,
          "wallet_exposure_limit": 1.0,
          "we_multiplier_close": 1.328418394727719,
          "we_multiplier_entry": 50.584937275044},
 "short": {"backwards_tp": true,
           "delay_between_fills_minutes_close": 59.30595459366642,
           "delay_between_fills_minutes_entry": 657.5328468147236,
           "delay_weight_close": 11.197537243483252,
           "delay_weight_entry": 13.563898585795595,
           "ema_dist_close": -0.0024788208451416802,
           "ema_dist_entry": 0.009083414300063241,
           "ema_span_0": 447.7780294435258,
           "ema_span_1": 436.5726499451768,
           "enabled": true,
           "markup_range": 0.041872681145701855,
           "min_markup": 0.022544339353476998,
           "n_close_orders": 10,
           "qty_pct_close": 0.04257101568234831,
           "qty_pct_entry": 0.01,
           "wallet_exposure_limit": 1.0,
           "we_multiplier_close": 0.14834424129982465,
           "we_multiplier_entry": 66.78922500998287}}