{"config_name": "clock_0days",
 "long": {"backwards_tp": true,
          "delay_between_fills_minutes_close": 38.572320394600936,
          "delay_between_fills_minutes_entry": 1297.9992532985661,
          "delay_weight_close": 6.803922931067789,
          "delay_weight_entry": 8.298277129993574,
          "ema_dist_close": 0.003721017795547202,
          "ema_dist_entry": 0.007081865104435558,
          "ema_span_0": 460.88854574578266,
          "ema_span_1": 1191.844892472191,
          "enabled": true,
          "markup_range": 0.053994962958966344,
          "min_markup": 0.04886725997161509,
          "n_close_orders": 15,
          "qty_pct_close": 0.01380929872938834,
          "qty_pct_entry": 0.023936430147154214,
          "wallet_exposure_limit": 1.0,
          "we_multiplier_close": 9.087169850753869,
          "we_multiplier_entry": 51.36283576279658},
 "short": {"backwards_tp": true,
           "delay_between_fills_minutes_close": 35.50966188252353,
           "delay_between_fills_minutes_entry": 527.360034056472,
           "delay_weight_close": 9.887025143169147,
           "delay_weight_entry": 11.157287452360665,
           "ema_dist_close": 0.012158347255243736,
           "ema_dist_entry": 0.006237364913359618,
           "ema_span_0": 310.821531751419,
           "ema_span_1": 1106.6085226361563,
           "enabled": true,
           "markup_range": 0.03627621161126694,
           "min_markup": 0.03865705416230448,
           "n_close_orders": 2,
           "qty_pct_close": 0.5345815304520994,
           "qty_pct_entry": 0.01,
           "wallet_exposure_limit": 1.0,
           "we_multiplier_close": 4.754830459091894,
           "we_multiplier_entry": 70}}