{"config_name": "clock_0days",
 "long": {"backwards_tp": true,
          "delay_between_fills_minutes_close": 38.83951260234097,
          "delay_between_fills_minutes_entry": 1295.2245410764895,
          "delay_weight_close": 4.49466210745887,
          "delay_weight_entry": 8.307672728698615,
          "ema_dist_close": 0.003713130804033605,
          "ema_dist_entry": 0.007442110280195333,
          "ema_span_0": 463.0882988373487,
          "ema_span_1": 1195.0967529550558,
          "enabled": true,
          "markup_range": 0.05405003934326101,
          "min_markup": 0.049976159559641596,
          "n_close_orders": 15,
          "qty_pct_close": 0.013683534611675886,
          "qty_pct_entry": 0.023782578100483506,
          "wallet_exposure_limit": 1.0,
          "we_multiplier_close": 9.100644086201784,
          "we_multiplier_entry": 51.538987232258435},
 "short": {"backwards_tp": true,
           "delay_between_fills_minutes_close": 35.5435660121968,
           "delay_between_fills_minutes_entry": 527.4839664815602,
           "delay_weight_close": 9.886209486531365,
           "delay_weight_entry": 11.157297222291668,
           "ema_dist_close": 0.012158794231760979,
           "ema_dist_entry": 0.006237772705097804,
           "ema_span_0": 310.63486077623213,
           "ema_span_1": 1106.572028243842,
           "enabled": true,
           "markup_range": 0.03627740235848285,
           "min_markup": 0.03868188633819164,
           "n_close_orders": 2,
           "qty_pct_close": 0.5343016862875479,
           "qty_pct_entry": 0.01,
           "wallet_exposure_limit": 1.0,
           "we_multiplier_close": 4.756423736723743,
           "we_multiplier_entry": 70.00803580715977}}