{"config_name": "clock_0days",
 "long": {"backwards_tp": true,
          "delay_between_fills_minutes_close": 52.818396532834676,
          "delay_between_fills_minutes_entry": 1222.9035280663327,
          "delay_weight_close": 18.52733055037372,
          "delay_weight_entry": 14.647970097124194,
          "ema_dist_close": -0.0012478520467320386,
          "ema_dist_entry": 0.005246193097901156,
          "ema_span_0": 434.04843603148396,
          "ema_span_1": 938.765424665326,
          "enabled": true,
          "markup_range": 0.07085950726287256,
          "min_markup": 0.07859773689350012,
          "n_close_orders": 13,
          "qty_pct_close": 0.1257887657073726,
          "qty_pct_entry": 0.026257437981532773,
          "wallet_exposure_limit": 1.0,
          "we_multiplier_close": 5.3170318448123455,
          "we_multiplier_entry": 43.37877598841685},
 "short": {"backwards_tp": true,
           "delay_between_fills_minutes_close": 51.222842151170084,
           "delay_between_fills_minutes_entry": 1263.6859219110142,
           "delay_weight_close": 6.829382829102128,
           "delay_weight_entry": 7.636427547784531,
           "ema_dist_close": 0.010368501877963973,
           "ema_dist_entry": 0.004329098390839389,
           "ema_span_0": 211.99982663349627,
           "ema_span_1": 929.7281804865213,
           "enabled": true,
           "markup_range": 0.03349653723057134,
           "min_markup": 0.06357047056155074,
           "n_close_orders": 5,
           "qty_pct_close": 0.4690438834416798,
           "qty_pct_entry": 0.01,
           "wallet_exposure_limit": 1.0,
           "we_multiplier_close": 6.189483024637544,
           "we_multiplier_entry": 47.61435195595374}}