{"config_name": "clock_0days",
 "long": {"backwards_tp": true,
          "delay_between_fills_minutes_close": 173.67367934465975,
          "delay_between_fills_minutes_entry": 1055.1841237367587,
          "delay_weight_close": 73.31924287817604,
          "delay_weight_entry": 30.624020623747974,
          "ema_dist_close": -0.018216798370505608,
          "ema_dist_entry": 0.005760994013370052,
          "ema_span_0": 1364.700679506022,
          "ema_span_1": 136.0134989547639,
          "enabled": true,
          "markup_range": 0.02313696603248304,
          "min_markup": 0.0893649080818551,
          "n_close_orders": 3,
          "qty_pct_close": 0.48155116357610644,
          "qty_pct_entry": 0.01,
          "wallet_exposure_limit": 1.0,
          "we_multiplier_close": 0.0446322023332162,
          "we_multiplier_entry": 51.02515269579431},
 "short": {"backwards_tp": true,
           "delay_between_fills_minutes_close": 55.28006757372189,
           "delay_between_fills_minutes_entry": 1242.73982090283,
           "delay_weight_close": 5.815876326231722,
           "delay_weight_entry": 7.1435480260352815,
           "ema_dist_close": 0.009922649873957383,
           "ema_dist_entry": 0.0035510631481698697,
           "ema_span_0": 251.6142833925516,
           "ema_span_1": 928.601737973077,
           "enabled": true,
           "markup_range": 0.026284049847118626,
           "min_markup": 0.06377742261393637,
           "n_close_orders": 5,
           "qty_pct_close": 0.47386537194675776,
           "qty_pct_entry": 0.011619303274612977,
           "wallet_exposure_limit": 1.0,
           "we_multiplier_close": 6.624361993327038,
           "we_multiplier_entry": 57.07238806893758}}