{"config_name": "clock_0days",
 "long": {"backwards_tp": true,
          "delay_between_fills_minutes_close": 1.0,
          "delay_between_fills_minutes_entry": 795.5775457042107,
          "delay_weight_close": 11.120114179833047,
          "delay_weight_entry": 13.09140381292968,
          "ema_dist_close": 0.019688553061406985,
          "ema_dist_entry": -0.008512602934618986,
          "ema_span_0": 411.01820597701965,
          "ema_span_1": 1440.0,
          "enabled": true,
          "markup_range": 0.03714776272623599,
          "min_markup": 0.09200296132683118,
          "n_close_orders": 14,
          "qty_pct_close": 0.07069844354162802,
          "qty_pct_entry": 0.01,
          "wallet_exposure_limit": 1.0,
          "we_multiplier_close": 3.00033831127576,
          "we_multiplier_entry": 14.95195702933127},
 "short": {"backwards_tp": true,
           "delay_between_fills_minutes_close": 28.956804617428002,
           "delay_between_fills_minutes_entry": 59.658641776793665,
           "delay_weight_close": 13.583465035479353,
           "delay_weight_entry": 19.816779373674713,
           "ema_dist_close": -0.004129808003962224,
           "ema_dist_entry": 0.007667480275499778,
           "ema_span_0": 83.63647112478546,
           "ema_span_1": 313.1107748096947,
           "enabled": true,
           "markup_range": 0.04610810147799472,
           "min_markup": 0.08190490488172908,
           "n_close_orders": 11,
           "qty_pct_close": 0.9790153179122781,
           "qty_pct_entry": 0.0106228095427345,
           "wallet_exposure_limit": 1.0,
           "we_multiplier_close": 7.708524709950505,
           "we_multiplier_entry": 69.99650259381067}}