{"config_name": "clock_0days",
 "long": {"backwards_tp": true,
          "delay_between_fills_minutes_close": 1336.8232182163308,
          "delay_between_fills_minutes_entry": 1393.7629766769587,
          "delay_weight_close": 25.442601793666036,
          "delay_weight_entry": 13.3334651055467,
          "ema_dist_close": 0.004,
          "ema_dist_entry": -0.04351841201613913,
          "ema_span_0": 1156.3826540475861,
          "ema_span_1": 1440,
          "enabled": true,
          "markup_range": 0.04540914534204503,
          "min_markup": 0.027863407734076143,
          "n_close_orders": 16,
          "qty_pct_close": 0.766329095776113,
          "qty_pct_entry": 0.010640574739816416,
          "wallet_exposure_limit": 1.0,
          "we_multiplier_close": 2.9291577579268164,
          "we_multiplier_entry": 98.44005375611239},
 "short": {"backwards_tp": true,
           "delay_between_fills_minutes_close": 559.5201072236752,
           "delay_between_fills_minutes_entry": 1284.5789803424611,
           "delay_weight_close": 23.53074262824517,
           "delay_weight_entry": 40.7380224043621,
           "ema_dist_close": -0.010923740325317682,
           "ema_dist_entry": 0.003969269103527926,
           "ema_span_0": 375.8610426804481,
           "ema_span_1": 476.3770444076125,
           "enabled": true,
           "markup_range": 0.020849717148578514,
           "min_markup": 0.017121778375252823,
           "n_close_orders": 10,
           "qty_pct_close": 0.42073153723805923,
           "qty_pct_entry": 0.01,
           "wallet_exposure_limit": 1.0,
           "we_multiplier_close": 5.291176043629225,
           "we_multiplier_entry": 98.61867378192585}}