{"config_name": "clock_0days",
 "long": {"backwards_tp": true,
          "delay_between_fills_minutes_close": 33.1678269944466,
          "delay_between_fills_minutes_entry": 1300.0790274353988,
          "delay_weight_close": 10.063195231294532,
          "delay_weight_entry": 17.68668160354445,
          "ema_dist_close": 0.00619970496201816,
          "ema_dist_entry": 0.009512023425039014,
          "ema_span_0": 187.4748647743065,
          "ema_span_1": 308.535900843717,
          "enabled": true,
          "markup_range": 0.08016363881874151,
          "min_markup": 0.1,
          "n_close_orders": 6,
          "qty_pct_close": 0.8100850146969906,
          "qty_pct_entry": 0.018936587141044642,
          "wallet_exposure_limit": 1.0,
          "we_multiplier_close": 4.826393728459529,
          "we_multiplier_entry": 70.0},
 "short": {"backwards_tp": true,
           "delay_between_fills_minutes_close": 59.39374866767586,
           "delay_between_fills_minutes_entry": 1116.7301034149937,
           "delay_weight_close": 13.950771796003348,
           "delay_weight_entry": 9.385805068613976,
           "ema_dist_close": 0.00738858140199918,
           "ema_dist_entry": 0.005680831929698405,
           "ema_span_0": 260.29187822236594,
           "ema_span_1": 608.8684235494877,
           "enabled": true,
           "markup_range": 0.08108003738580458,
           "min_markup": 0.08136060846478449,
           "n_close_orders": 16,
           "qty_pct_close": 0.22940952476742707,
           "qty_pct_entry": 0.01,
           "wallet_exposure_limit": 1.0,
           "we_multiplier_close": 0.6407662311133796,
           "we_multiplier_entry": 28.266323334678933}}