{"config_name": "clock_0days",
 "long": {"backwards_tp": true,
          "delay_between_fills_minutes_close": 33.59847777423708,
          "delay_between_fills_minutes_entry": 843.4707315390856,
          "delay_weight_close": 6.3877157284960795,
          "delay_weight_entry": 9.752547994453131,
          "ema_dist_close": 0.012477329839210512,
          "ema_dist_entry": 0.008099569736260649,
          "ema_span_0": 360.81646687613846,
          "ema_span_1": 1223.970928708423,
          "enabled": true,
          "markup_range": 0.05321854986590614,
          "min_markup": 0.09902674988987592,
          "n_close_orders": 11,
          "qty_pct_close": 0.44363059544319006,
          "qty_pct_entry": 0.01,
          "wallet_exposure_limit": 1.0,
          "we_multiplier_close": 0.8732203992098159,
          "we_multiplier_entry": 44.27349767248056},
 "short": {"backwards_tp": true,
           "delay_between_fills_minutes_close": 10.218607477399939,
           "delay_between_fills_minutes_entry": 602.3041148510817,
           "delay_weight_close": 0.04638514997271399,
           "delay_weight_entry": 6.9794853495959535,
           "ema_dist_close": 0.016277807497000488,
           "ema_dist_entry": 0.006226308442726132,
           "ema_span_0": 707.1754668085798,
           "ema_span_1": 1221.913662330455,
           "enabled": true,
           "markup_range": 0.060365734489440374,
           "min_markup": 0.09400433370059647,
           "n_close_orders": 11,
           "qty_pct_close": 0.2741261621741806,
           "qty_pct_entry": 0.01,
           "wallet_exposure_limit": 1.0,
           "we_multiplier_close": 0,
           "we_multiplier_entry": 93.26016265986128}}