{"config_name": "clock_0days",
 "long": {"backwards_tp": true,
          "delay_between_fills_minutes_close": 1322.6362030837392,
          "delay_between_fills_minutes_entry": 860.652021765781,
          "delay_weight_close": 9.826299527573594,
          "delay_weight_entry": 13.342405419333875,
          "ema_dist_close": 0.003819330459343117,
          "ema_dist_entry": 0.0015560041147524735,
          "ema_span_0": 1243.8434435581266,
          "ema_span_1": 1260.259046802115,
          "enabled": true,
          "markup_range": 0.06,
          "min_markup": 0.029836034610975518,
          "n_close_orders": 10,
          "qty_pct_close": 0.7170988620545056,
          "qty_pct_entry": 0.01,
          "wallet_exposure_limit": 1.0,
          "we_multiplier_close": 0.3698760235841713,
          "we_multiplier_entry": 95.97763338545099},
 "short": {"backwards_tp": true,
           "delay_between_fills_minutes_close": 1112.9251024241578,
           "delay_between_fills_minutes_entry": 566.1579955297489,
           "delay_weight_close": 25.372188468976884,
           "delay_weight_entry": 0.4851677626203799,
           "ema_dist_close": -0.0034389454033536774,
           "ema_dist_entry": 0.003535542548212532,
           "ema_span_0": 868.0621010283302,
           "ema_span_1": 1321.9389740553286,
           "enabled": true,
           "markup_range": 0.03873412469700503,
           "min_markup": 0.023967146962841104,
           "n_close_orders": 7,
           "qty_pct_close": 0.1714860191796262,
           "qty_pct_entry": 0.01993154673145753,
           "wallet_exposure_limit": 1.0,
           "we_multiplier_close": 0.3611310269172613,
           "we_multiplier_entry": 99.61739614371828}}