{"config_name": "clock_0days",
 "long": {"backwards_tp": true,
          "delay_between_fills_minutes_close": 162.1898244059858,
          "delay_between_fills_minutes_entry": 852.2699489453364,
          "delay_weight_close": 30.535690646784527,
          "delay_weight_entry": 21.739388766610293,
          "ema_dist_close": -0.0015714208554785984,
          "ema_dist_entry": 0.0019312033478778375,
          "ema_span_0": 521.9846684954406,
          "ema_span_1": 77.68038408869408,
          "enabled": true,
          "markup_range": 0.014828370629156715,
          "min_markup": 0.09794658907144137,
          "n_close_orders": 7,
          "qty_pct_close": 0.944315409170671,
          "qty_pct_entry": 0.01,
          "wallet_exposure_limit": 1.0,
          "we_multiplier_close": 3.811784650081609,
          "we_multiplier_entry": 71.93061096287768},
 "short": {"backwards_tp": true,
           "delay_between_fills_minutes_close": 154.98102301018372,
           "delay_between_fills_minutes_entry": 480.1311549351807,
           "delay_weight_close": 81.85016488849719,
           "delay_weight_entry": 27.543911072254197,
           "ema_dist_close": -0.0466635502504237,
           "ema_dist_entry": 0.00981808172657863,
           "ema_span_0": 163.0722757430669,
           "ema_span_1": 425.77012727691783,
           "enabled": true,
           "markup_range": 0.05377336037892128,
           "min_markup": 0.074336546952224,
           "n_close_orders": 11,
           "qty_pct_close": 0.481660092379353,
           "qty_pct_entry": 0.010002582568589281,
           "wallet_exposure_limit": 1.0,
           "we_multiplier_close": 4.47315707975957,
           "we_multiplier_entry": 13.37588864565331}}