{"config_name": "clock_0days",
 "long": {"backwards_tp": true,
          "delay_between_fills_minutes_close": 47.51560347974452,
          "delay_between_fills_minutes_entry": 69.4270873051008,
          "delay_weight_close": 2.895529744697493,
          "delay_weight_entry": 14.076919982962426,
          "ema_dist_close": -0.001424736883484769,
          "ema_dist_entry": 0.01407320348392108,
          "ema_span_0": 533.8902352367164,
          "ema_span_1": 203.79774857179157,
          "enabled": true,
          "markup_range": 0.009009280079890535,
          "min_markup": 0.09127961376411473,
          "n_close_orders": 7,
          "qty_pct_close": 0.9971602809161872,
          "qty_pct_entry": 0.01,
          "wallet_exposure_limit": 1.0,
          "we_multiplier_close": 3.0890810622454925,
          "we_multiplier_entry": 60.493066133522916},
 "short": {"backwards_tp": true,
           "delay_between_fills_minutes_close": 17.45025328162072,
           "delay_between_fills_minutes_entry": 1043.360924674379,
           "delay_weight_close": 14.812755220328643,
           "delay_weight_entry": 8.567634125254731,
           "ema_dist_close": 0.014004852900171732,
           "ema_dist_entry": -0.0007225312719239831,
           "ema_span_0": 10.005968729813183,
           "ema_span_1": 254.36827254338166,
           "enabled": true,
           "markup_range": 0.009595331749743535,
           "min_markup": 0.08331002674738158,
           "n_close_orders": 13,
           "qty_pct_close": 0.8879449158676292,
           "qty_pct_entry": 0.01,
           "wallet_exposure_limit": 1.0,
           "we_multiplier_close": 3.121767658831376,
           "we_multiplier_entry": 39.34078247626362}}