{"config_name": "clock_0days",
 "long": {"backwards_tp": true,
          "delay_between_fills_minutes_close": 47.51582493611241,
          "delay_between_fills_minutes_entry": 69.42402549911098,
          "delay_weight_close": 2.8956058349645297,
          "delay_weight_entry": 14.076728982133494,
          "ema_dist_close": -0.0014244300426718406,
          "ema_dist_entry": 0.014073369611093154,
          "ema_span_0": 533.8872949307317,
          "ema_span_1": 203.79607058120723,
          "enabled": true,
          "markup_range": 0.009009169994582298,
          "min_markup": 0.09127960066688671,
          "n_close_orders": 7,
          "qty_pct_close": 0.9971287483668642,
          "qty_pct_entry": 0.01,
          "wallet_exposure_limit": 1.0,
          "we_multiplier_close": 3.0889756183786536,
          "we_multiplier_entry": 60.49471118260322},
 "short": {"backwards_tp": true,
           "delay_between_fills_minutes_close": 17.413599567857965,
           "delay_between_fills_minutes_entry": 1209.7044310709925,
           "delay_weight_close": 20.152278411977303,
           "delay_weight_entry": 8.288097010969324,
           "ema_dist_close": 0.02,
           "ema_dist_entry": -0.004289304860814376,
           "ema_span_0": 50.567882941902354,
           "ema_span_1": 235.7892398484172,
           "enabled": true,
           "markup_range": 0.0038061731869374307,
           "min_markup": 0.09874827578768168,
           "n_close_orders": 9,
           "qty_pct_close": 0.9886177921620406,
           "qty_pct_entry": 0.01,
           "wallet_exposure_limit": 1.0,
           "we_multiplier_close": 2.0507968335680444,
           "we_multiplier_entry": 59.517121114758176}}