{"config_name": "clock_0days",
 "long": {"backwards_tp": true,
          "delay_between_fills_minutes_close": 1093.2156800484681,
          "delay_between_fills_minutes_entry": 1440,
          "delay_weight_close": 47.395141755510835,
          "delay_weight_entry": 9.23015939205603,
          "ema_dist_close": 0.002066621672618597,
          "ema_dist_entry": 0.00017907918745204668,
          "ema_span_0": 1210.0118378927416,
          "ema_span_1": 1272.3066253267716,
          "enabled": true,
          "markup_range": 0.024747316808936527,
          "min_markup": 0.02293957314013242,
          "n_close_orders": 5,
          "qty_pct_close": 0.014816392128134709,
          "qty_pct_entry": 0.01,
          "wallet_exposure_limit": 1.0,
          "we_multiplier_close": 3.451743048426355,
          "we_multiplier_entry": 52.05709422391693},
 "short": {"backwards_tp": true,
           "delay_between_fills_minutes_close": 667.1036966972374,
           "delay_between_fills_minutes_entry": 498.8851676447307,
           "delay_weight_close": 53.419866896244116,
           "delay_weight_entry": 12.76960269831424,
           "ema_dist_close": 0.004,
           "ema_dist_entry": 0.003976598517498994,
           "ema_span_0": 296.05670194003267,
           "ema_span_1": 186.8611393682092,
           "enabled": true,
           "markup_range": 0.05351149786427866,
           "min_markup": 0.001788248366720946,
           "n_close_orders": 4,
           "qty_pct_close": 0.010001835345119198,
           "qty_pct_entry": 0.01,
           "wallet_exposure_limit": 1.0,
           "we_multiplier_close": 0,
           "we_multiplier_entry": 50.67032897607923}}