{"config_name": "clock_0days",
 "long": {"backwards_tp": true,
          "delay_between_fills_minutes_close": 1212.9726888284988,
          "delay_between_fills_minutes_entry": 655.1824539764574,
          "delay_weight_close": 0.39802367292552654,
          "delay_weight_entry": 36.85381981495157,
          "ema_dist_close": 0.002536783495291158,
          "ema_dist_entry": 0.0033311685684922236,
          "ema_span_0": 1436.2843228536428,
          "ema_span_1": 5,
          "enabled": true,
          "markup_range": 0.043657558924516525,
          "min_markup": 0.018683120900014692,
          "n_close_orders": 9,
          "qty_pct_close": 0.7871725348517548,
          "qty_pct_entry": 0.01,
          "wallet_exposure_limit": 1.0,
          "we_multiplier_close": 3.9391529823076175,
          "we_multiplier_entry": 57.255841596703256},
 "short": {"backwards_tp": true,
           "delay_between_fills_minutes_close": 1440,
           "delay_between_fills_minutes_entry": 344.3298857121563,
           "delay_weight_close": 5.765865366069938,
           "delay_weight_entry": 25.55016246238404,
           "ema_dist_close": -0.013075670648429355,
           "ema_dist_entry": -0.03403760011866915,
           "ema_span_0": 1299.573767071021,
           "ema_span_1": 1254.3942800508426,
           "enabled": true,
           "markup_range": 0.039544066367981016,
           "min_markup": 0.0036342235780662917,
           "n_close_orders": 5,
           "qty_pct_close": 0.6927882697235875,
           "qty_pct_entry": 0.01,
           "wallet_exposure_limit": 1.0,
           "we_multiplier_close": 8.164565969474857,
           "we_multiplier_entry": 15.937991185739929}}