{"config_name": "clock_0days",
 "long": {"backwards_tp": true,
          "delay_between_fills_minutes_close": 51.33339007533256,
          "delay_between_fills_minutes_entry": 856.4288659028651,
          "delay_weight_close": 0.8350195557263191,
          "delay_weight_entry": 17.847003392300746,
          "ema_dist_close": -0.00037052778641356323,
          "ema_dist_entry": 0.004212307892583136,
          "ema_span_0": 123.76584276863831,
          "ema_span_1": 1399.5233010572113,
          "enabled": true,
          "markup_range": 0.00946676892281491,
          "min_markup": 0.04636271643203834,
          "n_close_orders": 6,
          "qty_pct_close": 0.2344040296679393,
          "qty_pct_entry": 0.02726220211930956,
          "wallet_exposure_limit": 1.0,
          "we_multiplier_close": 0.014857259881984665,
          "we_multiplier_entry": 41.50267948391426},
 "short": {"backwards_tp": true,
           "delay_between_fills_minutes_close": 115.15661928985793,
           "delay_between_fills_minutes_entry": 1058.2137120246718,
           "delay_weight_close": 5.285491109250162,
           "delay_weight_entry": 18.972524101052795,
           "ema_dist_close": 0.01980393847554643,
           "ema_dist_entry": -0.027500459671768618,
           "ema_span_0": 619.4596763395465,
           "ema_span_1": 1440.0,
           "enabled": true,
           "markup_range": 0.028923797234344288,
           "min_markup": 0.09624982645748312,
           "n_close_orders": 5,
           "qty_pct_close": 0.934598657101842,
           "qty_pct_entry": 0.01,
           "wallet_exposure_limit": 1.0,
           "we_multiplier_close": 4.115914512514825,
           "we_multiplier_entry": 5.533852944813603}}