{"config_name": "clock_0days",
 "long": {"backwards_tp": true,
          "delay_between_fills_minutes_close": 23.21062775433131,
          "delay_between_fills_minutes_entry": 605.5324192750357,
          "delay_weight_close": 6.49209137135843,
          "delay_weight_entry": 14.88279048216144,
          "ema_dist_close": 0.003151629766693869,
          "ema_dist_entry": 0.008266488184744743,
          "ema_span_0": 159.40332004092969,
          "ema_span_1": 1288.4432872132154,
          "enabled": true,
          "markup_range": 0.0037221808740471804,
          "min_markup": 0.029399015954124495,
          "n_close_orders": 10,
          "qty_pct_close": 0.3378079283414041,
          "qty_pct_entry": 0.05377368265605904,
          "wallet_exposure_limit": 1.0,
          "we_multiplier_close": 0.25007036571612434,
          "we_multiplier_entry": 14.991561701577222},
 "short": {"backwards_tp": true,
           "delay_between_fills_minutes_close": 54.37023699597899,
           "delay_between_fills_minutes_entry": 951.2142005915382,
           "delay_weight_close": 12.42534475013769,
           "delay_weight_entry": 18.10413831698533,
           "ema_dist_close": 0.012830136908195624,
           "ema_dist_entry": -0.0007251889373458712,
           "ema_span_0": 243.22409570100143,
           "ema_span_1": 41.32330716047781,
           "enabled": true,
           "markup_range": 0.07678758301030968,
           "min_markup": 0.08144304667197798,
           "n_close_orders": 5,
           "qty_pct_close": 0.7960140543570166,
           "qty_pct_entry": 0.010330532937926974,
           "wallet_exposure_limit": 1.0,
           "we_multiplier_close": 8.494646470172444,
           "we_multiplier_entry": 67.61802986723386}}