{"config_name": "clock_0days",
 "long": {"backwards_tp": true,
          "delay_between_fills_minutes_close": 801.7510531389777,
          "delay_between_fills_minutes_entry": 455.91549198168116,
          "delay_weight_close": 28.32311571581007,
          "delay_weight_entry": 19.24226020982111,
          "ema_dist_close": 0.0037015093546174395,
          "ema_dist_entry": -0.04647304633135227,
          "ema_span_0": 324.63953196315225,
          "ema_span_1": 1427.3058177125215,
          "enabled": true,
          "markup_range": 0.05439505678433805,
          "min_markup": 0.018579057709143493,
          "n_close_orders": 15,
          "qty_pct_close": 0.4843627816018614,
          "qty_pct_entry": 0.01,
          "wallet_exposure_limit": 1.0,
          "we_multiplier_close": 1.5682203108544177,
          "we_multiplier_entry": 73.04729598831858},
 "short": {"backwards_tp": true,
           "delay_between_fills_minutes_close": 1306.623619313354,
           "delay_between_fills_minutes_entry": 200.1386023753218,
           "delay_weight_close": 88.83550073693957,
           "delay_weight_entry": 33.108301370542904,
           "ema_dist_close": -0.03774109747698551,
           "ema_dist_entry": 0.0026129801484266264,
           "ema_span_0": 281.31755555141115,
           "ema_span_1": 183.49821629094822,
           "enabled": true,
           "markup_range": 0.03666042129011245,
           "min_markup": 0.023246388100680214,
           "n_close_orders": 15,
           "qty_pct_close": 0.22217076588420395,
           "qty_pct_entry": 0.01,
           "wallet_exposure_limit": 1.0,
           "we_multiplier_close": 0.8191692830548082,
           "we_multiplier_entry": 88.88289192787455}}