{"config_name": "clock_0days",
 "long": {"backwards_tp": true,
          "delay_between_fills_minutes_close": 169.49961250867406,
          "delay_between_fills_minutes_entry": 1390.8451772796707,
          "delay_weight_close": 30.872805737644033,
          "delay_weight_entry": 20.31289742558921,
          "ema_dist_close": -0.04722935607784935,
          "ema_dist_entry": 0.009608798262521792,
          "ema_span_0": 897.0335167687314,
          "ema_span_1": 176.68345049884815,
          "enabled": true,
          "markup_range": 0.07414137695008823,
          "min_markup": 0.09408396864805992,
          "n_close_orders": 8,
          "qty_pct_close": 0.9610721411871557,
          "qty_pct_entry": 0.01,
          "wallet_exposure_limit": 1.0,
          "we_multiplier_close": 1.8930130547054318,
          "we_multiplier_entry": 91.0932398982294},
 "short": {"backwards_tp": true,
           "delay_between_fills_minutes_close": 42.49557748254654,
           "delay_between_fills_minutes_entry": 531.9279737727164,
           "delay_weight_close": 1.8878812515581525,
           "delay_weight_entry": 7.631691202952873,
           "ema_dist_close": 0.009240963192100562,
           "ema_dist_entry": -0.002862365531482429,
           "ema_span_0": 173.59470664655547,
           "ema_span_1": 1196.3347096658174,
           "enabled": true,
           "markup_range": 0.07844667463990333,
           "min_markup": 0.05116368576821005,
           "n_close_orders": 14,
           "qty_pct_close": 0.15059002965524412,
           "qty_pct_entry": 0.01,
           "wallet_exposure_limit": 1.0,
           "we_multiplier_close": 1.889260590161952,
           "we_multiplier_entry": 70.78263762579672}}