{"config_name": "clock_0days",
 "long": {"backwards_tp": true,
          "delay_between_fills_minutes_close": 15.48115607734435,
          "delay_between_fills_minutes_entry": 596.6600308013262,
          "delay_weight_close": 19.056265667157266,
          "delay_weight_entry": 10.847987435089584,
          "ema_dist_close": 0.013312934627759523,
          "ema_dist_entry": 0.006660853306180704,
          "ema_span_0": 198.13522811856703,
          "ema_span_1": 1411.9691063536095,
          "enabled": true,
          "markup_range": 0.03177341422085098,
          "min_markup": 0.07403663115194271,
          "n_close_orders": 2,
          "qty_pct_close": 0.5018898555216162,
          "qty_pct_entry": 0.01,
          "wallet_exposure_limit": 1.0,
          "we_multiplier_close": 0.000412106259671424,
          "we_multiplier_entry": 36.175676818733855},
 "short": {"backwards_tp": true,
           "delay_between_fills_minutes_close": 42.21974131115575,
           "delay_between_fills_minutes_entry": 529.9562981426781,
           "delay_weight_close": 2.1461698048695865,
           "delay_weight_entry": 8.34540413522014,
           "ema_dist_close": 0.009204284910002766,
           "ema_dist_entry": -0.0030090340107776625,
           "ema_span_0": 172.86058560308328,
           "ema_span_1": 1197.409483332299,
           "enabled": true,
           "markup_range": 0.07803735462758536,
           "min_markup": 0.051788374203012404,
           "n_close_orders": 14,
           "qty_pct_close": 0.1476728707316369,
           "qty_pct_entry": 0.01,
           "wallet_exposure_limit": 1.0,
           "we_multiplier_close": 1.9005823219459594,
           "we_multiplier_entry": 69.24859946224147}}