{"config_name": "clock_0days",
 "long": {"backwards_tp": true,
          "delay_between_fills_minutes_close": 29.362931620900248,
          "delay_between_fills_minutes_entry": 852.7159808799696,
          "delay_weight_close": 3.8943575848695007,
          "delay_weight_entry": 19.999969242010213,
          "ema_dist_close": -0.003059457579147044,
          "ema_dist_entry": 0.003860206754150353,
          "ema_span_0": 82.00202084273408,
          "ema_span_1": 1076.298447334159,
          "enabled": true,
          "markup_range": 0.048880722944934264,
          "min_markup": 0.056855861800257056,
          "n_close_orders": 14,
          "qty_pct_close": 0.05085812542886757,
          "qty_pct_entry": 0.016719175896053245,
          "wallet_exposure_limit": 1.0,
          "we_multiplier_close": 1.8321020510019617,
          "we_multiplier_entry": 57.98947089250678},
 "short": {"backwards_tp": true,
           "delay_between_fills_minutes_close": 37.52204213127612,
           "delay_between_fills_minutes_entry": 572.5762499062689,
           "delay_weight_close": 5.5249139501660665,
           "delay_weight_entry": 8.71760754147541,
           "ema_dist_close": 0.017026285178652338,
           "ema_dist_entry": -0.01238467993045947,
           "ema_span_0": 69.96344869540798,
           "ema_span_1": 1311.0017645082487,
           "enabled": true,
           "markup_range": 0.06894593065961957,
           "min_markup": 0.053574705717567006,
           "n_close_orders": 7,
           "qty_pct_close": 0.5821403243232044,
           "qty_pct_entry": 0.01,
           "wallet_exposure_limit": 1.0,
           "we_multiplier_close": 5.674861657205178,
           "we_multiplier_entry": 69.94731050926988}}