{"config_name": "clock_0days",
 "long": {"backwards_tp": true,
          "delay_between_fills_minutes_close": 1112.3777536554253,
          "delay_between_fills_minutes_entry": 674.8431686772216,
          "delay_weight_close": 76.59277276372448,
          "delay_weight_entry": 10.232016134062995,
          "ema_dist_close": 0.0013401427233641968,
          "ema_dist_entry": -0.03355013496003093,
          "ema_span_0": 514.8556144135796,
          "ema_span_1": 283.98957869186745,
          "enabled": true,
          "markup_range": 0.00513924295239879,
          "min_markup": 0.02146307636701741,
          "n_close_orders": 14,
          "qty_pct_close": 0.07140023424420221,
          "qty_pct_entry": 0.0600320479992948,
          "wallet_exposure_limit": 1.0,
          "we_multiplier_close": 0.7894773149104288,
          "we_multiplier_entry": 9.31356090547397},
 "short": {"backwards_tp": true,
           "delay_between_fills_minutes_close": 124.80477339654128,
           "delay_between_fills_minutes_entry": 914.0414485094327,
           "delay_weight_close": 1.4245573329456163,
           "delay_weight_entry": 29.450058432061926,
           "ema_dist_close": -0.002478620020191085,
           "ema_dist_entry": -0.010887738058681345,
           "ema_span_0": 1118.4295489869282,
           "ema_span_1": 1101.3100366642188,
           "enabled": true,
           "markup_range": 0.03472427677987523,
           "min_markup": 0.024212524607881442,
           "n_close_orders": 6,
           "qty_pct_close": 0.5688172046002559,
           "qty_pct_entry": 0.01,
           "wallet_exposure_limit": 1.0,
           "we_multiplier_close": 2.2037882384725633,
           "we_multiplier_entry": 21.569197350018626}}