{"config_name": "clock_0days",
 "long": {"backwards_tp": true,
          "delay_between_fills_minutes_close": 51.93427471700477,
          "delay_between_fills_minutes_entry": 374.78432201951773,
          "delay_weight_close": 0.8330533851300117,
          "delay_weight_entry": 11.834214542170367,
          "ema_dist_close": 0.010419820715361792,
          "ema_dist_entry": 0.009707104887523554,
          "ema_span_0": 117.03557555452554,
          "ema_span_1": 1440.0,
          "enabled": true,
          "markup_range": 0.08830398991658328,
          "min_markup": 0.1,
          "n_close_orders": 14,
          "qty_pct_close": 0.21789051116657163,
          "qty_pct_entry": 0.01,
          "wallet_exposure_limit": 1.0,
          "we_multiplier_close": 1.375593236860701,
          "we_multiplier_entry": 21.159091327018988},
 "short": {"backwards_tp": true,
           "delay_between_fills_minutes_close": 11.382559515079084,
           "delay_between_fills_minutes_entry": 500.24806734224364,
           "delay_weight_close": 11.733939690104759,
           "delay_weight_entry": 9.151081898832095,
           "ema_dist_close": 0.012753856222927216,
           "ema_dist_entry": 0.006046812690655535,
           "ema_span_0": 559.3185350896297,
           "ema_span_1": 744.7927098054242,
           "enabled": true,
           "markup_range": 0.020653275256493523,
           "min_markup": 0.08306596064385302,
           "n_close_orders": 3,
           "qty_pct_close": 0.12353782010024714,
           "qty_pct_entry": 0.01,
           "wallet_exposure_limit": 1.0,
           "we_multiplier_close": 0.01416809094764712,
           "we_multiplier_entry": 30.169778616026388}}