{"config_name": "clock_0days",
 "long": {"backwards_tp": true,
          "delay_between_fills_minutes_close": 62.086340469979625,
          "delay_between_fills_minutes_entry": 391.0235659615662,
          "delay_weight_close": 3.879580632243925,
          "delay_weight_entry": 11.346105155701393,
          "ema_dist_close": 0.00853906722363815,
          "ema_dist_entry": 0.00460847063558213,
          "ema_span_0": 114.35928877022396,
          "ema_span_1": 1414.915186809723,
          "enabled": true,
          "markup_range": 0.09010771852870263,
          "min_markup": 0.09946443203108492,
          "n_close_orders": 12,
          "qty_pct_close": 0.16249493050225403,
          "qty_pct_entry": 0.01,
          "wallet_exposure_limit": 1.0,
          "we_multiplier_close": 1.2808143770497429,
          "we_multiplier_entry": 18.6716443545804},
 "short": {"backwards_tp": true,
           "delay_between_fills_minutes_close": 112.2615694373646,
           "delay_between_fills_minutes_entry": 1144.867300597758,
           "delay_weight_close": 70.92490332415571,
           "delay_weight_entry": 14.493716266865004,
           "ema_dist_close": 0.007813616062028333,
           "ema_dist_entry": 0.0040627969214719,
           "ema_span_0": 388.3511909464728,
           "ema_span_1": 589.7795322968539,
           "enabled": true,
           "markup_range": 0.029411808766472234,
           "min_markup": 0.022170271784785662,
           "n_close_orders": 6,
           "qty_pct_close": 0.01,
           "qty_pct_entry": 0.01,
           "wallet_exposure_limit": 1.0,
           "we_multiplier_close": 0.30055445041500445,
           "we_multiplier_entry": 15.714763101711425}}