{"config_name": "clock_0days",
 "long": {"backwards_tp": true,
          "delay_between_fills_minutes_close": 51.762904138038685,
          "delay_between_fills_minutes_entry": 374.87236423738926,
          "delay_weight_close": 0.8206256347205271,
          "delay_weight_entry": 11.834069204223736,
          "ema_dist_close": 0.010429860439722034,
          "ema_dist_entry": 0.00971014223111813,
          "ema_span_0": 117.24675073966141,
          "ema_span_1": 1440.0,
          "enabled": true,
          "markup_range": 0.08831104645165325,
          "min_markup": 0.1,
          "n_close_orders": 14,
          "qty_pct_close": 0.2178916883150207,
          "qty_pct_entry": 0.01,
          "wallet_exposure_limit": 1.0,
          "we_multiplier_close": 1.3743753415944386,
          "we_multiplier_entry": 21.15754142340655},
 "short": {"backwards_tp": true,
           "delay_between_fills_minutes_close": 11.34581575354447,
           "delay_between_fills_minutes_entry": 500.2431172921113,
           "delay_weight_close": 11.736464748958829,
           "delay_weight_entry": 9.151137387704885,
           "ema_dist_close": 0.012775912657645948,
           "ema_dist_entry": 0.0060519277577122535,
           "ema_span_0": 559.3190649446485,
           "ema_span_1": 744.6379649033966,
           "enabled": true,
           "markup_range": 0.02065277772596717,
           "min_markup": 0.08306487774592991,
           "n_close_orders": 3,
           "qty_pct_close": 0.12331292084262122,
           "qty_pct_entry": 0.01,
           "wallet_exposure_limit": 1.0,
           "we_multiplier_close": 0.014060082099932094,
           "we_multiplier_entry": 30.16862705938919}}