{"config_name": "clock_0days",
 "long": {"backwards_tp": true,
          "delay_between_fills_minutes_close": 49.704914217513995,
          "delay_between_fills_minutes_entry": 1348.4509166109358,
          "delay_weight_close": 2.6519258443172373,
          "delay_weight_entry": 13.224793854517834,
          "ema_dist_close": 0.002472043247170887,
          "ema_dist_entry": 0.005675247912267393,
          "ema_span_0": 681.3966971567461,
          "ema_span_1": 983.4429001818391,
          "enabled": true,
          "markup_range": 0.028960164788540133,
          "min_markup": 0.05521514759782641,
          "n_close_orders": 10,
          "qty_pct_close": 0.01,
          "qty_pct_entry": 0.01,
          "wallet_exposure_limit": 1.0,
          "we_multiplier_close": 0.40346510650332185,
          "we_multiplier_entry": 52.216476902043425},
 "short": {"backwards_tp": true,
           "delay_between_fills_minutes_close": 52.03174796361705,
           "delay_between_fills_minutes_entry": 362.2136063400747,
           "delay_weight_close": 4.49406008868037,
           "delay_weight_entry": 1.4740830119043655,
           "ema_dist_close": 0.007429029666449419,
           "ema_dist_entry": 0.005348473620224047,
           "ema_span_0": 680.5331816571836,
           "ema_span_1": 1206.479306778005,
           "enabled": true,
           "markup_range": 0.02943200203259806,
           "min_markup": 0.008923259878718896,
           "n_close_orders": 6,
           "qty_pct_close": 0.6326168185419508,
           "qty_pct_entry": 0.010033644406057297,
           "wallet_exposure_limit": 1.0,
           "we_multiplier_close": 8.743460608779532,
           "we_multiplier_entry": 65.03108444913639}}