{"config_name": "clock_0days",
 "long": {"backwards_tp": true,
          "delay_between_fills_minutes_close": 47.30810196181964,
          "delay_between_fills_minutes_entry": 1376.1668931219679,
          "delay_weight_close": 0.37878140246045794,
          "delay_weight_entry": 6.972980781195014,
          "ema_dist_close": 0.006166512429501467,
          "ema_dist_entry": 0.005556472189149152,
          "ema_span_0": 693.9903949919425,
          "ema_span_1": 1005.4929737434485,
          "enabled": true,
          "markup_range": 0.042877847957321975,
          "min_markup": 0.05715146340437893,
          "n_close_orders": 10,
          "qty_pct_close": 0.01014197477589453,
          "qty_pct_entry": 0.01,
          "wallet_exposure_limit": 1.0,
          "we_multiplier_close": 0,
          "we_multiplier_entry": 53.13512846720197},
 "short": {"backwards_tp": true,
           "delay_between_fills_minutes_close": 48.886046060386924,
           "delay_between_fills_minutes_entry": 318.9829531959673,
           "delay_weight_close": 97.3186044831458,
           "delay_weight_entry": 22.9413892578543,
           "ema_dist_close": 0.01,
           "ema_dist_entry": 0.0001736396052181695,
           "ema_span_0": 138.80870105105907,
           "ema_span_1": 172.03473614032873,
           "enabled": true,
           "markup_range": 0.0847978347907291,
           "min_markup": 0.08041309772137481,
           "n_close_orders": 7,
           "qty_pct_close": 0.3965402031976772,
           "qty_pct_entry": 0.01,
           "wallet_exposure_limit": 1.0,
           "we_multiplier_close": 3.037844386259787,
           "we_multiplier_entry": 32.66975766780969}}