{"config_name": "clock_0days",
 "long": {"backwards_tp": true,
          "delay_between_fills_minutes_close": 37.711994307873375,
          "delay_between_fills_minutes_entry": 144.3063332787712,
          "delay_weight_close": 0.15106929054712298,
          "delay_weight_entry": 16.277213730668922,
          "ema_dist_close": 0.005145368043151965,
          "ema_dist_entry": 0.007514769777681434,
          "ema_span_0": 224.07935888647629,
          "ema_span_1": 102.26358004997743,
          "enabled": true,
          "markup_range": 0.026008987696470004,
          "min_markup": 0.05961647595394854,
          "n_close_orders": 3,
          "qty_pct_close": 0.06907386363024164,
          "qty_pct_entry": 0.011659298959418644,
          "wallet_exposure_limit": 1.0,
          "we_multiplier_close": 1.1750958929052298,
          "we_multiplier_entry": 63.66096570708785},
 "short": {"backwards_tp": true,
           "delay_between_fills_minutes_close": 88.03042616527674,
           "delay_between_fills_minutes_entry": 120.30880672096201,
           "delay_weight_close": 0.27948658884830824,
           "delay_weight_entry": 16.499727124990237,
           "ema_dist_close": 0.004086467374921034,
           "ema_dist_entry": -0.02340145898780215,
           "ema_span_0": 163.44825542454842,
           "ema_span_1": 908.8932683226961,
           "enabled": true,
           "markup_range": 0.06327736274082511,
           "min_markup": 0.06276302548730164,
           "n_close_orders": 12,
           "qty_pct_close": 0.6445098415793407,
           "qty_pct_entry": 0.010125098825399529,
           "wallet_exposure_limit": 1.0,
           "we_multiplier_close": 7.613415553014025,
           "we_multiplier_entry": 29.928384854435663}}