{"config_name": "clock_0days",
 "long": {"backwards_tp": true,
          "delay_between_fills_minutes_close": 164.58799839550204,
          "delay_between_fills_minutes_entry": 299.14081536658364,
          "delay_weight_close": 10.369300368415713,
          "delay_weight_entry": 10.55377704943927,
          "ema_dist_close": -0.04774325781438405,
          "ema_dist_entry": 0.004,
          "ema_span_0": 784.2994198560118,
          "ema_span_1": 1017.2109847642321,
          "enabled": true,
          "markup_range": 0.06,
          "min_markup": 0.03,
          "n_close_orders": 15,
          "qty_pct_close": 0.05585163342911779,
          "qty_pct_entry": 0.01,
          "wallet_exposure_limit": 1.0,
          "we_multiplier_close": 0.20417572397424694,
          "we_multiplier_entry": 100},
 "short": {"backwards_tp": true,
           "delay_between_fills_minutes_close": 981.270027146713,
           "delay_between_fills_minutes_entry": 380.76942155977815,
           "delay_weight_close": 75.12617658973709,
           "delay_weight_entry": 22.784034180181248,
           "ema_dist_close": -0.00011545770675136436,
           "ema_dist_entry": -0.00864364193034456,
           "ema_span_0": 964.4974217156534,
           "ema_span_1": 362.9657594689385,
           "enabled": true,
           "markup_range": 0.04667466609352911,
           "min_markup": 0.029944604024532147,
           "n_close_orders": 10,
           "qty_pct_close": 0.028521135334771436,
           "qty_pct_entry": 0.01,
           "wallet_exposure_limit": 1.0,
           "we_multiplier_close": 6.971232678039882,
           "we_multiplier_entry": 40.85584474502643}}