{"config_name": "clock_0days",
 "long": {"backwards_tp": true,
          "delay_between_fills_minutes_close": 13.936388117417412,
          "delay_between_fills_minutes_entry": 813.543572988211,
          "delay_weight_close": 10.840110641795905,
          "delay_weight_entry": 12.414168025138357,
          "ema_dist_close": 0.004,
          "ema_dist_entry": 0.004,
          "ema_span_0": 650.6865005014934,
          "ema_span_1": 1439.9738156144367,
          "enabled": true,
          "markup_range": 0.044186233549438736,
          "min_markup": 0.029999983853858728,
          "n_close_orders": 4,
          "qty_pct_close": 0.75570897407367,
          "qty_pct_entry": 0.01,
          "wallet_exposure_limit": 1.0,
          "we_multiplier_close": 0.010879673822974945,
          "we_multiplier_entry": 21.578989662845988},
 "short": {"backwards_tp": true,
           "delay_between_fills_minutes_close": 1219.6994554340945,
           "delay_between_fills_minutes_entry": 800.5252428443554,
           "delay_weight_close": 78.45059758393771,
           "delay_weight_entry": 9.979391468325012,
           "ema_dist_close": -0.0078106098477881475,
           "ema_dist_entry": 0.002506108760745682,
           "ema_span_0": 472.58627083776634,
           "ema_span_1": 934.3600977553954,
           "enabled": true,
           "markup_range": 0.022794298522229743,
           "min_markup": 0.016201452228202195,
           "n_close_orders": 5,
           "qty_pct_close": 0.01,
           "qty_pct_entry": 0.01,
           "wallet_exposure_limit": 1.0,
           "we_multiplier_close": 1.370560694807522,
           "we_multiplier_entry": 50.47875223162402}}