{"config_name": "clock_0days",
 "long": {"backwards_tp": true,
          "delay_between_fills_minutes_close": 12.854779505237678,
          "delay_between_fills_minutes_entry": 1049.353086657398,
          "delay_weight_close": 32.21037259153812,
          "delay_weight_entry": 13.790218149050093,
          "ema_dist_close": 0.009710215738622071,
          "ema_dist_entry": 0.006002599253463353,
          "ema_span_0": 1399.1463912002107,
          "ema_span_1": 1286.0741842962614,
          "enabled": true,
          "markup_range": 0.012783279818200795,
          "min_markup": 0.0728835011057999,
          "n_close_orders": 5,
          "qty_pct_close": 0.865210952491146,
          "qty_pct_entry": 0.01,
          "wallet_exposure_limit": 1.0,
          "we_multiplier_close": 5.697548340605764,
          "we_multiplier_entry": 37.746741766101565},
 "short": {"backwards_tp": true,
           "delay_between_fills_minutes_close": 42.95495895157422,
           "delay_between_fills_minutes_entry": 1318.2054529695545,
           "delay_weight_close": 50.36834247610781,
           "delay_weight_entry": 11.342635796319183,
           "ema_dist_close": -0.003696452678267865,
           "ema_dist_entry": 0.006539149078381098,
           "ema_span_0": 192.26545509998292,
           "ema_span_1": 992.6296701596794,
           "enabled": true,
           "markup_range": 0.037769027598306366,
           "min_markup": 0.052149952503870604,
           "n_close_orders": 11,
           "qty_pct_close": 0.16565487631900827,
           "qty_pct_entry": 0.02047903351536486,
           "wallet_exposure_limit": 1.0,
           "we_multiplier_close": 3.0391867955265632,
           "we_multiplier_entry": 63.874020491165346}}