{"config_name": "clock_0days",
 "long": {"backwards_tp": true,
          "delay_between_fills_minutes_close": 1412.3199793301817,
          "delay_between_fills_minutes_entry": 1119.3056230010309,
          "delay_weight_close": 63.20474357774016,
          "delay_weight_entry": 11.101164470132003,
          "ema_dist_close": -0.002599705976987118,
          "ema_dist_entry": 0.0017732742895343876,
          "ema_span_0": 799.8654474282769,
          "ema_span_1": 1220.8095287380634,
          "enabled": true,
          "markup_range": 0.053475816918945054,
          "min_markup": 0.013301642452344347,
          "n_close_orders": 6,
          "qty_pct_close": 0.2970486668933958,
          "qty_pct_entry": 0.03025647591730035,
          "wallet_exposure_limit": 1.0,
          "we_multiplier_close": 0,
          "we_multiplier_entry": 52.588187350275625},
 "short": {"backwards_tp": true,
           "delay_between_fills_minutes_close": 1440,
           "delay_between_fills_minutes_entry": 1401.1919540852984,
           "delay_weight_close": 8.712308496519954,
           "delay_weight_entry": 7.231241247814471,
           "ema_dist_close": -0.01467952810666528,
           "ema_dist_entry": 0.0033435964755800583,
           "ema_span_0": 326.16694644191335,
           "ema_span_1": 1006.5298943027481,
           "enabled": true,
           "markup_range": 0.06,
           "min_markup": 0.022745075963555544,
           "n_close_orders": 16,
           "qty_pct_close": 0.01,
           "qty_pct_entry": 0.01,
           "wallet_exposure_limit": 1.0,
           "we_multiplier_close": 3.482787547339752,
           "we_multiplier_entry": 31.802814716245326}}