{"config_name": "clock_0days",
 "long": {"backwards_tp": true,
          "delay_between_fills_minutes_close": 8.260238417944098,
          "delay_between_fills_minutes_entry": 1285.218781709346,
          "delay_weight_close": 17.149354154551506,
          "delay_weight_entry": 10.47132668261922,
          "ema_dist_close": 0.01327444247929871,
          "ema_dist_entry": 0.006911517885219658,
          "ema_span_0": 720.0,
          "ema_span_1": 1436.8822597886567,
          "enabled": true,
          "markup_range": 0.015342316253797023,
          "min_markup": 0.0985415128358215,
          "n_close_orders": 5,
          "qty_pct_close": 0.5170147958789594,
          "qty_pct_entry": 0.01,
          "wallet_exposure_limit": 1.0,
          "we_multiplier_close": 7.867942983475623,
          "we_multiplier_entry": 54.46115654075609},
 "short": {"backwards_tp": true,
           "delay_between_fills_minutes_close": 25.6168007713947,
           "delay_between_fills_minutes_entry": 343.42573027868286,
           "delay_weight_close": 7.451958490464121,
           "delay_weight_entry": 18.141247404154136,
           "ema_dist_close": 0.00405784581771825,
           "ema_dist_entry": 0.0010520592067405077,
           "ema_span_0": 671.0164237746743,
           "ema_span_1": 17.152888299985616,
           "enabled": true,
           "markup_range": 0.08035817992540185,
           "min_markup": 0.041406933825826754,
           "n_close_orders": 11,
           "qty_pct_close": 0.38460016337927566,
           "qty_pct_entry": 0.01097715042446013,
           "wallet_exposure_limit": 1.0,
           "we_multiplier_close": 7.860147325344202,
           "we_multiplier_entry": 70.0}}