{"config_name": "clock_0days",
 "long": {"backwards_tp": true,
          "delay_between_fills_minutes_close": 32.50241291682705,
          "delay_between_fills_minutes_entry": 1296.6412396914884,
          "delay_weight_close": 14.160896225872392,
          "delay_weight_entry": 7.864197074614047,
          "ema_dist_close": 0.008178786488178795,
          "ema_dist_entry": 0.0050563336323359185,
          "ema_span_0": 135.11832535103517,
          "ema_span_1": 1387.2793010423593,
          "enabled": true,
          "markup_range": 0.0700098556575039,
          "min_markup": 0.07891840075745118,
          "n_close_orders": 11,
          "qty_pct_close": 0.15527606001689231,
          "qty_pct_entry": 0.026759254645968386,
          "wallet_exposure_limit": 1.0,
          "we_multiplier_close": 1.6410857868075142,
          "we_multiplier_entry": 23.78403600404041},
 "short": {"backwards_tp": true,
           "delay_between_fills_minutes_close": 162.2908561468196,
           "delay_between_fills_minutes_entry": 532.402185117108,
           "delay_weight_close": 30.303482022725326,
           "delay_weight_entry": 38.25730890646255,
           "ema_dist_close": -0.00040654049261200137,
           "ema_dist_entry": 0.0071796836306811445,
           "ema_span_0": 248.5122264987766,
           "ema_span_1": 393.7419184919519,
           "enabled": true,
           "markup_range": 0.08882028795148236,
           "min_markup": 0.05073287602772204,
           "n_close_orders": 2,
           "qty_pct_close": 0.24355638746332878,
           "qty_pct_entry": 0.010810518466804602,
           "wallet_exposure_limit": 1.0,
           "we_multiplier_close": 7.641358190656518,
           "we_multiplier_entry": 51.60306206359719}}