{"config_name": "clock_0days",
 "long": {"backwards_tp": true,
          "delay_between_fills_minutes_close": 140.51501741044555,
          "delay_between_fills_minutes_entry": 827.5117330522654,
          "delay_weight_close": 12.431548529536267,
          "delay_weight_entry": 14.722336018790056,
          "ema_dist_close": 0.0020246155016693606,
          "ema_dist_entry": 0.005843619072049443,
          "ema_span_0": 788.7149504690238,
          "ema_span_1": 1211.5277232743847,
          "enabled": true,
          "markup_range": 0.010986069157848593,
          "min_markup": 0.08405519659212349,
          "n_close_orders": 10,
          "qty_pct_close": 0.026214436061885754,
          "qty_pct_entry": 0.01,
          "wallet_exposure_limit": 1.0,
          "we_multiplier_close": 5.464511033433779,
          "we_multiplier_entry": 49.49628412079356},
 "short": {"backwards_tp": true,
           "delay_between_fills_minutes_close": 46.42548653128018,
           "delay_between_fills_minutes_entry": 199.64167628453222,
           "delay_weight_close": 1.1087974767154705,
           "delay_weight_entry": 0.3896043525771708,
           "ema_dist_close": 0.009997038398813295,
           "ema_dist_entry": 0.004954598752709312,
           "ema_span_0": 284.8894591229491,
           "ema_span_1": 496.3488246938254,
           "enabled": true,
           "markup_range": 0.04077066061620713,
           "min_markup": 0.044287722728918386,
           "n_close_orders": 5,
           "qty_pct_close": 0.6367831535672887,
           "qty_pct_entry": 0.01,
           "wallet_exposure_limit": 1.0,
           "we_multiplier_close": 0,
           "we_multiplier_entry": 77.32557723063461}}