{"config_name": "clock_0days",
 "long": {"backwards_tp": true,
          "delay_between_fills_minutes_close": 35.12753186701721,
          "delay_between_fills_minutes_entry": 1137.2676723176223,
          "delay_weight_close": 10.805698753534465,
          "delay_weight_entry": 13.980617299962267,
          "ema_dist_close": 0.004000253433441101,
          "ema_dist_entry": 0.006324748726593077,
          "ema_span_0": 71.76777445645149,
          "ema_span_1": 691.8597463086646,
          "enabled": true,
          "markup_range": 0.04025694182997012,
          "min_markup": 0.08127525543393845,
          "n_close_orders": 15,
          "qty_pct_close": 0.42910374739429596,
          "qty_pct_entry": 0.027339370927834648,
          "wallet_exposure_limit": 1.0,
          "we_multiplier_close": 0.9058231088041679,
          "we_multiplier_entry": 45.760375057711514},
 "short": {"backwards_tp": true,
           "delay_between_fills_minutes_close": 40.866431641292124,
           "delay_between_fills_minutes_entry": 721.5386786630395,
           "delay_weight_close": 16.374352782778402,
           "delay_weight_entry": 6.691672144251398,
           "ema_dist_close": 0.013292316825472815,
           "ema_dist_entry": 0.00305030349920933,
           "ema_span_0": 366.93320936432383,
           "ema_span_1": 1184.762284731139,
           "enabled": true,
           "markup_range": 0.061393107547888064,
           "min_markup": 0.05979543880721458,
           "n_close_orders": 9,
           "qty_pct_close": 0.08583589522298773,
           "qty_pct_entry": 0.01,
           "wallet_exposure_limit": 1.0,
           "we_multiplier_close": 2.394310897909943,
           "we_multiplier_entry": 48.62081002834488}}