{"config_name": "clock_0days",
 "long": {"backwards_tp": true,
          "delay_between_fills_minutes_close": 35.119843480189594,
          "delay_between_fills_minutes_entry": 1140.6733725864908,
          "delay_weight_close": 10.84801595534124,
          "delay_weight_entry": 13.982327765059319,
          "ema_dist_close": 0.00400154421631,
          "ema_dist_entry": 0.006326869606964037,
          "ema_span_0": 71.26731708236592,
          "ema_span_1": 691.8527908625215,
          "enabled": true,
          "markup_range": 0.04024297786047422,
          "min_markup": 0.08138984744251702,
          "n_close_orders": 15,
          "qty_pct_close": 0.42941926460562185,
          "qty_pct_entry": 0.02730241663241986,
          "wallet_exposure_limit": 1.0,
          "we_multiplier_close": 1.6556314785335766,
          "we_multiplier_entry": 45.77546197296719},
 "short": {"backwards_tp": true,
           "delay_between_fills_minutes_close": 40.030855226901224,
           "delay_between_fills_minutes_entry": 721.8261494615459,
           "delay_weight_close": 16.49961299611156,
           "delay_weight_entry": 6.686297361736114,
           "ema_dist_close": 0.013253988580681898,
           "ema_dist_entry": 0.0031203629521978885,
           "ema_span_0": 364.7212990564027,
           "ema_span_1": 1185.8981414404182,
           "enabled": true,
           "markup_range": 0.06129664742416341,
           "min_markup": 0.05982832537103649,
           "n_close_orders": 9,
           "qty_pct_close": 0.08529587276944126,
           "qty_pct_entry": 0.01,
           "wallet_exposure_limit": 1.0,
           "we_multiplier_close": 2.389191708338448,
           "we_multiplier_entry": 47.95261795098434}}