{"config_name": "clock_0days",
 "long": {"backwards_tp": true,
          "delay_between_fills_minutes_close": 54.17842563599833,
          "delay_between_fills_minutes_entry": 1070.6466315946818,
          "delay_weight_close": 3.6451382605432716,
          "delay_weight_entry": 8.534482639318572,
          "ema_dist_close": 0.00782063583458322,
          "ema_dist_entry": -0.00028861229658426604,
          "ema_span_0": 119.26520579500347,
          "ema_span_1": 1246.3099348156186,
          "enabled": true,
          "markup_range": 0.035438702039953716,
          "min_markup": 0.09194596765624452,
          "n_close_orders": 10,
          "qty_pct_close": 0.06281572962787295,
          "qty_pct_entry": 0.01,
          "wallet_exposure_limit": 1.0,
          "we_multiplier_close": 0,
          "we_multiplier_entry": 68.01569827279098},
 "short": {"backwards_tp": true,
           "delay_between_fills_minutes_close": 54.20385525298654,
           "delay_between_fills_minutes_entry": 438.0145713048685,
           "delay_weight_close": 4.292228281140394,
           "delay_weight_entry": 5.420415334836679,
           "ema_dist_close": 0.014867187248026522,
           "ema_dist_entry": 0.0072057736683713205,
           "ema_span_0": 718.1932496264468,
           "ema_span_1": 1137.5198100383855,
           "enabled": true,
           "markup_range": 0.052395820842572834,
           "min_markup": 0.09928513203904031,
           "n_close_orders": 5,
           "qty_pct_close": 0.09248971830270857,
           "qty_pct_entry": 0.013249678399881842,
           "wallet_exposure_limit": 1.0,
           "we_multiplier_close": 5.66357993824256,
           "we_multiplier_entry": 69.95432801583723}}