{"config_name": "clock_0days",
 "long": {"backwards_tp": true,
          "delay_between_fills_minutes_close": 50.20301124357339,
          "delay_between_fills_minutes_entry": 302.8676002677011,
          "delay_weight_close": 7.429940973693777,
          "delay_weight_entry": 17.496319815769553,
          "ema_dist_close": -0.0061872242591539195,
          "ema_dist_entry": 0.011692583086825392,
          "ema_span_0": 145.36280316088258,
          "ema_span_1": 429.32014016239964,
          "enabled": true,
          "markup_range": 0.09998793480033762,
          "min_markup": 0.1,
          "n_close_orders": 5,
          "qty_pct_close": 0.23319131784590208,
          "qty_pct_entry": 0.022786444184464745,
          "wallet_exposure_limit": 1.0,
          "we_multiplier_close": 1.8571395530711874,
          "we_multiplier_entry": 54.29442144785683},
 "short": {"backwards_tp": true,
           "delay_between_fills_minutes_close": 28.512699771205757,
           "delay_between_fills_minutes_entry": 1015.3713996214901,
           "delay_weight_close": 20.109598692917807,
           "delay_weight_entry": 10.471705385899526,
           "ema_dist_close": 0.01551901844813903,
           "ema_dist_entry": -0.003976212368363526,
           "ema_span_0": 128.97424767874557,
           "ema_span_1": 869.1213881492873,
           "enabled": true,
           "markup_range": 0.07967276891645322,
           "min_markup": 0.09533579506870714,
           "n_close_orders": 15,
           "qty_pct_close": 0.3292366806048097,
           "qty_pct_entry": 0.01,
           "wallet_exposure_limit": 1.0,
           "we_multiplier_close": 0.36754467775366445,
           "we_multiplier_entry": 58.522859438244375}}