{"config_name": "clock_0days",
 "long": {"backwards_tp": true,
          "delay_between_fills_minutes_close": 154.8441892454335,
          "delay_between_fills_minutes_entry": 306.9859613356812,
          "delay_weight_close": 71.72754313911865,
          "delay_weight_entry": 25.155079574961952,
          "ema_dist_close": -0.02994498708015181,
          "ema_dist_entry": 0.007944283839048574,
          "ema_span_0": 845.3217427752779,
          "ema_span_1": 69.91810192373077,
          "enabled": true,
          "markup_range": 0.07051972226492711,
          "min_markup": 0.09736777436459128,
          "n_close_orders": 9,
          "qty_pct_close": 0.8630245021478198,
          "qty_pct_entry": 0.01,
          "wallet_exposure_limit": 1.0,
          "we_multiplier_close": 10.0,
          "we_multiplier_entry": 91.08895120931531},
 "short": {"backwards_tp": true,
           "delay_between_fills_minutes_close": 164.2705230007095,
           "delay_between_fills_minutes_entry": 803.7716223105638,
           "delay_weight_close": 77.68378094080258,
           "delay_weight_entry": 11.140706326391646,
           "ema_dist_close": 0.00999948861112763,
           "ema_dist_entry": -0.013938744481684234,
           "ema_span_0": 866.4085971366868,
           "ema_span_1": 1024.133271560823,
           "enabled": true,
           "markup_range": 0.05622200156296174,
           "min_markup": 0.05594810323082866,
           "n_close_orders": 2,
           "qty_pct_close": 0.3434981354786596,
           "qty_pct_entry": 0.01,
           "wallet_exposure_limit": 1.0,
           "we_multiplier_close": 0.5605122712904246,
           "we_multiplier_entry": 65.57751574639954}}