{"config_name": "clock_0days",
 "long": {"backwards_tp": true,
          "delay_between_fills_minutes_close": 55.62980879279255,
          "delay_between_fills_minutes_entry": 447.2479634412708,
          "delay_weight_close": 14.280168268187003,
          "delay_weight_entry": 6.97968128915069,
          "ema_dist_close": 0.006832703183059274,
          "ema_dist_entry": 0.009445936106120585,
          "ema_span_0": 321.4269662870207,
          "ema_span_1": 1362.6291088790615,
          "enabled": true,
          "markup_range": 0.055952975190757856,
          "min_markup": 0.09711062541454889,
          "n_close_orders": 6,
          "qty_pct_close": 0.2237555601783612,
          "qty_pct_entry": 0.01354654400865942,
          "wallet_exposure_limit": 1.0,
          "we_multiplier_close": 0,
          "we_multiplier_entry": 50.11514714092204},
 "short": {"backwards_tp": true,
           "delay_between_fills_minutes_close": 4.167753850092288,
           "delay_between_fills_minutes_entry": 683.3530984222182,
           "delay_weight_close": 2.84016724946645,
           "delay_weight_entry": 16.762757355435113,
           "ema_dist_close": 0.01414199260794137,
           "ema_dist_entry": -0.007425177648000042,
           "ema_span_0": 450.38159464614705,
           "ema_span_1": 1192.3322966501385,
           "enabled": true,
           "markup_range": 0.010351168800810419,
           "min_markup": 0.03669299193571643,
           "n_close_orders": 2,
           "qty_pct_close": 0.10930294963091396,
           "qty_pct_entry": 0.01,
           "wallet_exposure_limit": 1.0,
           "we_multiplier_close": 0,
           "we_multiplier_entry": 51.140427995341504}}