{"config_name": "clock_0days",
 "long": {"backwards_tp": true,
          "delay_between_fills_minutes_close": 18.40284090862639,
          "delay_between_fills_minutes_entry": 345.8979298541919,
          "delay_weight_close": 16.986104610646784,
          "delay_weight_entry": 7.948785000861769,
          "ema_dist_close": 0.010042027987175335,
          "ema_dist_entry": -0.010227327794216296,
          "ema_span_0": 110.17152773937646,
          "ema_span_1": 1439.9999995315688,
          "enabled": true,
          "markup_range": 0.052555748588502094,
          "min_markup": 0.09204525474880038,
          "n_close_orders": 15,
          "qty_pct_close": 0.08644172146913541,
          "qty_pct_entry": 0.012191601122183985,
          "wallet_exposure_limit": 1.0,
          "we_multiplier_close": 1.0858355708680585,
          "we_multiplier_entry": 22.305311921039216},
 "short": {"backwards_tp": true,
           "delay_between_fills_minutes_close": 43.83619176853486,
           "delay_between_fills_minutes_entry": 452.87425096532274,
           "delay_weight_close": 5.773716937210266,
           "delay_weight_entry": 22.90813659534379,
           "ema_dist_close": 0.019904462680765143,
           "ema_dist_entry": 0.0082995532809431,
           "ema_span_0": 95.9421576392586,
           "ema_span_1": 1418.5783826990694,
           "enabled": true,
           "markup_range": 0.09593025966779323,
           "min_markup": 0.0764029048501359,
           "n_close_orders": 6,
           "qty_pct_close": 0.5360595066661057,
           "qty_pct_entry": 0.012040433093499689,
           "wallet_exposure_limit": 1.0,
           "we_multiplier_close": 0.7456955549019476,
           "we_multiplier_entry": 6.005946597128982}}