{"config_name": "clock_0days",
 "long": {"backwards_tp": true,
          "delay_between_fills_minutes_close": 17.196170604001594,
          "delay_between_fills_minutes_entry": 1044.7919187677285,
          "delay_weight_close": 16.788121293401176,
          "delay_weight_entry": 10.140213576744854,
          "ema_dist_close": 0.011712048285831044,
          "ema_dist_entry": 0.008817085885576927,
          "ema_span_0": 720.0,
          "ema_span_1": 802.9001736015314,
          "enabled": true,
          "markup_range": 0.053700829059799095,
          "min_markup": 0.04909213239358222,
          "n_close_orders": 12,
          "qty_pct_close": 0.10729484285810108,
          "qty_pct_entry": 0.017071287391814086,
          "wallet_exposure_limit": 1.0,
          "we_multiplier_close": 0.57024327837979,
          "we_multiplier_entry": 56.713275110521856},
 "short": {"backwards_tp": true,
           "delay_between_fills_minutes_close": 48.3245079569808,
           "delay_between_fills_minutes_entry": 1105.1489288603973,
           "delay_weight_close": 3.772280593508804,
           "delay_weight_entry": 14.332319681057834,
           "ema_dist_close": 0.013538735747935089,
           "ema_dist_entry": 0.010512140641347532,
           "ema_span_0": 221.2876548269793,
           "ema_span_1": 931.7171273105553,
           "enabled": true,
           "markup_range": 0.02907716052960798,
           "min_markup": 0.059518300382663605,
           "n_close_orders": 2,
           "qty_pct_close": 0.05948215163066013,
           "qty_pct_entry": 0.01,
           "wallet_exposure_limit": 1.0,
           "we_multiplier_close": 0,
           "we_multiplier_entry": 56.981364902261205}}