{"config_name": "clock_0days",
 "long": {"backwards_tp": true,
          "delay_between_fills_minutes_close": 52.17628386154644,
          "delay_between_fills_minutes_entry": 753.6196877925095,
          "delay_weight_close": 1.832105904749126,
          "delay_weight_entry": 12.81171085685539,
          "ema_dist_close": 0.0029150042803013695,
          "ema_dist_entry": 0.006789031302826805,
          "ema_span_0": 568.8030930461523,
          "ema_span_1": 284.1933619118112,
          "enabled": true,
          "markup_range": 0.07316933046314397,
          "min_markup": 0.09264283900756361,
          "n_close_orders": 16,
          "qty_pct_close": 0.015145691132463914,
          "qty_pct_entry": 0.01,
          "wallet_exposure_limit": 1.0,
          "we_multiplier_close": 0,
          "we_multiplier_entry": 23.331594665531938},
 "short": {"backwards_tp": true,
           "delay_between_fills_minutes_close": 33.8175013968453,
           "delay_between_fills_minutes_entry": 187.37821780383817,
           "delay_weight_close": 18.79268677728908,
           "delay_weight_entry": 12.985625292236595,
           "ema_dist_close": 0.002019760345737007,
           "ema_dist_entry": 0.006941054217516993,
           "ema_span_0": 429.7937462607017,
           "ema_span_1": 178.5294690138462,
           "enabled": true,
           "markup_range": 0.07174103000045419,
           "min_markup": 0.0875341202752636,
           "n_close_orders": 6,
           "qty_pct_close": 0.7754241896427325,
           "qty_pct_entry": 0.01,
           "wallet_exposure_limit": 1.0,
           "we_multiplier_close": 6.542638951913756,
           "we_multiplier_entry": 47.564821078045846}}