{"config_name": "clock_0days",
 "long": {"backwards_tp": true,
          "delay_between_fills_minutes_close": 31.479246902219447,
          "delay_between_fills_minutes_entry": 793.5242651163206,
          "delay_weight_close": 7.833981094386203,
          "delay_weight_entry": 13.654930497747667,
          "ema_dist_close": 0.005353122008186559,
          "ema_dist_entry": 0.007568141217638889,
          "ema_span_0": 153.33994396909276,
          "ema_span_1": 1413.7725401166474,
          "enabled": true,
          "markup_range": 0.04114442525152709,
          "min_markup": 0.09112388187484555,
          "n_close_orders": 3,
          "qty_pct_close": 0.04221130787989036,
          "qty_pct_entry": 0.01,
          "wallet_exposure_limit": 1.0,
          "we_multiplier_close": 0.17487609239159366,
          "we_multiplier_entry": 54.169818943990954},
 "short": {"backwards_tp": true,
           "delay_between_fills_minutes_close": 55.3039943735111,
           "delay_between_fills_minutes_entry": 573.152966187932,
           "delay_weight_close": 6.6305957581519746,
           "delay_weight_entry": 16.248422378884236,
           "ema_dist_close": 0.013878020205239911,
           "ema_dist_entry": 0.004857141442144346,
           "ema_span_0": 74.18187344738537,
           "ema_span_1": 185.14502731153627,
           "enabled": true,
           "markup_range": 0.03095829369706703,
           "min_markup": 0.08929676463802745,
           "n_close_orders": 10,
           "qty_pct_close": 0.19859965565865578,
           "qty_pct_entry": 0.01,
           "wallet_exposure_limit": 1.0,
           "we_multiplier_close": 3.0587758701587395,
           "we_multiplier_entry": 58.10175341362243}}