{"config_name": "clock_0days",
 "long": {"backwards_tp": true,
          "delay_between_fills_minutes_close": 43.22930510075608,
          "delay_between_fills_minutes_entry": 1241.0176397452044,
          "delay_weight_close": 1.0238369805211938,
          "delay_weight_entry": 11.940971571478226,
          "ema_dist_close": 0.0035608246339195533,
          "ema_dist_entry": 0.010017085826671669,
          "ema_span_0": 480.03484982212416,
          "ema_span_1": 1330.7373618469483,
          "enabled": true,
          "markup_range": 0.08982068913746345,
          "min_markup": 0.09968208678040022,
          "n_close_orders": 16,
          "qty_pct_close": 0.022940268971325745,
          "qty_pct_entry": 0.01,
          "wallet_exposure_limit": 1.0,
          "we_multiplier_close": 4.319381509613194,
          "we_multiplier_entry": 34.33828372348667},
 "short": {"backwards_tp": true,
           "delay_between_fills_minutes_close": 44.525602071143425,
           "delay_between_fills_minutes_entry": 525.6550878503116,
           "delay_weight_close": 1.4885846189913077,
           "delay_weight_entry": 8.359009136108964,
           "ema_dist_close": 0.015964671699708922,
           "ema_dist_entry": -0.0015162217571969892,
           "ema_span_0": 409.7044963395094,
           "ema_span_1": 1440.0,
           "enabled": true,
           "markup_range": 0.05319883955054124,
           "min_markup": 0.05941480986635255,
           "n_close_orders": 8,
           "qty_pct_close": 0.22038914199089032,
           "qty_pct_entry": 0.01,
           "wallet_exposure_limit": 1.0,
           "we_multiplier_close": 3.587468330978259,
           "we_multiplier_entry": 68.40964848461012}}