{"config_name": "clock_0days",
 "long": {"backwards_tp": true,
          "delay_between_fills_minutes_close": 130.4753510114389,
          "delay_between_fills_minutes_entry": 448.06186408614974,
          "delay_weight_close": 19.339948954890414,
          "delay_weight_entry": 14.488493918897172,
          "ema_dist_close": 7.849320404301258e-05,
          "ema_dist_entry": 0.008613554745385225,
          "ema_span_0": 462.91130981291184,
          "ema_span_1": 23.994619253097724,
          "enabled": true,
          "markup_range": 0.042675066692069746,
          "min_markup": 0.09523306750497247,
          "n_close_orders": 15,
          "qty_pct_close": 0.12766926379863142,
          "qty_pct_entry": 0.012782239398323554,
          "wallet_exposure_limit": 1.0,
          "we_multiplier_close": 0.412254372690231,
          "we_multiplier_entry": 98.25609407013931},
 "short": {"backwards_tp": true,
           "delay_between_fills_minutes_close": 1.0319611680893601,
           "delay_between_fills_minutes_entry": 468.84777794753285,
           "delay_weight_close": 6.392455959812403,
           "delay_weight_entry": 7.722263966927492,
           "ema_dist_close": 0.01,
           "ema_dist_entry": -0.0041909729733225634,
           "ema_span_0": 146.06055070430193,
           "ema_span_1": 1440.0,
           "enabled": true,
           "markup_range": 0.04878975016171301,
           "min_markup": 0.08037909810980995,
           "n_close_orders": 9,
           "qty_pct_close": 0.17478518401650428,
           "qty_pct_entry": 0.01,
           "wallet_exposure_limit": 1.0,
           "we_multiplier_close": 0.5146423262198858,
           "we_multiplier_entry": 70.07803970787599}}