{"config_name": "clock_0days",
 "long": {"backwards_tp": true,
          "delay_between_fills_minutes_close": 44.9179708345884,
          "delay_between_fills_minutes_entry": 1241.3255055287566,
          "delay_weight_close": 10.013436585639715,
          "delay_weight_entry": 11.892599100108553,
          "ema_dist_close": 0.003624953083079933,
          "ema_dist_entry": 0.009914894580373434,
          "ema_span_0": 480.55370612890806,
          "ema_span_1": 1327.7630111959338,
          "enabled": true,
          "markup_range": 0.08987788615590835,
          "min_markup": 0.09960764109380267,
          "n_close_orders": 16,
          "qty_pct_close": 0.02406079165848801,
          "qty_pct_entry": 0.01,
          "wallet_exposure_limit": 1.0,
          "we_multiplier_close": 3.658599575822064,
          "we_multiplier_entry": 34.06619719935423},
 "short": {"backwards_tp": true,
           "delay_between_fills_minutes_close": 44.50828684522486,
           "delay_between_fills_minutes_entry": 525.5816625969992,
           "delay_weight_close": 1.492564767973452,
           "delay_weight_entry": 8.35607239623392,
           "ema_dist_close": 0.015960781559336265,
           "ema_dist_entry": -0.0015184766516549238,
           "ema_span_0": 409.7211609895367,
           "ema_span_1": 1440.0,
           "enabled": true,
           "markup_range": 0.053194957064238914,
           "min_markup": 0.0594150579725473,
           "n_close_orders": 8,
           "qty_pct_close": 0.22035246010441806,
           "qty_pct_entry": 0.01,
           "wallet_exposure_limit": 1.0,
           "we_multiplier_close": 3.582773706102733,
           "we_multiplier_entry": 68.11397995276573}}