{"config_name": "clock_0days",
 "long": {"backwards_tp": true,
          "delay_between_fills_minutes_close": 56.3218396975314,
          "delay_between_fills_minutes_entry": 214.52317546437877,
          "delay_weight_close": 1.2933390810400425,
          "delay_weight_entry": 19.505124389479658,
          "ema_dist_close": -0.00028187253502762736,
          "ema_dist_entry": 0.009739125777635142,
          "ema_span_0": 657.3867902475712,
          "ema_span_1": 76.8390064177705,
          "enabled": true,
          "markup_range": 0.020888374423437918,
          "min_markup": 0.08277183525109182,
          "n_close_orders": 7,
          "qty_pct_close": 0.43024784973009794,
          "qty_pct_entry": 0.01,
          "wallet_exposure_limit": 1.0,
          "we_multiplier_close": 8.4963080489972,
          "we_multiplier_entry": 58.219311576552826},
 "short": {"backwards_tp": true,
           "delay_between_fills_minutes_close": 52.38774115688216,
           "delay_between_fills_minutes_entry": 580.5312827408948,
           "delay_weight_close": 10.119983177713111,
           "delay_weight_entry": 5.109217342782892,
           "ema_dist_close": 0.014665375533450743,
           "ema_dist_entry": 0.003910304196882727,
           "ema_span_0": 635.2946171047464,
           "ema_span_1": 855.3579982290474,
           "enabled": true,
           "markup_range": 0.06782484396127145,
           "min_markup": 0.0010471573367747896,
           "n_close_orders": 13,
           "qty_pct_close": 0.7237897089349037,
           "qty_pct_entry": 0.01,
           "wallet_exposure_limit": 1.0,
           "we_multiplier_close": 2.2226848153688397,
           "we_multiplier_entry": 55.63156222728883}}