{"config_name": "clock_0days",
 "long": {"backwards_tp": true,
          "delay_between_fills_minutes_close": 56.29985792453611,
          "delay_between_fills_minutes_entry": 214.5296196393375,
          "delay_weight_close": 1.2961651753120373,
          "delay_weight_entry": 19.501987120450195,
          "ema_dist_close": -0.00023950825922896716,
          "ema_dist_entry": 0.009686478655876784,
          "ema_span_0": 656.6743275553532,
          "ema_span_1": 77.42132365387256,
          "enabled": true,
          "markup_range": 0.021742532490906644,
          "min_markup": 0.0835542690674892,
          "n_close_orders": 7,
          "qty_pct_close": 0.4309567566438282,
          "qty_pct_entry": 0.01,
          "wallet_exposure_limit": 1.0,
          "we_multiplier_close": 8.483422683520201,
          "we_multiplier_entry": 58.25488656326163},
 "short": {"backwards_tp": true,
           "delay_between_fills_minutes_close": 42.94937249623456,
           "delay_between_fills_minutes_entry": 504.02245607232277,
           "delay_weight_close": 6.496803042975167,
           "delay_weight_entry": 3.25832449320587,
           "ema_dist_close": 0.01850350268582583,
           "ema_dist_entry": 0.002653065472369718,
           "ema_span_0": 663.456711546341,
           "ema_span_1": 855.577217636198,
           "enabled": true,
           "markup_range": 0.06845587593471676,
           "min_markup": 0.0010157403124978531,
           "n_close_orders": 14,
           "qty_pct_close": 0.8632092565434903,
           "qty_pct_entry": 0.01004389641527918,
           "wallet_exposure_limit": 1.0,
           "we_multiplier_close": 1.9868821914385286,
           "we_multiplier_entry": 58.239163241190816}}