{"config_name": "clock_0days",
 "long": {"backwards_tp": true,
          "delay_between_fills_minutes_close": 11.86720977044139,
          "delay_between_fills_minutes_entry": 1049.5869842054256,
          "delay_weight_close": 13.589111797418617,
          "delay_weight_entry": 10.49399576526258,
          "ema_dist_close": 0.008629034247101324,
          "ema_dist_entry": 0.0070145876072932175,
          "ema_span_0": 293.4043529859712,
          "ema_span_1": 1244.1271042909573,
          "enabled": true,
          "markup_range": 0.09350775518938355,
          "min_markup": 0.08729535547232625,
          "n_close_orders": 13,
          "qty_pct_close": 0.015692397717220398,
          "qty_pct_entry": 0.01,
          "wallet_exposure_limit": 1.0,
          "we_multiplier_close": 5.104089720161541,
          "we_multiplier_entry": 49.39190503257321},
 "short": {"backwards_tp": true,
           "delay_between_fills_minutes_close": 18.503546298021135,
           "delay_between_fills_minutes_entry": 1341.9094566805538,
           "delay_weight_close": 3.3283900244441336,
           "delay_weight_entry": 12.813490931619622,
           "ema_dist_close": 0.01150168760576473,
           "ema_dist_entry": 0.01029929156755029,
           "ema_span_0": 548.8880526390969,
           "ema_span_1": 220.5048549603079,
           "enabled": true,
           "markup_range": 0.1,
           "min_markup": 0.08876131482136145,
           "n_close_orders": 4,
           "qty_pct_close": 0.44020241662188186,
           "qty_pct_entry": 0.01,
           "wallet_exposure_limit": 1.0,
           "we_multiplier_close": 0.5469416130508719,
           "we_multiplier_entry": 24.350178485013032}}