{"config_name": "clock_0days",
 "long": {"backwards_tp": true,
          "delay_between_fills_minutes_close": 73.17507408194032,
          "delay_between_fills_minutes_entry": 1146.7520992480254,
          "delay_weight_close": 50.280032664770815,
          "delay_weight_entry": 12.830309340714978,
          "ema_dist_close": 0.005746959263104311,
          "ema_dist_entry": 0.008966021380439369,
          "ema_span_0": 1440.0,
          "ema_span_1": 13.508161393871239,
          "enabled": true,
          "markup_range": 0.004619126186263356,
          "min_markup": 0.0835287130341871,
          "n_close_orders": 12,
          "qty_pct_close": 0.3569722348915375,
          "qty_pct_entry": 0.01,
          "wallet_exposure_limit": 1.0,
          "we_multiplier_close": 8.974891543774117,
          "we_multiplier_entry": 86.90061467986554},
 "short": {"backwards_tp": true,
           "delay_between_fills_minutes_close": 171.20836424912454,
           "delay_between_fills_minutes_entry": 1439.9996177184335,
           "delay_weight_close": 61.05952060469682,
           "delay_weight_entry": 15.12747743401001,
           "ema_dist_close": -0.011549605174452126,
           "ema_dist_entry": 0.01,
           "ema_span_0": 709.0443201968307,
           "ema_span_1": 59.10558487068409,
           "enabled": true,
           "markup_range": 0.02204262040340114,
           "min_markup": 0.04708322998252439,
           "n_close_orders": 8,
           "qty_pct_close": 0.6168214361597609,
           "qty_pct_entry": 0.01,
           "wallet_exposure_limit": 1.0,
           "we_multiplier_close": 8.339596546976441,
           "we_multiplier_entry": 95.5872702037405}}