{"config_name": "clock_0days",
 "long": {"backwards_tp": true,
          "delay_between_fills_minutes_close": 45.444205075917694,
          "delay_between_fills_minutes_entry": 608.2011558370879,
          "delay_weight_close": 0.14349779977329885,
          "delay_weight_entry": 11.240674223633562,
          "ema_dist_close": 0.018291848033351456,
          "ema_dist_entry": 0.014306925228927073,
          "ema_span_0": 349.0249430722993,
          "ema_span_1": 1377.4138264406824,
          "enabled": true,
          "markup_range": 0.03735726332431872,
          "min_markup": 0.07427934171663736,
          "n_close_orders": 9,
          "qty_pct_close": 0.07257232667603615,
          "qty_pct_entry": 0.01,
          "wallet_exposure_limit": 1.0,
          "we_multiplier_close": 0.1523424869886552,
          "we_multiplier_entry": 19.246939436946832},
 "short": {"backwards_tp": true,
           "delay_between_fills_minutes_close": 25.51904459928802,
           "delay_between_fills_minutes_entry": 452.2717192260402,
           "delay_weight_close": 4.486654426715084,
           "delay_weight_entry": 5.8526737859303335,
           "ema_dist_close": 0.02,
           "ema_dist_entry": 0.006300800366343106,
           "ema_span_0": 113.98182212055863,
           "ema_span_1": 1213.6992099585132,
           "enabled": true,
           "markup_range": 0.045456446300527455,
           "min_markup": 0.022180621234479704,
           "n_close_orders": 5,
           "qty_pct_close": 0.474605191364544,
           "qty_pct_entry": 0.01,
           "wallet_exposure_limit": 1.0,
           "we_multiplier_close": 0.7326012407427216,
           "we_multiplier_entry": 57.224272842991546}}