{"config_name": "clock_0days",
 "long": {"backwards_tp": true,
          "delay_between_fills_minutes_close": 27.72263053574895,
          "delay_between_fills_minutes_entry": 793.0871072156153,
          "delay_weight_close": 17.072746889362875,
          "delay_weight_entry": 17.784252759579665,
          "ema_dist_close": -0.0070986803097520925,
          "ema_dist_entry": 0.012558371571060982,
          "ema_span_0": 131.97802199299355,
          "ema_span_1": 792.3355345867215,
          "enabled": true,
          "markup_range": 0.1,
          "min_markup": 0.09892984401992067,
          "n_close_orders": 15,
          "qty_pct_close": 0.8507179678353287,
          "qty_pct_entry": 0.012591051340320462,
          "wallet_exposure_limit": 1.0,
          "we_multiplier_close": 5.487217464545467,
          "we_multiplier_entry": 70.43941024348686},
 "short": {"backwards_tp": true,
           "delay_between_fills_minutes_close": 50.25655626575197,
           "delay_between_fills_minutes_entry": 1257.2711612169066,
           "delay_weight_close": 17.681934363556927,
           "delay_weight_entry": 12.233690025763142,
           "ema_dist_close": 0.008787725228878102,
           "ema_dist_entry": -0.018070514628910586,
           "ema_span_0": 633.32904932223,
           "ema_span_1": 525.7263359840895,
           "enabled": true,
           "markup_range": 0.038651408414989714,
           "min_markup": 0.05287447803177108,
           "n_close_orders": 11,
           "qty_pct_close": 0.01,
           "qty_pct_entry": 0.010331862615999287,
           "wallet_exposure_limit": 1.0,
           "we_multiplier_close": 0.49783694212344787,
           "we_multiplier_entry": 35.57275848052522}}