{"config_name": "clock_0days",
 "long": {"backwards_tp": true,
          "delay_between_fills_minutes_close": 72.74980594935803,
          "delay_between_fills_minutes_entry": 165.36347394620896,
          "delay_weight_close": 2.9968702172526824,
          "delay_weight_entry": 13.844166305750779,
          "ema_dist_close": -0.022446531057447653,
          "ema_dist_entry": 0.01,
          "ema_span_0": 171.84094348376405,
          "ema_span_1": 922.191587639967,
          "enabled": true,
          "markup_range": 0.024700713427748797,
          "min_markup": 0.0922579004277513,
          "n_close_orders": 12,
          "qty_pct_close": 0.8470505922056659,
          "qty_pct_entry": 0.01,
          "wallet_exposure_limit": 1.0,
          "we_multiplier_close": 4.763803683863779,
          "we_multiplier_entry": 70.82350560636513},
 "short": {"backwards_tp": true,
           "delay_between_fills_minutes_close": 163.5170808655937,
           "delay_between_fills_minutes_entry": 1400.0546838805644,
           "delay_weight_close": 64.91749522128039,
           "delay_weight_entry": 33.843792021333485,
           "ema_dist_close": -0.04106494232554011,
           "ema_dist_entry": 0.009122744780766887,
           "ema_span_0": 145.52803461228544,
           "ema_span_1": 192.38332482588493,
           "enabled": true,
           "markup_range": 0.0967148047503765,
           "min_markup": 0.04867636830340551,
           "n_close_orders": 8,
           "qty_pct_close": 0.34332825577890763,
           "qty_pct_entry": 0.01,
           "wallet_exposure_limit": 1.0,
           "we_multiplier_close": 2.483093416940966,
           "we_multiplier_entry": 98.62473375085618}}