{"config_name": "clock_0days",
 "long": {"backwards_tp": true,
          "delay_between_fills_minutes_close": 43.456006041475085,
          "delay_between_fills_minutes_entry": 1392.0550709142124,
          "delay_weight_close": 3.486319409163838,
          "delay_weight_entry": 11.545473311346383,
          "ema_dist_close": 0.0053265814746426,
          "ema_dist_entry": -0.00563695509145512,
          "ema_span_0": 116.83991653923896,
          "ema_span_1": 1349.969253051192,
          "enabled": true,
          "markup_range": 0.0541285315816424,
          "min_markup": 0.07600362208656404,
          "n_close_orders": 12,
          "qty_pct_close": 0.06130184577557986,
          "qty_pct_entry": 0.015881830998948483,
          "wallet_exposure_limit": 1.0,
          "we_multiplier_close": 6.107102921694212,
          "we_multiplier_entry": 69.95270557734918},
 "short": {"backwards_tp": true,
           "delay_between_fills_minutes_close": 15.967530512897728,
           "delay_between_fills_minutes_entry": 461.21821052530646,
           "delay_weight_close": 19.546426928112318,
           "delay_weight_entry": 15.17720276792231,
           "ema_dist_close": 0.011845828953299341,
           "ema_dist_entry": 0.008885432853727566,
           "ema_span_0": 299.5447964280069,
           "ema_span_1": 274.0807581229049,
           "enabled": true,
           "markup_range": 0.0851986286524574,
           "min_markup": 0.053773183511857225,
           "n_close_orders": 6,
           "qty_pct_close": 0.9575490925013038,
           "qty_pct_entry": 0.01008181030059931,
           "wallet_exposure_limit": 1.0,
           "we_multiplier_close": 1.0839042297515893,
           "we_multiplier_entry": 70.00401676368139}}