{"config_name": "clock_0days",
 "long": {"backwards_tp": true,
          "delay_between_fills_minutes_close": 53.07999687849654,
          "delay_between_fills_minutes_entry": 874.7395847521768,
          "delay_weight_close": 2.772284203230759,
          "delay_weight_entry": 14.50649876412255,
          "ema_dist_close": -0.0026715001539296367,
          "ema_dist_entry": 0.015064716059099741,
          "ema_span_0": 544.655444167163,
          "ema_span_1": 653.0505307806744,
          "enabled": true,
          "markup_range": 0.08018745312914002,
          "min_markup": 0.1,
          "n_close_orders": 7,
          "qty_pct_close": 0.3196602559510542,
          "qty_pct_entry": 0.01,
          "wallet_exposure_limit": 1.0,
          "we_multiplier_close": 0.0005808100213110907,
          "we_multiplier_entry": 66.18851118697167},
 "short": {"backwards_tp": true,
           "delay_between_fills_minutes_close": 59.13901102535114,
           "delay_between_fills_minutes_entry": 821.3743873802342,
           "delay_weight_close": 5.039786428298033,
           "delay_weight_entry": 13.694368309811635,
           "ema_dist_close": 0.013131104721179293,
           "ema_dist_entry": 0.004766432683076869,
           "ema_span_0": 97.45031981165833,
           "ema_span_1": 234.49027214696815,
           "enabled": true,
           "markup_range": 0.055872209174296375,
           "min_markup": 0.09208163315815202,
           "n_close_orders": 8,
           "qty_pct_close": 0.7915653159628074,
           "qty_pct_entry": 0.010070722539997903,
           "wallet_exposure_limit": 1.0,
           "we_multiplier_close": 5.910157620933689,
           "we_multiplier_entry": 69.99503587981168}}