{"config_name": "clock_0days",
 "long": {"backwards_tp": true,
          "delay_between_fills_minutes_close": 47.80075481624729,
          "delay_between_fills_minutes_entry": 260.31576740368286,
          "delay_weight_close": 7.156181669786035,
          "delay_weight_entry": 9.232421915335813,
          "ema_dist_close": 0.005089274804569083,
          "ema_dist_entry": 0.009130655708556196,
          "ema_span_0": 715.9356207884753,
          "ema_span_1": 1344.56256460375,
          "enabled": true,
          "markup_range": 0.025511051223364795,
          "min_markup": 0.0811940545796904,
          "n_close_orders": 4,
          "qty_pct_close": 0.0769117004347111,
          "qty_pct_entry": 0.01,
          "wallet_exposure_limit": 1.0,
          "we_multiplier_close": 2.551484844527865,
          "we_multiplier_entry": 25.161093249156966},
 "short": {"backwards_tp": true,
           "delay_between_fills_minutes_close": 55.89093852606363,
           "delay_between_fills_minutes_entry": 220.17624483636197,
           "delay_weight_close": 16.84458379539297,
           "delay_weight_entry": 1.1099814330874016,
           "ema_dist_close": 0.005342490880782215,
           "ema_dist_entry": -0.0029975394770444994,
           "ema_span_0": 113.45445470395386,
           "ema_span_1": 1258.1584097415816,
           "enabled": true,
           "markup_range": 0.05564812949856597,
           "min_markup": 0.09852923538053328,
           "n_close_orders": 8,
           "qty_pct_close": 0.8064624979819823,
           "qty_pct_entry": 0.01200866206070801,
           "wallet_exposure_limit": 1.0,
           "we_multiplier_close": 4.780125979716512,
           "we_multiplier_entry": 70.0}}