{"config_name": "clock_0days",
 "long": {"backwards_tp": true,
          "delay_between_fills_minutes_close": 51.657903578195594,
          "delay_between_fills_minutes_entry": 270.1989272741617,
          "delay_weight_close": 4.885027171409039,
          "delay_weight_entry": 9.394851623752645,
          "ema_dist_close": 0.0054518843738744615,
          "ema_dist_entry": 0.00999997755108179,
          "ema_span_0": 710.4290621406021,
          "ema_span_1": 1366.1933037207903,
          "enabled": true,
          "markup_range": 0.026365604673832685,
          "min_markup": 0.08499745730728926,
          "n_close_orders": 4,
          "qty_pct_close": 0.07851929388912168,
          "qty_pct_entry": 0.01,
          "wallet_exposure_limit": 1.0,
          "we_multiplier_close": 2.78461151386258,
          "we_multiplier_entry": 23.95696588883828},
 "short": {"backwards_tp": true,
           "delay_between_fills_minutes_close": 179.98957238608673,
           "delay_between_fills_minutes_entry": 267.35634697358665,
           "delay_weight_close": 28.729253202835213,
           "delay_weight_entry": 0,
           "ema_dist_close": 0.0030688884530567077,
           "ema_dist_entry": -0.012117608963365945,
           "ema_span_0": 1168.2832693464213,
           "ema_span_1": 185.64430665243387,
           "enabled": true,
           "markup_range": 0.03539080812908148,
           "min_markup": 0.04129694008901993,
           "n_close_orders": 14,
           "qty_pct_close": 0.11996270482707944,
           "qty_pct_entry": 0.01,
           "wallet_exposure_limit": 1.0,
           "we_multiplier_close": 1.3768554692404813,
           "we_multiplier_entry": 83.35462420346526}}