{"config_name": "clock_0days",
 "long": {"backwards_tp": true,
          "delay_between_fills_minutes_close": 2.4471145694307626,
          "delay_between_fills_minutes_entry": 1405.589512773528,
          "delay_weight_close": 0,
          "delay_weight_entry": 15.641723447051932,
          "ema_dist_close": 0.014510803628458902,
          "ema_dist_entry": 0.013982710840481857,
          "ema_span_0": 429.3200123006225,
          "ema_span_1": 1359.3046721215276,
          "enabled": true,
          "markup_range": 0.012259474555401393,
          "min_markup": 0.07266357119653173,
          "n_close_orders": 13,
          "qty_pct_close": 0.19864887024084243,
          "qty_pct_entry": 0.014485094638644044,
          "wallet_exposure_limit": 1,
          "we_multiplier_close": 9.41266469058802,
          "we_multiplier_entry": 23.302562363853013},
 "short": {"backwards_tp": true,
           "delay_between_fills_minutes_close": 41.03388808215951,
           "delay_between_fills_minutes_entry": 404.5672848080929,
           "delay_weight_close": 6.8742212795140345,
           "delay_weight_entry": 8.931132972545308,
           "ema_dist_close": 0.013389888630169967,
           "ema_dist_entry": 0.009625481435804502,
           "ema_span_0": 184.57316330800154,
           "ema_span_1": 321.7822093256908,
           "enabled": true,
           "markup_range": 0.07995332874654783,
           "min_markup": 0.07386571913093995,
           "n_close_orders": 15,
           "qty_pct_close": 0.7147339656033261,
           "qty_pct_entry": 0.01,
           "wallet_exposure_limit": 1.0,
           "we_multiplier_close": 0.19843059247845155,
           "we_multiplier_entry": 49.790605952777135}}