{"config_name": "clock_0days",
 "long": {"backwards_tp": true,
          "delay_between_fills_minutes_close": 6.139440409916172,
          "delay_between_fills_minutes_entry": 909.7064112796179,
          "delay_weight_close": 10.071040140188439,
          "delay_weight_entry": 19.99960693038734,
          "ema_dist_close": 0.012562490003374966,
          "ema_dist_entry": 0.012475858627363624,
          "ema_span_0": 89.95049424451715,
          "ema_span_1": 326.7702626496139,
          "enabled": true,
          "markup_range": 0.09931839583650877,
          "min_markup": 0.0556109097112277,
          "n_close_orders": 3,
          "qty_pct_close": 0.5244207864691548,
          "qty_pct_entry": 0.012284542639676906,
          "wallet_exposure_limit": 1.0,
          "we_multiplier_close": 9.282012638295033,
          "we_multiplier_entry": 66.33456504987718},
 "short": {"backwards_tp": true,
           "delay_between_fills_minutes_close": 12.957085219349269,
           "delay_between_fills_minutes_entry": 1398.037843145618,
           "delay_weight_close": 16.657445362053018,
           "delay_weight_entry": 6.3862106752557946,
           "ema_dist_close": 0.018275278904142815,
           "ema_dist_entry": 0.010676521122545309,
           "ema_span_0": 391.2786863608935,
           "ema_span_1": 1237.2866350863762,
           "enabled": true,
           "markup_range": 0.06866295149736974,
           "min_markup": 0.021820877165655637,
           "n_close_orders": 4,
           "qty_pct_close": 0.2234608324729948,
           "qty_pct_entry": 0.01,
           "wallet_exposure_limit": 1.0,
           "we_multiplier_close": 7.44537709817612,
           "we_multiplier_entry": 52.282927072225405}}