{"config_name": "clock_0days",
 "long": {"backwards_tp": true,
          "delay_between_fills_minutes_close": 6.279768250693811,
          "delay_between_fills_minutes_entry": 909.2766408844941,
          "delay_weight_close": 10.258622432039681,
          "delay_weight_entry": 19.71482853899049,
          "ema_dist_close": 0.01256770050603191,
          "ema_dist_entry": 0.012492802756127287,
          "ema_span_0": 90.1358290412354,
          "ema_span_1": 325.8007774323253,
          "enabled": true,
          "markup_range": 0.09934596228182699,
          "min_markup": 0.0576847429879879,
          "n_close_orders": 3,
          "qty_pct_close": 0.5246444163898676,
          "qty_pct_entry": 0.012347227660586326,
          "wallet_exposure_limit": 1.0,
          "we_multiplier_close": 9.264794703643302,
          "we_multiplier_entry": 66.4883839385742},
 "short": {"backwards_tp": true,
           "delay_between_fills_minutes_close": 12.93626081224486,
           "delay_between_fills_minutes_entry": 1397.9632066654679,
           "delay_weight_close": 16.657745132976054,
           "delay_weight_entry": 6.38284998742535,
           "ema_dist_close": 0.01828909626151661,
           "ema_dist_entry": 0.010611976200042166,
           "ema_span_0": 391.3357557560109,
           "ema_span_1": 1237.038234378958,
           "enabled": true,
           "markup_range": 0.06868864359658403,
           "min_markup": 0.021823131860687173,
           "n_close_orders": 4,
           "qty_pct_close": 0.22360866808843646,
           "qty_pct_entry": 0.01,
           "wallet_exposure_limit": 1.0,
           "we_multiplier_close": 7.445065766551901,
           "we_multiplier_entry": 52.28523533066519}}