{"config_name": "clock_0days",
 "long": {"backwards_tp": true,
          "delay_between_fills_minutes_close": 135.00358296008233,
          "delay_between_fills_minutes_entry": 1209.1504813847394,
          "delay_weight_close": 3.038343823888687,
          "delay_weight_entry": 7.275310912219738,
          "ema_dist_close": 0.006218319371299055,
          "ema_dist_entry": -0.007675843699814924,
          "ema_span_0": 1330.8920423119134,
          "ema_span_1": 45.90411101759587,
          "enabled": true,
          "markup_range": 0.05699094498808812,
          "min_markup": 0.07822629258059381,
          "n_close_orders": 9,
          "qty_pct_close": 0.8422678050145584,
          "qty_pct_entry": 0.01,
          "wallet_exposure_limit": 1.0,
          "we_multiplier_close": 6.646527260596646,
          "we_multiplier_entry": 92.51219268523108},
 "short": {"backwards_tp": true,
           "delay_between_fills_minutes_close": 97.77464645651662,
           "delay_between_fills_minutes_entry": 205.44491085334607,
           "delay_weight_close": 63.16996292234242,
           "delay_weight_entry": 14.026570050781471,
           "ema_dist_close": 0.008126744326824054,
           "ema_dist_entry": -0.00036292359072548304,
           "ema_span_0": 734.3648103904223,
           "ema_span_1": 157.25738736704784,
           "enabled": true,
           "markup_range": 0.07454412615138964,
           "min_markup": 0.1,
           "n_close_orders": 5,
           "qty_pct_close": 0.58316070508245,
           "qty_pct_entry": 0.012814368227977616,
           "wallet_exposure_limit": 1.0,
           "we_multiplier_close": 7.9140980722093,
           "we_multiplier_entry": 64.07612979859732}}