{"config_name": "clock_0days",
 "long": {"backwards_tp": true,
          "delay_between_fills_minutes_close": 59.87746329903508,
          "delay_between_fills_minutes_entry": 1042.6320707111345,
          "delay_weight_close": 6.512937258325366,
          "delay_weight_entry": 18.02347813398357,
          "ema_dist_close": 0.004854132410836705,
          "ema_dist_entry": 0.011414140928911505,
          "ema_span_0": 110.67183640569438,
          "ema_span_1": 556.9486259553211,
          "enabled": true,
          "markup_range": 0.09581826535688091,
          "min_markup": 0.09978127495009646,
          "n_close_orders": 14,
          "qty_pct_close": 0.2583814687099571,
          "qty_pct_entry": 0.01,
          "wallet_exposure_limit": 1.0,
          "we_multiplier_close": 2.268970172094133,
          "we_multiplier_entry": 70.62306104192277},
 "short": {"backwards_tp": true,
           "delay_between_fills_minutes_close": 38.95886702268242,
           "delay_between_fills_minutes_entry": 427.18348250056414,
           "delay_weight_close": 13.700334044374927,
           "delay_weight_entry": 0.760886313549658,
           "ema_dist_close": 0.014185432599356541,
           "ema_dist_entry": -8.647590380145375e-05,
           "ema_span_0": 660.9493978088024,
           "ema_span_1": 1006.0546120772625,
           "enabled": true,
           "markup_range": 0.0830315807157088,
           "min_markup": 0.02351556922792891,
           "n_close_orders": 10,
           "qty_pct_close": 0.3902534641748774,
           "qty_pct_entry": 0.01,
           "wallet_exposure_limit": 1.0,
           "we_multiplier_close": 9.03372137540671,
           "we_multiplier_entry": 64.63420158519703}}