{"config_name": "clock_0days",
 "long": {"backwards_tp": true,
          "delay_between_fills_minutes_close": 52.27725067398279,
          "delay_between_fills_minutes_entry": 329.24467032355136,
          "delay_weight_close": 10.177669143491375,
          "delay_weight_entry": 15.659405568536485,
          "ema_dist_close": 0.010979761532474128,
          "ema_dist_entry": 0.0016366701647172305,
          "ema_span_0": 237.25077217699024,
          "ema_span_1": 271.79782555477186,
          "enabled": true,
          "markup_range": 0.1,
          "min_markup": 0.09296874661406149,
          "n_close_orders": 7,
          "qty_pct_close": 0.42849053597265135,
          "qty_pct_entry": 0.01,
          "wallet_exposure_limit": 1.0,
          "we_multiplier_close": 1.1724002664941056,
          "we_multiplier_entry": 54.48790823013963},
 "short": {"backwards_tp": true,
           "delay_between_fills_minutes_close": 1.0031392998389552,
           "delay_between_fills_minutes_entry": 556.8605591997382,
           "delay_weight_close": 17.790355849389343,
           "delay_weight_entry": 17.0753063358303,
           "ema_dist_close": 0.008706768999724888,
           "ema_dist_entry": 0.005325586112547476,
           "ema_span_0": 194.55104511279262,
           "ema_span_1": 1359.52112735334,
           "enabled": true,
           "markup_range": 0.0984976786693819,
           "min_markup": 0.08896608686827968,
           "n_close_orders": 3,
           "qty_pct_close": 0.06841200100948383,
           "qty_pct_entry": 0.010300915818825182,
           "wallet_exposure_limit": 1.0,
           "we_multiplier_close": 1.38385527912406,
           "we_multiplier_entry": 67.69916821530964}}