{"config_name": "clock_0days",
 "long": {"backwards_tp": true,
          "delay_between_fills_minutes_close": 116.56176912426544,
          "delay_between_fills_minutes_entry": 1043.912096526093,
          "delay_weight_close": 33.71835409865331,
          "delay_weight_entry": 14.0210410059763,
          "ema_dist_close": 0.008210729714177275,
          "ema_dist_entry": -0.004048703506891662,
          "ema_span_0": 970.7781051752191,
          "ema_span_1": 53.38035717790487,
          "enabled": true,
          "markup_range": 0.0625374408635426,
          "min_markup": 0.09621978273269874,
          "n_close_orders": 10,
          "qty_pct_close": 0.7021051917890977,
          "qty_pct_entry": 0.01,
          "wallet_exposure_limit": 1.0,
          "we_multiplier_close": 3.3591047213646346,
          "we_multiplier_entry": 70.80536234076062},
 "short": {"backwards_tp": true,
           "delay_between_fills_minutes_close": 1.0,
           "delay_between_fills_minutes_entry": 585.2270260305381,
           "delay_weight_close": 10.155146673849787,
           "delay_weight_entry": 20.153766834684887,
           "ema_dist_close": 0.009011446666179248,
           "ema_dist_entry": 0.005698149668220916,
           "ema_span_0": 195.76689095970215,
           "ema_span_1": 1346.308984337454,
           "enabled": true,
           "markup_range": 0.09900359066681536,
           "min_markup": 0.0881535488518941,
           "n_close_orders": 3,
           "qty_pct_close": 0.06977030989216701,
           "qty_pct_entry": 0.01,
           "wallet_exposure_limit": 1.0,
           "we_multiplier_close": 1.4059196956207167,
           "we_multiplier_entry": 65.34633847167413}}