{"config_name": "clock_0days",
 "long": {"backwards_tp": true,
          "delay_between_fills_minutes_close": 123.74331341786232,
          "delay_between_fills_minutes_entry": 1228.055597498022,
          "delay_weight_close": 43.09130891042687,
          "delay_weight_entry": 24.434746074800046,
          "ema_dist_close": -0.020759510717545924,
          "ema_dist_entry": 0.009380895435652563,
          "ema_span_0": 217.73484124110794,
          "ema_span_1": 876.538915404421,
          "enabled": true,
          "markup_range": 0.1,
          "min_markup": 0.09653701136924529,
          "n_close_orders": 15,
          "qty_pct_close": 0.2731696608921496,
          "qty_pct_entry": 0.01,
          "wallet_exposure_limit": 1.0,
          "we_multiplier_close": 3.602758987629214,
          "we_multiplier_entry": 91.05710335575753},
 "short": {"backwards_tp": true,
           "delay_between_fills_minutes_close": 152.98620005378928,
           "delay_between_fills_minutes_entry": 784.1764830461871,
           "delay_weight_close": 36.07596011488747,
           "delay_weight_entry": 13.150211069321035,
           "ema_dist_close": 0.01,
           "ema_dist_entry": 0.001810084193962201,
           "ema_span_0": 95.63779270725635,
           "ema_span_1": 488.09481564299983,
           "enabled": true,
           "markup_range": 0.09568203445779533,
           "min_markup": 0.07351531336908784,
           "n_close_orders": 15,
           "qty_pct_close": 0.07682405319884267,
           "qty_pct_entry": 0.01,
           "wallet_exposure_limit": 1.0,
           "we_multiplier_close": 3.879919204146501,
           "we_multiplier_entry": 13.163267231715679}}