{"config_name": "clock_0days",
 "long": {"backwards_tp": true,
          "delay_between_fills_minutes_close": 40.69630862517973,
          "delay_between_fills_minutes_entry": 787.4075776086007,
          "delay_weight_close": 9.830319681809927,
          "delay_weight_entry": 12.388168670230716,
          "ema_dist_close": 0.008145565300030128,
          "ema_dist_entry": 0.007053769049983488,
          "ema_span_0": 694.6358892962617,
          "ema_span_1": 1362.6204912545545,
          "enabled": true,
          "markup_range": 0.02023758770069578,
          "min_markup": 0.05192504644234701,
          "n_close_orders": 3,
          "qty_pct_close": 0.8122400665197169,
          "qty_pct_entry": 0.01555103982491398,
          "wallet_exposure_limit": 1.0,
          "we_multiplier_close": 7.518462310264136,
          "we_multiplier_entry": 55.75139270518018},
 "short": {"backwards_tp": true,
           "delay_between_fills_minutes_close": 59.647730134434966,
           "delay_between_fills_minutes_entry": 1438.9232571002074,
           "delay_weight_close": 2.192472981453651,
           "delay_weight_entry": 14.936507743216948,
           "ema_dist_close": -0.0014376644230889625,
           "ema_dist_entry": 0.005275290834011203,
           "ema_span_0": 420.2485915182988,
           "ema_span_1": 275.6806380149932,
           "enabled": true,
           "markup_range": 0.03182399631468085,
           "min_markup": 0.059065811000227245,
           "n_close_orders": 4,
           "qty_pct_close": 0.021707817262697028,
           "qty_pct_entry": 0.01,
           "wallet_exposure_limit": 1.0,
           "we_multiplier_close": 1.1811578778774807,
           "we_multiplier_entry": 7.277214945714819}}