{"config_name": "clock_0days",
 "long": {"backwards_tp": true,
          "delay_between_fills_minutes_close": 40.69635305474563,
          "delay_between_fills_minutes_entry": 787.2361398641175,
          "delay_weight_close": 9.82796795117764,
          "delay_weight_entry": 12.387827110671282,
          "ema_dist_close": 0.008144837711079602,
          "ema_dist_entry": 0.007063734977222941,
          "ema_span_0": 694.6736008303898,
          "ema_span_1": 1362.4123746414816,
          "enabled": true,
          "markup_range": 0.020230560251870065,
          "min_markup": 0.051912381359504996,
          "n_close_orders": 3,
          "qty_pct_close": 0.8122537329626236,
          "qty_pct_entry": 0.015552605140004967,
          "wallet_exposure_limit": 1.0,
          "we_multiplier_close": 7.513275679423648,
          "we_multiplier_entry": 55.74662418080381},
 "short": {"backwards_tp": true,
           "delay_between_fills_minutes_close": 59.74956627290039,
           "delay_between_fills_minutes_entry": 1439.9992841819846,
           "delay_weight_close": 4.225514197712505,
           "delay_weight_entry": 14.716574253936816,
           "ema_dist_close": -0.0011932554811718056,
           "ema_dist_entry": 0.0064589618924314335,
           "ema_span_0": 415.00626218254246,
           "ema_span_1": 299.32631116246483,
           "enabled": true,
           "markup_range": 0.03194640859035329,
           "min_markup": 0.05892127396866016,
           "n_close_orders": 4,
           "qty_pct_close": 0.022226938112853097,
           "qty_pct_entry": 0.01,
           "wallet_exposure_limit": 1.0,
           "we_multiplier_close": 1.2082323287279233,
           "we_multiplier_entry": 7.243127009237961}}