{"config_name": "clock_0days",
 "long": {"backwards_tp": true,
          "delay_between_fills_minutes_close": 7.464335019253095,
          "delay_between_fills_minutes_entry": 167.64373092611365,
          "delay_weight_close": 13.353865229274858,
          "delay_weight_entry": 14.640400031901075,
          "ema_dist_close": 0.013705148280108952,
          "ema_dist_entry": 0.005782941931131871,
          "ema_span_0": 477.67631609990895,
          "ema_span_1": 1210.4467284180018,
          "enabled": true,
          "markup_range": 0.04150194718062387,
          "min_markup": 0.08161713108901712,
          "n_close_orders": 13,
          "qty_pct_close": 0.23531874339643644,
          "qty_pct_entry": 0.01,
          "wallet_exposure_limit": 1.0,
          "we_multiplier_close": 1.4083604247312986,
          "we_multiplier_entry": 7.940557081255685},
 "short": {"backwards_tp": true,
           "delay_between_fills_minutes_close": 46.019029795900046,
           "delay_between_fills_minutes_entry": 1229.5960947117653,
           "delay_weight_close": 4.641412634072064,
           "delay_weight_entry": 18.518836193383965,
           "ema_dist_close": 0.011932490178491914,
           "ema_dist_entry": -0.0018624826193646144,
           "ema_span_0": 78.39083749155796,
           "ema_span_1": 1318.6580726700965,
           "enabled": true,
           "markup_range": 0.0493032651271122,
           "min_markup": 0.09083606980067335,
           "n_close_orders": 7,
           "qty_pct_close": 0.17958973268855352,
           "qty_pct_entry": 0.01,
           "wallet_exposure_limit": 1.0,
           "we_multiplier_close": 4.28795448691645,
           "we_multiplier_entry": 31.04343453858887}}