{"config_name": "clock_0days",
 "long": {"backwards_tp": true,
          "delay_between_fills_minutes_close": 179.99994195870877,
          "delay_between_fills_minutes_entry": 1412.0283913658773,
          "delay_weight_close": 73.46006295999392,
          "delay_weight_entry": 26.891274582349,
          "ema_dist_close": -0.017963812656792765,
          "ema_dist_entry": 0.009239978603917426,
          "ema_span_0": 457.32179309824784,
          "ema_span_1": 1137.7105802974584,
          "enabled": true,
          "markup_range": 0.018547288550533177,
          "min_markup": 0.04318864153048032,
          "n_close_orders": 12,
          "qty_pct_close": 0.9713061081433976,
          "qty_pct_entry": 0.011743812701338773,
          "wallet_exposure_limit": 1.0,
          "we_multiplier_close": 3.772741148128814,
          "we_multiplier_entry": 98.69139507710716},
 "short": {"backwards_tp": true,
           "delay_between_fills_minutes_close": 56.56072232156892,
           "delay_between_fills_minutes_entry": 304.83177020265646,
           "delay_weight_close": 41.80921350642231,
           "delay_weight_entry": 8.319048670641251,
           "ema_dist_close": 0.01,
           "ema_dist_entry": 0.004426288146919618,
           "ema_span_0": 404.2031207188671,
           "ema_span_1": 127.81247464658264,
           "enabled": true,
           "markup_range": 0.03739654482414881,
           "min_markup": 0.08566141373970501,
           "n_close_orders": 8,
           "qty_pct_close": 0.4284526073262579,
           "qty_pct_entry": 0.01,
           "wallet_exposure_limit": 1.0,
           "we_multiplier_close": 7.1020109315799855,
           "we_multiplier_entry": 92.12271820058734}}