{"config_name": "clock_0days",
 "long": {"backwards_tp": true,
          "delay_between_fills_minutes_close": 52.16027484728354,
          "delay_between_fills_minutes_entry": 1005.0548822163039,
          "delay_weight_close": 0.9913562060326356,
          "delay_weight_entry": 17.654746490354853,
          "ema_dist_close": 0.00941743326751276,
          "ema_dist_entry": -0.003294672028430402,
          "ema_span_0": 477.8169574592409,
          "ema_span_1": 1180.4907620830193,
          "enabled": true,
          "markup_range": 0.08903983008334128,
          "min_markup": 0.0699775683928471,
          "n_close_orders": 8,
          "qty_pct_close": 0.059588516858297684,
          "qty_pct_entry": 0.01,
          "wallet_exposure_limit": 1.0,
          "we_multiplier_close": 2.0457266646376615,
          "we_multiplier_entry": 4.966590547454331},
 "short": {"backwards_tp": true,
           "delay_between_fills_minutes_close": 16.46644413901233,
           "delay_between_fills_minutes_entry": 1087.4546559861026,
           "delay_weight_close": 5.276827947600219,
           "delay_weight_entry": 19.964879662345908,
           "ema_dist_close": 0.005010539402241437,
           "ema_dist_entry": 0.007194506532957547,
           "ema_span_0": 521.2630507563539,
           "ema_span_1": 1334.1488039538422,
           "enabled": true,
           "markup_range": 0.05819498814494603,
           "min_markup": 0.08540827628772961,
           "n_close_orders": 10,
           "qty_pct_close": 0.03617225978563573,
           "qty_pct_entry": 0.01,
           "wallet_exposure_limit": 1.0,
           "we_multiplier_close": 4.597957075039383,
           "we_multiplier_entry": 12.78594202381878}}