{"config_name": "clock_0days",
 "long": {"backwards_tp": true,
          "delay_between_fills_minutes_close": 52.360306961221525,
          "delay_between_fills_minutes_entry": 989.7384207880008,
          "delay_weight_close": 1.230032945844539,
          "delay_weight_entry": 17.339525462994306,
          "ema_dist_close": 0.009143786485488187,
          "ema_dist_entry": -0.0033258664522172357,
          "ema_span_0": 519.3851978619417,
          "ema_span_1": 1201.6332646564094,
          "enabled": true,
          "markup_range": 0.08870768142139497,
          "min_markup": 0.0699548663574051,
          "n_close_orders": 8,
          "qty_pct_close": 0.048651944135732414,
          "qty_pct_entry": 0.01,
          "wallet_exposure_limit": 1.0,
          "we_multiplier_close": 2.2372235825206785,
          "we_multiplier_entry": 6.058314091534685},
 "short": {"backwards_tp": true,
           "delay_between_fills_minutes_close": 153.29810531227787,
           "delay_between_fills_minutes_entry": 183.6363946714299,
           "delay_weight_close": 21.131189929950125,
           "delay_weight_entry": 21.43668500151344,
           "ema_dist_close": -0.01268587937136454,
           "ema_dist_entry": 0.0067172365003808,
           "ema_span_0": 655.1949116147082,
           "ema_span_1": 186.073466039628,
           "enabled": true,
           "markup_range": 0.09894817744442705,
           "min_markup": 0.0356847387562437,
           "n_close_orders": 11,
           "qty_pct_close": 0.21021442139092164,
           "qty_pct_entry": 0.01,
           "wallet_exposure_limit": 1.0,
           "we_multiplier_close": 0.9256560984410758,
           "we_multiplier_entry": 90.73429003578828}}