{"config_name": "clock_0days",
 "long": {"backwards_tp": true,
          "delay_between_fills_minutes_close": 42.80721334289821,
          "delay_between_fills_minutes_entry": 1403.7342765880971,
          "delay_weight_close": 4.387219624334473,
          "delay_weight_entry": 18.551390017430712,
          "ema_dist_close": -0.00852179931046108,
          "ema_dist_entry": 0.011492780249469547,
          "ema_span_0": 531.8659487418952,
          "ema_span_1": 103.79803507090642,
          "enabled": true,
          "markup_range": 0.09590879545784686,
          "min_markup": 0.09615371055264749,
          "n_close_orders": 16,
          "qty_pct_close": 0.29772418064322653,
          "qty_pct_entry": 0.017962526663228544,
          "wallet_exposure_limit": 1.0,
          "we_multiplier_close": 5.649229319490209,
          "we_multiplier_entry": 67.99267629744725},
 "short": {"backwards_tp": true,
           "delay_between_fills_minutes_close": 34.775135842322285,
           "delay_between_fills_minutes_entry": 898.4760674896185,
           "delay_weight_close": 3.8405444272001477,
           "delay_weight_entry": 6.2066622917653165,
           "ema_dist_close": 0.0036468475901049752,
           "ema_dist_entry": 0.008453993415119446,
           "ema_span_0": 605.1385997998326,
           "ema_span_1": 1279.020057842564,
           "enabled": true,
           "markup_range": 0.06810497641152587,
           "min_markup": 0.09109244024484078,
           "n_close_orders": 12,
           "qty_pct_close": 0.2821524009308819,
           "qty_pct_entry": 0.0371615315635745,
           "wallet_exposure_limit": 1.0,
           "we_multiplier_close": 0.12320066129299594,
           "we_multiplier_entry": 69.65564495874902}}