{"config_name": "clock_0days",
 "long": {"backwards_tp": true,
          "delay_between_fills_minutes_close": 59.2451885995204,
          "delay_between_fills_minutes_entry": 1107.429711291659,
          "delay_weight_close": 1.7196990731394146,
          "delay_weight_entry": 14.49186258511102,
          "ema_dist_close": -0.007316616941666317,
          "ema_dist_entry": 0.010497047232186706,
          "ema_span_0": 478.0132975628866,
          "ema_span_1": 786.6364289827554,
          "enabled": true,
          "markup_range": 0.0795020322785899,
          "min_markup": 0.07172695889984151,
          "n_close_orders": 13,
          "qty_pct_close": 0.2884654262520391,
          "qty_pct_entry": 0.01774510050908641,
          "wallet_exposure_limit": 1.0,
          "we_multiplier_close": 6.240004356322241,
          "we_multiplier_entry": 59.97617009842994},
 "short": {"backwards_tp": true,
           "delay_between_fills_minutes_close": 58.42522846108762,
           "delay_between_fills_minutes_entry": 599.6782434947761,
           "delay_weight_close": 19.62974592206242,
           "delay_weight_entry": 11.373894238134172,
           "ema_dist_close": 0.008699033761052641,
           "ema_dist_entry": 0.008224190065570383,
           "ema_span_0": 478.902219048688,
           "ema_span_1": 567.05106254413,
           "enabled": true,
           "markup_range": 0.016324686369054174,
           "min_markup": 0.0380290369458636,
           "n_close_orders": 3,
           "qty_pct_close": 0.01599377243170596,
           "qty_pct_entry": 0.01,
           "wallet_exposure_limit": 1.0,
           "we_multiplier_close": 0.3854701375077959,
           "we_multiplier_entry": 61.86634802312265}}