{"config_name": "static_grid_124_symbols_410days",
 "logging_level": 0,
 "long": {"auto_unstuck_ema_dist": 0.026477820143012865,
          "auto_unstuck_wallet_exposure_threshold": 0.5331952904631719,
          "backwards_tp": true,
          "ema_span_0": 490.5406447874062,
          "ema_span_1": 1748.9060233831658,
          "enabled": true,
          "eprice_exp_base": 1.042102976967415,
          "eprice_pprice_diff": 0.02425713325249112,
          "grid_span": 0.2057930021830658,
          "initial_eprice_ema_dist": -0.03052154848480526,
          "initial_qty_pct": 0.01,
          "markup_range": 0.0019394111090247019,
          "max_n_entry_orders": 10,
          "min_markup": 0.010586125348847454,
          "n_close_orders": 6,
          "secondary_allocation": 0.028449343879568538,
          "secondary_pprice_diff": 0.43456932920488067,
          "wallet_exposure_limit": 0.1},
 "short": {"auto_unstuck_ema_dist": 0.02682210565342813,
           "auto_unstuck_wallet_exposure_threshold": 0.9319540967635244,
           "backwards_tp": true,
           "ema_span_0": 2055.2525504817745,
           "ema_span_1": 1466.6035732681542,
           "enabled": true,
           "eprice_exp_base": 1.60938372175461,
           "eprice_pprice_diff": 0.022776335753201152,
           "grid_span": 0.4376412486172267,
           "initial_eprice_ema_dist": -0.03712321044909791,
           "initial_qty_pct": 0.01,
           "markup_range": 0.01726095030107351,
           "max_n_entry_orders": 10,
           "min_markup": 0.016893622102008773,
           "n_close_orders": 22,
           "secondary_allocation": 0.2613740769091836,
           "secondary_pprice_diff": 0.35582646635054327,
           "wallet_exposure_limit": 0.1}}
