{"config_name": "static_grid_119_symbols_444days",
 "logging_level": 0,
 "long": {"auto_unstuck_ema_dist": 0.0058946019932320055,
          "auto_unstuck_wallet_exposure_threshold": 0.17812731956755035,
          "backwards_tp": true,
          "ema_span_0": 2394.54569492232,
          "ema_span_1": 1765.3120029105216,
          "enabled": true,
          "eprice_exp_base": 1.1757300992823794,
          "eprice_pprice_diff": 0.036052255360210485,
          "grid_span": 0.3113421207159075,
          "initial_eprice_ema_dist": -0.0030198649518068357,
          "initial_qty_pct": 0.01,
          "markup_range": 0.011391014212568851,
          "max_n_entry_orders": 10,
          "min_markup": 0.018269374842006244,
          "n_close_orders": 12,
          "secondary_allocation": 0.33211612061627654,
          "secondary_pprice_diff": 0.1352004991058658,
          "wallet_exposure_limit": 0.1},
 "short": {"auto_unstuck_ema_dist": 0.0067941958085789515,
           "auto_unstuck_wallet_exposure_threshold": 0.19495988179212162,
           "backwards_tp": true,
           "ema_span_0": 10,
           "ema_span_1": 10,
           "enabled": true,
           "eprice_exp_base": 1.0214219435665122,
           "eprice_pprice_diff": 0.020901083127068464,
           "grid_span": 0.15851813232491,
           "initial_eprice_ema_dist": 0,
           "initial_qty_pct": 0.01,
           "markup_range": 0.027622506788883557,
           "max_n_entry_orders": 10.0,
           "min_markup": 0.006839832329618009,
           "n_close_orders": 6,
           "secondary_allocation": 0.11529884760153168,
           "secondary_pprice_diff": 0.05489899179088002,
           "wallet_exposure_limit": 0.1}}
