{"config_name": "recursive_grid_119_symbols_444days",
 "logging_level": 0,
 "long": {"auto_unstuck_ema_dist": 0.0014919947731285147,
          "auto_unstuck_wallet_exposure_threshold": 0.15590807057855322,
          "backwards_tp": true,
          "ddown_factor": 0.9661670218779443,
          "ema_span_0": 10,
          "ema_span_1": 10,
          "enabled": true,
          "initial_eprice_ema_dist": -0.05169174560638401,
          "initial_qty_pct": 0.012643304823062494,
          "markup_range": 0.006967547726752901,
          "min_markup": 0.008758058696886013,
          "n_close_orders": 5,
          "rentry_pprice_dist": 0.040833605961921475,
          "rentry_pprice_dist_wallet_exposure_weighting": 0,
          "wallet_exposure_limit": 0.1},
 "short": {"auto_unstuck_ema_dist": 0,
           "auto_unstuck_wallet_exposure_threshold": 0.1916506764771297,
           "backwards_tp": true,
           "ddown_factor": 2.786499988075873,
           "ema_span_0": 2035.2304036870871,
           "ema_span_1": 2063.6148600295496,
           "enabled": true,
           "initial_eprice_ema_dist": -0.09348171993820842,
           "initial_qty_pct": 0.04620504758765674,
           "markup_range": 0.05846840606867246,
           "min_markup": 0.008980996566189945,
           "n_close_orders": 6,
           "rentry_pprice_dist": 0.026677922745195058,
           "rentry_pprice_dist_wallet_exposure_weighting": 46.331301875354605,
           "wallet_exposure_limit": 0.1}}
