{"config_name": "static_grid_124_symbols_390days",
 "logging_level": 0,
 "long": {"auto_unstuck_ema_dist": 0,
          "auto_unstuck_wallet_exposure_threshold": 0.0,
          "backwards_tp": true,
          "ema_span_0": 2762.327233654083,
          "ema_span_1": 4283.315547992205,
          "enabled": true,
          "eprice_exp_base": 1,
          "eprice_pprice_diff": 0.03652038796560846,
          "grid_span": 0.44248293500211155,
          "initial_eprice_ema_dist": -0.016344162223989066,
          "initial_qty_pct": 0.014199504771437124,
          "markup_range": 0.02031777166329024,
          "max_n_entry_orders": 10,
          "min_markup": 0.030381541980150095,
          "n_close_orders": 20,
          "secondary_allocation": 0.16465967144496424,
          "secondary_pprice_diff": 0.38295350855934013,
          "wallet_exposure_limit": 0.1},
 "short": {"auto_unstuck_ema_dist": 0,
           "auto_unstuck_wallet_exposure_threshold": 0,
           "backwards_tp": true,
           "ema_span_0": 863.9622214471688,
           "ema_span_1": 7445.395151275561,
           "enabled": true,
           "eprice_exp_base": 2.0556364999627994,
           "eprice_pprice_diff": 0.03996616276221838,
           "grid_span": 0.1610437674084532,
           "initial_eprice_ema_dist": -0.1,
           "initial_qty_pct": 0.040768698360330945,
           "markup_range": 0.05769674509816798,
           "max_n_entry_orders": 10,
           "min_markup": 0.05975857059511865,
           "n_close_orders": 13,
           "secondary_allocation": 0.042537502407543226,
           "secondary_pprice_diff": 0.24998765055512168,
           "wallet_exposure_limit": 0.1}}
