{"config_name": "recursive_grid_80_symbols_275days",
 "logging_level": 0,
 "long": {"auto_unstuck_ema_dist": -0.08488353198380418,
          "auto_unstuck_wallet_exposure_threshold": 0.5985856871807026,
          "ddown_factor": 0.2835384697596366,
          "ema_span_0": 3326.7538545655852,
          "ema_span_1": 1901.1505253540276,
          "enabled": true,
          "initial_eprice_ema_dist": 0.0939124769966308,
          "initial_qty_pct": 0.01660958497942612,
          "markup_range": 0.047432427749175166,
          "min_markup": 0.05635375897623035,
          "n_close_orders": 7,
          "rentry_pprice_dist": 0.027289223383838636,
          "rentry_pprice_dist_wallet_exposure_weighting": 8.408514143093427,
          "wallet_exposure_limit": 0.1},
 "short": {"auto_unstuck_ema_dist": -0.0670210120991457,
           "auto_unstuck_wallet_exposure_threshold": 0.8,
           "ddown_factor": 0.16882297387795556,
           "ema_span_0": 5910.4082444578535,
           "ema_span_1": 6924.602719365892,
           "enabled": true,
           "initial_eprice_ema_dist": -0.058713740191266205,
           "initial_qty_pct": 0.08680695597768218,
           "markup_range": 0.027030295559236805,
           "min_markup": 0.05734707784693241,
           "n_close_orders": 9,
           "rentry_pprice_dist": 0.030275433122232017,
           "rentry_pprice_dist_wallet_exposure_weighting": 7.392924464176768,
           "wallet_exposure_limit": 0.1}}
