{"config_name": "recursive_grid_126_symbols_285days",
 "logging_level": 0,
 "long": {"auto_unstuck_ema_dist": 0.0007985448956199723,
          "auto_unstuck_wallet_exposure_threshold": 0.012514468002150059,
          "ddown_factor": 0.22930939755429847,
          "ema_span_0": 789.7249165793291,
          "ema_span_1": 1603.8445476684756,
          "enabled": true,
          "initial_eprice_ema_dist": 0,
          "initial_qty_pct": 0.012486240405880276,
          "markup_range": 0.039097240376708885,
          "min_markup": 0.04206803411260082,
          "n_close_orders": 12,
          "rentry_pprice_dist": 0.02188412136538562,
          "rentry_pprice_dist_wallet_exposure_weighting": 12.814716068781436,
          "wallet_exposure_limit": 0.1},
 "short": {"auto_unstuck_ema_dist": 0.02360107918060952,
           "auto_unstuck_wallet_exposure_threshold": 0.8696017484288251,
           "ddown_factor": 2.8578807917477422,
           "ema_span_0": 1845.9622772519149,
           "ema_span_1": 2220.149357438459,
           "enabled": true,
           "initial_eprice_ema_dist": -0.08285630558057448,
           "initial_qty_pct": 0.030171219081039008,
           "markup_range": 0.023949596946105916,
           "min_markup": 0.03925744129630296,
           "n_close_orders": 5,
           "rentry_pprice_dist": 0.024734943307523287,
           "rentry_pprice_dist_wallet_exposure_weighting": 54.338880623212155,
           "wallet_exposure_limit": 0.1}}
