{"config_name": "recursive_grid_125_symbols_300days",
 "logging_level": 0,
 "long": {"auto_unstuck_ema_dist": 0,
          "auto_unstuck_wallet_exposure_threshold": 0.07741146038930685,
          "ddown_factor": 0.36212132404627734,
          "ema_span_0": 1212.4469909346994,
          "ema_span_1": 1440,
          "enabled": true,
          "initial_eprice_ema_dist": -0.00048730756130311095,
          "initial_qty_pct": 0.011717897308450924,
          "markup_range": 0.05658615052935292,
          "min_markup": 0.05038435202887167,
          "n_close_orders": 11,
          "rentry_pprice_dist": 0.03965644731126013,
          "rentry_pprice_dist_wallet_exposure_weighting": 5.94156387043507,
          "wallet_exposure_limit": 0.1},
 "short": {"auto_unstuck_ema_dist": 0.05865419903789394,
           "auto_unstuck_wallet_exposure_threshold": 0.9983438365914735,
           "ddown_factor": 0.6637787041627992,
           "ema_span_0": 2256.5756339802188,
           "ema_span_1": 2196.321871378158,
           "enabled": true,
           "initial_eprice_ema_dist": -0.05466039865563452,
           "initial_qty_pct": 0.01030700267702045,
           "markup_range": 0.005,
           "min_markup": 0.00913704196052155,
           "n_close_orders": 14,
           "rentry_pprice_dist": 0.005,
           "rentry_pprice_dist_wallet_exposure_weighting": 67.1336534715989,
           "wallet_exposure_limit": 0.1}}
