{"config_name": "181days_adg0.88%_bkr57%",
 "logging_level": 0,
 "long": {"enabled": true,
          "iprc_MAr_coeffs": [[-0.0712397715030524, 0.09468902410466798],
                              [0.276761749771932, 0.28144062195362746],
                              [0.27609623884952567, -0.1420241950298037]],
          "iprc_const": 0.9848504373806597,
          "iqty_MAr_coeffs": [[0.0425482511916921, 0.0230118766429187],
                              [-0.24472698085641004, 0.3944592475240937],
                              [0.33667405285446617, -0.0037423466210652874]],
          "iqty_const": 0.14630790668939592,
          "markup_MAr_coeffs": [[-0.36278463466119765, 0.3094509043549665],
                                [-0.15245213288903303, -0.33284766123813553],
                                [0.2645218004260761, 0.0030010170847697038]],
          "markup_const": 1.0344938355445992,
          "pbr_limit": 2.201585433445873,
          "pbr_stop_loss": 0.45856290510495507,
          "rprc_MAr_coeffs": [[-0.15897683148219147, -0.04992301362652691],
                              [0.3336051429870541, 0.3582511209714561],
                              [-0.20024324797319032, 0.1468596603137976]],
          "rprc_PBr_coeffs": [[-0.013768746075165237, -0.3312584204806808]],
          "rprc_const": 0.9568654120934104,
          "rqty_MAr_coeffs": [[0.162926976426328, 0.27656401924754936],
                              [-0.3639784735762902, -0.3368232459400366],
                              [0.15002993433557998, 0.1033705700802055]],
          "rqty_const": 0.6836607514673103},
 "max_span": 973.5627247393362,
 "min_span": 453.2897884707048,
 "n_spans": 3,
 "shrt": {"enabled": true,
          "iprc_MAr_coeffs": [[-0.24477693091672656, -0.14408342699420662],
                              [-0.4, 0.21140749486378263],
                              [0.21220458742417236, 0.011702082392662632]],
          "iprc_const": 1.0219981760786745,
          "iqty_MAr_coeffs": [[-0.2738662769870436, 0.4],
                              [-0.3551128745488662, 0.08902560488245033],
                              [-0.19458119634016557, -0.07770085106364347]],
          "iqty_const": 0.014810136468592286,
          "markup_MAr_coeffs": [[-0.33809284409166424, 0.3262878018468501],
                                [-0.24808832962360594, 0.36133821920979103],
                                [0.225107382540742, -0.20938706318432537]],
          "markup_const": 0.9957255865792431,
          "pbr_limit": 1.3853620548088394,
          "pbr_stop_loss": 0.2837703647620699,
          "rprc_MAr_coeffs": [[0.026804010539279055, -0.4],
                              [-0.10110095112505048, -0.046306477121154654],
                              [-0.05148792700346762, -0.24338982528006928]],
          "rprc_PBr_coeffs": [[0.6908788407242221, 0.709196990741538]],
          "rprc_const": 1.0597269275836463,
          "rqty_MAr_coeffs": [[-0.16856272485711898, -0.2363620275294454],
                              [-0.1276224165175016, -0.05808033271408513],
                              [0.06428001995402094, 0.26687968437673615]],
          "rqty_const": 1.5080009585883414}}