{"config_name": "clock_0days",
 "long": {"backwards_tp": true,
          "delay_between_fills_minutes_close": 1440,
          "delay_between_fills_minutes_entry": 1286.7115149942322,
          "delay_weight_close": 0,
          "delay_weight_entry": 7.320623063804392,
          "ema_dist_close": 0.5,
          "ema_dist_entry": 0.0014493735945742582,
          "ema_span_0": 269.9878187862073,
          "ema_span_1": 968.1399209232951,
          "enabled": true,
          "markup_range": 0.0030496508779271556,
          "min_markup": 0.0038654608338763983,
          "n_close_orders": 15,
          "qty_pct_close": 0.01,
          "qty_pct_entry": 0.018382886638201167,
          "wallet_exposure_limit": 1,
          "we_multiplier_close": 0,
          "we_multiplier_entry": 153.08474885134638},
 "short": {"backwards_tp": true,
           "delay_between_fills_minutes_close": 1440,
           "delay_between_fills_minutes_entry": 1143.1655704370814,
           "delay_weight_close": 0,
           "delay_weight_entry": 13.805583770029912,
           "ema_dist_close": 0.5,
           "ema_dist_entry": -0.006083147821878011,
           "ema_span_0": 1439.8246972442375,
           "ema_span_1": 1170.8205702564096,
           "enabled": true,
           "markup_range": 0.005067699852173269,
           "min_markup": 0.003704655716886731,
           "n_close_orders": 12,
           "qty_pct_close": 0.01,
           "qty_pct_entry": 0.02188158583099248,
           "wallet_exposure_limit": 1,
           "we_multiplier_close": 0,
           "we_multiplier_entry": 171.85852824784197}}