{"config_name": "clock_0days",
 "long": {"backwards_tp": true,
          "delay_between_fills_minutes_close": 1440.0,
          "delay_between_fills_minutes_entry": 434.2034980288663,
          "delay_weight_close": 0.0,
          "delay_weight_entry": 20.91936943085918,
          "ema_dist_close": 0.5,
          "ema_dist_entry": 0.0009417308233517723,
          "ema_span_0": 1257.699895885078,
          "ema_span_1": 615.0849187483285,
          "enabled": true,
          "markup_range": 0.0032999380087530084,
          "min_markup": 0.005168841510603819,
          "n_close_orders": 13,
          "qty_pct_close": 0.01,
          "qty_pct_entry": 0.012129143210858609,
          "wallet_exposure_limit": 1.0,
          "we_multiplier_close": 0.0,
          "we_multiplier_entry": 66.4000474174106},
 "short": {"backwards_tp": true,
           "delay_between_fills_minutes_close": 1440.0,
           "delay_between_fills_minutes_entry": 716.7708615516027,
           "delay_weight_close": 0.0,
           "delay_weight_entry": 6.447904184227139,
           "ema_dist_close": 0.5,
           "ema_dist_entry": 0.00033186019733173126,
           "ema_span_0": 1439.6971444610053,
           "ema_span_1": 1435.9791624752204,
           "enabled": true,
           "markup_range": 0.003943205894751863,
           "min_markup": 0.006030139428250939,
           "n_close_orders": 2,
           "qty_pct_close": 0.01,
           "qty_pct_entry": 0.021500087104587576,
           "wallet_exposure_limit": 1.0,
           "we_multiplier_close": 0.0,
           "we_multiplier_entry": 80.56346559500382}}