{"config_name": "clock_0days",
 "long": {"backwards_tp": true,
          "delay_between_fills_minutes_close": 1440,
          "delay_between_fills_minutes_entry": 1026.3476501661237,
          "delay_weight_close": 0,
          "delay_weight_entry": 14.249753830488249,
          "ema_dist_close": 0.5,
          "ema_dist_entry": -0.0025775531644013513,
          "ema_span_0": 335.6552024113533,
          "ema_span_1": 339.1190169403959,
          "enabled": true,
          "markup_range": 0.0007818970110751838,
          "min_markup": 0.0038879865820912276,
          "n_close_orders": 8,
          "qty_pct_close": 0.01,
          "qty_pct_entry": 0.01495919074053665,
          "wallet_exposure_limit": 1,
          "we_multiplier_close": 0,
          "we_multiplier_entry": 103.91826570384775},
 "short": {"backwards_tp": true,
           "delay_between_fills_minutes_close": 1440,
           "delay_between_fills_minutes_entry": 1311.190407451725,
           "delay_weight_close": 0,
           "delay_weight_entry": 14.922514019531201,
           "ema_dist_close": 0.5,
           "ema_dist_entry": 0.0007089363404137566,
           "ema_span_0": 1405.6377665150612,
           "ema_span_1": 1359.6261827822352,
           "enabled": true,
           "markup_range": 0.007120107907035485,
           "min_markup": 0.0034837245985336065,
           "n_close_orders": 4,
           "qty_pct_close": 0.01,
           "qty_pct_entry": 0.011662798707584843,
           "wallet_exposure_limit": 1,
           "we_multiplier_close": 0,
           "we_multiplier_entry": 116.82487134763069}}