{"config_name": "clock_0days",
 "long": {"backwards_tp": true,
          "delay_between_fills_minutes_close": 1440,
          "delay_between_fills_minutes_entry": 1163.4547980964464,
          "delay_weight_close": 0,
          "delay_weight_entry": 15.081705792169231,
          "ema_dist_close": 0.5,
          "ema_dist_entry": -0.003094829334519036,
          "ema_span_0": 1215.9310906360179,
          "ema_span_1": 875.3292490130144,
          "enabled": true,
          "markup_range": 0.007072591430623131,
          "min_markup": 0.004410056822060216,
          "n_close_orders": 5,
          "qty_pct_close": 0.01,
          "qty_pct_entry": 0.016051007920402975,
          "wallet_exposure_limit": 1,
          "we_multiplier_close": 0,
          "we_multiplier_entry": 3.2941634262143897},
 "short": {"backwards_tp": true,
           "delay_between_fills_minutes_close": 1440,
           "delay_between_fills_minutes_entry": 506.2306589238579,
           "delay_weight_close": 0,
           "delay_weight_entry": 4.8770940007126615,
           "ema_dist_close": 0.5,
           "ema_dist_entry": 0.0028650589891193704,
           "ema_span_0": 912.6347965702146,
           "ema_span_1": 804.6254924260887,
           "enabled": true,
           "markup_range": 0.007900539977896864,
           "min_markup": 0.0029878868849524533,
           "n_close_orders": 10,
           "qty_pct_close": 0.01,
           "qty_pct_entry": 0.014370345407923849,
           "wallet_exposure_limit": 1,
           "we_multiplier_close": 0,
           "we_multiplier_entry": 71.11212051163439}}