{"config_name": "clock_0days",
 "long": {"backwards_tp": true,
          "delay_between_fills_minutes_close": 1440,
          "delay_between_fills_minutes_entry": 997.3186423442951,
          "delay_weight_close": 0,
          "delay_weight_entry": 12.994138387538905,
          "ema_dist_close": 0.5,
          "ema_dist_entry": -0.04593611832528719,
          "ema_span_0": 17.004566614672726,
          "ema_span_1": 12.1627001418266,
          "enabled": true,
          "markup_range": 0.004187022074539196,
          "min_markup": 0.0031033156767240125,
          "n_close_orders": 5,
          "qty_pct_close": 0.01,
          "qty_pct_entry": 0.010563647836891545,
          "wallet_exposure_limit": 1,
          "we_multiplier_close": 0,
          "we_multiplier_entry": 177.1855489565955},
 "short": {"backwards_tp": true,
           "delay_between_fills_minutes_close": 1440,
           "delay_between_fills_minutes_entry": 788.6407033702153,
           "delay_weight_close": 0,
           "delay_weight_entry": 6.488307107430014,
           "ema_dist_close": 0.5,
           "ema_dist_entry": -0.008409495141469535,
           "ema_span_0": 628.517037674547,
           "ema_span_1": 776.7502485748096,
           "enabled": true,
           "markup_range": 0.0027616040028718525,
           "min_markup": 0.00868536999039894,
           "n_close_orders": 12,
           "qty_pct_close": 0.01,
           "qty_pct_entry": 0.010824909906914473,
           "wallet_exposure_limit": 1,
           "we_multiplier_close": 0,
           "we_multiplier_entry": 28.05324037263872}}