{"config_name": "clock_0days",
 "long": {"backwards_tp": true,
          "delay_between_fills_minutes_close": 1440,
          "delay_between_fills_minutes_entry": 333.0248990011978,
          "delay_weight_close": 0,
          "delay_weight_entry": 12.50149653051635,
          "ema_dist_close": 0.5,
          "ema_dist_entry": 0.0013716472367887506,
          "ema_span_0": 629.8969948676664,
          "ema_span_1": 93.11442242655644,
          "enabled": true,
          "markup_range": 0.0019068510123556213,
          "min_markup": 0.004121466645557846,
          "n_close_orders": 8,
          "qty_pct_close": 0.01,
          "qty_pct_entry": 0.011387566664635532,
          "wallet_exposure_limit": 1,
          "we_multiplier_close": 0,
          "we_multiplier_entry": 124.16981666419677},
 "short": {"backwards_tp": true,
           "delay_between_fills_minutes_close": 1440,
           "delay_between_fills_minutes_entry": 386.22003005418156,
           "delay_weight_close": 0,
           "delay_weight_entry": 10.966461577368502,
           "ema_dist_close": 0.5,
           "ema_dist_entry": -0.0015890236990070195,
           "ema_span_0": 1084.497031652051,
           "ema_span_1": 851.8299818198121,
           "enabled": true,
           "markup_range": 0.005253412250223808,
           "min_markup": 0.004477903954995935,
           "n_close_orders": 2,
           "qty_pct_close": 0.01,
           "qty_pct_entry": 0.012537834988203708,
           "wallet_exposure_limit": 1,
           "we_multiplier_close": 0,
           "we_multiplier_entry": 87.5020551544548}}