{"config_name": "clock_0days",
 "long": {"backwards_tp": true,
          "delay_between_fills_minutes_close": 1440.0,
          "delay_between_fills_minutes_entry": 1154.4794127746827,
          "delay_weight_close": 0.0,
          "delay_weight_entry": 24.920909316562216,
          "ema_dist_close": 0.5,
          "ema_dist_entry": -0.02477239766269664,
          "ema_span_0": 169.95806817372235,
          "ema_span_1": 937.0857457649182,
          "enabled": true,
          "markup_range": 0.003928552662513541,
          "min_markup": 0.0032737324642925837,
          "n_close_orders": 3,
          "qty_pct_close": 0.01,
          "qty_pct_entry": 0.010721208703355224,
          "wallet_exposure_limit": 1.0,
          "we_multiplier_close": 0.0,
          "we_multiplier_entry": 17.779123719464135},
 "short": {"backwards_tp": true,
           "delay_between_fills_minutes_close": 1440.0,
           "delay_between_fills_minutes_entry": 421.9506334232266,
           "delay_weight_close": 0.0,
           "delay_weight_entry": 6.378014385225538,
           "ema_dist_close": 0.5,
           "ema_dist_entry": -0.002170857888953158,
           "ema_span_0": 921.1213213638873,
           "ema_span_1": 421.89354738345787,
           "enabled": true,
           "markup_range": 0.0016067557948433039,
           "min_markup": 0.006222291956218496,
           "n_close_orders": 15,
           "qty_pct_close": 0.01,
           "qty_pct_entry": 0.015579111526957127,
           "wallet_exposure_limit": 1.0,
           "we_multiplier_close": 0.0,
           "we_multiplier_entry": 58.446077229976005}}