{"config_name": "clock_0days",
 "long": {"backwards_tp": true,
          "delay_between_fills_minutes_close": 1440.0,
          "delay_between_fills_minutes_entry": 882.7431466794969,
          "delay_weight_close": 0.0,
          "delay_weight_entry": 6.325867066676364,
          "ema_dist_close": 0.5,
          "ema_dist_entry": -0.008580917568836666,
          "ema_span_0": 1031.337435556965,
          "ema_span_1": 1182.247060720349,
          "enabled": true,
          "markup_range": 0.0042621721230107785,
          "min_markup": 0.0071156114414255974,
          "n_close_orders": 3,
          "qty_pct_close": 0.01,
          "qty_pct_entry": 0.010057600865997553,
          "wallet_exposure_limit": 1.0,
          "we_multiplier_close": 0.0,
          "we_multiplier_entry": 181.70016317081664},
 "short": {"backwards_tp": true,
           "delay_between_fills_minutes_close": 1440.0,
           "delay_between_fills_minutes_entry": 1226.22560363372,
           "delay_weight_close": 0.0,
           "delay_weight_entry": 7.208172606400397,
           "ema_dist_close": 0.5,
           "ema_dist_entry": -0.0014032677272266037,
           "ema_span_0": 1339.5029075134125,
           "ema_span_1": 1121.9860872800562,
           "enabled": true,
           "markup_range": 0.010631724068790378,
           "min_markup": 0.00801405288372431,
           "n_close_orders": 5,
           "qty_pct_close": 0.01,
           "qty_pct_entry": 0.011681496183298588,
           "wallet_exposure_limit": 1.0,
           "we_multiplier_close": 0.0,
           "we_multiplier_entry": 183.21588784270196}}