{"config_name": "clock_0days",
 "long": {"backwards_tp": true,
          "delay_between_fills_minutes_close": 1440,
          "delay_between_fills_minutes_entry": 592.4447274771671,
          "delay_weight_close": 0,
          "delay_weight_entry": 30.740902719156317,
          "ema_dist_close": 0.5,
          "ema_dist_entry": -0.002030716477444931,
          "ema_span_0": 1237.4837157171992,
          "ema_span_1": 956.70860844406,
          "enabled": true,
          "markup_range": 0.0022178884146122194,
          "min_markup": 0.0035746118174737186,
          "n_close_orders": 5,
          "qty_pct_close": 0.01,
          "qty_pct_entry": 0.013528538739142783,
          "wallet_exposure_limit": 1,
          "we_multiplier_close": 0,
          "we_multiplier_entry": 74.80002673678646},
 "short": {"backwards_tp": true,
           "delay_between_fills_minutes_close": 1440,
           "delay_between_fills_minutes_entry": 1037.0336764237802,
           "delay_weight_close": 0,
           "delay_weight_entry": 40.70536534249238,
           "ema_dist_close": 0.5,
           "ema_dist_entry": -8.489684767231748e-05,
           "ema_span_0": 89.4227880678604,
           "ema_span_1": 1290.494286344828,
           "enabled": true,
           "markup_range": 0.0015670857925433519,
           "min_markup": 0.005614389944496481,
           "n_close_orders": 9,
           "qty_pct_close": 0.01,
           "qty_pct_entry": 0.01917114667954432,
           "wallet_exposure_limit": 1,
           "we_multiplier_close": 0,
           "we_multiplier_entry": 31.192415921776576}}