{"config_name": "clock_0days",
 "long": {"backwards_tp": true,
          "delay_between_fills_minutes_close": 1440.0,
          "delay_between_fills_minutes_entry": 393.7033702031901,
          "delay_weight_close": 0.0,
          "delay_weight_entry": 9.5207501709981,
          "ema_dist_close": 0.5,
          "ema_dist_entry": -0.0031714216586897466,
          "ema_span_0": 1311.1023476390797,
          "ema_span_1": 1049.7821138806773,
          "enabled": true,
          "markup_range": 0.003473728316488006,
          "min_markup": 0.00204839632463195,
          "n_close_orders": 4,
          "qty_pct_close": 0.01,
          "qty_pct_entry": 0.010000301180805828,
          "wallet_exposure_limit": 1.0,
          "we_multiplier_close": 0.0,
          "we_multiplier_entry": 187.11939979323358},
 "short": {"backwards_tp": true,
           "delay_between_fills_minutes_close": 1440.0,
           "delay_between_fills_minutes_entry": 521.989735713168,
           "delay_weight_close": 0.0,
           "delay_weight_entry": 9.61805302488447,
           "ema_dist_close": 0.5,
           "ema_dist_entry": -0.0025956488673176147,
           "ema_span_0": 80.32164460032367,
           "ema_span_1": 1288.664981938469,
           "enabled": true,
           "markup_range": 0.012085630129963986,
           "min_markup": 0.009440143713365604,
           "n_close_orders": 10,
           "qty_pct_close": 0.01,
           "qty_pct_entry": 0.010000002415406016,
           "wallet_exposure_limit": 1.0,
           "we_multiplier_close": 0.0,
           "we_multiplier_entry": 25.16658434353665}}