{"config_name": "clock_0days",
 "long": {"backwards_tp": true,
          "delay_between_fills_minutes_close": 1440.0,
          "delay_between_fills_minutes_entry": 1282.7309953756621,
          "delay_weight_close": 0.0,
          "delay_weight_entry": 5.6454222969381975,
          "ema_dist_close": 0.5,
          "ema_dist_entry": -0.012022887513591912,
          "ema_span_0": 83.09725754150742,
          "ema_span_1": 388.57732286900796,
          "enabled": true,
          "markup_range": 0.004636218357835802,
          "min_markup": 0.007872959120503653,
          "n_close_orders": 3,
          "qty_pct_close": 0.01,
          "qty_pct_entry": 0.012279058961152218,
          "wallet_exposure_limit": 1.0,
          "we_multiplier_close": 0.0,
          "we_multiplier_entry": 9.523281224551855},
 "short": {"backwards_tp": true,
           "delay_between_fills_minutes_close": 1440.0,
           "delay_between_fills_minutes_entry": 443.0930112055015,
           "delay_weight_close": 0.0,
           "delay_weight_entry": 13.140391097564283,
           "ema_dist_close": 0.5,
           "ema_dist_entry": 0.003,
           "ema_span_0": 815.1148396292191,
           "ema_span_1": 794.5977198803791,
           "enabled": true,
           "markup_range": 0.0018896885372170877,
           "min_markup": 0.0023857472923318177,
           "n_close_orders": 4,
           "qty_pct_close": 0.01,
           "qty_pct_entry": 0.010754071744317199,
           "wallet_exposure_limit": 1.0,
           "we_multiplier_close": 0.0,
           "we_multiplier_entry": 48.21531689609601}}