{"config_name": "clock_0days",
 "long": {"backwards_tp": true,
          "delay_between_fills_minutes_close": 1440,
          "delay_between_fills_minutes_entry": 937.6814458943105,
          "delay_weight_close": 0,
          "delay_weight_entry": 8.109532375789616,
          "ema_dist_close": 0.5,
          "ema_dist_entry": -0.004028418442370032,
          "ema_span_0": 711.341170752255,
          "ema_span_1": 856.1336101634121,
          "enabled": true,
          "markup_range": 0.002315836071811992,
          "min_markup": 0.004505291502104689,
          "n_close_orders": 6,
          "qty_pct_close": 0.01,
          "qty_pct_entry": 0.011329487630452129,
          "wallet_exposure_limit": 1,
          "we_multiplier_close": 0,
          "we_multiplier_entry": 46.33581317651431},
 "short": {"backwards_tp": true,
           "delay_between_fills_minutes_close": 1440,
           "delay_between_fills_minutes_entry": 917.8644737237088,
           "delay_weight_close": 0,
           "delay_weight_entry": 14.064176639711661,
           "ema_dist_close": 0.5,
           "ema_dist_entry": 0.0024159807643220725,
           "ema_span_0": 515.8026020754443,
           "ema_span_1": 900.7080237015927,
           "enabled": true,
           "markup_range": 0.004727484279520877,
           "min_markup": 0.009329794221821463,
           "n_close_orders": 2,
           "qty_pct_close": 0.01,
           "qty_pct_entry": 0.012264603034400488,
           "wallet_exposure_limit": 1,
           "we_multiplier_close": 0,
           "we_multiplier_entry": 39.77545018616027}}