{"config_name": "clock_0days",
 "long": {"backwards_tp": true,
          "delay_between_fills_minutes_close": 1440.0,
          "delay_between_fills_minutes_entry": 1292.8640033629063,
          "delay_weight_close": 0.0,
          "delay_weight_entry": 14.562798103225735,
          "ema_dist_close": 0.5,
          "ema_dist_entry": -0.019754662705907318,
          "ema_span_0": 672.5578566689061,
          "ema_span_1": 544.2957113941475,
          "enabled": true,
          "markup_range": 0.006285105299267333,
          "min_markup": 0.006043226473655549,
          "n_close_orders": 6,
          "qty_pct_close": 0.01,
          "qty_pct_entry": 0.01089346184369642,
          "wallet_exposure_limit": 1.0,
          "we_multiplier_close": 0.0,
          "we_multiplier_entry": 35.816047392873244},
 "short": {"backwards_tp": true,
           "delay_between_fills_minutes_close": 1440.0,
           "delay_between_fills_minutes_entry": 863.2511422393941,
           "delay_weight_close": 0.0,
           "delay_weight_entry": 19.937705126444467,
           "ema_dist_close": 0.5,
           "ema_dist_entry": -0.0021390279029252822,
           "ema_span_0": 1232.3087146001071,
           "ema_span_1": 1218.3311426606408,
           "enabled": true,
           "markup_range": 0.005892758302771277,
           "min_markup": 0.004807432310923378,
           "n_close_orders": 2,
           "qty_pct_close": 0.01,
           "qty_pct_entry": 0.0164396215556631,
           "wallet_exposure_limit": 1.0,
           "we_multiplier_close": 0.0,
           "we_multiplier_entry": 69.81048525079247}}