{"config_name": "clock_0days",
 "long": {"backwards_tp": true,
          "delay_between_fills_minutes_close": 1440.0,
          "delay_between_fills_minutes_entry": 1404.6344130391033,
          "delay_weight_close": 0.0,
          "delay_weight_entry": 20.070341132301635,
          "ema_dist_close": 0.5,
          "ema_dist_entry": -0.003345744422459194,
          "ema_span_0": 618.6141228863629,
          "ema_span_1": 557.8281968215645,
          "enabled": true,
          "markup_range": 0.0030100339182528644,
          "min_markup": 0.004195501503474422,
          "n_close_orders": 7,
          "qty_pct_close": 0.01,
          "qty_pct_entry": 0.01594679339027415,
          "wallet_exposure_limit": 1.0,
          "we_multiplier_close": 0.0,
          "we_multiplier_entry": 185.57334328219716},
 "short": {"backwards_tp": true,
           "delay_between_fills_minutes_close": 1440.0,
           "delay_between_fills_minutes_entry": 191.4446348505588,
           "delay_weight_close": 0.0,
           "delay_weight_entry": 17.53629510138219,
           "ema_dist_close": 0.5,
           "ema_dist_entry": -0.008000900111004256,
           "ema_span_0": 1064.9394901713358,
           "ema_span_1": 185.7808523799721,
           "enabled": true,
           "markup_range": 0.0021485308703357918,
           "min_markup": 0.004726385947321945,
           "n_close_orders": 9,
           "qty_pct_close": 0.01,
           "qty_pct_entry": 0.011019109096408509,
           "wallet_exposure_limit": 1.0,
           "we_multiplier_close": 0.0,
           "we_multiplier_entry": 63.86184198220041}}