{"config_name": "clock_0days",
 "long": {"backwards_tp": true,
          "delay_between_fills_minutes_close": 1440.0,
          "delay_between_fills_minutes_entry": 1029.545803191002,
          "delay_weight_close": 0.0,
          "delay_weight_entry": 27.056926575060047,
          "ema_dist_close": 0.5,
          "ema_dist_entry": 0.002861807913150531,
          "ema_span_0": 607.9254757039921,
          "ema_span_1": 630.847441907845,
          "enabled": true,
          "markup_range": 0.0027411475748057856,
          "min_markup": 0.007281413428466077,
          "n_close_orders": 3,
          "qty_pct_close": 0.01,
          "qty_pct_entry": 0.017136761119667977,
          "wallet_exposure_limit": 1.0,
          "we_multiplier_close": 0.0,
          "we_multiplier_entry": 7.899695500137617},
 "short": {"backwards_tp": true,
           "delay_between_fills_minutes_close": 1440.0,
           "delay_between_fills_minutes_entry": 526.1194580174762,
           "delay_weight_close": 0.0,
           "delay_weight_entry": 3.439799101615486,
           "ema_dist_close": 0.5,
           "ema_dist_entry": -0.00503559836678575,
           "ema_span_0": 1288.2119624429627,
           "ema_span_1": 484.7300715261499,
           "enabled": true,
           "markup_range": 0.002046098869285976,
           "min_markup": 0.00944753382573578,
           "n_close_orders": 9,
           "qty_pct_close": 0.01,
           "qty_pct_entry": 0.010078681468994953,
           "wallet_exposure_limit": 1.0,
           "we_multiplier_close": 0.0,
           "we_multiplier_entry": 113.0601296268079}}