{"config_name": "clock_0days",
 "long": {"backwards_tp": true,
          "delay_between_fills_minutes_close": 1440.0,
          "delay_between_fills_minutes_entry": 1172.9152813753735,
          "delay_weight_close": 0.0,
          "delay_weight_entry": 36.29144406895963,
          "ema_dist_close": 0.5,
          "ema_dist_entry": 0.0014104181785729393,
          "ema_span_0": 847.5941044340921,
          "ema_span_1": 1334.6972779518421,
          "enabled": true,
          "markup_range": 0.004546605434193578,
          "min_markup": 0.002367657675547938,
          "n_close_orders": 3,
          "qty_pct_close": 0.01,
          "qty_pct_entry": 0.015386545751003152,
          "wallet_exposure_limit": 1.0,
          "we_multiplier_close": 0.0,
          "we_multiplier_entry": 80.8593215742518},
 "short": {"backwards_tp": true,
           "delay_between_fills_minutes_close": 1440.0,
           "delay_between_fills_minutes_entry": 788.6407033702153,
           "delay_weight_close": 0.0,
           "delay_weight_entry": 6.488307107430014,
           "ema_dist_close": 0.5,
           "ema_dist_entry": -0.008409495141469535,
           "ema_span_0": 628.517037674547,
           "ema_span_1": 776.7502485748096,
           "enabled": true,
           "markup_range": 0.0027616040028718525,
           "min_markup": 0.00868536999039894,
           "n_close_orders": 12,
           "qty_pct_close": 0.01,
           "qty_pct_entry": 0.010824909906914473,
           "wallet_exposure_limit": 1.0,
           "we_multiplier_close": 0.0,
           "we_multiplier_entry": 28.05324037263872}}