{"config_name": "clock_0days",
 "long": {"backwards_tp": true,
          "delay_between_fills_minutes_close": 1440,
          "delay_between_fills_minutes_entry": 319.51611383239435,
          "delay_weight_close": 0,
          "delay_weight_entry": 6.804524486335611,
          "ema_dist_close": 0.5,
          "ema_dist_entry": 0.0011346389773813572,
          "ema_span_0": 990.7675509158352,
          "ema_span_1": 1134.7512244067457,
          "enabled": true,
          "markup_range": 0.005498170720284921,
          "min_markup": 0.0027557870755061326,
          "n_close_orders": 13,
          "qty_pct_close": 0.01,
          "qty_pct_entry": 0.010763363804848838,
          "wallet_exposure_limit": 1,
          "we_multiplier_close": 0,
          "we_multiplier_entry": 81.80706050268574},
 "short": {"backwards_tp": true,
           "delay_between_fills_minutes_close": 1440,
           "delay_between_fills_minutes_entry": 259.9445856794322,
           "delay_weight_close": 0,
           "delay_weight_entry": 2.2414888603089045,
           "ema_dist_close": 0.5,
           "ema_dist_entry": -0.0017895222349542117,
           "ema_span_0": 666.4907078192264,
           "ema_span_1": 1361.8532252943055,
           "enabled": true,
           "markup_range": 0.005890403925411716,
           "min_markup": 0.00298366268230548,
           "n_close_orders": 4,
           "qty_pct_close": 0.01,
           "qty_pct_entry": 0.010373100794621512,
           "wallet_exposure_limit": 1,
           "we_multiplier_close": 0,
           "we_multiplier_entry": 116.54224380236059}}