{"config_name": "clock_0days",
 "long": {"backwards_tp": true,
          "delay_between_fills_minutes_close": 1440.0,
          "delay_between_fills_minutes_entry": 1296.7473276359942,
          "delay_weight_close": 0.0,
          "delay_weight_entry": 26.58178076700095,
          "ema_dist_close": 0.5,
          "ema_dist_entry": -0.04476435021820468,
          "ema_span_0": 1151.0135406323363,
          "ema_span_1": 589.0347350468885,
          "enabled": true,
          "markup_range": 0.00572265173668055,
          "min_markup": 0.002258420866189239,
          "n_close_orders": 8,
          "qty_pct_close": 0.01,
          "qty_pct_entry": 0.010451146486733003,
          "wallet_exposure_limit": 1.0,
          "we_multiplier_close": 0.0,
          "we_multiplier_entry": 10.463816356381457},
 "short": {"backwards_tp": true,
           "delay_between_fills_minutes_close": 1440.0,
           "delay_between_fills_minutes_entry": 995.6148479355164,
           "delay_weight_close": 0.0,
           "delay_weight_entry": 8.0214237084746,
           "ema_dist_close": 0.5,
           "ema_dist_entry": -0.008107644479637304,
           "ema_span_0": 1148.6865584917841,
           "ema_span_1": 480.9380985742173,
           "enabled": true,
           "markup_range": 0.00491736648481071,
           "min_markup": 0.0060956737621703895,
           "n_close_orders": 3,
           "qty_pct_close": 0.01,
           "qty_pct_entry": 0.010702739999573547,
           "wallet_exposure_limit": 1.0,
           "we_multiplier_close": 0.0,
           "we_multiplier_entry": 107.08757747606153}}