{"config_name": "clock_0days",
 "long": {"backwards_tp": true,
          "delay_between_fills_minutes_close": 1440,
          "delay_between_fills_minutes_entry": 1427.8053692245878,
          "delay_weight_close": 0,
          "delay_weight_entry": 16.47090324476226,
          "ema_dist_close": 0.5,
          "ema_dist_entry": 0.0024801114642627902,
          "ema_span_0": 109.8183096284241,
          "ema_span_1": 1097.5742297325526,
          "enabled": true,
          "markup_range": 0.00420992369842291,
          "min_markup": 0.009725301020343522,
          "n_close_orders": 15,
          "qty_pct_close": 0.01,
          "qty_pct_entry": 0.01,
          "wallet_exposure_limit": 1,
          "we_multiplier_close": 0,
          "we_multiplier_entry": 27.67932121757883},
 "short": {"backwards_tp": true,
           "delay_between_fills_minutes_close": 1440,
           "delay_between_fills_minutes_entry": 543.9617300543322,
           "delay_weight_close": 0,
           "delay_weight_entry": 7.107648583769477,
           "ema_dist_close": 0.5,
           "ema_dist_entry": -0.004026928021159002,
           "ema_span_0": 1045.9135732790348,
           "ema_span_1": 1287.1514080945187,
           "enabled": true,
           "markup_range": 0.0043130642127942815,
           "min_markup": 0.008031699333021476,
           "n_close_orders": 2,
           "qty_pct_close": 0.01,
           "qty_pct_entry": 0.010479624876861056,
           "wallet_exposure_limit": 1,
           "we_multiplier_close": 0,
           "we_multiplier_entry": 103.50251559233071}}