{"config_name": "clock_0days",
 "long": {"backwards_tp": true,
          "delay_between_fills_minutes_close": 1440,
          "delay_between_fills_minutes_entry": 721.442904342931,
          "delay_weight_close": 0,
          "delay_weight_entry": 16.94081768361353,
          "ema_dist_close": 0.5,
          "ema_dist_entry": -0.040325754015595815,
          "ema_span_0": 739.9692277821051,
          "ema_span_1": 495.83615674800393,
          "enabled": true,
          "markup_range": 0.005367773868829481,
          "min_markup": 0.0029516885198724585,
          "n_close_orders": 5,
          "qty_pct_close": 0.01,
          "qty_pct_entry": 0.011601024939055599,
          "wallet_exposure_limit": 1,
          "we_multiplier_close": 0,
          "we_multiplier_entry": 66.83550537162338},
 "short": {"backwards_tp": true,
           "delay_between_fills_minutes_close": 1440,
           "delay_between_fills_minutes_entry": 521.989735713168,
           "delay_weight_close": 0,
           "delay_weight_entry": 9.61805302488447,
           "ema_dist_close": 0.5,
           "ema_dist_entry": -0.0025956488673176147,
           "ema_span_0": 80.32164460032367,
           "ema_span_1": 1288.664981938469,
           "enabled": true,
           "markup_range": 0.012085630129963986,
           "min_markup": 0.009440143713365604,
           "n_close_orders": 10,
           "qty_pct_close": 0.01,
           "qty_pct_entry": 0.010000002415406016,
           "wallet_exposure_limit": 1,
           "we_multiplier_close": 0,
           "we_multiplier_entry": 25.16658434353665}}