{"config_name": "clock_0days",
 "long": {"backwards_tp": true,
          "delay_between_fills_minutes_close": 1440.0,
          "delay_between_fills_minutes_entry": 377.3277200849353,
          "delay_weight_close": 0.0,
          "delay_weight_entry": 2.3562623707918555,
          "ema_dist_close": 0.5,
          "ema_dist_entry": -0.000474723736104047,
          "ema_span_0": 1383.4213185499364,
          "ema_span_1": 675.2428417518233,
          "enabled": true,
          "markup_range": 5.850480592495963e-05,
          "min_markup": 0.003660613804718154,
          "n_close_orders": 13,
          "qty_pct_close": 0.01,
          "qty_pct_entry": 0.010110559716027803,
          "wallet_exposure_limit": 1.0,
          "we_multiplier_close": 0.0,
          "we_multiplier_entry": 50.19609044635413},
 "short": {"backwards_tp": true,
           "delay_between_fills_minutes_close": 1440.0,
           "delay_between_fills_minutes_entry": 596.3836180584611,
           "delay_weight_close": 0.0,
           "delay_weight_entry": 3.7300848184081388,
           "ema_dist_close": 0.5,
           "ema_dist_entry": -0.02775726359944314,
           "ema_span_0": 248.42469204440513,
           "ema_span_1": 242.14520138047808,
           "enabled": true,
           "markup_range": 0.0016780670487381033,
           "min_markup": 0.0048248813791584196,
           "n_close_orders": 16,
           "qty_pct_close": 0.01,
           "qty_pct_entry": 0.013413854385291194,
           "wallet_exposure_limit": 1.0,
           "we_multiplier_close": 0.0,
           "we_multiplier_entry": 51.18614207049592}}