{"config_name": "clock_0days",
 "long": {"backwards_tp": true,
          "delay_between_fills_minutes_close": 1440,
          "delay_between_fills_minutes_entry": 1384.5199315068028,
          "delay_weight_close": 0,
          "delay_weight_entry": 13.333986526029907,
          "ema_dist_close": 0.5,
          "ema_dist_entry": 0.002999054106441961,
          "ema_span_0": 1033.2879073578488,
          "ema_span_1": 1072.6114622540683,
          "enabled": true,
          "markup_range": 0.0058521784938352535,
          "min_markup": 0.006702665662937204,
          "n_close_orders": 3,
          "qty_pct_close": 0.01,
          "qty_pct_entry": 0.01000438332105676,
          "wallet_exposure_limit": 1,
          "we_multiplier_close": 0,
          "we_multiplier_entry": 13.699818196124072},
 "short": {"backwards_tp": true,
           "delay_between_fills_minutes_close": 1440,
           "delay_between_fills_minutes_entry": 408.15793428363554,
           "delay_weight_close": 0,
           "delay_weight_entry": 7.49555482737532,
           "ema_dist_close": 0.5,
           "ema_dist_entry": -0.0022177108154162713,
           "ema_span_0": 1171.1348193243286,
           "ema_span_1": 735.5317972289087,
           "enabled": true,
           "markup_range": 0.006144236119360779,
           "min_markup": 0.0045354314642430315,
           "n_close_orders": 2,
           "qty_pct_close": 0.01,
           "qty_pct_entry": 0.01459244272739199,
           "wallet_exposure_limit": 1,
           "we_multiplier_close": 0,
           "we_multiplier_entry": 56.22929788407422}}