{"config_name": "clock_0days",
 "long": {"backwards_tp": true,
          "delay_between_fills_minutes_close": 1440,
          "delay_between_fills_minutes_entry": 882.7431466794969,
          "delay_weight_close": 0,
          "delay_weight_entry": 6.325867066676364,
          "ema_dist_close": 0.5,
          "ema_dist_entry": -0.008580917568836666,
          "ema_span_0": 1031.337435556965,
          "ema_span_1": 1182.247060720349,
          "enabled": true,
          "markup_range": 0.0042621721230107785,
          "min_markup": 0.0071156114414255974,
          "n_close_orders": 3,
          "qty_pct_close": 0.01,
          "qty_pct_entry": 0.010057600865997553,
          "wallet_exposure_limit": 1,
          "we_multiplier_close": 0,
          "we_multiplier_entry": 181.70016317081664},
 "short": {"backwards_tp": true,
           "delay_between_fills_minutes_close": 1440,
           "delay_between_fills_minutes_entry": 1143.1655704370814,
           "delay_weight_close": 0,
           "delay_weight_entry": 13.805583770029912,
           "ema_dist_close": 0.5,
           "ema_dist_entry": -0.006083147821878011,
           "ema_span_0": 1439.8246972442375,
           "ema_span_1": 1170.8205702564096,
           "enabled": true,
           "markup_range": 0.005067699852173269,
           "min_markup": 0.003704655716886731,
           "n_close_orders": 12,
           "qty_pct_close": 0.01,
           "qty_pct_entry": 0.02188158583099248,
           "wallet_exposure_limit": 1,
           "we_multiplier_close": 0,
           "we_multiplier_entry": 171.85852824784197}}