{"config_name": "clock_0days",
 "long": {"backwards_tp": true,
          "delay_between_fills_minutes_close": 1440,
          "delay_between_fills_minutes_entry": 434.2034980288663,
          "delay_weight_close": 0,
          "delay_weight_entry": 20.91936943085918,
          "ema_dist_close": 0.5,
          "ema_dist_entry": 0.0009417308233517723,
          "ema_span_0": 1257.699895885078,
          "ema_span_1": 615.0849187483285,
          "enabled": true,
          "markup_range": 0.0032999380087530084,
          "min_markup": 0.005168841510603819,
          "n_close_orders": 13,
          "qty_pct_close": 0.01,
          "qty_pct_entry": 0.012129143210858609,
          "wallet_exposure_limit": 1,
          "we_multiplier_close": 0,
          "we_multiplier_entry": 66.4000474174106},
 "short": {"backwards_tp": true,
           "delay_between_fills_minutes_close": 1440,
           "delay_between_fills_minutes_entry": 1204.4504018477176,
           "delay_weight_close": 0,
           "delay_weight_entry": 8.456573018317544,
           "ema_dist_close": 0.5,
           "ema_dist_entry": -0.00526688637959007,
           "ema_span_0": 910.4881204702172,
           "ema_span_1": 1272.8496971761015,
           "enabled": true,
           "markup_range": 0.00847433763231432,
           "min_markup": 0.006892972857856767,
           "n_close_orders": 13,
           "qty_pct_close": 0.01,
           "qty_pct_entry": 0.015936662152721447,
           "wallet_exposure_limit": 1,
           "we_multiplier_close": 0,
           "we_multiplier_entry": 149.7859695564768}}