{"config_name": "clock_0days",
 "long": {"backwards_tp": true,
          "delay_between_fills_minutes_close": 1440.0,
          "delay_between_fills_minutes_entry": 1427.753763440434,
          "delay_weight_close": 0.0,
          "delay_weight_entry": 50.024993437291016,
          "ema_dist_close": 0.5,
          "ema_dist_entry": 0.0029984123537831462,
          "ema_span_0": 1146.275680471289,
          "ema_span_1": 1211.7591762285997,
          "enabled": true,
          "markup_range": 0.00022110031591946144,
          "min_markup": 0.0022875156766732118,
          "n_close_orders": 5,
          "qty_pct_close": 0.01,
          "qty_pct_entry": 0.01683697771584979,
          "wallet_exposure_limit": 1.0,
          "we_multiplier_close": 0.0,
          "we_multiplier_entry": 101.36496167705751},
 "short": {"backwards_tp": true,
           "delay_between_fills_minutes_close": 1440.0,
           "delay_between_fills_minutes_entry": 531.6540290637842,
           "delay_weight_close": 0.0,
           "delay_weight_entry": 9.418141579355007,
           "ema_dist_close": 0.5,
           "ema_dist_entry": -0.002750779700532813,
           "ema_span_0": 1048.304636003388,
           "ema_span_1": 790.049591478768,
           "enabled": true,
           "markup_range": 0.0041323589040747075,
           "min_markup": 0.009298109531332314,
           "n_close_orders": 4,
           "qty_pct_close": 0.01,
           "qty_pct_entry": 0.015327382056955186,
           "wallet_exposure_limit": 1.0,
           "we_multiplier_close": 0.0,
           "we_multiplier_entry": 24.91551336735291}}