{"config_name": "clock_0days",
 "long": {"backwards_tp": true,
          "delay_between_fills_minutes_close": 1440.0,
          "delay_between_fills_minutes_entry": 898.4035473700995,
          "delay_weight_close": 0.0,
          "delay_weight_entry": 12.666416816439737,
          "ema_dist_close": 0.5,
          "ema_dist_entry": -0.027453387161942622,
          "ema_span_0": 156.33816179289428,
          "ema_span_1": 433.97916449878875,
          "enabled": true,
          "markup_range": 0.0006128258355273302,
          "min_markup": 0.0027722564571555585,
          "n_close_orders": 4,
          "qty_pct_close": 0.01,
          "qty_pct_entry": 0.010226401255368962,
          "wallet_exposure_limit": 1.0,
          "we_multiplier_close": 0.0,
          "we_multiplier_entry": 6.1409460954740425},
 "short": {"backwards_tp": true,
           "delay_between_fills_minutes_close": 1440.0,
           "delay_between_fills_minutes_entry": 539.350806206751,
           "delay_weight_close": 0.0,
           "delay_weight_entry": 15.761609500113442,
           "ema_dist_close": 0.5,
           "ema_dist_entry": -0.028752453514626623,
           "ema_span_0": 1168.4163521571909,
           "ema_span_1": 13.062721909732593,
           "enabled": true,
           "markup_range": 0.0021858675114520133,
           "min_markup": 0.0021655661016857894,
           "n_close_orders": 12,
           "qty_pct_close": 0.01,
           "qty_pct_entry": 0.01,
           "wallet_exposure_limit": 1.0,
           "we_multiplier_close": 0.0,
           "we_multiplier_entry": 194.85882138319377}}