{"config_name": "clock_0days",
 "long": {"backwards_tp": true,
          "delay_between_fills_minutes_close": 1440,
          "delay_between_fills_minutes_entry": 1406.1187378308198,
          "delay_weight_close": 0,
          "delay_weight_entry": 7.953988309979398,
          "ema_dist_close": 0.5,
          "ema_dist_entry": -0.015363337606733692,
          "ema_span_0": 1373.361148994648,
          "ema_span_1": 531.699066349209,
          "enabled": true,
          "markup_range": 2.1195628788660724e-09,
          "min_markup": 0.0013500213826178778,
          "n_close_orders": 3,
          "qty_pct_close": 0.01,
          "qty_pct_entry": 0.010001156711128448,
          "wallet_exposure_limit": 1,
          "we_multiplier_close": 0,
          "we_multiplier_entry": 0.12768239857648475},
 "short": {"backwards_tp": true,
           "delay_between_fills_minutes_close": 1440,
           "delay_between_fills_minutes_entry": 1169.3709923896713,
           "delay_weight_close": 0,
           "delay_weight_entry": 3.9190365844422823,
           "ema_dist_close": 0.5,
           "ema_dist_entry": -0.002859569479767406,
           "ema_span_0": 1338.870474057141,
           "ema_span_1": 959.4416273692416,
           "enabled": true,
           "markup_range": 0.011113377917496283,
           "min_markup": 0.0021050864448682633,
           "n_close_orders": 3,
           "qty_pct_close": 0.01,
           "qty_pct_entry": 0.010092126759422334,
           "wallet_exposure_limit": 1,
           "we_multiplier_close": 0,
           "we_multiplier_entry": 150.30548874262317}}