{"config_name": "clock_0days",
 "long": {"backwards_tp": true,
          "delay_between_fills_minutes_close": 1440.0,
          "delay_between_fills_minutes_entry": 957.9960248480289,
          "delay_weight_close": 0.0,
          "delay_weight_entry": 13.816287841911128,
          "ema_dist_close": 0.5,
          "ema_dist_entry": 0.0028726326715525713,
          "ema_span_0": 305.45315293045934,
          "ema_span_1": 1165.3618843280447,
          "enabled": true,
          "markup_range": 0.0006162518976634655,
          "min_markup": 0.008555338387715708,
          "n_close_orders": 8,
          "qty_pct_close": 0.01,
          "qty_pct_entry": 0.01014465823403099,
          "wallet_exposure_limit": 1.0,
          "we_multiplier_close": 0.0,
          "we_multiplier_entry": 5.095603854919286},
 "short": {"backwards_tp": true,
           "delay_between_fills_minutes_close": 1440.0,
           "delay_between_fills_minutes_entry": 1398.121427608936,
           "delay_weight_close": 0.0,
           "delay_weight_entry": 9.103827952165796,
           "ema_dist_close": 0.5,
           "ema_dist_entry": -0.002657392058154025,
           "ema_span_0": 1134.4942066510444,
           "ema_span_1": 1123.2924785513724,
           "enabled": true,
           "markup_range": 0.005641023920501309,
           "min_markup": 0.006203684008164349,
           "n_close_orders": 10,
           "qty_pct_close": 0.01,
           "qty_pct_entry": 0.015152562791794517,
           "wallet_exposure_limit": 1.0,
           "we_multiplier_close": 0.0,
           "we_multiplier_entry": 169.07399319054156}}