{"config_name": "clock_0days",
 "long": {"backwards_tp": true,
          "delay_between_fills_minutes_close": 1440.0,
          "delay_between_fills_minutes_entry": 890.8825483063074,
          "delay_weight_close": 0.0,
          "delay_weight_entry": 8.887429043982515,
          "ema_dist_close": 0.5,
          "ema_dist_entry": -0.011092254584348064,
          "ema_span_0": 442.3714578988371,
          "ema_span_1": 1090.9485302542296,
          "enabled": true,
          "markup_range": 0.003923697328675993,
          "min_markup": 0.0055423927367326395,
          "n_close_orders": 10,
          "qty_pct_close": 0.01,
          "qty_pct_entry": 0.017179552129660373,
          "wallet_exposure_limit": 1.0,
          "we_multiplier_close": 0.0,
          "we_multiplier_entry": 18.83101830738728},
 "short": {"backwards_tp": true,
           "delay_between_fills_minutes_close": 1440.0,
           "delay_between_fills_minutes_entry": 968.4248803584322,
           "delay_weight_close": 0.0,
           "delay_weight_entry": 7.826788405865421,
           "ema_dist_close": 0.5,
           "ema_dist_entry": -0.0067851756179221935,
           "ema_span_0": 172.83960976437214,
           "ema_span_1": 1107.1816174307617,
           "enabled": true,
           "markup_range": 0.008160678268626298,
           "min_markup": 0.0035662017309151875,
           "n_close_orders": 14,
           "qty_pct_close": 0.01,
           "qty_pct_entry": 0.01239298862482441,
           "wallet_exposure_limit": 1.0,
           "we_multiplier_close": 0.0,
           "we_multiplier_entry": 26.215311177185594}}