{"config_name": "clock_0days",
 "long": {"backwards_tp": true,
          "delay_between_fills_minutes_close": 1440.0,
          "delay_between_fills_minutes_entry": 1087.0760573887383,
          "delay_weight_close": 0.0,
          "delay_weight_entry": 31.14619506634631,
          "ema_dist_close": 0.5,
          "ema_dist_entry": 0.0012630309605521607,
          "ema_span_0": 1058.9876601449675,
          "ema_span_1": 1109.426475024321,
          "enabled": true,
          "markup_range": 0.0014572464910542575,
          "min_markup": 0.0029807278834869284,
          "n_close_orders": 13,
          "qty_pct_close": 0.01,
          "qty_pct_entry": 0.012489925578103417,
          "wallet_exposure_limit": 1.0,
          "we_multiplier_close": 0.0,
          "we_multiplier_entry": 68.69493210382755},
 "short": {"backwards_tp": true,
           "delay_between_fills_minutes_close": 1440.0,
           "delay_between_fills_minutes_entry": 162.97675119416152,
           "delay_weight_close": 0.0,
           "delay_weight_entry": 11.737520639010652,
           "ema_dist_close": 0.5,
           "ema_dist_entry": -0.008057505079548588,
           "ema_span_0": 560.5629984491662,
           "ema_span_1": 370.729975517327,
           "enabled": true,
           "markup_range": 0.003171177814769864,
           "min_markup": 0.003173690636662625,
           "n_close_orders": 6,
           "qty_pct_close": 0.01,
           "qty_pct_entry": 0.010042837552253013,
           "wallet_exposure_limit": 1.0,
           "we_multiplier_close": 0.0,
           "we_multiplier_entry": 13.714555472856352}}