{"config_name": "clock_0days",
 "long": {"backwards_tp": true,
          "delay_between_fills_minutes_close": 1440,
          "delay_between_fills_minutes_entry": 1234.894253735394,
          "delay_weight_close": 0,
          "delay_weight_entry": 14.887412330318506,
          "ema_dist_close": 0.5,
          "ema_dist_entry": -0.03191052664074509,
          "ema_span_0": 581.362211071046,
          "ema_span_1": 736.1641684804729,
          "enabled": true,
          "markup_range": 0.006185770996319597,
          "min_markup": 0.0013467025534472322,
          "n_close_orders": 16,
          "qty_pct_close": 0.01,
          "qty_pct_entry": 0.012887012753389299,
          "wallet_exposure_limit": 1,
          "we_multiplier_close": 0,
          "we_multiplier_entry": 185.35731439711503},
 "short": {"backwards_tp": true,
           "delay_between_fills_minutes_close": 1440,
           "delay_between_fills_minutes_entry": 870.5355035556429,
           "delay_weight_close": 0,
           "delay_weight_entry": 9.262053098615151,
           "ema_dist_close": 0.5,
           "ema_dist_entry": -0.0021262117834825807,
           "ema_span_0": 1387.8223285810868,
           "ema_span_1": 1417.8557805167409,
           "enabled": true,
           "markup_range": 0.008120404798809726,
           "min_markup": 0.009903331266251193,
           "n_close_orders": 3,
           "qty_pct_close": 0.01,
           "qty_pct_entry": 0.010906025730246835,
           "wallet_exposure_limit": 1,
           "we_multiplier_close": 0,
           "we_multiplier_entry": 84.87558232980746}}