{"config_name": "clock_0days",
 "long": {"backwards_tp": true,
          "delay_between_fills_minutes_close": 1440.0,
          "delay_between_fills_minutes_entry": 1200.1243786329517,
          "delay_weight_close": 0.0,
          "delay_weight_entry": 11.223172052125964,
          "ema_dist_close": 0.5,
          "ema_dist_entry": 0.00277785726997636,
          "ema_span_0": 1005.4520917245706,
          "ema_span_1": 76.29616880993517,
          "enabled": true,
          "markup_range": 0.0030776371454897013,
          "min_markup": 0.005030031878103234,
          "n_close_orders": 11,
          "qty_pct_close": 0.01,
          "qty_pct_entry": 0.01474297910644653,
          "wallet_exposure_limit": 1.0,
          "we_multiplier_close": 0.0,
          "we_multiplier_entry": 62.781878993154116},
 "short": {"backwards_tp": true,
           "delay_between_fills_minutes_close": 1440.0,
           "delay_between_fills_minutes_entry": 1405.6749885236993,
           "delay_weight_close": 0.0,
           "delay_weight_entry": 11.127261116453344,
           "ema_dist_close": 0.5,
           "ema_dist_entry": 0.0007206568197247038,
           "ema_span_0": 819.8600944672553,
           "ema_span_1": 961.4806480146101,
           "enabled": true,
           "markup_range": 0.01387228407101982,
           "min_markup": 0.009193376489434786,
           "n_close_orders": 3,
           "qty_pct_close": 0.01,
           "qty_pct_entry": 0.014275565980299674,
           "wallet_exposure_limit": 1.0,
           "we_multiplier_close": 0.0,
           "we_multiplier_entry": 21.061919218010665}}