{"config_name": "clock_0days",
 "long": {"backwards_tp": true,
          "delay_between_fills_minutes_close": 1440.0,
          "delay_between_fills_minutes_entry": 1189.5964790369355,
          "delay_weight_close": 0.0,
          "delay_weight_entry": 17.588268442412538,
          "ema_dist_close": 0.5,
          "ema_dist_entry": -0.02709301763259863,
          "ema_span_0": 1037.6039478697446,
          "ema_span_1": 269.2083512584359,
          "enabled": true,
          "markup_range": 0.007039359366474804,
          "min_markup": 0.005329015740394788,
          "n_close_orders": 4,
          "qty_pct_close": 0.01,
          "qty_pct_entry": 0.01025370747085322,
          "wallet_exposure_limit": 1.0,
          "we_multiplier_close": 0.0,
          "we_multiplier_entry": 87.75325698205891},
 "short": {"backwards_tp": true,
           "delay_between_fills_minutes_close": 1440.0,
           "delay_between_fills_minutes_entry": 368.70113171706583,
           "delay_weight_close": 0.0,
           "delay_weight_entry": 8.532864668448827,
           "ema_dist_close": 0.5,
           "ema_dist_entry": 0.0028493347780299914,
           "ema_span_0": 1348.0968018401657,
           "ema_span_1": 1439.9727757793169,
           "enabled": true,
           "markup_range": 0.0030064599640187055,
           "min_markup": 0.008083835753057222,
           "n_close_orders": 7,
           "qty_pct_close": 0.01,
           "qty_pct_entry": 0.028683420406945763,
           "wallet_exposure_limit": 1.0,
           "we_multiplier_close": 0.0,
           "we_multiplier_entry": 3.3695779877912875}}