{"config_name": "clock_0days",
 "long": {"backwards_tp": true,
          "delay_between_fills_minutes_close": 1440.0,
          "delay_between_fills_minutes_entry": 544.2095368634214,
          "delay_weight_close": 0.0,
          "delay_weight_entry": 14.62349013693697,
          "ema_dist_close": 0.5,
          "ema_dist_entry": -0.03244984085967254,
          "ema_span_0": 1311.1317856323847,
          "ema_span_1": 922.7833714329246,
          "enabled": true,
          "markup_range": 0.006660728447148102,
          "min_markup": 0.0032391733205788366,
          "n_close_orders": 2,
          "qty_pct_close": 0.01,
          "qty_pct_entry": 0.013143699316219115,
          "wallet_exposure_limit": 1.0,
          "we_multiplier_close": 0.0,
          "we_multiplier_entry": 18.915579540723776},
 "short": {"backwards_tp": true,
           "delay_between_fills_minutes_close": 1440.0,
           "delay_between_fills_minutes_entry": 1375.4661878977738,
           "delay_weight_close": 0.0,
           "delay_weight_entry": 15.87488874720957,
           "ema_dist_close": 0.5,
           "ema_dist_entry": -0.003604006348324839,
           "ema_span_0": 775.5329778264877,
           "ema_span_1": 1407.1114145192935,
           "enabled": true,
           "markup_range": 0.006905147198746077,
           "min_markup": 0.009560743880172248,
           "n_close_orders": 5,
           "qty_pct_close": 0.01,
           "qty_pct_entry": 0.019372559462216707,
           "wallet_exposure_limit": 1.0,
           "we_multiplier_close": 0.0,
           "we_multiplier_entry": 36.922686226350024}}