{"config_name": "clock_0days",
 "long": {"backwards_tp": true,
          "delay_between_fills_minutes_close": 1440.0,
          "delay_between_fills_minutes_entry": 1181.0705926695373,
          "delay_weight_close": 0.0,
          "delay_weight_entry": 12.826136133989479,
          "ema_dist_close": 0.5,
          "ema_dist_entry": 0.003,
          "ema_span_0": 167.2321773215381,
          "ema_span_1": 14.996733366398642,
          "enabled": true,
          "markup_range": 0.0048745334619323495,
          "min_markup": 0.0056877665558384485,
          "n_close_orders": 6,
          "qty_pct_close": 0.01,
          "qty_pct_entry": 0.015466665538191924,
          "wallet_exposure_limit": 1.0,
          "we_multiplier_close": 0.0,
          "we_multiplier_entry": 6.36823859092739e-05},
 "short": {"backwards_tp": true,
           "delay_between_fills_minutes_close": 1440.0,
           "delay_between_fills_minutes_entry": 1439.0547525970458,
           "delay_weight_close": 0.0,
           "delay_weight_entry": 10.629574054320253,
           "ema_dist_close": 0.5,
           "ema_dist_entry": 0.002089783785733799,
           "ema_span_0": 223.3792492346065,
           "ema_span_1": 237.31749936454665,
           "enabled": true,
           "markup_range": 0.006257008949121468,
           "min_markup": 0.008737741662901118,
           "n_close_orders": 5,
           "qty_pct_close": 0.01,
           "qty_pct_entry": 0.015113233065691775,
           "wallet_exposure_limit": 1.0,
           "we_multiplier_close": 0.0,
           "we_multiplier_entry": 38.97218759209293}}