{"config_name": "clock_0days",
 "long": {"backwards_tp": true,
          "delay_between_fills_minutes_close": 1440,
          "delay_between_fills_minutes_entry": 1186.2758040188435,
          "delay_weight_close": 0,
          "delay_weight_entry": 26.233721127634087,
          "ema_dist_close": 0.5,
          "ema_dist_entry": 0.0029848538061941357,
          "ema_span_0": 691.4409158594357,
          "ema_span_1": 381.3653626678993,
          "enabled": true,
          "markup_range": 0.001432596897629866,
          "min_markup": 0.005062874816550188,
          "n_close_orders": 13,
          "qty_pct_close": 0.01,
          "qty_pct_entry": 0.0106105475669263,
          "wallet_exposure_limit": 1,
          "we_multiplier_close": 0,
          "we_multiplier_entry": 77.52335891842131},
 "short": {"backwards_tp": true,
           "delay_between_fills_minutes_close": 1440,
           "delay_between_fills_minutes_entry": 1375.4661878977738,
           "delay_weight_close": 0,
           "delay_weight_entry": 15.87488874720957,
           "ema_dist_close": 0.5,
           "ema_dist_entry": -0.003604006348324839,
           "ema_span_0": 775.5329778264877,
           "ema_span_1": 1407.1114145192935,
           "enabled": true,
           "markup_range": 0.006905147198746077,
           "min_markup": 0.009560743880172248,
           "n_close_orders": 5,
           "qty_pct_close": 0.01,
           "qty_pct_entry": 0.019372559462216707,
           "wallet_exposure_limit": 1,
           "we_multiplier_close": 0,
           "we_multiplier_entry": 36.922686226350024}}