{"config_name": "clock_0days",
 "long": {"backwards_tp": true,
          "delay_between_fills_minutes_close": 1440.0,
          "delay_between_fills_minutes_entry": 1140.319942006233,
          "delay_weight_close": 0.0,
          "delay_weight_entry": 8.206259882891624,
          "ema_dist_close": 0.5,
          "ema_dist_entry": -0.03837439881726776,
          "ema_span_0": 998.6178579978504,
          "ema_span_1": 273.7942002177765,
          "enabled": true,
          "markup_range": 0.0020152783697011977,
          "min_markup": 0.002875688931818839,
          "n_close_orders": 16,
          "qty_pct_close": 0.01,
          "qty_pct_entry": 0.011046145103191107,
          "wallet_exposure_limit": 1.0,
          "we_multiplier_close": 0.0,
          "we_multiplier_entry": 101.94674926903404},
 "short": {"backwards_tp": true,
           "delay_between_fills_minutes_close": 1440.0,
           "delay_between_fills_minutes_entry": 954.1181833596843,
           "delay_weight_close": 0.0,
           "delay_weight_entry": 6.875858141247208,
           "ema_dist_close": 0.5,
           "ema_dist_entry": -0.002593545349078835,
           "ema_span_0": 467.2781934810293,
           "ema_span_1": 1247.181750993832,
           "enabled": true,
           "markup_range": 0.004348497467116142,
           "min_markup": 0.004270986575064451,
           "n_close_orders": 3,
           "qty_pct_close": 0.01,
           "qty_pct_entry": 0.016939495760450462,
           "wallet_exposure_limit": 1.0,
           "we_multiplier_close": 0.0,
           "we_multiplier_entry": 190.70818821684756}}