{"config_name": "clock_0days",
 "long": {"backwards_tp": true,
          "delay_between_fills_minutes_close": 1440.0,
          "delay_between_fills_minutes_entry": 729.7062071949961,
          "delay_weight_close": 0.0,
          "delay_weight_entry": 7.907990730983253,
          "ema_dist_close": 0.5,
          "ema_dist_entry": -0.01277632678908434,
          "ema_span_0": 513.5422491392088,
          "ema_span_1": 117.90301680371091,
          "enabled": true,
          "markup_range": 0.0003751863062795278,
          "min_markup": 0.0028888326357563937,
          "n_close_orders": 13,
          "qty_pct_close": 0.01,
          "qty_pct_entry": 0.010000813536573335,
          "wallet_exposure_limit": 1.0,
          "we_multiplier_close": 0.0,
          "we_multiplier_entry": 187.35376249155797},
 "short": {"backwards_tp": true,
           "delay_between_fills_minutes_close": 1440.0,
           "delay_between_fills_minutes_entry": 1204.4504018477176,
           "delay_weight_close": 0.0,
           "delay_weight_entry": 8.456573018317544,
           "ema_dist_close": 0.5,
           "ema_dist_entry": -0.00526688637959007,
           "ema_span_0": 910.4881204702172,
           "ema_span_1": 1272.8496971761015,
           "enabled": true,
           "markup_range": 0.00847433763231432,
           "min_markup": 0.006892972857856767,
           "n_close_orders": 13,
           "qty_pct_close": 0.01,
           "qty_pct_entry": 0.015936662152721447,
           "wallet_exposure_limit": 1.0,
           "we_multiplier_close": 0.0,
           "we_multiplier_entry": 149.7859695564768}}