{"config_name": "clock_0days",
 "long": {"backwards_tp": true,
          "delay_between_fills_minutes_close": 1440.0,
          "delay_between_fills_minutes_entry": 548.4460691864836,
          "delay_weight_close": 0.0,
          "delay_weight_entry": 19.175330300459553,
          "ema_dist_close": 0.5,
          "ema_dist_entry": 0.0024081092131485447,
          "ema_span_0": 1338.589503820896,
          "ema_span_1": 888.4277813907402,
          "enabled": true,
          "markup_range": 0.002622587722198884,
          "min_markup": 0.002682017317863742,
          "n_close_orders": 7,
          "qty_pct_close": 0.01,
          "qty_pct_entry": 0.011211463603873381,
          "wallet_exposure_limit": 1.0,
          "we_multiplier_close": 0.0,
          "we_multiplier_entry": 172.6602358032851},
 "short": {"backwards_tp": true,
           "delay_between_fills_minutes_close": 1440.0,
           "delay_between_fills_minutes_entry": 1165.0241468355623,
           "delay_weight_close": 0.0,
           "delay_weight_entry": 9.45102818928028,
           "ema_dist_close": 0.5,
           "ema_dist_entry": 0.0014529619892371447,
           "ema_span_0": 650.6379990290508,
           "ema_span_1": 563.4278274961846,
           "enabled": true,
           "markup_range": 0.00883739312991263,
           "min_markup": 0.004376148105485536,
           "n_close_orders": 8,
           "qty_pct_close": 0.01,
           "qty_pct_entry": 0.014285894398938624,
           "wallet_exposure_limit": 1.0,
           "we_multiplier_close": 0.0,
           "we_multiplier_entry": 167.21855080866922}}