{"config_name": "clock_0days",
 "long": {"backwards_tp": true,
          "delay_between_fills_minutes_close": 1440.0,
          "delay_between_fills_minutes_entry": 866.1783515015796,
          "delay_weight_close": 0.0,
          "delay_weight_entry": 17.036640849961938,
          "ema_dist_close": 0.5,
          "ema_dist_entry": -0.022993161462774855,
          "ema_span_0": 767.0782483292681,
          "ema_span_1": 794.18311708928,
          "enabled": true,
          "markup_range": 0.0024576637385965118,
          "min_markup": 0.0025292769784258325,
          "n_close_orders": 4,
          "qty_pct_close": 0.01,
          "qty_pct_entry": 0.013364011258002207,
          "wallet_exposure_limit": 1.0,
          "we_multiplier_close": 0.0,
          "we_multiplier_entry": 136.30682046301203},
 "short": {"backwards_tp": true,
           "delay_between_fills_minutes_close": 1440.0,
           "delay_between_fills_minutes_entry": 655.9571525100547,
           "delay_weight_close": 0.0,
           "delay_weight_entry": 8.162793390456157,
           "ema_dist_close": 0.5,
           "ema_dist_entry": 0.002999439551318581,
           "ema_span_0": 1385.4987299432744,
           "ema_span_1": 1411.1150157552472,
           "enabled": true,
           "markup_range": 0.007462176243110713,
           "min_markup": 0.0044183818150369085,
           "n_close_orders": 6,
           "qty_pct_close": 0.01,
           "qty_pct_entry": 0.01,
           "wallet_exposure_limit": 1.0,
           "we_multiplier_close": 0.0,
           "we_multiplier_entry": 58.27643834297509}}