{"config_name": "clock_0days",
 "long": {"backwards_tp": true,
          "delay_between_fills_minutes_close": 1440.0,
          "delay_between_fills_minutes_entry": 937.6814458943105,
          "delay_weight_close": 0.0,
          "delay_weight_entry": 8.109532375789616,
          "ema_dist_close": 0.5,
          "ema_dist_entry": -0.004028418442370032,
          "ema_span_0": 711.341170752255,
          "ema_span_1": 856.1336101634121,
          "enabled": true,
          "markup_range": 0.002315836071811992,
          "min_markup": 0.004505291502104689,
          "n_close_orders": 6,
          "qty_pct_close": 0.01,
          "qty_pct_entry": 0.011329487630452129,
          "wallet_exposure_limit": 1.0,
          "we_multiplier_close": 0.0,
          "we_multiplier_entry": 46.33581317651431},
 "short": {"backwards_tp": true,
           "delay_between_fills_minutes_close": 1440.0,
           "delay_between_fills_minutes_entry": 506.2306589238579,
           "delay_weight_close": 0.0,
           "delay_weight_entry": 4.8770940007126615,
           "ema_dist_close": 0.5,
           "ema_dist_entry": 0.0028650589891193704,
           "ema_span_0": 912.6347965702146,
           "ema_span_1": 804.6254924260887,
           "enabled": true,
           "markup_range": 0.007900539977896864,
           "min_markup": 0.0029878868849524533,
           "n_close_orders": 10,
           "qty_pct_close": 0.01,
           "qty_pct_entry": 0.014370345407923849,
           "wallet_exposure_limit": 1.0,
           "we_multiplier_close": 0.0,
           "we_multiplier_entry": 71.11212051163439}}