{"config_name": "clock_0days",
 "long": {"backwards_tp": true,
          "delay_between_fills_minutes_close": 1440.0,
          "delay_between_fills_minutes_entry": 1186.2758040188435,
          "delay_weight_close": 0.0,
          "delay_weight_entry": 26.233721127634087,
          "ema_dist_close": 0.5,
          "ema_dist_entry": 0.0029848538061941357,
          "ema_span_0": 691.4409158594357,
          "ema_span_1": 381.3653626678993,
          "enabled": true,
          "markup_range": 0.001432596897629866,
          "min_markup": 0.005062874816550188,
          "n_close_orders": 13,
          "qty_pct_close": 0.01,
          "qty_pct_entry": 0.0106105475669263,
          "wallet_exposure_limit": 1.0,
          "we_multiplier_close": 0.0,
          "we_multiplier_entry": 77.52335891842131},
 "short": {"backwards_tp": true,
           "delay_between_fills_minutes_close": 1440.0,
           "delay_between_fills_minutes_entry": 767.582608407014,
           "delay_weight_close": 0.0,
           "delay_weight_entry": 10.014811147530319,
           "ema_dist_close": 0.5,
           "ema_dist_entry": -0.008701103305005268,
           "ema_span_0": 999.4397877465511,
           "ema_span_1": 263.88309896569496,
           "enabled": true,
           "markup_range": 0.006283293857554384,
           "min_markup": 0.0076818112259199045,
           "n_close_orders": 2,
           "qty_pct_close": 0.01,
           "qty_pct_entry": 0.01412932987029138,
           "wallet_exposure_limit": 1.0,
           "we_multiplier_close": 0.0,
           "we_multiplier_entry": 95.62184182105683}}