{"config_name": "clock_0days",
 "long": {"backwards_tp": true,
          "delay_between_fills_minutes_close": 1440.0,
          "delay_between_fills_minutes_entry": 1330.8382364025872,
          "delay_weight_close": 0.0,
          "delay_weight_entry": 12.923244083521286,
          "ema_dist_close": 0.5,
          "ema_dist_entry": 0.002555749237542194,
          "ema_span_0": 276.0900219664793,
          "ema_span_1": 989.7882689505772,
          "enabled": true,
          "markup_range": 0.0003084002592591451,
          "min_markup": 0.003136507368624801,
          "n_close_orders": 3,
          "qty_pct_close": 0.01,
          "qty_pct_entry": 0.010000009462492446,
          "wallet_exposure_limit": 1.0,
          "we_multiplier_close": 0.0,
          "we_multiplier_entry": 120.30834823746524},
 "short": {"backwards_tp": true,
           "delay_between_fills_minutes_close": 1440.0,
           "delay_between_fills_minutes_entry": 481.0195048679423,
           "delay_weight_close": 0.0,
           "delay_weight_entry": 7.655894215627897,
           "ema_dist_close": 0.5,
           "ema_dist_entry": -0.01929150356268337,
           "ema_span_0": 898.0484699806499,
           "ema_span_1": 1092.2249974318647,
           "enabled": true,
           "markup_range": 0.00277517136064185,
           "min_markup": 0.0021724638972675813,
           "n_close_orders": 4,
           "qty_pct_close": 0.01,
           "qty_pct_entry": 0.013957837198565706,
           "wallet_exposure_limit": 1.0,
           "we_multiplier_close": 0.0,
           "we_multiplier_entry": 107.06142138847603}}