{"config_name": "clock_0days",
 "long": {"backwards_tp": true,
          "delay_between_fills_minutes_close": 1440.0,
          "delay_between_fills_minutes_entry": 997.3186423442951,
          "delay_weight_close": 0.0,
          "delay_weight_entry": 12.994138387538905,
          "ema_dist_close": 0.5,
          "ema_dist_entry": -0.04593611832528719,
          "ema_span_0": 17.004566614672726,
          "ema_span_1": 12.1627001418266,
          "enabled": true,
          "markup_range": 0.004187022074539196,
          "min_markup": 0.0031033156767240125,
          "n_close_orders": 5,
          "qty_pct_close": 0.01,
          "qty_pct_entry": 0.010563647836891545,
          "wallet_exposure_limit": 1.0,
          "we_multiplier_close": 0.0,
          "we_multiplier_entry": 177.1855489565955},
 "short": {"backwards_tp": true,
           "delay_between_fills_minutes_close": 1440.0,
           "delay_between_fills_minutes_entry": 1311.190407451725,
           "delay_weight_close": 0.0,
           "delay_weight_entry": 14.922514019531201,
           "ema_dist_close": 0.5,
           "ema_dist_entry": 0.0007089363404137566,
           "ema_span_0": 1405.6377665150612,
           "ema_span_1": 1359.6261827822352,
           "enabled": true,
           "markup_range": 0.007120107907035485,
           "min_markup": 0.0034837245985336065,
           "n_close_orders": 4,
           "qty_pct_close": 0.01,
           "qty_pct_entry": 0.011662798707584843,
           "wallet_exposure_limit": 1.0,
           "we_multiplier_close": 0.0,
           "we_multiplier_entry": 116.82487134763069}}