{"config_name": "clock_0days",
 "long": {"backwards_tp": true,
          "delay_between_fills_minutes_close": 1440,
          "delay_between_fills_minutes_entry": 1173.3957495161942,
          "delay_weight_close": 0,
          "delay_weight_entry": 9.217146501457535,
          "ema_dist_close": 0.5,
          "ema_dist_entry": 0.002982088433704689,
          "ema_span_0": 1221.6639433702207,
          "ema_span_1": 1336.5063162838587,
          "enabled": true,
          "markup_range": 0.0058299266226800785,
          "min_markup": 0.007487623112829416,
          "n_close_orders": 3,
          "qty_pct_close": 0.01,
          "qty_pct_entry": 0.010078102692990299,
          "wallet_exposure_limit": 1,
          "we_multiplier_close": 0,
          "we_multiplier_entry": 57.74328450793639},
 "short": {"backwards_tp": true,
           "delay_between_fills_minutes_close": 1440,
           "delay_between_fills_minutes_entry": 1037.0336764237802,
           "delay_weight_close": 0,
           "delay_weight_entry": 40.70536534249238,
           "ema_dist_close": 0.5,
           "ema_dist_entry": -8.489684767231748e-05,
           "ema_span_0": 89.4227880678604,
           "ema_span_1": 1290.494286344828,
           "enabled": true,
           "markup_range": 0.0015670857925433519,
           "min_markup": 0.005614389944496481,
           "n_close_orders": 9,
           "qty_pct_close": 0.01,
           "qty_pct_entry": 0.01917114667954432,
           "wallet_exposure_limit": 1,
           "we_multiplier_close": 0,
           "we_multiplier_entry": 31.192415921776576}}