{"config_name": "clock_0days",
 "long": {"backwards_tp": true,
          "delay_between_fills_minutes_close": 1440,
          "delay_between_fills_minutes_entry": 1343.8182823535983,
          "delay_weight_close": 0,
          "delay_weight_entry": 18.50019911435512,
          "ema_dist_close": 0.5,
          "ema_dist_entry": -0.0065007233456713534,
          "ema_span_0": 637.9946037937784,
          "ema_span_1": 867.5347046341693,
          "enabled": true,
          "markup_range": 0.002585899708067502,
          "min_markup": 0.004459425593276314,
          "n_close_orders": 13,
          "qty_pct_close": 0.01,
          "qty_pct_entry": 0.01035590198953016,
          "wallet_exposure_limit": 1,
          "we_multiplier_close": 0,
          "we_multiplier_entry": 199.4683257108584},
 "short": {"backwards_tp": true,
           "delay_between_fills_minutes_close": 1440,
           "delay_between_fills_minutes_entry": 455.2852163544222,
           "delay_weight_close": 0,
           "delay_weight_entry": 34.27015150562083,
           "ema_dist_close": 0.5,
           "ema_dist_entry": -0.015506490009682176,
           "ema_span_0": 1022.470843377738,
           "ema_span_1": 1246.5768183035736,
           "enabled": true,
           "markup_range": 0.002777432568091243,
           "min_markup": 0.00229388879664403,
           "n_close_orders": 4,
           "qty_pct_close": 0.01,
           "qty_pct_entry": 0.0102160215534114,
           "wallet_exposure_limit": 1,
           "we_multiplier_close": 0,
           "we_multiplier_entry": 31.33957044753245}}