{"config_name": "clock_0days",
 "long": {"backwards_tp": true,
          "delay_between_fills_minutes_close": 1440.0,
          "delay_between_fills_minutes_entry": 319.51611383239435,
          "delay_weight_close": 0.0,
          "delay_weight_entry": 6.804524486335611,
          "ema_dist_close": 0.5,
          "ema_dist_entry": 0.0011346389773813572,
          "ema_span_0": 990.7675509158352,
          "ema_span_1": 1134.7512244067457,
          "enabled": true,
          "markup_range": 0.005498170720284921,
          "min_markup": 0.0027557870755061326,
          "n_close_orders": 13,
          "qty_pct_close": 0.01,
          "qty_pct_entry": 0.010763363804848838,
          "wallet_exposure_limit": 1.0,
          "we_multiplier_close": 0.0,
          "we_multiplier_entry": 81.80706050268574},
 "short": {"backwards_tp": true,
           "delay_between_fills_minutes_close": 1440.0,
           "delay_between_fills_minutes_entry": 157.23643682896525,
           "delay_weight_close": 0.0,
           "delay_weight_entry": 0.22580597388970652,
           "ema_dist_close": 0.5,
           "ema_dist_entry": -0.03696154499734107,
           "ema_span_0": 226.7092089392539,
           "ema_span_1": 431.92249642302266,
           "enabled": true,
           "markup_range": 0.0022100595359619726,
           "min_markup": 0.0020297096557467006,
           "n_close_orders": 4,
           "qty_pct_close": 0.01,
           "qty_pct_entry": 0.010116507028427757,
           "wallet_exposure_limit": 1.0,
           "we_multiplier_close": 0.0,
           "we_multiplier_entry": 62.38543586557772}}