{"config_name": "clock_0days",
 "long": {"backwards_tp": true,
          "delay_between_fills_minutes_close": 1440.0,
          "delay_between_fills_minutes_entry": 1173.3957495161942,
          "delay_weight_close": 0.0,
          "delay_weight_entry": 9.217146501457535,
          "ema_dist_close": 0.5,
          "ema_dist_entry": 0.002982088433704689,
          "ema_span_0": 1221.6639433702207,
          "ema_span_1": 1336.5063162838587,
          "enabled": true,
          "markup_range": 0.0058299266226800785,
          "min_markup": 0.007487623112829416,
          "n_close_orders": 3,
          "qty_pct_close": 0.01,
          "qty_pct_entry": 0.010078102692990299,
          "wallet_exposure_limit": 1.0,
          "we_multiplier_close": 0.0,
          "we_multiplier_entry": 57.74328450793639},
 "short": {"backwards_tp": true,
           "delay_between_fills_minutes_close": 1440.0,
           "delay_between_fills_minutes_entry": 917.8644737237088,
           "delay_weight_close": 0.0,
           "delay_weight_entry": 14.064176639711661,
           "ema_dist_close": 0.5,
           "ema_dist_entry": 0.0024159807643220725,
           "ema_span_0": 515.8026020754443,
           "ema_span_1": 900.7080237015927,
           "enabled": true,
           "markup_range": 0.004727484279520877,
           "min_markup": 0.009329794221821463,
           "n_close_orders": 2,
           "qty_pct_close": 0.01,
           "qty_pct_entry": 0.012264603034400488,
           "wallet_exposure_limit": 1.0,
           "we_multiplier_close": 0.0,
           "we_multiplier_entry": 39.77545018616027}}