{"config_name": "clock_0days",
 "long": {"backwards_tp": true,
          "delay_between_fills_minutes_close": 1440.0,
          "delay_between_fills_minutes_entry": 1026.3476501661237,
          "delay_weight_close": 0.0,
          "delay_weight_entry": 14.249753830488249,
          "ema_dist_close": 0.5,
          "ema_dist_entry": -0.0025775531644013513,
          "ema_span_0": 335.6552024113533,
          "ema_span_1": 339.1190169403959,
          "enabled": true,
          "markup_range": 0.0007818970110751838,
          "min_markup": 0.0038879865820912276,
          "n_close_orders": 8,
          "qty_pct_close": 0.01,
          "qty_pct_entry": 0.01495919074053665,
          "wallet_exposure_limit": 1.0,
          "we_multiplier_close": 0.0,
          "we_multiplier_entry": 103.91826570384775},
 "short": {"backwards_tp": true,
           "delay_between_fills_minutes_close": 1440.0,
           "delay_between_fills_minutes_entry": 266.53672547683186,
           "delay_weight_close": 0.0,
           "delay_weight_entry": 3.7116669531312625,
           "ema_dist_close": 0.5,
           "ema_dist_entry": -0.012492206191529753,
           "ema_span_0": 933.2371431997943,
           "ema_span_1": 1009.0030272272326,
           "enabled": true,
           "markup_range": 0.001081125275204709,
           "min_markup": 0.001466429512169705,
           "n_close_orders": 14,
           "qty_pct_close": 0.01,
           "qty_pct_entry": 0.010170916488568604,
           "wallet_exposure_limit": 1.0,
           "we_multiplier_close": 0.0,
           "we_multiplier_entry": 13.710933550286434}}