{"config_name": "clock_0days",
 "long": {"backwards_tp": true,
          "delay_between_fills_minutes_close": 1440,
          "delay_between_fills_minutes_entry": 999.4536040036797,
          "delay_weight_close": 0,
          "delay_weight_entry": 9.046264791581505,
          "ema_dist_close": 0.5,
          "ema_dist_entry": -0.004881665323797792,
          "ema_span_0": 1140.244022483843,
          "ema_span_1": 681.9148317230205,
          "enabled": true,
          "markup_range": 0.0014183697797500365,
          "min_markup": 0.00457395791889037,
          "n_close_orders": 12,
          "qty_pct_close": 0.01,
          "qty_pct_entry": 0.011228853076763736,
          "wallet_exposure_limit": 1,
          "we_multiplier_close": 0,
          "we_multiplier_entry": 165.25958212123322},
 "short": {"backwards_tp": true,
           "delay_between_fills_minutes_close": 1440,
           "delay_between_fills_minutes_entry": 1169.6309514097868,
           "delay_weight_close": 0,
           "delay_weight_entry": 9.972706293834774,
           "ema_dist_close": 0.5,
           "ema_dist_entry": -0.013271396285652659,
           "ema_span_0": 1266.3813619690525,
           "ema_span_1": 1212.6217459046475,
           "enabled": true,
           "markup_range": 0.004119613283043894,
           "min_markup": 0.007618242976891846,
           "n_close_orders": 13,
           "qty_pct_close": 0.01,
           "qty_pct_entry": 0.012714600370309059,
           "wallet_exposure_limit": 1,
           "we_multiplier_close": 0,
           "we_multiplier_entry": 59.59768142628736}}