{"config_name": "clock_0days",
 "long": {"backwards_tp": true,
          "delay_between_fills_minutes_close": 1440.0,
          "delay_between_fills_minutes_entry": 721.442904342931,
          "delay_weight_close": 0.0,
          "delay_weight_entry": 16.94081768361353,
          "ema_dist_close": 0.5,
          "ema_dist_entry": -0.040325754015595815,
          "ema_span_0": 739.9692277821051,
          "ema_span_1": 495.83615674800393,
          "enabled": true,
          "markup_range": 0.005367773868829481,
          "min_markup": 0.0029516885198724585,
          "n_close_orders": 5,
          "qty_pct_close": 0.01,
          "qty_pct_entry": 0.011601024939055599,
          "wallet_exposure_limit": 1.0,
          "we_multiplier_close": 0.0,
          "we_multiplier_entry": 66.83550537162338},
 "short": {"backwards_tp": true,
           "delay_between_fills_minutes_close": 1440.0,
           "delay_between_fills_minutes_entry": 1298.2833048700916,
           "delay_weight_close": 0.0,
           "delay_weight_entry": 24.51941581020597,
           "ema_dist_close": 0.5,
           "ema_dist_entry": -0.0019010326690597481,
           "ema_span_0": 1238.4802397598705,
           "ema_span_1": 1127.842217264519,
           "enabled": true,
           "markup_range": 0.001827660152158106,
           "min_markup": 0.003953474117705245,
           "n_close_orders": 6,
           "qty_pct_close": 0.01,
           "qty_pct_entry": 0.01675233841314171,
           "wallet_exposure_limit": 1.0,
           "we_multiplier_close": 0.0,
           "we_multiplier_entry": 121.95171076786613}}