{"config_name": "clock_0days",
 "long": {"backwards_tp": true,
          "delay_between_fills_minutes_close": 1440.0,
          "delay_between_fills_minutes_entry": 816.4807632698523,
          "delay_weight_close": 0.0,
          "delay_weight_entry": 37.46439277711351,
          "ema_dist_close": 0.5,
          "ema_dist_entry": -0.047004523818692405,
          "ema_span_0": 373.3328125135974,
          "ema_span_1": 357.67725844900303,
          "enabled": true,
          "markup_range": 0.0006710806166235779,
          "min_markup": 0.0018322343207230393,
          "n_close_orders": 4,
          "qty_pct_close": 0.01,
          "qty_pct_entry": 0.010709584852908365,
          "wallet_exposure_limit": 1.0,
          "we_multiplier_close": 0.0,
          "we_multiplier_entry": 85.82551848124359},
 "short": {"backwards_tp": true,
           "delay_between_fills_minutes_close": 1440.0,
           "delay_between_fills_minutes_entry": 1348.896044741233,
           "delay_weight_close": 0.0,
           "delay_weight_entry": 16.814127252127655,
           "ema_dist_close": 0.5,
           "ema_dist_entry": -0.0026919031067273672,
           "ema_span_0": 629.2684560795722,
           "ema_span_1": 547.589314174622,
           "enabled": true,
           "markup_range": 0.004848742023164933,
           "min_markup": 0.007657274444476696,
           "n_close_orders": 8,
           "qty_pct_close": 0.01,
           "qty_pct_entry": 0.01331763169051539,
           "wallet_exposure_limit": 1.0,
           "we_multiplier_close": 0.0,
           "we_multiplier_entry": 172.7942627336149}}