{"config_name": "clock_0days",
 "long": {"backwards_tp": true,
          "delay_between_fills_minutes_close": 1440.0,
          "delay_between_fills_minutes_entry": 834.7933200301673,
          "delay_weight_close": 0.0,
          "delay_weight_entry": 22.98337315853205,
          "ema_dist_close": 0.5,
          "ema_dist_entry": 0.0018216014650939776,
          "ema_span_0": 1294.1244545834932,
          "ema_span_1": 1425.9754335463629,
          "enabled": true,
          "markup_range": 0.0025128302277941847,
          "min_markup": 0.0054327157319263115,
          "n_close_orders": 13,
          "qty_pct_close": 0.01,
          "qty_pct_entry": 0.010000016126273456,
          "wallet_exposure_limit": 1.0,
          "we_multiplier_close": 0.0,
          "we_multiplier_entry": 47.46846566891559},
 "short": {"backwards_tp": true,
           "delay_between_fills_minutes_close": 1440.0,
           "delay_between_fills_minutes_entry": 1083.6860488683328,
           "delay_weight_close": 0.0,
           "delay_weight_entry": 6.872009583848724,
           "ema_dist_close": 0.5,
           "ema_dist_entry": -0.011295687318303526,
           "ema_span_0": 1188.866960866963,
           "ema_span_1": 726.8867230203557,
           "enabled": true,
           "markup_range": 0.005923844578145483,
           "min_markup": 0.007029730770501288,
           "n_close_orders": 15,
           "qty_pct_close": 0.01,
           "qty_pct_entry": 0.014320831380091353,
           "wallet_exposure_limit": 1.0,
           "we_multiplier_close": 0.0,
           "we_multiplier_entry": 109.44154709179018}}