{"config_name": "mean_AAVE_ADA_ALGO_AVAX_BNB_COMP_DYDX_DYDX_EOS_ETC_FIL_HBAR_IOTA_LINK_LIT_LUNA_MANA_MATIC_MKR_NEO_OMG_QTUM_SXP_TRX_XEM_XLM_XMR_XRP_ZEC",
 "logging_level": 0,
 "long": {"enabled": true,
          "eprice_exp_base": 1.6180340000000002,
          "eprice_pprice_diff": 0.009398204523361,
          "grid_span": 0.18412247228418196,
          "initial_qty_pct": 0.012143650414075668,
          "markup_range": 0.0084522757905733,
          "max_n_entry_orders": 10,
          "min_markup": 0.0036534058726598252,
          "n_close_orders": 7,
          "pbr_limit": 0.15000000000000002,
          "secondary_pbr_allocation": 0.5,
          "secondary_pprice_diff": 0.35053340474983463},
 "shrt": {"enabled": false,
          "eprice_exp_base": 1.6180340000000002,
          "eprice_pprice_diff": 0.0010000000000000002,
          "grid_span": 0.030000000000000002,
          "initial_qty_pct": 0.0010000000000000002,
          "markup_range": 0.004000000000000001,
          "max_n_entry_orders": 10,
          "min_markup": 0.0005000000000000001,
          "n_close_orders": 7,
          "pbr_limit": 0.5,
          "secondary_pbr_allocation": 0,
          "secondary_pprice_diff": 0.21}}