{"config_name": "binance_xmrusdt_281days_adg0.50%_bkr65.84%",
 "logging_level": 0,
 "long": {"enabled": true,
          "iprc_MAr_coeffs": [[-0.27818256844510136, -0.14758337925473483],
                              [0.33910187384811613, 0.2379110685292961],
                              [0.00409835392799703, -0.24424808309246182]],
          "iprc_const": 0.9908890875221099,
          "iqty_MAr_coeffs": [[-0.006650059790740994, 0.39029355432156443],
                              [-0.2946269741942225, 0.4],
                              [-0.29949731883657893, -0.4]],
          "iqty_const": 0.3153321251287822,
          "markup_MAr_coeffs": [[0.08892891454584327, 0.3300904488857507],
                                [-0.2534020538309106, 0.3028319783920309],
                                [0.05791577696167981, -0.3524882205413415]],
          "markup_const": 1.029645683683152,
          "pbr_limit": 0.19591501198181147,
          "pbr_stop_loss": 0.6248751494334671,
          "rprc_MAr_coeffs": [[-0.11914891351494121, 0.07641203363832606],
                              [-0.24957220787498838, -0.25212003149802215],
                              [0.08431475560685532, -0.1597260075646215]],
          "rprc_PBr_coeffs": [[-0.534536023043736, -0.12461073651825533]],
          "rprc_const": 0.9858663648596298,
          "rqty_MAr_coeffs": [[-0.015622570748145551, -0.3017826707847533],
                              [-0.02478509320459742, 0.1040001648286026],
                              [-0.10750708780751898, -0.06313254036424881]],
          "rqty_const": 0.8234914811156886},
 "max_span": 2666.0376350711176,
 "min_span": 20.0,
 "n_spans": 3,
 "shrt": {"enabled": true,
          "iprc_MAr_coeffs": [[0.13578319302091962, -0.07725521960529294],
                              [-0.20818557961463646, -0.19642363697637102],
                              [0.0064846854077887095, 0.06434227855402352]],
          "iprc_const": 1.0028513128332883,
          "iqty_MAr_coeffs": [[0.15204556456218787, 0.0679555152277212],
                              [0.12995687919390267, -0.22635347724865418],
                              [0.15692308356519077, -0.3507262446875813]],
          "iqty_const": 0.02505946696469785,
          "markup_MAr_coeffs": [[0.06844345351713493, 0.18333533564183851],
                                [-0.03214240252874313, -0.08437752062261919],
                                [0.12524247331298846, -0.17434725445457155]],
          "markup_const": 0.9799112849565242,
          "pbr_limit": 0.06511155851386893,
          "pbr_stop_loss": 0.9449849351794005,
          "rprc_MAr_coeffs": [[0.19678860573817392, 0.29400518468534587],
                              [-0.3285616521489128, 0.31590012453088795],
                              [-0.1263023629682397, 0.16879088892777364]],
          "rprc_PBr_coeffs": [[0.976116518483454, -0.028674154422805964]],
          "rprc_const": 1.0038471965830875,
          "rqty_MAr_coeffs": [[-0.37425908090628124, 0.14120331492365903],
                              [0.028040390213848545, 0.058227006873017566],
                              [0.06428203488282877, 0.36402588109196204]],
          "rqty_const": 1.6432530944256674}}
