{"config_name": "binance_bnbusd_perp_284days_adg0.37%_bkr37.85%",
 "logging_level": 0,
 "long": {"enabled": true,
          "iprc_MAr_coeffs": [[0.2221810613324583, -0.3358819966338916],
                              [0.2884238469445672, 0.3476552376627805],
                              [0.397296309480197, 0.3788923032226562]],
          "iprc_const": 0.9926533601388768,
          "iqty_MAr_coeffs": [[0.269547381673562, 0.2222216159700408],
                              [0.1778156457202026, -0.2837697426411862],
                              [0.0211093932889178, 0.2456402412459374]],
          "iqty_const": 0.2592297482916625,
          "markup_MAr_coeffs": [[-0.2595757571237022, 0.0435368876695335],
                                [-0.1407253994770506, -0.1759842844548035],
                                [0.2066302116253418, 0.2351814811506093]],
          "markup_const": 1.0035758077825805,
          "pbr_limit": 0.4363345891570122,
          "pbr_stop_loss": 0.3201531977358783,
          "rprc_MAr_coeffs": [[-0.1534618244451646, -0.3469680428381223],
                              [0.1308569863403784, 0.2437941064735034],
                              [-0.1977467227119825, 0.2559511253008212]],
          "rprc_PBr_coeffs": [[-0.5331326864647541, -0.1801562920966039]],
          "rprc_const": 0.9880786999089533,
          "rqty_MAr_coeffs": [[0.1578610058116122, -0.0823810621079004],
                              [-0.0632564606513587, 0.1545086277050471],
                              [0.0028509872070319, -0.3705749027388473]],
          "rqty_const": 0.911770865576422},
 "max_span": 6381.754561397772,
 "min_span": 1343.5194735542618,
 "n_spans": 3,
 "shrt": {"enabled": false,
          "iprc_MAr_coeffs": [[-0.1472372508148024, 0.1315331685317001],
                              [-0.13132594613011, 0.2578358813398931],
                              [0.1893361136465131, -0.1209206088869349]],
          "iprc_const": 1.0113493399888849,
          "iqty_MAr_coeffs": [[0.0086317115769953, -0.3823454007162387],
                              [0.0230522143832807, -0.0872682399672913],
                              [-0.1705258912202209, 0.0760449061469299]],
          "iqty_const": 0.0460260073851992,
          "markup_MAr_coeffs": [[-0.2141734916810481, 0.2460615546881068],
                                [-0.0350596440123675, -0.1826816391246171],
                                [0.0588315160105554, 0.0029159862305836]],
          "markup_const": 0.9965554113006192,
          "pbr_limit": 1.0,
          "pbr_stop_loss": 0.4314613687604077,
          "rprc_MAr_coeffs": [[0.3017127674037357, 0.0814538094939342],
                              [0.2970708832028921, -0.386491546886514],
                              [0.3113432244762665, 0.1030459874560463]],
          "rprc_PBr_coeffs": [[0.7825152226887889, 0.3378816241312139]],
          "rprc_const": 1.0110504679536108,
          "rqty_MAr_coeffs": [[-0.0762673951295117, -0.1343547936050333],
                              [-0.232566205603383, -0.239843232033434],
                              [-0.4, -0.1209988113800386]],
          "rqty_const": 0.7822386173679942}}
