{"config_name": "181days_adg1.07%_bkr63%",
 "logging_level": 0,
 "long": {"enabled": true,
          "iprc_MAr_coeffs": [[-0.37167267460355086, 0.3890324600984251],
                              [-0.4, 0.11707931267565494],
                              [0.2813151078663109, -0.3611904625322819]],
          "iprc_const": 0.9379690527272343,
          "iqty_MAr_coeffs": [[0.18927575661339086, 0.1772770600426773],
                              [0.15634421818898023, 0.0213589557826118],
                              [-0.14927552312816633, 0.022843321666605944]],
          "iqty_const": 0.377047572799398,
          "markup_MAr_coeffs": [[-0.17322058692177622, 0.3219406790220893],
                                [-0.3700899451253418, 0.23946834931880412],
                                [-0.2498746832626034, 0.3207949919788992]],
          "markup_const": 1.0149910480769844,
          "pbr_limit": 1.6799060104527854,
          "pbr_stop_loss": 0.4245554607996336,
          "rprc_MAr_coeffs": [[0.06992043641952404, -0.019157419476797097],
                              [0.19708156558349973, -0.36413389278843333],
                              [0.16414483809977568, -0.3125120244522562]],
          "rprc_PBr_coeffs": [[-0.037512107897475416, -0.3609310842703711]],
          "rprc_const": 0.9892699382554448,
          "rqty_MAr_coeffs": [[-0.39349320148201505, 0.3220127485632468],
                              [-0.08056882083652968, -0.24598431248555952],
                              [-0.13225098584036632, 0.4]],
          "rqty_const": 1.8097698096071118},
 "max_span": 1807.600520748747,
 "min_span": 594.669739929114,
 "n_spans": 3,
 "shrt": {"enabled": false,
          "iprc_MAr_coeffs": [[-0.1022746062294847, 0.2138711991367373],
                              [0.15934208425900898, 0.12667399540222857],
                              [-0.38067584315664105, 0.16904657983935226]],
          "iprc_const": 1.0078636263056564,
          "iqty_MAr_coeffs": [[0.015533237948668637, 0.15860660505862476],
                              [-0.22154466918388444, 0.11348638514848375],
                              [0.297957760137573, 0.2654259366297793]],
          "iqty_const": 0.14959097567537694,
          "markup_MAr_coeffs": [[-0.28611956580565123, 0.30105833948381117],
                                [-0.14735614626953195, 0.11416020007554394],
                                [-0.005934547394452456, 0.0014573575604966745]],
          "markup_const": 0.9929143642855912,
          "pbr_limit": 1.4403544689903984,
          "pbr_stop_loss": -0.01657644270982547,
          "rprc_MAr_coeffs": [[0.3956300295998845, 0.2449910726245611],
                              [0.023871078264899568, 0.22318432358171925],
                              [0.14788660504525186, 0.24279923507393425]],
          "rprc_PBr_coeffs": [[0.948396323208011, 0.4458816053741849]],
          "rprc_const": 1.0675797127110846,
          "rqty_MAr_coeffs": [[0.3564162615556169, 0.23586184241098276],
                              [0.14342087400600062, -0.20853880925331064],
                              [-0.2888677586010965, -0.29913166159718996]],
          "rqty_const": 0.21030455013400023}}
