{"config_name": "neat_grid_0days",
 "logging_level": 0,
 "long": {"auto_unstuck_ema_dist": 0.017521640159004214,
          "auto_unstuck_wallet_exposure_threshold": 0.015479390071054248,
          "backwards_tp": true,
          "ema_span_0": 538.4413293350755,
          "ema_span_1": 655.3691337069174,
          "enabled": true,
          "eprice_exp_base": 1.0,
          "eqty_exp_base": 1.0690734333229956,
          "grid_span": 0.12801182171155637,
          "initial_eprice_ema_dist": 0.009579063857227718,
          "initial_qty_pct": 0.015247390554653881,
          "markup_range": 0.005704097803048146,
          "max_n_entry_orders": 4,
          "min_markup": 0.0023756057122105755,
          "n_close_orders": 4,
          "wallet_exposure_limit": 1.0},
 "short": {"auto_unstuck_ema_dist": 0.015423686646133687,
           "auto_unstuck_wallet_exposure_threshold": 0.032372289901712904,
           "backwards_tp": true,
           "ema_span_0": 353.47368168296714,
           "ema_span_1": 294.21336641832454,
           "enabled": true,
           "eprice_exp_base": 2.3296630632545505,
           "eqty_exp_base": 1.5215647986402052,
           "grid_span": 0.17621885696774292,
           "initial_eprice_ema_dist": 0.009426259744886452,
           "initial_qty_pct": 0.01499356713158124,
           "markup_range": 0.0009688696264312084,
           "max_n_entry_orders": 3,
           "min_markup": 0.0028236739076922183,
           "n_close_orders": 15,
           "wallet_exposure_limit": 1.0}}