{"config_name": "neat_grid_0days",
 "logging_level": 0,
 "long": {"auto_unstuck_ema_dist": 0.007912419700823735,
          "auto_unstuck_wallet_exposure_threshold": 0.010001314694690781,
          "backwards_tp": true,
          "ema_span_0": 687.6539328670765,
          "ema_span_1": 924.8119058673766,
          "enabled": true,
          "eprice_exp_base": 1.023483014278601,
          "eqty_exp_base": 1.974248940453928,
          "grid_span": 0.14569819668527767,
          "initial_eprice_ema_dist": 0.015704090596041827,
          "initial_qty_pct": 0.030725993458631903,
          "markup_range": 0.0030684222535917807,
          "max_n_entry_orders": 6,
          "min_markup": 0.00999931973267442,
          "n_close_orders": 5,
          "wallet_exposure_limit": 1.0},
 "short": {"auto_unstuck_ema_dist": 0.014785450811914631,
           "auto_unstuck_wallet_exposure_threshold": 0.022949273469914985,
           "backwards_tp": true,
           "ema_span_0": 546.8565825474112,
           "ema_span_1": 474.21465377769215,
           "enabled": true,
           "eprice_exp_base": 1.2597245429292037,
           "eqty_exp_base": 2.132978789901337,
           "grid_span": 0.302487421213256,
           "initial_eprice_ema_dist": 0.005853710969465475,
           "initial_qty_pct": 0.013162923285760506,
           "markup_range": 0.007644231218133214,
           "max_n_entry_orders": 9,
           "min_markup": 0.007140759085098526,
           "n_close_orders": 8,
           "wallet_exposure_limit": 1.0}}