{"config_name": "neat_grid_0days",
 "logging_level": 0,
 "long": {"auto_unstuck_ema_dist": -0.004192089264953258,
          "auto_unstuck_wallet_exposure_threshold": 0.043392736515909934,
          "backwards_tp": true,
          "ema_span_0": 1143.8183216730608,
          "ema_span_1": 1077.9274685564137,
          "enabled": true,
          "eprice_exp_base": 1.0836568995431495,
          "eqty_exp_base": 3.4140391859205024,
          "grid_span": 0.12711018708453362,
          "initial_eprice_ema_dist": -0.00232102007092305,
          "initial_qty_pct": 0.011561849879696367,
          "markup_range": 0.007273081099101528,
          "max_n_entry_orders": 5,
          "min_markup": 0.0056681491309272065,
          "n_close_orders": 16,
          "wallet_exposure_limit": 1.0},
 "short": {"auto_unstuck_ema_dist": -0.020780711480049757,
           "auto_unstuck_wallet_exposure_threshold": 0.06406251134340418,
           "backwards_tp": true,
           "ema_span_0": 1424.9504966004226,
           "ema_span_1": 1284.218917721614,
           "enabled": true,
           "eprice_exp_base": 1.2998609565477124,
           "eqty_exp_base": 1.0,
           "grid_span": 0.32992278576273343,
           "initial_eprice_ema_dist": 0.0038072055745377175,
           "initial_qty_pct": 0.02170077475871787,
           "markup_range": 0.004582990007830943,
           "max_n_entry_orders": 6,
           "min_markup": 0.008690732482253721,
           "n_close_orders": 7,
           "wallet_exposure_limit": 1.0}}