{"config_name": "neat_grid_0days",
 "logging_level": 0,
 "long": {"auto_unstuck_ema_dist": 0.01625605488439784,
          "auto_unstuck_wallet_exposure_threshold": 0.031166406122461795,
          "backwards_tp": true,
          "ema_span_0": 523.492009270107,
          "ema_span_1": 538.4458431254862,
          "enabled": true,
          "eprice_exp_base": 1.0828100852218878,
          "eqty_exp_base": 3.4932552119200833,
          "grid_span": 0.11285895396734714,
          "initial_eprice_ema_dist": 0.005379726834729054,
          "initial_qty_pct": 0.028299040185162876,
          "markup_range": 0.0057139037496368545,
          "max_n_entry_orders": 8,
          "min_markup": 0.008499429547111644,
          "n_close_orders": 5,
          "wallet_exposure_limit": 1.0},
 "short": {"auto_unstuck_ema_dist": 0.015995348352666423,
           "auto_unstuck_wallet_exposure_threshold": 0.018276830177542402,
           "backwards_tp": true,
           "ema_span_0": 587.6772494745376,
           "ema_span_1": 986.397679317782,
           "enabled": true,
           "eprice_exp_base": 1.0,
           "eqty_exp_base": 1.11400937974963,
           "grid_span": 0.11190451887501407,
           "initial_eprice_ema_dist": 0.006672993890658099,
           "initial_qty_pct": 0.01,
           "markup_range": 0.005563226413240808,
           "max_n_entry_orders": 7,
           "min_markup": 0.007722246784494361,
           "n_close_orders": 5,
           "wallet_exposure_limit": 1.0}}