{"config_name": "neat_grid_0days",
 "logging_level": 0,
 "long": {"auto_unstuck_ema_dist": 0.015965626481916618,
          "auto_unstuck_wallet_exposure_threshold": 0.07262755340027022,
          "backwards_tp": true,
          "ema_span_0": 30.48711368913486,
          "ema_span_1": 687.7910882221869,
          "enabled": true,
          "eprice_exp_base": 1.9703515635076136,
          "eqty_exp_base": 3.4358528290527737,
          "grid_span": 0.15254127893605618,
          "initial_eprice_ema_dist": 0.02,
          "initial_qty_pct": 0.08821909854003084,
          "markup_range": 0.003161600335049339,
          "max_n_entry_orders": 20,
          "min_markup": 0.004023831200239555,
          "n_close_orders": 11,
          "wallet_exposure_limit": 1.0},
 "short": {"auto_unstuck_ema_dist": 0.011974606257656999,
           "auto_unstuck_wallet_exposure_threshold": 0.09753555715701882,
           "backwards_tp": true,
           "ema_span_0": 719.99927650495,
           "ema_span_1": 1288.5452396398684,
           "enabled": true,
           "eprice_exp_base": 1.0804804493418079,
           "eqty_exp_base": 3.160730676532166,
           "grid_span": 0.2689419332283144,
           "initial_eprice_ema_dist": 0.001138819761199034,
           "initial_qty_pct": 0.029191193906627097,
           "markup_range": 0.008373782307302517,
           "max_n_entry_orders": 18,
           "min_markup": 0.008783167525331285,
           "n_close_orders": 7,
           "wallet_exposure_limit": 1.0}}