{"config_name": "neat_grid_0days",
 "logging_level": 0,
 "long": {"auto_unstuck_ema_dist": 0.016930008387998106,
          "auto_unstuck_wallet_exposure_threshold": 0.03203918635122115,
          "backwards_tp": true,
          "ema_span_0": 526.3680278152062,
          "ema_span_1": 1037.7263919050993,
          "enabled": true,
          "eprice_exp_base": 1.0641820765134526,
          "eqty_exp_base": 2.754433999075118,
          "grid_span": 0.17555982125600866,
          "initial_eprice_ema_dist": 0.015733465521335813,
          "initial_qty_pct": 0.020418857000351107,
          "markup_range": 0.01024098822147792,
          "max_n_entry_orders": 11,
          "min_markup": 0.009803768229207614,
          "n_close_orders": 2,
          "wallet_exposure_limit": 1.0},
 "short": {"auto_unstuck_ema_dist": 0.0006304481642449556,
           "auto_unstuck_wallet_exposure_threshold": 0.013775873697425787,
           "backwards_tp": true,
           "ema_span_0": 112.97088990801161,
           "ema_span_1": 1090.0015705300266,
           "enabled": true,
           "eprice_exp_base": 1.0290232295181758,
           "eqty_exp_base": 2.1917355529029012,
           "grid_span": 0.18667744147253332,
           "initial_eprice_ema_dist": -0.08589427711123375,
           "initial_qty_pct": 0.013095161056259012,
           "markup_range": 0.00812535621641107,
           "max_n_entry_orders": 8,
           "min_markup": 0.0065297496212703,
           "n_close_orders": 6,
           "wallet_exposure_limit": 1.0}}