{"config_name": "neat_grid_0days",
 "logging_level": 0,
 "long": {"auto_unstuck_ema_dist": 0.001824246666625493,
          "auto_unstuck_wallet_exposure_threshold": 0.0774118849001542,
          "backwards_tp": true,
          "ema_span_0": 396.5249555201292,
          "ema_span_1": 361.52762791589635,
          "enabled": true,
          "eprice_exp_base": 1.3212344883992029,
          "eqty_exp_base": 1.8607179829095262,
          "grid_span": 0.17305189644539543,
          "initial_eprice_ema_dist": 0.008707495343417627,
          "initial_qty_pct": 0.01404492744503045,
          "markup_range": 0.006254134756468553,
          "max_n_entry_orders": 11,
          "min_markup": 0.004732880452692548,
          "n_close_orders": 14,
          "wallet_exposure_limit": 1.0},
 "short": {"auto_unstuck_ema_dist": 0.011322957223944418,
           "auto_unstuck_wallet_exposure_threshold": 0.011163502963971263,
           "backwards_tp": true,
           "ema_span_0": 445.4744723973791,
           "ema_span_1": 544.5286686434904,
           "enabled": true,
           "eprice_exp_base": 1.0,
           "eqty_exp_base": 1.0447005840571266,
           "grid_span": 0.14143814776656305,
           "initial_eprice_ema_dist": 0.008479779479469589,
           "initial_qty_pct": 0.016189853471737087,
           "markup_range": 0.0035940097618368506,
           "max_n_entry_orders": 7,
           "min_markup": 0.003661317199387638,
           "n_close_orders": 13,
           "wallet_exposure_limit": 1.0}}