{"config_name": "neat_grid_0days",
 "logging_level": 0,
 "long": {"auto_unstuck_ema_dist": -0.01734365229348871,
          "auto_unstuck_wallet_exposure_threshold": 0.06002386779577972,
          "backwards_tp": true,
          "ema_span_0": 1014.8190459416057,
          "ema_span_1": 374.485557321356,
          "enabled": true,
          "eprice_exp_base": 1.0,
          "eqty_exp_base": 1.000287040338249,
          "grid_span": 0.12450799864048116,
          "initial_eprice_ema_dist": 0.008788017144706967,
          "initial_qty_pct": 0.04316106750396531,
          "markup_range": 0.020716220231095515,
          "max_n_entry_orders": 6,
          "min_markup": 0.005226487607109883,
          "n_close_orders": 1,
          "wallet_exposure_limit": 1.0},
 "short": {"auto_unstuck_ema_dist": 0.0026448421360120563,
           "auto_unstuck_wallet_exposure_threshold": 0.04999829065102225,
           "backwards_tp": true,
           "ema_span_0": 213.5902350318767,
           "ema_span_1": 278.9418331592359,
           "enabled": true,
           "eprice_exp_base": 1.1146284917771383,
           "eqty_exp_base": 3.3976095029541713,
           "grid_span": 0.25098982252476376,
           "initial_eprice_ema_dist": 0.008327442807469566,
           "initial_qty_pct": 0.021044088949958996,
           "markup_range": 0.0,
           "max_n_entry_orders": 6,
           "min_markup": 0.005914338535055209,
           "n_close_orders": 7,
           "wallet_exposure_limit": 1.0}}