{"config_name": "neat_grid_0days",
 "logging_level": 0,
 "long": {"auto_unstuck_ema_dist": 0.01783276421240337,
          "auto_unstuck_wallet_exposure_threshold": 0.08213898803070367,
          "backwards_tp": true,
          "ema_span_0": 329.3547853287251,
          "ema_span_1": 295.70960895170094,
          "enabled": true,
          "eprice_exp_base": 1.0779750856092098,
          "eqty_exp_base": 2.3526547562561246,
          "grid_span": 0.14081618788474634,
          "initial_eprice_ema_dist": 0.004768280016379653,
          "initial_qty_pct": 0.012465315418136884,
          "markup_range": 0.00819197820342916,
          "max_n_entry_orders": 6,
          "min_markup": 0.004895286370139886,
          "n_close_orders": 10,
          "wallet_exposure_limit": 1.0},
 "short": {"auto_unstuck_ema_dist": 0.0010197070940767203,
           "auto_unstuck_wallet_exposure_threshold": 0.08801434023479504,
           "backwards_tp": true,
           "ema_span_0": 371.9859081559156,
           "ema_span_1": 1352.062790245411,
           "enabled": true,
           "eprice_exp_base": 1.314786157097237,
           "eqty_exp_base": 3.9522440909988696,
           "grid_span": 0.3463910975386949,
           "initial_eprice_ema_dist": 0.0117449241671391,
           "initial_qty_pct": 0.014668971315187738,
           "markup_range": 5.0141781084802394e-05,
           "max_n_entry_orders": 3,
           "min_markup": 0.0012729375950714824,
           "n_close_orders": 15,
           "wallet_exposure_limit": 1.0}}