{"config_name": "neat_grid_0days",
 "logging_level": 0,
 "long": {"auto_unstuck_ema_dist": 0.0026604762172595343,
          "auto_unstuck_wallet_exposure_threshold": 0.03159466951241902,
          "backwards_tp": true,
          "ema_span_0": 1146.3088440175886,
          "ema_span_1": 1066.7681793323245,
          "enabled": true,
          "eprice_exp_base": 1.0597720135486668,
          "eqty_exp_base": 3.619523343714168,
          "grid_span": 0.17372925983573265,
          "initial_eprice_ema_dist": 0.01,
          "initial_qty_pct": 0.01,
          "markup_range": 0.007096942848355307,
          "max_n_entry_orders": 7,
          "min_markup": 0.0054199867326879285,
          "n_close_orders": 11,
          "wallet_exposure_limit": 1.0},
 "short": {"auto_unstuck_ema_dist": -0.018088122646454236,
           "auto_unstuck_wallet_exposure_threshold": 0.054427696001733555,
           "backwards_tp": true,
           "ema_span_0": 1061.1971636758008,
           "ema_span_1": 972.7179970259795,
           "enabled": true,
           "eprice_exp_base": 1.2582788416150392,
           "eqty_exp_base": 1.0000027893075414,
           "grid_span": 0.2263612094981452,
           "initial_eprice_ema_dist": 0.0061238954086796915,
           "initial_qty_pct": 0.019031216907051694,
           "markup_range": 0.009495381315557275,
           "max_n_entry_orders": 6,
           "min_markup": 0.004862623946834922,
           "n_close_orders": 1,
           "wallet_exposure_limit": 1.0}}