{"config_name": "neat_grid_0days",
 "logging_level": 0,
 "long": {"auto_unstuck_ema_dist": -0.018388723551295415,
          "auto_unstuck_wallet_exposure_threshold": 0.08979414602091,
          "backwards_tp": true,
          "ema_span_0": 295.7601828457571,
          "ema_span_1": 326.96160798605376,
          "enabled": true,
          "eprice_exp_base": 1.042278234245551,
          "eqty_exp_base": 1.0060486411578775,
          "grid_span": 0.1000029569918574,
          "initial_eprice_ema_dist": 0.006165409406292005,
          "initial_qty_pct": 0.01,
          "markup_range": 0.004382801814812803,
          "max_n_entry_orders": 5,
          "min_markup": 0.0032486567816102513,
          "n_close_orders": 14,
          "wallet_exposure_limit": 1.0},
 "short": {"auto_unstuck_ema_dist": -0.008509835527625055,
           "auto_unstuck_wallet_exposure_threshold": 0.03389851308025113,
           "backwards_tp": true,
           "ema_span_0": 349.46650234710506,
           "ema_span_1": 1053.7382701668694,
           "enabled": true,
           "eprice_exp_base": 1.4532636930523153,
           "eqty_exp_base": 2.171019910867678,
           "grid_span": 0.13320392304694836,
           "initial_eprice_ema_dist": 0.007773398241859929,
           "initial_qty_pct": 0.01,
           "markup_range": 0.006137136727116002,
           "max_n_entry_orders": 3,
           "min_markup": 0.0010897671758970963,
           "n_close_orders": 1,
           "wallet_exposure_limit": 1.0}}