{"config_name": "neat_grid_0days",
 "logging_level": 0,
 "long": {"auto_unstuck_ema_dist": 0.002275837724163689,
          "auto_unstuck_wallet_exposure_threshold": 0.03961970611082578,
          "backwards_tp": true,
          "ema_span_0": 487.7075452202039,
          "ema_span_1": 33.16248963411767,
          "enabled": true,
          "eprice_exp_base": 1.0463049290420177,
          "eqty_exp_base": 1.9720940388536967,
          "grid_span": 0.14321500362112133,
          "initial_eprice_ema_dist": 0.00030939333929836716,
          "initial_qty_pct": 0.012689711331202731,
          "markup_range": 0.011632759875859088,
          "max_n_entry_orders": 9,
          "min_markup": 0.006130812382364013,
          "n_close_orders": 4,
          "wallet_exposure_limit": 1.0},
 "short": {"auto_unstuck_ema_dist": 0.008530441326346441,
           "auto_unstuck_wallet_exposure_threshold": 0.037770408528612284,
           "backwards_tp": true,
           "ema_span_0": 646.3792489280994,
           "ema_span_1": 692.1942377953065,
           "enabled": true,
           "eprice_exp_base": 1.1629589616530585,
           "eqty_exp_base": 2.334754627502086,
           "grid_span": 0.12484718401306029,
           "initial_eprice_ema_dist": 0.008534670851677074,
           "initial_qty_pct": 0.012403688889348863,
           "markup_range": 0.0056459031790486985,
           "max_n_entry_orders": 8,
           "min_markup": 0.005303245042909132,
           "n_close_orders": 13,
           "wallet_exposure_limit": 1.0}}