{"config_name": "neat_grid_0days",
 "logging_level": 0,
 "long": {"auto_unstuck_ema_dist": 0.010995893760494755,
          "auto_unstuck_wallet_exposure_threshold": 0.04959776306003049,
          "backwards_tp": true,
          "ema_span_0": 162.30882109262475,
          "ema_span_1": 210.74214147798747,
          "enabled": true,
          "eprice_exp_base": 1.1288220755865712,
          "eqty_exp_base": 1.5445940364727682,
          "grid_span": 0.14030870218460045,
          "initial_eprice_ema_dist": 0.00939542804013789,
          "initial_qty_pct": 0.02030897530925944,
          "markup_range": 0.0022793244679727757,
          "max_n_entry_orders": 5,
          "min_markup": 0.005127289335672077,
          "n_close_orders": 14,
          "wallet_exposure_limit": 1.0},
 "short": {"auto_unstuck_ema_dist": 0.008761394175745884,
           "auto_unstuck_wallet_exposure_threshold": 0.03547505655534759,
           "backwards_tp": true,
           "ema_span_0": 165.7973168631728,
           "ema_span_1": 624.9758065295931,
           "enabled": true,
           "eprice_exp_base": 1.0801459896468162,
           "eqty_exp_base": 1.03516004477513,
           "grid_span": 0.3408236325511199,
           "initial_eprice_ema_dist": 0.008608208013878398,
           "initial_qty_pct": 0.030872864674533436,
           "markup_range": 0.005645475856553024,
           "max_n_entry_orders": 8,
           "min_markup": 0.009698703895839676,
           "n_close_orders": 11,
           "wallet_exposure_limit": 1.0}}