{"config_name": "neat_grid_0days",
 "logging_level": 0,
 "long": {"auto_unstuck_ema_dist": 0.013718045780128713,
          "auto_unstuck_wallet_exposure_threshold": 0.05557147199370993,
          "backwards_tp": true,
          "ema_span_0": 462.3402420317338,
          "ema_span_1": 418.9835667029858,
          "enabled": true,
          "eprice_exp_base": 1.0649214187608649,
          "eqty_exp_base": 1.558489930621435,
          "grid_span": 0.14618130427280365,
          "initial_eprice_ema_dist": 0.014318154228857382,
          "initial_qty_pct": 0.03582582902479368,
          "markup_range": 0.005608056429320227,
          "max_n_entry_orders": 5,
          "min_markup": 0.005739418102088942,
          "n_close_orders": 7,
          "wallet_exposure_limit": 1.0},
 "short": {"auto_unstuck_ema_dist": 0.011097937798346533,
           "auto_unstuck_wallet_exposure_threshold": 0.04376819201271818,
           "backwards_tp": true,
           "ema_span_0": 716.2885828427608,
           "ema_span_1": 1071.1725623985442,
           "enabled": true,
           "eprice_exp_base": 1.1620838952540045,
           "eqty_exp_base": 1,
           "grid_span": 0.35129658813492975,
           "initial_eprice_ema_dist": 0.010477807890681323,
           "initial_qty_pct": 0.012011002130908196,
           "markup_range": 0.0070692022534115315,
           "max_n_entry_orders": 8,
           "min_markup": 0.005963329657889778,
           "n_close_orders": 7,
           "wallet_exposure_limit": 1.0}}