{"config_name": "neat_grid_0days",
 "logging_level": 0,
 "long": {"auto_unstuck_ema_dist": -0.004491586453651724,
          "auto_unstuck_wallet_exposure_threshold": 0.03219535701589178,
          "backwards_tp": true,
          "ema_span_0": 1247.3015117367868,
          "ema_span_1": 59.60393712176318,
          "enabled": true,
          "eprice_exp_base": 1.0651345924868156,
          "eqty_exp_base": 2.0973838367320683,
          "grid_span": 0.15822775646556353,
          "initial_eprice_ema_dist": 0.002846066924169494,
          "initial_qty_pct": 0.015375317054110006,
          "markup_range": 0.006288916765600226,
          "max_n_entry_orders": 6,
          "min_markup": 0.00889952018518645,
          "n_close_orders": 11,
          "wallet_exposure_limit": 1.0},
 "short": {"auto_unstuck_ema_dist": -0.00696777529832635,
           "auto_unstuck_wallet_exposure_threshold": 0.04017238115508408,
           "backwards_tp": true,
           "ema_span_0": 849.2736929872439,
           "ema_span_1": 1435.649472274186,
           "enabled": true,
           "eprice_exp_base": 1.0788319636443362,
           "eqty_exp_base": 1.3669916723146414,
           "grid_span": 0.3237185781456087,
           "initial_eprice_ema_dist": 0.00805439819813615,
           "initial_qty_pct": 0.024460171779825006,
           "markup_range": 0.009474708053446298,
           "max_n_entry_orders": 7,
           "min_markup": 0.003690355447327504,
           "n_close_orders": 8,
           "wallet_exposure_limit": 1.0}}