{"config_name": "neat_grid_0days",
 "logging_level": 0,
 "long": {"auto_unstuck_ema_dist": -0.00193968707500541,
          "auto_unstuck_wallet_exposure_threshold": 0.0649699458372209,
          "backwards_tp": true,
          "ema_span_0": 871.7065174857686,
          "ema_span_1": 934.5565538991709,
          "enabled": true,
          "eprice_exp_base": 1.0429224724911845,
          "eqty_exp_base": 1.9585687224258095,
          "grid_span": 0.1619924688702315,
          "initial_eprice_ema_dist": 0.004055877220330485,
          "initial_qty_pct": 0.01,
          "markup_range": 0.005733061762350161,
          "max_n_entry_orders": 4,
          "min_markup": 0.004108661843130785,
          "n_close_orders": 11,
          "wallet_exposure_limit": 1.0},
 "short": {"auto_unstuck_ema_dist": -0.02076469628733008,
           "auto_unstuck_wallet_exposure_threshold": 0.0555803540396315,
           "backwards_tp": true,
           "ema_span_0": 1182.2486289793046,
           "ema_span_1": 574.7828712129206,
           "enabled": true,
           "eprice_exp_base": 1.2257506593718417,
           "eqty_exp_base": 1.6968372507912164,
           "grid_span": 0.2954985920869057,
           "initial_eprice_ema_dist": -0.00391756996592832,
           "initial_qty_pct": 0.012960746491106477,
           "markup_range": 0.009943438844388792,
           "max_n_entry_orders": 6,
           "min_markup": 0.00856888737059516,
           "n_close_orders": 15,
           "wallet_exposure_limit": 1.0}}