{"config_name": "neat_grid_0days",
 "logging_level": 0,
 "long": {"auto_unstuck_ema_dist": 0.006893543671086837,
          "auto_unstuck_wallet_exposure_threshold": 0.03743793368857165,
          "backwards_tp": true,
          "ema_span_0": 579.0483617153226,
          "ema_span_1": 259.28556098999644,
          "enabled": true,
          "eprice_exp_base": 1.2232070355026423,
          "eqty_exp_base": 2.9054680181267076,
          "grid_span": 0.1421499740491302,
          "initial_eprice_ema_dist": 0.012741866586291074,
          "initial_qty_pct": 0.013082344207851987,
          "markup_range": 0.009339561387555232,
          "max_n_entry_orders": 8,
          "min_markup": 0.009707734676497251,
          "n_close_orders": 10,
          "wallet_exposure_limit": 1.0},
 "short": {"auto_unstuck_ema_dist": 0.018375954180315172,
           "auto_unstuck_wallet_exposure_threshold": 0.05962772711114467,
           "backwards_tp": true,
           "ema_span_0": 538.3913636752119,
           "ema_span_1": 1192.78687810872,
           "enabled": true,
           "eprice_exp_base": 1.2060413758993276,
           "eqty_exp_base": 3.997132963857222,
           "grid_span": 0.1283527920099272,
           "initial_eprice_ema_dist": 0.005489466840858126,
           "initial_qty_pct": 0.013536786428786233,
           "markup_range": 0.002125733834940983,
           "max_n_entry_orders": 14,
           "min_markup": 0.007494086664889441,
           "n_close_orders": 14,
           "wallet_exposure_limit": 1.0}}