{"config_name": "neat_grid_0days",
 "logging_level": 0,
 "long": {"auto_unstuck_ema_dist": 0.006543684408586747,
          "auto_unstuck_wallet_exposure_threshold": 0.06138174373924094,
          "backwards_tp": true,
          "ema_span_0": 256.9271648185271,
          "ema_span_1": 827.1394399105707,
          "enabled": true,
          "eprice_exp_base": 1.2681063740416945,
          "eqty_exp_base": 2.2162365735448386,
          "grid_span": 0.1574510601974547,
          "initial_eprice_ema_dist": 0.006581755950657676,
          "initial_qty_pct": 0.016470301192849,
          "markup_range": 0.0072476599572287035,
          "max_n_entry_orders": 9,
          "min_markup": 0.005217478688441498,
          "n_close_orders": 9,
          "wallet_exposure_limit": 1.0},
 "short": {"auto_unstuck_ema_dist": 0.019995967892666975,
           "auto_unstuck_wallet_exposure_threshold": 0.01725255468345439,
           "backwards_tp": true,
           "ema_span_0": 606.6966399157884,
           "ema_span_1": 1179.257269972372,
           "enabled": true,
           "eprice_exp_base": 1.2101068017054548,
           "eqty_exp_base": 1.8117400867393267,
           "grid_span": 0.3238431867560882,
           "initial_eprice_ema_dist": 0.003857657976854174,
           "initial_qty_pct": 0.012132040622014676,
           "markup_range": 0.007308787385300193,
           "max_n_entry_orders": 8,
           "min_markup": 0.008089759791643855,
           "n_close_orders": 7,
           "wallet_exposure_limit": 1.0}}