{"config_name": "neat_grid_0days",
 "logging_level": 0,
 "long": {"auto_unstuck_ema_dist": -0.0013799593382047093,
          "auto_unstuck_wallet_exposure_threshold": 0.06827335468721314,
          "backwards_tp": true,
          "ema_span_0": 671.3511089803549,
          "ema_span_1": 171.39753259412637,
          "enabled": true,
          "eprice_exp_base": 1.0000616389709573,
          "eqty_exp_base": 1.0547124945435493,
          "grid_span": 0.1,
          "initial_eprice_ema_dist": 0.008552110984772807,
          "initial_qty_pct": 0.011074652145133953,
          "markup_range": 0.0059346899882588835,
          "max_n_entry_orders": 6,
          "min_markup": 0.005095259458989172,
          "n_close_orders": 16,
          "wallet_exposure_limit": 1.0},
 "short": {"auto_unstuck_ema_dist": 0.002979065008158701,
           "auto_unstuck_wallet_exposure_threshold": 0.030762350299098153,
           "backwards_tp": true,
           "ema_span_0": 124.33065575092078,
           "ema_span_1": 118.00956547477871,
           "enabled": true,
           "eprice_exp_base": 1.4492017819461342,
           "eqty_exp_base": 3.3520711371399607,
           "grid_span": 0.12336228117382825,
           "initial_eprice_ema_dist": 0.007578894370685725,
           "initial_qty_pct": 0.02006925467997334,
           "markup_range": 0.0008916012985672656,
           "max_n_entry_orders": 4,
           "min_markup": 0.005903644062747515,
           "n_close_orders": 6,
           "wallet_exposure_limit": 1.0}}