{"config_name": "neat_grid_0days",
 "logging_level": 0,
 "long": {"auto_unstuck_ema_dist": 0.005945186947119236,
          "auto_unstuck_wallet_exposure_threshold": 0.06328078572126179,
          "backwards_tp": true,
          "ema_span_0": 686.600323045463,
          "ema_span_1": 1034.317392503262,
          "enabled": true,
          "eprice_exp_base": 1.0,
          "eqty_exp_base": 1.3424324088340398,
          "grid_span": 0.22891358068914372,
          "initial_eprice_ema_dist": 0.016083424554155797,
          "initial_qty_pct": 0.015267350209857103,
          "markup_range": 0.008330625235978053,
          "max_n_entry_orders": 16,
          "min_markup": 0.009999227342608857,
          "n_close_orders": 8,
          "wallet_exposure_limit": 1.0},
 "short": {"auto_unstuck_ema_dist": 0.010670601809359137,
           "auto_unstuck_wallet_exposure_threshold": 0.02862682890188672,
           "backwards_tp": true,
           "ema_span_0": 710.886035794704,
           "ema_span_1": 388.51780194401204,
           "enabled": true,
           "eprice_exp_base": 1.4159056217548838,
           "eqty_exp_base": 3.3602222497159384,
           "grid_span": 0.20192583310896933,
           "initial_eprice_ema_dist": 0.0024808393485487956,
           "initial_qty_pct": 0.019866993546455394,
           "markup_range": 0.0210132220793672,
           "max_n_entry_orders": 7,
           "min_markup": 0.0070488002197906,
           "n_close_orders": 5,
           "wallet_exposure_limit": 1.0}}