{"config_name": "neat_grid_0days",
 "logging_level": 0,
 "long": {"auto_unstuck_ema_dist": 0.0028809052062707266,
          "auto_unstuck_wallet_exposure_threshold": 0.04813440990354512,
          "backwards_tp": true,
          "ema_span_0": 1419.6309588080082,
          "ema_span_1": 1430.4484831223645,
          "enabled": true,
          "eprice_exp_base": 1,
          "eqty_exp_base": 1.225432362137424,
          "grid_span": 0.15761163856501684,
          "initial_eprice_ema_dist": 0.01,
          "initial_qty_pct": 0.02237972476760704,
          "markup_range": 0.003618968725826164,
          "max_n_entry_orders": 4,
          "min_markup": 0.009279961377376874,
          "n_close_orders": 6,
          "wallet_exposure_limit": 1.0},
 "short": {"auto_unstuck_ema_dist": -0.036908841742195865,
           "auto_unstuck_wallet_exposure_threshold": 0.08027412712891291,
           "backwards_tp": true,
           "ema_span_0": 259.0122633981049,
           "ema_span_1": 1040.3313112717574,
           "enabled": true,
           "eprice_exp_base": 1.092545476406733,
           "eqty_exp_base": 1.8083100094188007,
           "grid_span": 0.18860815203292788,
           "initial_eprice_ema_dist": 0.0027698267416035602,
           "initial_qty_pct": 0.03340325185803806,
           "markup_range": 0.006699996579938366,
           "max_n_entry_orders": 9,
           "min_markup": 0.005236013281534306,
           "n_close_orders": 8,
           "wallet_exposure_limit": 1.0}}