{"config_name": "neat_grid_0days",
 "logging_level": 0,
 "long": {"auto_unstuck_ema_dist": 0.008599994143352574,
          "auto_unstuck_wallet_exposure_threshold": 0.01759765675200512,
          "backwards_tp": true,
          "ema_span_0": 549.2916013278508,
          "ema_span_1": 797.5420195844051,
          "enabled": true,
          "eprice_exp_base": 1.0,
          "eqty_exp_base": 1.5062279216932526,
          "grid_span": 0.19258337576850149,
          "initial_eprice_ema_dist": 0.006291928567099151,
          "initial_qty_pct": 0.0173165211520449,
          "markup_range": 0.0029890676353321183,
          "max_n_entry_orders": 8,
          "min_markup": 0.00896753275553304,
          "n_close_orders": 6,
          "wallet_exposure_limit": 1.0},
 "short": {"auto_unstuck_ema_dist": 0.009434649593026135,
           "auto_unstuck_wallet_exposure_threshold": 0.01905711259643397,
           "backwards_tp": true,
           "ema_span_0": 530.583019113442,
           "ema_span_1": 1168.8330158832775,
           "enabled": true,
           "eprice_exp_base": 1.1259625975819756,
           "eqty_exp_base": 2.4850983247025713,
           "grid_span": 0.1356371723604583,
           "initial_eprice_ema_dist": -0.00046778370197351837,
           "initial_qty_pct": 0.014923111600061774,
           "markup_range": 0.005532053777568839,
           "max_n_entry_orders": 13,
           "min_markup": 0.004479901578020617,
           "n_close_orders": 10,
           "wallet_exposure_limit": 1.0}}