{"config_name": "neat_grid_0days",
 "logging_level": 0,
 "long": {"auto_unstuck_ema_dist": 0.003,
          "auto_unstuck_wallet_exposure_threshold": 0.07798317927098085,
          "backwards_tp": true,
          "ema_span_0": 440.09901157848583,
          "ema_span_1": 408.6784473619481,
          "enabled": true,
          "eprice_exp_base": 1.3012477779956428,
          "eqty_exp_base": 1.7446779386223488,
          "grid_span": 0.165718107909993,
          "initial_eprice_ema_dist": 0.007998736281625392,
          "initial_qty_pct": 0.01373548485101288,
          "markup_range": 0.007634811369206056,
          "max_n_entry_orders": 8,
          "min_markup": 0.0034849897932278814,
          "n_close_orders": 5,
          "wallet_exposure_limit": 1.0},
 "short": {"auto_unstuck_ema_dist": 0.003,
           "auto_unstuck_wallet_exposure_threshold": 0.06878481209958857,
           "backwards_tp": true,
           "ema_span_0": 90.68908318419128,
           "ema_span_1": 1057.056315937037,
           "enabled": true,
           "eprice_exp_base": 1.0,
           "eqty_exp_base": 3.272351952878027,
           "grid_span": 0.12115942707038234,
           "initial_eprice_ema_dist": 0.0019119193682893356,
           "initial_qty_pct": 0.015384037222209076,
           "markup_range": 0.0016697270703590907,
           "max_n_entry_orders": 17,
           "min_markup": 0.0020704935201469312,
           "n_close_orders": 7,
           "wallet_exposure_limit": 1.0}}