{"config_name": "neat_grid_0days",
 "logging_level": 0,
 "long": {"auto_unstuck_ema_dist": -0.013519900446177298,
          "auto_unstuck_wallet_exposure_threshold": 0.059362066614021256,
          "backwards_tp": true,
          "ema_span_0": 1174.5033583843588,
          "ema_span_1": 802.4174727236558,
          "enabled": true,
          "eprice_exp_base": 1.0921554270549425,
          "eqty_exp_base": 1.2382777217422603,
          "grid_span": 0.3508103894536551,
          "initial_eprice_ema_dist": -0.02047737489393374,
          "initial_qty_pct": 0.01310989015186661,
          "markup_range": 0.006404215950989344,
          "max_n_entry_orders": 9,
          "min_markup": 0.004272861965360252,
          "n_close_orders": 14,
          "wallet_exposure_limit": 1.0},
 "short": {"auto_unstuck_ema_dist": -0.015473562046449844,
           "auto_unstuck_wallet_exposure_threshold": 0.06775993690663233,
           "backwards_tp": true,
           "ema_span_0": 479.9373744285997,
           "ema_span_1": 201.78204551710328,
           "enabled": true,
           "eprice_exp_base": 1.1002365501191815,
           "eqty_exp_base": 2.8833904308029794,
           "grid_span": 0.12201186756385612,
           "initial_eprice_ema_dist": 0.008435611847325,
           "initial_qty_pct": 0.013351655581563933,
           "markup_range": 0.0035936844934071955,
           "max_n_entry_orders": 4,
           "min_markup": 0.004312035601062823,
           "n_close_orders": 1,
           "wallet_exposure_limit": 1.0}}