{"config_name": "neat_grid_0days",
 "logging_level": 0,
 "long": {"auto_unstuck_ema_dist": 0.014279764771195285,
          "auto_unstuck_wallet_exposure_threshold": 0.08656202180842006,
          "backwards_tp": true,
          "ema_span_0": 315.00431007313324,
          "ema_span_1": 633.1817232327359,
          "enabled": true,
          "eprice_exp_base": 1.086657716830672,
          "eqty_exp_base": 2.2129330968827245,
          "grid_span": 0.23577777920812965,
          "initial_eprice_ema_dist": -0.0038333618870428966,
          "initial_qty_pct": 0.01454460234549698,
          "markup_range": 0.001199339017746269,
          "max_n_entry_orders": 8,
          "min_markup": 0.009182603972463814,
          "n_close_orders": 6,
          "wallet_exposure_limit": 1.0},
 "short": {"auto_unstuck_ema_dist": 0.006198670294285408,
           "auto_unstuck_wallet_exposure_threshold": 0.012334640203820134,
           "backwards_tp": true,
           "ema_span_0": 533.3336743008191,
           "ema_span_1": 1076.3622995189296,
           "enabled": true,
           "eprice_exp_base": 1.4465183855751043,
           "eqty_exp_base": 3.1232777453210643,
           "grid_span": 0.1337704545967949,
           "initial_eprice_ema_dist": 0.003850128430965918,
           "initial_qty_pct": 0.01,
           "markup_range": 0.003662547303325517,
           "max_n_entry_orders": 19,
           "min_markup": 0.002912315136806516,
           "n_close_orders": 15,
           "wallet_exposure_limit": 1.0}}