{"config_name": "neat_grid_0days",
 "logging_level": 0,
 "long": {"auto_unstuck_ema_dist": 0.002287618374619567,
          "auto_unstuck_wallet_exposure_threshold": 0.0465853301658686,
          "backwards_tp": true,
          "ema_span_0": 321.20334334014376,
          "ema_span_1": 230.61364889579656,
          "enabled": true,
          "eprice_exp_base": 1.1245576539018374,
          "eqty_exp_base": 2.0316995760477607,
          "grid_span": 0.18194984750835394,
          "initial_eprice_ema_dist": 0.008152824831990485,
          "initial_qty_pct": 0.014129404448748006,
          "markup_range": 0.0018799022397601533,
          "max_n_entry_orders": 9,
          "min_markup": 0.009616500543253708,
          "n_close_orders": 7,
          "wallet_exposure_limit": 1.0},
 "short": {"auto_unstuck_ema_dist": 0.015888041123009945,
           "auto_unstuck_wallet_exposure_threshold": 0.09772464663908971,
           "backwards_tp": true,
           "ema_span_0": 145.43052983054875,
           "ema_span_1": 118.15844488680568,
           "enabled": true,
           "eprice_exp_base": 1.3336802693199987,
           "eqty_exp_base": 3.5942167588869207,
           "grid_span": 0.2094945284171143,
           "initial_eprice_ema_dist": 0.008514313989846594,
           "initial_qty_pct": 0.0105727247299223,
           "markup_range": 0.003698224313881879,
           "max_n_entry_orders": 5,
           "min_markup": 0.005265461152375791,
           "n_close_orders": 7,
           "wallet_exposure_limit": 1.0}}