{"config_name": "neat_grid_0days",
 "logging_level": 0,
 "long": {"auto_unstuck_ema_dist": 0.008510228838201446,
          "auto_unstuck_wallet_exposure_threshold": 0.06644194573553638,
          "backwards_tp": true,
          "ema_span_0": 173.91884370676237,
          "ema_span_1": 135.2605017233064,
          "enabled": true,
          "eprice_exp_base": 1.410412450848391,
          "eqty_exp_base": 1.4463436032302908,
          "grid_span": 0.11642605740929389,
          "initial_eprice_ema_dist": 0.01453323908007906,
          "initial_qty_pct": 0.03941976262391557,
          "markup_range": 0.0014735676529291561,
          "max_n_entry_orders": 5,
          "min_markup": 0.0070957362397593565,
          "n_close_orders": 2,
          "wallet_exposure_limit": 1.0},
 "short": {"auto_unstuck_ema_dist": 0.0006125170623113425,
           "auto_unstuck_wallet_exposure_threshold": 0.09110268982000304,
           "backwards_tp": true,
           "ema_span_0": 61.89470388962212,
           "ema_span_1": 101.47638798952447,
           "enabled": true,
           "eprice_exp_base": 1.9823282714346424,
           "eqty_exp_base": 2.9976117500541113,
           "grid_span": 0.36713550974364423,
           "initial_eprice_ema_dist": 0.002668096365219186,
           "initial_qty_pct": 0.012309404887448312,
           "markup_range": 0.003503906931672205,
           "max_n_entry_orders": 6,
           "min_markup": 0.002853055463832323,
           "n_close_orders": 5,
           "wallet_exposure_limit": 1.0}}