{"config_name": "neat_grid_0days",
 "logging_level": 0,
 "long": {"auto_unstuck_ema_dist": 0.00031699831311229285,
          "auto_unstuck_wallet_exposure_threshold": 0.08170339622236203,
          "backwards_tp": true,
          "ema_span_0": 695.9964186914473,
          "ema_span_1": 795.4963372196811,
          "enabled": true,
          "eprice_exp_base": 1.0841691157996247,
          "eqty_exp_base": 1.1024747597012676,
          "grid_span": 0.2342890901324359,
          "initial_eprice_ema_dist": 0.017724031978837526,
          "initial_qty_pct": 0.014540368856191144,
          "markup_range": 0.0053525808051650085,
          "max_n_entry_orders": 11,
          "min_markup": 0.002983532682278337,
          "n_close_orders": 6,
          "wallet_exposure_limit": 1.0},
 "short": {"auto_unstuck_ema_dist": 0.0018606835017034246,
           "auto_unstuck_wallet_exposure_threshold": 0.019305083560291134,
           "backwards_tp": true,
           "ema_span_0": 198.24239803890646,
           "ema_span_1": 114.81294406628592,
           "enabled": true,
           "eprice_exp_base": 1.0704910147629179,
           "eqty_exp_base": 3.9412860072624203,
           "grid_span": 0.24391923066789384,
           "initial_eprice_ema_dist": 0.006188042698218225,
           "initial_qty_pct": 0.014842584761654157,
           "markup_range": 0.0009308609277565725,
           "max_n_entry_orders": 13,
           "min_markup": 0.004484568665266995,
           "n_close_orders": 7,
           "wallet_exposure_limit": 1.0}}