{"config_name": "neat_grid_0days",
 "logging_level": 0,
 "long": {"auto_unstuck_ema_dist": -0.011322777054608489,
          "auto_unstuck_wallet_exposure_threshold": 0.03233506666410938,
          "backwards_tp": true,
          "ema_span_0": 1120.0538185420771,
          "ema_span_1": 1298.6807112832234,
          "enabled": true,
          "eprice_exp_base": 1.2259815624929777,
          "eqty_exp_base": 1.2213879937054537,
          "grid_span": 0.14452723619869592,
          "initial_eprice_ema_dist": -0.03608046315610774,
          "initial_qty_pct": 0.013479832050131093,
          "markup_range": 0.0009235097613592704,
          "max_n_entry_orders": 4,
          "min_markup": 0.005131423525767336,
          "n_close_orders": 1,
          "wallet_exposure_limit": 1.0},
 "short": {"auto_unstuck_ema_dist": -0.034850141131312004,
           "auto_unstuck_wallet_exposure_threshold": 0.09187044140843284,
           "backwards_tp": true,
           "ema_span_0": 835.1145711881655,
           "ema_span_1": 1126.7059452911258,
           "enabled": true,
           "eprice_exp_base": 1.1792644138690929,
           "eqty_exp_base": 1.8493447110109626,
           "grid_span": 0.30661418776918553,
           "initial_eprice_ema_dist": 0.0038443324622731076,
           "initial_qty_pct": 0.017455615228518843,
           "markup_range": 0.0028735024631858087,
           "max_n_entry_orders": 7,
           "min_markup": 0.009373961066365922,
           "n_close_orders": 5,
           "wallet_exposure_limit": 1.0}}