{"config_name": "neat_grid_0days",
 "logging_level": 0,
 "long": {"auto_unstuck_ema_dist": 0,
          "auto_unstuck_wallet_exposure_threshold": 0.07445180977488171,
          "backwards_tp": true,
          "ema_span_0": 656.3643070605744,
          "ema_span_1": 734.6372506510398,
          "enabled": true,
          "eprice_exp_base": 1.1851467630874712,
          "eqty_exp_base": 1.0,
          "grid_span": 0.1,
          "initial_eprice_ema_dist": 0.00918293691532727,
          "initial_qty_pct": 0.01,
          "markup_range": 0.006621365053580313,
          "max_n_entry_orders": 4,
          "min_markup": 0.005583996496161003,
          "n_close_orders": 7,
          "wallet_exposure_limit": 1.0},
 "short": {"auto_unstuck_ema_dist": 0.0010685171405668136,
           "auto_unstuck_wallet_exposure_threshold": 0.08831460844724853,
           "backwards_tp": true,
           "ema_span_0": 682.6453274089337,
           "ema_span_1": 974.0486658929382,
           "enabled": true,
           "eprice_exp_base": 2.3713310878569747,
           "eqty_exp_base": 1.0,
           "grid_span": 0.21904289408290134,
           "initial_eprice_ema_dist": -0.007978908360504786,
           "initial_qty_pct": 0.024720245728758295,
           "markup_range": 0.003057261443347758,
           "max_n_entry_orders": 4,
           "min_markup": 0.003737245265911733,
           "n_close_orders": 15,
           "wallet_exposure_limit": 1.0}}