{"config_name": "neat_grid_0days",
 "logging_level": 0,
 "long": {"auto_unstuck_ema_dist": 0.0010147297821846818,
          "auto_unstuck_wallet_exposure_threshold": 0.0712680425791849,
          "backwards_tp": true,
          "ema_span_0": 1330.9799434988279,
          "ema_span_1": 977.4006209517668,
          "enabled": true,
          "eprice_exp_base": 1.115320794260876,
          "eqty_exp_base": 3.8775349094015765,
          "grid_span": 0.16459682916382848,
          "initial_eprice_ema_dist": 0.0034661486787832107,
          "initial_qty_pct": 0.011338858554662296,
          "markup_range": 0.005234530456617643,
          "max_n_entry_orders": 7,
          "min_markup": 0.006941168427965241,
          "n_close_orders": 12,
          "wallet_exposure_limit": 1.0},
 "short": {"auto_unstuck_ema_dist": -0.009706775446079584,
           "auto_unstuck_wallet_exposure_threshold": 0.046661302431584145,
           "backwards_tp": true,
           "ema_span_0": 1086.057227902304,
           "ema_span_1": 1130.5508059625536,
           "enabled": true,
           "eprice_exp_base": 1.1233501469382146,
           "eqty_exp_base": 3.2214854647345406,
           "grid_span": 0.31312485631234277,
           "initial_eprice_ema_dist": 0.00933067649657242,
           "initial_qty_pct": 0.01,
           "markup_range": 0.0010936805967234286,
           "max_n_entry_orders": 7,
           "min_markup": 0.0052888299203477495,
           "n_close_orders": 10,
           "wallet_exposure_limit": 1.0}}