{"config_name": "neat_grid_0days",
 "logging_level": 0,
 "long": {"auto_unstuck_ema_dist": 0.00044785782800562556,
          "auto_unstuck_wallet_exposure_threshold": 0.07417251914315828,
          "backwards_tp": true,
          "ema_span_0": 267.0762719449914,
          "ema_span_1": 1347.0903375232356,
          "enabled": true,
          "eprice_exp_base": 1.1430065434694971,
          "eqty_exp_base": 1.282954184129114,
          "grid_span": 0.2030614657738219,
          "initial_eprice_ema_dist": 0.007139875144528496,
          "initial_qty_pct": 0.03259011343534417,
          "markup_range": 0.006364899797211232,
          "max_n_entry_orders": 7,
          "min_markup": 0.0074448366540997854,
          "n_close_orders": 5,
          "wallet_exposure_limit": 1.0},
 "short": {"auto_unstuck_ema_dist": 0.008266449713826849,
           "auto_unstuck_wallet_exposure_threshold": 0.08538442955514527,
           "backwards_tp": true,
           "ema_span_0": 416.8506666591709,
           "ema_span_1": 245.14970335339902,
           "enabled": true,
           "eprice_exp_base": 1.7065750502983383,
           "eqty_exp_base": 2.713765179540119,
           "grid_span": 0.15101335392501739,
           "initial_eprice_ema_dist": -0.0502665735111113,
           "initial_qty_pct": 0.020843498391443248,
           "markup_range": 0.007039916817643096,
           "max_n_entry_orders": 6,
           "min_markup": 0.008831649757858731,
           "n_close_orders": 6,
           "wallet_exposure_limit": 1.0}}