{"config_name": "neat_grid_0days",
 "logging_level": 0,
 "long": {"auto_unstuck_ema_dist": 0.013224169940182467,
          "auto_unstuck_wallet_exposure_threshold": 0.056196089443439734,
          "backwards_tp": true,
          "ema_span_0": 563.3677512986242,
          "ema_span_1": 42.69505568458703,
          "enabled": true,
          "eprice_exp_base": 1.965553324413172,
          "eqty_exp_base": 1.9769006907465507,
          "grid_span": 0.3191858729093348,
          "initial_eprice_ema_dist": 0.011370727848793548,
          "initial_qty_pct": 0.01,
          "markup_range": 0.0,
          "max_n_entry_orders": 5,
          "min_markup": 0.004964275926489924,
          "n_close_orders": 14,
          "wallet_exposure_limit": 1.0},
 "short": {"auto_unstuck_ema_dist": 0.013730335193793417,
           "auto_unstuck_wallet_exposure_threshold": 0.010002827326764954,
           "backwards_tp": true,
           "ema_span_0": 423.22404722190083,
           "ema_span_1": 187.94239064004668,
           "enabled": true,
           "eprice_exp_base": 1.1631910098112397,
           "eqty_exp_base": 1.2290794530927653,
           "grid_span": 0.3568412381962623,
           "initial_eprice_ema_dist": 0.001835537747721556,
           "initial_qty_pct": 0.02063495742266535,
           "markup_range": 0.004277485197054649,
           "max_n_entry_orders": 11,
           "min_markup": 0.002864677135911429,
           "n_close_orders": 10,
           "wallet_exposure_limit": 1.0}}