{"config_name": "neat_grid_0days",
 "logging_level": 0,
 "long": {"auto_unstuck_ema_dist": 0.017228242633041787,
          "auto_unstuck_wallet_exposure_threshold": 0.01342991317185613,
          "backwards_tp": true,
          "ema_span_0": 361.4544642014389,
          "ema_span_1": 264.2437489966969,
          "enabled": true,
          "eprice_exp_base": 1.0629632209636135,
          "eqty_exp_base": 2.4992476145794322,
          "grid_span": 0.228912831571256,
          "initial_eprice_ema_dist": 0.0033439273953419398,
          "initial_qty_pct": 0.01,
          "markup_range": 0.010966607553630846,
          "max_n_entry_orders": 10,
          "min_markup": 0.0039012914588538563,
          "n_close_orders": 10,
          "wallet_exposure_limit": 1.0},
 "short": {"auto_unstuck_ema_dist": 0.019045968811795436,
           "auto_unstuck_wallet_exposure_threshold": 0.0533313168629665,
           "backwards_tp": true,
           "ema_span_0": 686.8217662358602,
           "ema_span_1": 1194.583126520628,
           "enabled": true,
           "eprice_exp_base": 1.575674210864683,
           "eqty_exp_base": 1,
           "grid_span": 0.258063418557852,
           "initial_eprice_ema_dist": 0.004303477647189969,
           "initial_qty_pct": 0.01885945615632411,
           "markup_range": 0.003408110411770637,
           "max_n_entry_orders": 5,
           "min_markup": 0.004246530347573583,
           "n_close_orders": 3,
           "wallet_exposure_limit": 1.0}}