{"config_name": "neat_grid_0days",
 "logging_level": 0,
 "long": {"auto_unstuck_ema_dist": -0.00858912867053973,
          "auto_unstuck_wallet_exposure_threshold": 0.09003432150208171,
          "backwards_tp": true,
          "ema_span_0": 1065.4811408611843,
          "ema_span_1": 1304.0628699427111,
          "enabled": true,
          "eprice_exp_base": 1.0805470956319732,
          "eqty_exp_base": 2.5790362050964624,
          "grid_span": 0.23830000211948288,
          "initial_eprice_ema_dist": 0.007659653554237179,
          "initial_qty_pct": 0.022148743464423422,
          "markup_range": 0.011308012115183171,
          "max_n_entry_orders": 6,
          "min_markup": 0.005369678589952757,
          "n_close_orders": 11,
          "wallet_exposure_limit": 1.0},
 "short": {"auto_unstuck_ema_dist": -0.006319965045341706,
           "auto_unstuck_wallet_exposure_threshold": 0.06176378926143612,
           "backwards_tp": true,
           "ema_span_0": 1325.0792803297988,
           "ema_span_1": 1404.6524773933872,
           "enabled": true,
           "eprice_exp_base": 1.4716755403796793,
           "eqty_exp_base": 3.956739565945467,
           "grid_span": 0.23659229047821845,
           "initial_eprice_ema_dist": 0.01,
           "initial_qty_pct": 0.03140547306961581,
           "markup_range": 0.008288988706470213,
           "max_n_entry_orders": 6,
           "min_markup": 0.009999983717839566,
           "n_close_orders": 9,
           "wallet_exposure_limit": 1.0}}