{"config_name": "neat_grid_0days",
 "logging_level": 0,
 "long": {"auto_unstuck_ema_dist": 0.009350240840565894,
          "auto_unstuck_wallet_exposure_threshold": 0.08386063373947347,
          "backwards_tp": true,
          "ema_span_0": 246.41502630430608,
          "ema_span_1": 508.7592805832096,
          "enabled": true,
          "eprice_exp_base": 1.0,
          "eqty_exp_base": 3.0130090721915774,
          "grid_span": 0.14698254050244794,
          "initial_eprice_ema_dist": -0.0025965476346763213,
          "initial_qty_pct": 0.01299806540784237,
          "markup_range": 0.003558640704306291,
          "max_n_entry_orders": 8,
          "min_markup": 0.00676484681597979,
          "n_close_orders": 5,
          "wallet_exposure_limit": 1.0},
 "short": {"auto_unstuck_ema_dist": 0.01933667681144266,
           "auto_unstuck_wallet_exposure_threshold": 0.045909167744350346,
           "backwards_tp": true,
           "ema_span_0": 657.6953752171003,
           "ema_span_1": 1421.791552112107,
           "enabled": true,
           "eprice_exp_base": 1.1233882143304266,
           "eqty_exp_base": 1.82390939691617,
           "grid_span": 0.24307873698044266,
           "initial_eprice_ema_dist": 0.006934776145204835,
           "initial_qty_pct": 0.0142343980433376,
           "markup_range": 0.008141556285354788,
           "max_n_entry_orders": 18,
           "min_markup": 0.009790145921387567,
           "n_close_orders": 9,
           "wallet_exposure_limit": 1.0}}