{"config_name": "neat_grid_0days",
 "logging_level": 0,
 "long": {"auto_unstuck_ema_dist": 0.004861654900850498,
          "auto_unstuck_wallet_exposure_threshold": 0.012445851719993137,
          "backwards_tp": true,
          "ema_span_0": 78.73460372474284,
          "ema_span_1": 250.71688973619572,
          "enabled": true,
          "eprice_exp_base": 1.1512054328608952,
          "eqty_exp_base": 2.7198471001128186,
          "grid_span": 0.11722980445047587,
          "initial_eprice_ema_dist": -0.025323474497070057,
          "initial_qty_pct": 0.01614083918226825,
          "markup_range": 0.006557245403946001,
          "max_n_entry_orders": 6,
          "min_markup": 0.003957257590947601,
          "n_close_orders": 7,
          "wallet_exposure_limit": 1.0},
 "short": {"auto_unstuck_ema_dist": 0,
           "auto_unstuck_wallet_exposure_threshold": 0.0996034488076985,
           "backwards_tp": true,
           "ema_span_0": 454.07776216501753,
           "ema_span_1": 463.9421391425749,
           "enabled": true,
           "eprice_exp_base": 2.2885752190684547,
           "eqty_exp_base": 3.200656101025081,
           "grid_span": 0.2659162151648062,
           "initial_eprice_ema_dist": -0.04106396041685896,
           "initial_qty_pct": 0.09117141761334471,
           "markup_range": 0.01168951980682922,
           "max_n_entry_orders": 16,
           "min_markup": 0.0014396426084039742,
           "n_close_orders": 12,
           "wallet_exposure_limit": 1.0}}