{"config_name": "neat_grid_0days",
 "logging_level": 0,
 "long": {"auto_unstuck_ema_dist": 0.010594789591253644,
          "auto_unstuck_wallet_exposure_threshold": 0.055224305760867204,
          "backwards_tp": true,
          "ema_span_0": 503.5436182971454,
          "ema_span_1": 668.7568998053529,
          "enabled": true,
          "eprice_exp_base": 1.026257361979919,
          "eqty_exp_base": 1.9625288317825742,
          "grid_span": 0.1383311211037127,
          "initial_eprice_ema_dist": 0.00818374558893106,
          "initial_qty_pct": 0.013263386944324069,
          "markup_range": 0.002299975566482278,
          "max_n_entry_orders": 5,
          "min_markup": 0.009610968093981476,
          "n_close_orders": 2,
          "wallet_exposure_limit": 1.0},
 "short": {"auto_unstuck_ema_dist": 0.018015732514261838,
           "auto_unstuck_wallet_exposure_threshold": 0.04388681366542561,
           "backwards_tp": true,
           "ema_span_0": 311.42567804115174,
           "ema_span_1": 109.49051808778425,
           "enabled": true,
           "eprice_exp_base": 1.0262193369347516,
           "eqty_exp_base": 2.8925217615819125,
           "grid_span": 0.6991353479266256,
           "initial_eprice_ema_dist": 0.007749976107439396,
           "initial_qty_pct": 0.012293006328076467,
           "markup_range": 0.0034841040091863826,
           "max_n_entry_orders": 18,
           "min_markup": 0.00249540849306527,
           "n_close_orders": 2,
           "wallet_exposure_limit": 1.0}}