{"config_name": "neat_grid_0days",
 "logging_level": 0,
 "long": {"auto_unstuck_ema_dist": -0.018002132999158635,
          "auto_unstuck_wallet_exposure_threshold": 0.04305301297292292,
          "backwards_tp": true,
          "ema_span_0": 900.8702425869142,
          "ema_span_1": 503.9275273653381,
          "enabled": true,
          "eprice_exp_base": 1.0861754337383092,
          "eqty_exp_base": 1.716717058745355,
          "grid_span": 0.13538684221140557,
          "initial_eprice_ema_dist": -0.004528405634543194,
          "initial_qty_pct": 0.01,
          "markup_range": 0.009490043737502257,
          "max_n_entry_orders": 5,
          "min_markup": 0.004530586958161911,
          "n_close_orders": 10,
          "wallet_exposure_limit": 1.0},
 "short": {"auto_unstuck_ema_dist": -0.002135114020809457,
           "auto_unstuck_wallet_exposure_threshold": 0.052791770301752326,
           "backwards_tp": true,
           "ema_span_0": 1391.7162431197894,
           "ema_span_1": 986.1932814529024,
           "enabled": true,
           "eprice_exp_base": 1.0375447845355679,
           "eqty_exp_base": 2.1421531431239655,
           "grid_span": 0.20097971682818383,
           "initial_eprice_ema_dist": -0.017750944193973862,
           "initial_qty_pct": 0.012448029514648278,
           "markup_range": 0.001415229706570535,
           "max_n_entry_orders": 6,
           "min_markup": 0.0015181698425676899,
           "n_close_orders": 3,
           "wallet_exposure_limit": 1.0}}