{"config_name": "neat_grid_0days",
 "logging_level": 0,
 "long": {"auto_unstuck_ema_dist": 0.006175802721469548,
          "auto_unstuck_wallet_exposure_threshold": 0.060628245396954994,
          "backwards_tp": true,
          "ema_span_0": 323.5154189358766,
          "ema_span_1": 329.70151836460076,
          "enabled": true,
          "eprice_exp_base": 1.0,
          "eqty_exp_base": 3.1089099326150187,
          "grid_span": 0.1,
          "initial_eprice_ema_dist": -0.024942306322850973,
          "initial_qty_pct": 0.010004630428510183,
          "markup_range": 0.0019321981458906747,
          "max_n_entry_orders": 7,
          "min_markup": 0.009853917433115186,
          "n_close_orders": 6,
          "wallet_exposure_limit": 1.0},
 "short": {"auto_unstuck_ema_dist": 0.006592455609224736,
           "auto_unstuck_wallet_exposure_threshold": 0.0173189391510058,
           "backwards_tp": true,
           "ema_span_0": 387.9953997591152,
           "ema_span_1": 543.4151507128256,
           "enabled": true,
           "eprice_exp_base": 1.0846613322214553,
           "eqty_exp_base": 1.6178985357188727,
           "grid_span": 0.362408592935799,
           "initial_eprice_ema_dist": 0.00877951804987931,
           "initial_qty_pct": 0.011560158287563242,
           "markup_range": 0.003682620570159419,
           "max_n_entry_orders": 14,
           "min_markup": 0.003840126657214845,
           "n_close_orders": 3,
           "wallet_exposure_limit": 1.0}}