{"config_name": "neat_grid_0days",
 "logging_level": 0,
 "long": {"auto_unstuck_ema_dist": -0.002332963137307302,
          "auto_unstuck_wallet_exposure_threshold": 0.06592856347386544,
          "backwards_tp": true,
          "ema_span_0": 1280.6942470589838,
          "ema_span_1": 1323.3532386448176,
          "enabled": true,
          "eprice_exp_base": 1.14891617912982,
          "eqty_exp_base": 2.1551859405805125,
          "grid_span": 0.1,
          "initial_eprice_ema_dist": 0.009139364635986046,
          "initial_qty_pct": 0.01,
          "markup_range": 0.006825704228514409,
          "max_n_entry_orders": 8,
          "min_markup": 0.008284296630323783,
          "n_close_orders": 15,
          "wallet_exposure_limit": 1.0},
 "short": {"auto_unstuck_ema_dist": 0.0029380822424886427,
           "auto_unstuck_wallet_exposure_threshold": 0.03154893648282039,
           "backwards_tp": true,
           "ema_span_0": 1239.2469062447112,
           "ema_span_1": 586.4017333791442,
           "enabled": true,
           "eprice_exp_base": 1.3816856113905025,
           "eqty_exp_base": 1.7674936798032967,
           "grid_span": 0.39830966171271026,
           "initial_eprice_ema_dist": 0.007089139600175858,
           "initial_qty_pct": 0.01,
           "markup_range": 0.009853960567254752,
           "max_n_entry_orders": 5,
           "min_markup": 0.005103029808663039,
           "n_close_orders": 1,
           "wallet_exposure_limit": 1.0}}