{"config_name": "neat_grid_0days",
 "logging_level": 0,
 "long": {"auto_unstuck_ema_dist": -0.011451125570592477,
          "auto_unstuck_wallet_exposure_threshold": 0.04040354829923773,
          "backwards_tp": true,
          "ema_span_0": 1265.549181851385,
          "ema_span_1": 390.6331968280954,
          "enabled": true,
          "eprice_exp_base": 1.0443893560985753,
          "eqty_exp_base": 1.549282430681081,
          "grid_span": 0.2230339476979633,
          "initial_eprice_ema_dist": 0.003951087536831101,
          "initial_qty_pct": 0.022252211912301402,
          "markup_range": 0.006526873418955518,
          "max_n_entry_orders": 14,
          "min_markup": 0.009939011220539811,
          "n_close_orders": 2,
          "wallet_exposure_limit": 1.0},
 "short": {"auto_unstuck_ema_dist": -0.014087574488791764,
           "auto_unstuck_wallet_exposure_threshold": 0.0973592145786431,
           "backwards_tp": true,
           "ema_span_0": 1361.3244297347378,
           "ema_span_1": 436.6929188751834,
           "enabled": true,
           "eprice_exp_base": 1.4924016763646528,
           "eqty_exp_base": 1.8494633986301372,
           "grid_span": 0.378912715317518,
           "initial_eprice_ema_dist": -0.018438639453991216,
           "initial_qty_pct": 0.01,
           "markup_range": 0.0007257719344981473,
           "max_n_entry_orders": 6,
           "min_markup": 0.009316566367139331,
           "n_close_orders": 11,
           "wallet_exposure_limit": 1.0}}