{"config_name": "neat_grid_0days",
 "logging_level": 0,
 "long": {"auto_unstuck_ema_dist": 0.0028539516903970516,
          "auto_unstuck_wallet_exposure_threshold": 0.0724701767062321,
          "backwards_tp": true,
          "ema_span_0": 633.3647029815421,
          "ema_span_1": 144.26461266916414,
          "enabled": true,
          "eprice_exp_base": 1.0,
          "eqty_exp_base": 3.1008475915703695,
          "grid_span": 0.16528839827437153,
          "initial_eprice_ema_dist": 0.0063371955150801915,
          "initial_qty_pct": 0.011522521418079098,
          "markup_range": 0.0073766751107168065,
          "max_n_entry_orders": 19,
          "min_markup": 0.009529760927930599,
          "n_close_orders": 15,
          "wallet_exposure_limit": 1.0},
 "short": {"auto_unstuck_ema_dist": 0.011691598015382018,
           "auto_unstuck_wallet_exposure_threshold": 0.06452237527107267,
           "backwards_tp": true,
           "ema_span_0": 550.1102865676747,
           "ema_span_1": 869.4473433452515,
           "enabled": true,
           "eprice_exp_base": 1.1219433796624458,
           "eqty_exp_base": 1.1363056546537817,
           "grid_span": 0.203051856118077,
           "initial_eprice_ema_dist": 0.0022200924450384643,
           "initial_qty_pct": 0.020329590861300335,
           "markup_range": 0.010852672161900884,
           "max_n_entry_orders": 6,
           "min_markup": 0.008778088986853628,
           "n_close_orders": 5,
           "wallet_exposure_limit": 1.0}}