{"config_name": "neat_grid_0days",
 "logging_level": 0,
 "long": {"auto_unstuck_ema_dist": -0.003052395403419852,
          "auto_unstuck_wallet_exposure_threshold": 0.03226857328501134,
          "backwards_tp": true,
          "ema_span_0": 425.8264114017495,
          "ema_span_1": 284.3227635405864,
          "enabled": true,
          "eprice_exp_base": 1.041538606054842,
          "eqty_exp_base": 3.253211426369148,
          "grid_span": 0.18111051688137952,
          "initial_eprice_ema_dist": -0.0021852064473095495,
          "initial_qty_pct": 0.03528386760101755,
          "markup_range": 0.007835847127548824,
          "max_n_entry_orders": 6,
          "min_markup": 0.00938989651052489,
          "n_close_orders": 6,
          "wallet_exposure_limit": 1.0},
 "short": {"auto_unstuck_ema_dist": -0.0062219435085963185,
           "auto_unstuck_wallet_exposure_threshold": 0.05200088793363475,
           "backwards_tp": true,
           "ema_span_0": 1151.0237153720736,
           "ema_span_1": 1028.2454655538666,
           "enabled": true,
           "eprice_exp_base": 1.5140573501539025,
           "eqty_exp_base": 1.6597081465225805,
           "grid_span": 0.23596251097155047,
           "initial_eprice_ema_dist": 0.0087338364128994,
           "initial_qty_pct": 0.021579250383605156,
           "markup_range": 0.005126405109927019,
           "max_n_entry_orders": 6,
           "min_markup": 0.0049319365407398995,
           "n_close_orders": 13,
           "wallet_exposure_limit": 1.0}}