{"config_name": "neat_grid_0days",
 "logging_level": 0,
 "long": {"auto_unstuck_ema_dist": 0,
          "auto_unstuck_wallet_exposure_threshold": 0.08600295147687466,
          "backwards_tp": true,
          "ema_span_0": 663.6322281749887,
          "ema_span_1": 922.4621344182934,
          "enabled": true,
          "eprice_exp_base": 1.1534008374659188,
          "eqty_exp_base": 1.6635126459095546,
          "grid_span": 0.15114291967651455,
          "initial_eprice_ema_dist": 0.00584871782847791,
          "initial_qty_pct": 0.01,
          "markup_range": 0.004112618097254162,
          "max_n_entry_orders": 6,
          "min_markup": 0.004559066395569277,
          "n_close_orders": 14,
          "wallet_exposure_limit": 1.0},
 "short": {"auto_unstuck_ema_dist": 0.01439549077910756,
           "auto_unstuck_wallet_exposure_threshold": 0.014821182870435079,
           "backwards_tp": true,
           "ema_span_0": 355.76708186906916,
           "ema_span_1": 607.0780661277122,
           "enabled": true,
           "eprice_exp_base": 1.2311476089484648,
           "eqty_exp_base": 2.6875204973138467,
           "grid_span": 0.19782738906473463,
           "initial_eprice_ema_dist": 0.007911088043129559,
           "initial_qty_pct": 0.020508612904582193,
           "markup_range": 0.006510470273858053,
           "max_n_entry_orders": 7,
           "min_markup": 0.00785823614889859,
           "n_close_orders": 16,
           "wallet_exposure_limit": 1.0}}