{"config_name": "neat_grid_0days",
 "logging_level": 0,
 "long": {"auto_unstuck_ema_dist": 0.017054605247218198,
          "auto_unstuck_wallet_exposure_threshold": 0.042613205111063666,
          "backwards_tp": true,
          "ema_span_0": 202.4108943173619,
          "ema_span_1": 82.47909010450721,
          "enabled": true,
          "eprice_exp_base": 1.0118971814489632,
          "eqty_exp_base": 1.7297491212306515,
          "grid_span": 0.250969747828776,
          "initial_eprice_ema_dist": -0.003920215600619831,
          "initial_qty_pct": 0.013211750972671021,
          "markup_range": 0.004079250516170987,
          "max_n_entry_orders": 13,
          "min_markup": 0.0022352910174526213,
          "n_close_orders": 10,
          "wallet_exposure_limit": 1.0},
 "short": {"auto_unstuck_ema_dist": 0,
           "auto_unstuck_wallet_exposure_threshold": 0.0475777765557508,
           "backwards_tp": true,
           "ema_span_0": 257.13128540796805,
           "ema_span_1": 1024.1603261346013,
           "enabled": true,
           "eprice_exp_base": 1.586586038993426,
           "eqty_exp_base": 1.4054017586419225,
           "grid_span": 0.1284952634772404,
           "initial_eprice_ema_dist": 0.004930137458814021,
           "initial_qty_pct": 0.012522396669159608,
           "markup_range": 0.003573009907727368,
           "max_n_entry_orders": 6,
           "min_markup": 0.004811670084482229,
           "n_close_orders": 15,
           "wallet_exposure_limit": 1.0}}