{"config_name": "neat_grid_0days",
 "logging_level": 0,
 "long": {"auto_unstuck_ema_dist": 0.0020549541554808724,
          "auto_unstuck_wallet_exposure_threshold": 0.09675341571777038,
          "backwards_tp": true,
          "ema_span_0": 453.11410209494215,
          "ema_span_1": 1439.4756593420404,
          "enabled": true,
          "eprice_exp_base": 1.8245467554838963,
          "eqty_exp_base": 1.7586747070243258,
          "grid_span": 0.15121620819205953,
          "initial_eprice_ema_dist": 0.012146283233488115,
          "initial_qty_pct": 0.01146406949458557,
          "markup_range": 0.005153011074499876,
          "max_n_entry_orders": 4,
          "min_markup": 0.0068146571358732415,
          "n_close_orders": 12,
          "wallet_exposure_limit": 1.0},
 "short": {"auto_unstuck_ema_dist": 0.0023057613334446082,
           "auto_unstuck_wallet_exposure_threshold": 0.07240038194180355,
           "backwards_tp": true,
           "ema_span_0": 215.38105636069122,
           "ema_span_1": 90.85180311051603,
           "enabled": true,
           "eprice_exp_base": 1.0164939101445798,
           "eqty_exp_base": 2.5799487294621617,
           "grid_span": 0.42404467796734013,
           "initial_eprice_ema_dist": 0.0048673903434907845,
           "initial_qty_pct": 0.025386393102741614,
           "markup_range": 0.0,
           "max_n_entry_orders": 12,
           "min_markup": 0.004322399299126855,
           "n_close_orders": 8,
           "wallet_exposure_limit": 1.0}}