{"config_name": "neat_grid_0days",
 "logging_level": 0,
 "long": {"auto_unstuck_ema_dist": 0.014355795287700486,
          "auto_unstuck_wallet_exposure_threshold": 0.06422725692410501,
          "backwards_tp": true,
          "ema_span_0": 259.6469266910917,
          "ema_span_1": 1062.7549521207943,
          "enabled": true,
          "eprice_exp_base": 1.0083288262171008,
          "eqty_exp_base": 2.222503224748407,
          "grid_span": 0.1449473670637105,
          "initial_eprice_ema_dist": 0.004831702340499935,
          "initial_qty_pct": 0.014999450318984506,
          "markup_range": 0.01149583038752952,
          "max_n_entry_orders": 11,
          "min_markup": 0.005631953314641031,
          "n_close_orders": 6,
          "wallet_exposure_limit": 1.0},
 "short": {"auto_unstuck_ema_dist": 0.017015892663605234,
           "auto_unstuck_wallet_exposure_threshold": 0.01162349199344491,
           "backwards_tp": true,
           "ema_span_0": 10,
           "ema_span_1": 353.86320206366895,
           "enabled": true,
           "eprice_exp_base": 1.0,
           "eqty_exp_base": 1,
           "grid_span": 0.24123249487912032,
           "initial_eprice_ema_dist": -0.06069413693189236,
           "initial_qty_pct": 0.024247260315997433,
           "markup_range": 0.011893015353974759,
           "max_n_entry_orders": 5,
           "min_markup": 0.005443167018975398,
           "n_close_orders": 4,
           "wallet_exposure_limit": 1.0}}