{"config_name": "neat_grid_0days",
 "logging_level": 0,
 "long": {"auto_unstuck_ema_dist": 0.017401361710420258,
          "auto_unstuck_wallet_exposure_threshold": 0.09079727681231584,
          "backwards_tp": true,
          "ema_span_0": 305.22676871389086,
          "ema_span_1": 633.1419507467285,
          "enabled": true,
          "eprice_exp_base": 1.2918484053346013,
          "eqty_exp_base": 1.7384481612497755,
          "grid_span": 0.14547432769782695,
          "initial_eprice_ema_dist": 0.009144538408829651,
          "initial_qty_pct": 0.010002863894539193,
          "markup_range": 0.0031766720630169165,
          "max_n_entry_orders": 6,
          "min_markup": 0.004441371712153603,
          "n_close_orders": 15,
          "wallet_exposure_limit": 1.0},
 "short": {"auto_unstuck_ema_dist": 0.007678078256738828,
           "auto_unstuck_wallet_exposure_threshold": 0.019989233048765112,
           "backwards_tp": true,
           "ema_span_0": 651.5010230364127,
           "ema_span_1": 1103.4052432498984,
           "enabled": true,
           "eprice_exp_base": 1.176329677686373,
           "eqty_exp_base": 1.4123538374030207,
           "grid_span": 0.354541996110566,
           "initial_eprice_ema_dist": 0.0026394026945378915,
           "initial_qty_pct": 0.010001718061308382,
           "markup_range": 0.01953996699623727,
           "max_n_entry_orders": 9,
           "min_markup": 0.01,
           "n_close_orders": 14,
           "wallet_exposure_limit": 1.0}}