{"config_name": "neat_grid_0days",
 "logging_level": 0,
 "long": {"auto_unstuck_ema_dist": -0.03689137621801665,
          "auto_unstuck_wallet_exposure_threshold": 0.07491877413338381,
          "backwards_tp": true,
          "ema_span_0": 290.3321279631154,
          "ema_span_1": 737.192883520991,
          "enabled": true,
          "eprice_exp_base": 1.2716371401885096,
          "eqty_exp_base": 1,
          "grid_span": 0.17616232747300184,
          "initial_eprice_ema_dist": -0.019415763453484364,
          "initial_qty_pct": 0.012361383382258083,
          "markup_range": 0.01020176907582476,
          "max_n_entry_orders": 3,
          "min_markup": 0.0029569017027064434,
          "n_close_orders": 1,
          "wallet_exposure_limit": 1.0},
 "short": {"auto_unstuck_ema_dist": -0.008131241342502035,
           "auto_unstuck_wallet_exposure_threshold": 0.032520727096636726,
           "backwards_tp": true,
           "ema_span_0": 1361.3337492922813,
           "ema_span_1": 1285.4375665101772,
           "enabled": true,
           "eprice_exp_base": 1.0,
           "eqty_exp_base": 2.079658161603541,
           "grid_span": 0.3673138396785975,
           "initial_eprice_ema_dist": 0.008574847322858193,
           "initial_qty_pct": 0.01,
           "markup_range": 0.014015645317874175,
           "max_n_entry_orders": 20,
           "min_markup": 0.009856276560970562,
           "n_close_orders": 6,
           "wallet_exposure_limit": 1.0}}