{"config_name": "neat_grid_0days",
 "logging_level": 0,
 "long": {"auto_unstuck_ema_dist": 0.004022266824194035,
          "auto_unstuck_wallet_exposure_threshold": 0.08768849584177103,
          "backwards_tp": true,
          "ema_span_0": 542.6103161833937,
          "ema_span_1": 1022.5658108085198,
          "enabled": true,
          "eprice_exp_base": 1.0,
          "eqty_exp_base": 3.318411103083827,
          "grid_span": 0.12685686664325954,
          "initial_eprice_ema_dist": -0.009050339952953821,
          "initial_qty_pct": 0.02235419452824609,
          "markup_range": 0.003842500502741339,
          "max_n_entry_orders": 10,
          "min_markup": 0.0073213699927967045,
          "n_close_orders": 3,
          "wallet_exposure_limit": 1.0},
 "short": {"auto_unstuck_ema_dist": 0.01919544838560128,
           "auto_unstuck_wallet_exposure_threshold": 0.011596762261158577,
           "backwards_tp": true,
           "ema_span_0": 669.3768163347941,
           "ema_span_1": 1066.249331820994,
           "enabled": true,
           "eprice_exp_base": 1.440149499370531,
           "eqty_exp_base": 1.055052109222916,
           "grid_span": 0.6835020950474465,
           "initial_eprice_ema_dist": 0.009822827416163306,
           "initial_qty_pct": 0.023281696410091295,
           "markup_range": 0.003708707470431897,
           "max_n_entry_orders": 7,
           "min_markup": 0.004658301371213168,
           "n_close_orders": 13,
           "wallet_exposure_limit": 1.0}}