{"config_name": "neat_grid_0days",
 "logging_level": 0,
 "long": {"auto_unstuck_ema_dist": -0.01594487028454116,
          "auto_unstuck_wallet_exposure_threshold": 0.049851839247318154,
          "backwards_tp": true,
          "ema_span_0": 484.91513709220175,
          "ema_span_1": 432.9130833902509,
          "enabled": true,
          "eprice_exp_base": 1.1795862363260645,
          "eqty_exp_base": 1.5860051234207209,
          "grid_span": 0.1,
          "initial_eprice_ema_dist": 0.01,
          "initial_qty_pct": 0.010005202031659976,
          "markup_range": 0.0046211215845432,
          "max_n_entry_orders": 4,
          "min_markup": 0.0033574884589944918,
          "n_close_orders": 2,
          "wallet_exposure_limit": 1.0},
 "short": {"auto_unstuck_ema_dist": -0.0037956197437627255,
           "auto_unstuck_wallet_exposure_threshold": 0.054627973093564146,
           "backwards_tp": true,
           "ema_span_0": 274.8213650961077,
           "ema_span_1": 1031.8429888699104,
           "enabled": true,
           "eprice_exp_base": 1.273926182364726,
           "eqty_exp_base": 2.845883109256996,
           "grid_span": 0.2997900298750521,
           "initial_eprice_ema_dist": 0.0023893626347985426,
           "initial_qty_pct": 0.013055067863076667,
           "markup_range": 0.001605579904794737,
           "max_n_entry_orders": 10,
           "min_markup": 0.00908443035340452,
           "n_close_orders": 3,
           "wallet_exposure_limit": 1.0}}