{"config_name": "neat_grid_0days",
 "logging_level": 0,
 "long": {"auto_unstuck_ema_dist": 0.0034418397045985964,
          "auto_unstuck_wallet_exposure_threshold": 0.08825741910431012,
          "backwards_tp": true,
          "ema_span_0": 690.1084659851015,
          "ema_span_1": 140.12220118522512,
          "enabled": true,
          "eprice_exp_base": 1.2463597844874417,
          "eqty_exp_base": 3.7223723384505756,
          "grid_span": 0.11293181560381527,
          "initial_eprice_ema_dist": -0.02004449527693978,
          "initial_qty_pct": 0.010013446734443375,
          "markup_range": 0.0008410252427046502,
          "max_n_entry_orders": 4,
          "min_markup": 0.0059265740169010045,
          "n_close_orders": 5,
          "wallet_exposure_limit": 1.0},
 "short": {"auto_unstuck_ema_dist": 0.015855774845106026,
           "auto_unstuck_wallet_exposure_threshold": 0.013639314387841944,
           "backwards_tp": true,
           "ema_span_0": 703.5511436897509,
           "ema_span_1": 1029.7980632656622,
           "enabled": true,
           "eprice_exp_base": 1.2954821801525063,
           "eqty_exp_base": 1.7481348265834693,
           "grid_span": 0.3407984543390128,
           "initial_eprice_ema_dist": 0.006445491501715806,
           "initial_qty_pct": 0.022016973250552702,
           "markup_range": 0.003847367994264289,
           "max_n_entry_orders": 5,
           "min_markup": 0.008918133062010388,
           "n_close_orders": 9,
           "wallet_exposure_limit": 1.0}}