{"config_name": "neat_grid_0days",
 "logging_level": 0,
 "long": {"auto_unstuck_ema_dist": 0.002398197950856156,
          "auto_unstuck_wallet_exposure_threshold": 0.03203700920788824,
          "backwards_tp": true,
          "ema_span_0": 100.46233089652269,
          "ema_span_1": 520.6016471985834,
          "enabled": true,
          "eprice_exp_base": 1.0486318942605437,
          "eqty_exp_base": 1.0,
          "grid_span": 0.2557670955703569,
          "initial_eprice_ema_dist": 0.0145165268417987,
          "initial_qty_pct": 0.025990039307284205,
          "markup_range": 0.006883138574604893,
          "max_n_entry_orders": 5,
          "min_markup": 0.005841638054381273,
          "n_close_orders": 3,
          "wallet_exposure_limit": 1.0},
 "short": {"auto_unstuck_ema_dist": 0.018753337373245676,
           "auto_unstuck_wallet_exposure_threshold": 0.015354486349032753,
           "backwards_tp": true,
           "ema_span_0": 12.358407185497814,
           "ema_span_1": 10.0,
           "enabled": true,
           "eprice_exp_base": 1,
           "eqty_exp_base": 3.640561952285499,
           "grid_span": 0.12291757203197333,
           "initial_eprice_ema_dist": -0.027279186206562757,
           "initial_qty_pct": 0.014183590207556617,
           "markup_range": 0.0019853332909173394,
           "max_n_entry_orders": 6,
           "min_markup": 0.006054499136841953,
           "n_close_orders": 3,
           "wallet_exposure_limit": 1.0}}