{"config_name": "neat_grid_0days",
 "logging_level": 0,
 "long": {"auto_unstuck_ema_dist": 0.008077027978416841,
          "auto_unstuck_wallet_exposure_threshold": 0.060529182962355335,
          "backwards_tp": true,
          "ema_span_0": 609.673074400828,
          "ema_span_1": 759.0112341447518,
          "enabled": true,
          "eprice_exp_base": 1.0859265865106404,
          "eqty_exp_base": 1.3921947145046956,
          "grid_span": 0.17676440641955488,
          "initial_eprice_ema_dist": 0.008955260679841802,
          "initial_qty_pct": 0.014020141286473576,
          "markup_range": 0.005659895474093473,
          "max_n_entry_orders": 5,
          "min_markup": 0.009734843071348477,
          "n_close_orders": 15,
          "wallet_exposure_limit": 1.0},
 "short": {"auto_unstuck_ema_dist": 0.01141602120552243,
           "auto_unstuck_wallet_exposure_threshold": 0.02082199511507225,
           "backwards_tp": true,
           "ema_span_0": 204.88564611437835,
           "ema_span_1": 833.7928291359067,
           "enabled": true,
           "eprice_exp_base": 1.1387781253471732,
           "eqty_exp_base": 2.0707919061317464,
           "grid_span": 0.2895744086044213,
           "initial_eprice_ema_dist": 0.00418097196251951,
           "initial_qty_pct": 0.016750684110142244,
           "markup_range": 0.004322046350479466,
           "max_n_entry_orders": 7,
           "min_markup": 0.009683519145011482,
           "n_close_orders": 14,
           "wallet_exposure_limit": 1.0}}