{"config_name": "neat_grid_0days",
 "logging_level": 0,
 "long": {"auto_unstuck_ema_dist": -0.0026153127057490706,
          "auto_unstuck_wallet_exposure_threshold": 0.0729734049884973,
          "backwards_tp": true,
          "ema_span_0": 1252.8865151516818,
          "ema_span_1": 918.5962169217149,
          "enabled": true,
          "eprice_exp_base": 1.1943989385594842,
          "eqty_exp_base": 2.42185202458858,
          "grid_span": 0.19399994958002956,
          "initial_eprice_ema_dist": 0.006612742153593013,
          "initial_qty_pct": 0.01,
          "markup_range": 0.0070021381268873546,
          "max_n_entry_orders": 5,
          "min_markup": 0.007555870684979798,
          "n_close_orders": 7,
          "wallet_exposure_limit": 1.0},
 "short": {"auto_unstuck_ema_dist": 0.00101789700669885,
           "auto_unstuck_wallet_exposure_threshold": 0.0638163154093728,
           "backwards_tp": true,
           "ema_span_0": 201.68495666304986,
           "ema_span_1": 502.4708562299715,
           "enabled": true,
           "eprice_exp_base": 1.2914387111498165,
           "eqty_exp_base": 3.180958415392742,
           "grid_span": 0.25148341158754745,
           "initial_eprice_ema_dist": -0.07765083179768359,
           "initial_qty_pct": 0.01,
           "markup_range": 0.005442452706877455,
           "max_n_entry_orders": 4,
           "min_markup": 0.006031315762667563,
           "n_close_orders": 12,
           "wallet_exposure_limit": 1.0}}