{"config_name": "neat_grid_0days",
 "logging_level": 0,
 "long": {"auto_unstuck_ema_dist": -0.002417244016244067,
          "auto_unstuck_wallet_exposure_threshold": 0.03000461007732182,
          "backwards_tp": true,
          "ema_span_0": 1106.2174775620908,
          "ema_span_1": 1439.975660821863,
          "enabled": true,
          "eprice_exp_base": 1.0,
          "eqty_exp_base": 2.0284498387712024,
          "grid_span": 0.24734022933149277,
          "initial_eprice_ema_dist": 0.01,
          "initial_qty_pct": 0.024870094861797663,
          "markup_range": 0.00790078960795223,
          "max_n_entry_orders": 8,
          "min_markup": 0.007166709891161564,
          "n_close_orders": 2,
          "wallet_exposure_limit": 1.0},
 "short": {"auto_unstuck_ema_dist": -0.025900225994467625,
           "auto_unstuck_wallet_exposure_threshold": 0.0361093274875051,
           "backwards_tp": true,
           "ema_span_0": 1086.9329805581683,
           "ema_span_1": 1426.0450322445442,
           "enabled": true,
           "eprice_exp_base": 1.3932228757932197,
           "eqty_exp_base": 2.8601541927081175,
           "grid_span": 0.17226861603346746,
           "initial_eprice_ema_dist": -0.002630871667476588,
           "initial_qty_pct": 0.010000127868165275,
           "markup_range": 0.015163690517027812,
           "max_n_entry_orders": 6,
           "min_markup": 0.0042491869927604895,
           "n_close_orders": 6,
           "wallet_exposure_limit": 1.0}}