{"config_name": "neat_grid_0days",
 "logging_level": 0,
 "long": {"auto_unstuck_ema_dist": 0.007499460736134411,
          "auto_unstuck_wallet_exposure_threshold": 0.05853595142746425,
          "backwards_tp": true,
          "ema_span_0": 593.9344769775003,
          "ema_span_1": 910.1403104822089,
          "enabled": true,
          "eprice_exp_base": 1,
          "eqty_exp_base": 3.902244297513688,
          "grid_span": 0.1,
          "initial_eprice_ema_dist": -0.007471977335166012,
          "initial_qty_pct": 0.01,
          "markup_range": 0.0009738840789154952,
          "max_n_entry_orders": 3,
          "min_markup": 0.0037555775105594055,
          "n_close_orders": 2,
          "wallet_exposure_limit": 1.0},
 "short": {"auto_unstuck_ema_dist": 0.01924869801887034,
           "auto_unstuck_wallet_exposure_threshold": 0.028594467860347916,
           "backwards_tp": true,
           "ema_span_0": 506.5578721437373,
           "ema_span_1": 548.0102891760772,
           "enabled": true,
           "eprice_exp_base": 1.0946057902573636,
           "eqty_exp_base": 1.5258716922569113,
           "grid_span": 0.150721899141195,
           "initial_eprice_ema_dist": 0.011537920083685215,
           "initial_qty_pct": 0.023637715098922096,
           "markup_range": 0.009282113303299762,
           "max_n_entry_orders": 5,
           "min_markup": 0.0035605671372287754,
           "n_close_orders": 13,
           "wallet_exposure_limit": 1.0}}