{"config_name": "neat_grid_0days",
 "logging_level": 0,
 "long": {"auto_unstuck_ema_dist": -0.026631845346915373,
          "auto_unstuck_wallet_exposure_threshold": 0.04440084959032117,
          "backwards_tp": true,
          "ema_span_0": 932.5864300510174,
          "ema_span_1": 1143.0301658632802,
          "enabled": true,
          "eprice_exp_base": 1.0,
          "eqty_exp_base": 2.551554957155217,
          "grid_span": 0.1,
          "initial_eprice_ema_dist": 0.004008984466023237,
          "initial_qty_pct": 0.010093617966685155,
          "markup_range": 0.01142998264319839,
          "max_n_entry_orders": 6,
          "min_markup": 0.0014433507185442243,
          "n_close_orders": 11,
          "wallet_exposure_limit": 1.0},
 "short": {"auto_unstuck_ema_dist": -0.005952364782382596,
           "auto_unstuck_wallet_exposure_threshold": 0.037790142069764214,
           "backwards_tp": true,
           "ema_span_0": 1365.7426836907985,
           "ema_span_1": 1227.4991097410048,
           "enabled": true,
           "eprice_exp_base": 1.3426217342415048,
           "eqty_exp_base": 1.6424358181569811,
           "grid_span": 0.26759975915332546,
           "initial_eprice_ema_dist": 0.008711058305054059,
           "initial_qty_pct": 0.013299702179810755,
           "markup_range": 0.010630382169322683,
           "max_n_entry_orders": 4,
           "min_markup": 0.008017005193641173,
           "n_close_orders": 4,
           "wallet_exposure_limit": 1.0}}