{"config_name": "neat_grid_0days",
 "logging_level": 0,
 "long": {"auto_unstuck_ema_dist": 0.005562791236673702,
          "auto_unstuck_wallet_exposure_threshold": 0.053382976963912844,
          "backwards_tp": true,
          "ema_span_0": 122.49675997606134,
          "ema_span_1": 227.19336154168843,
          "enabled": true,
          "eprice_exp_base": 1.190744698145616,
          "eqty_exp_base": 2.7955876447750176,
          "grid_span": 0.13882974147461477,
          "initial_eprice_ema_dist": 0.0066063195154591105,
          "initial_qty_pct": 0.010776087728635055,
          "markup_range": 0.00711310992425783,
          "max_n_entry_orders": 10,
          "min_markup": 0.006867368423393555,
          "n_close_orders": 2,
          "wallet_exposure_limit": 1.0},
 "short": {"auto_unstuck_ema_dist": 0.006230327975769628,
           "auto_unstuck_wallet_exposure_threshold": 0.09236989366089053,
           "backwards_tp": true,
           "ema_span_0": 48.41616671246465,
           "ema_span_1": 1038.4166992456387,
           "enabled": true,
           "eprice_exp_base": 1.2354805669344768,
           "eqty_exp_base": 1.0367920471559333,
           "grid_span": 0.2516701421640611,
           "initial_eprice_ema_dist": 0.0030802535931487964,
           "initial_qty_pct": 0.018408098593969673,
           "markup_range": 0.006843005059155604,
           "max_n_entry_orders": 11,
           "min_markup": 0.002934614903038649,
           "n_close_orders": 9,
           "wallet_exposure_limit": 1.0}}