{"config_name": "neat_grid_0days",
 "logging_level": 0,
 "long": {"auto_unstuck_ema_dist": 0.016078668444790428,
          "auto_unstuck_wallet_exposure_threshold": 0.054037688841390534,
          "backwards_tp": true,
          "ema_span_0": 663.5852502257779,
          "ema_span_1": 1188.8406222257788,
          "enabled": true,
          "eprice_exp_base": 1.112391437955912,
          "eqty_exp_base": 1.7500429097667165,
          "grid_span": 0.3843568676872596,
          "initial_eprice_ema_dist": 0.013676240283592435,
          "initial_qty_pct": 0.011552774509246369,
          "markup_range": 0.006263031839097018,
          "max_n_entry_orders": 7,
          "min_markup": 0.005154377525600088,
          "n_close_orders": 16,
          "wallet_exposure_limit": 1.0},
 "short": {"auto_unstuck_ema_dist": 0.01838901340439014,
           "auto_unstuck_wallet_exposure_threshold": 0.01583548448927782,
           "backwards_tp": true,
           "ema_span_0": 696.8172654533178,
           "ema_span_1": 1093.0087716137625,
           "enabled": true,
           "eprice_exp_base": 1.4340851280955187,
           "eqty_exp_base": 1.3433418252736786,
           "grid_span": 0.5520238565592622,
           "initial_eprice_ema_dist": 0.003965132198216599,
           "initial_qty_pct": 0.01864653503246528,
           "markup_range": 0.004339963013889549,
           "max_n_entry_orders": 6,
           "min_markup": 0.005148628617355871,
           "n_close_orders": 8,
           "wallet_exposure_limit": 1.0}}