{"config_name": "neat_grid_0days",
 "logging_level": 0,
 "long": {"auto_unstuck_ema_dist": 0.01115451720751167,
          "auto_unstuck_wallet_exposure_threshold": 0.05871939246134535,
          "backwards_tp": true,
          "ema_span_0": 406.0360508013104,
          "ema_span_1": 1074.2757273264024,
          "enabled": true,
          "eprice_exp_base": 1.6154303627983326,
          "eqty_exp_base": 1.1612652581166711,
          "grid_span": 0.3588033510822934,
          "initial_eprice_ema_dist": 0.003955134223395736,
          "initial_qty_pct": 0.01820311145404112,
          "markup_range": 0.0017884953450446016,
          "max_n_entry_orders": 4,
          "min_markup": 0.005503969602840811,
          "n_close_orders": 6,
          "wallet_exposure_limit": 1.0},
 "short": {"auto_unstuck_ema_dist": 0.0010803184188767567,
           "auto_unstuck_wallet_exposure_threshold": 0.08170639234719704,
           "backwards_tp": true,
           "ema_span_0": 605.255520644739,
           "ema_span_1": 385.44926874767117,
           "enabled": true,
           "eprice_exp_base": 1.1438491085480085,
           "eqty_exp_base": 2.3461158659389296,
           "grid_span": 0.22488624806140262,
           "initial_eprice_ema_dist": -0.025156052378404316,
           "initial_qty_pct": 0.03077073958052745,
           "markup_range": 0.03999991521073692,
           "max_n_entry_orders": 10,
           "min_markup": 0.0096866669619909,
           "n_close_orders": 7,
           "wallet_exposure_limit": 1.0}}