{"config_name": "neat_grid_0days",
 "logging_level": 0,
 "long": {"auto_unstuck_ema_dist": -0.0015312036762740698,
          "auto_unstuck_wallet_exposure_threshold": 0.060982641758930096,
          "backwards_tp": true,
          "ema_span_0": 284.0951026639032,
          "ema_span_1": 324.4575484008525,
          "enabled": true,
          "eprice_exp_base": 1.0282332850598666,
          "eqty_exp_base": 1.4193819187747434,
          "grid_span": 0.1,
          "initial_eprice_ema_dist": 0.005464490217720714,
          "initial_qty_pct": 0.01,
          "markup_range": 0.0016939614536632692,
          "max_n_entry_orders": 14,
          "min_markup": 0.003955546158666935,
          "n_close_orders": 6,
          "wallet_exposure_limit": 1.0},
 "short": {"auto_unstuck_ema_dist": -0.003914474337385757,
           "auto_unstuck_wallet_exposure_threshold": 0.05299887499875474,
           "backwards_tp": true,
           "ema_span_0": 846.8313800549919,
           "ema_span_1": 801.1508607833684,
           "enabled": true,
           "eprice_exp_base": 1.0,
           "eqty_exp_base": 1.0154803012112363,
           "grid_span": 0.1976510097165681,
           "initial_eprice_ema_dist": 0.01,
           "initial_qty_pct": 0.021098829063772293,
           "markup_range": 0.0028843932011813934,
           "max_n_entry_orders": 6,
           "min_markup": 0.0061632456503916445,
           "n_close_orders": 12,
           "wallet_exposure_limit": 1.0}}