{"config_name": "neat_grid_0days",
 "logging_level": 0,
 "long": {"auto_unstuck_ema_dist": 0.0018433784165977785,
          "auto_unstuck_wallet_exposure_threshold": 0.08956065871691989,
          "backwards_tp": true,
          "ema_span_0": 13.468027245168756,
          "ema_span_1": 1423.01241736821,
          "enabled": true,
          "eprice_exp_base": 3.53656602132304,
          "eqty_exp_base": 1.5406706856383194,
          "grid_span": 0.4901112814945508,
          "initial_eprice_ema_dist": 0.019889218503200225,
          "initial_qty_pct": 0.1,
          "markup_range": 0.0008584509560623396,
          "max_n_entry_orders": 17,
          "min_markup": 0.009545367312544456,
          "n_close_orders": 12,
          "wallet_exposure_limit": 1.0},
 "short": {"auto_unstuck_ema_dist": 0.0066733831058057025,
           "auto_unstuck_wallet_exposure_threshold": 0.01,
           "backwards_tp": true,
           "ema_span_0": 526.9033793504557,
           "ema_span_1": 846.1028991880702,
           "enabled": true,
           "eprice_exp_base": 1.3390621095669317,
           "eqty_exp_base": 1.1411326077101944,
           "grid_span": 0.16797050767613741,
           "initial_eprice_ema_dist": 0.012723624175088235,
           "initial_qty_pct": 0.018115020164845144,
           "markup_range": 0.0054397117740847085,
           "max_n_entry_orders": 9,
           "min_markup": 0.0095417836203446,
           "n_close_orders": 6,
           "wallet_exposure_limit": 1.0}}