{"config_name": "neat_grid_0days",
 "logging_level": 0,
 "long": {"auto_unstuck_ema_dist": 0.0053179581540800805,
          "auto_unstuck_wallet_exposure_threshold": 0.03801134795995797,
          "backwards_tp": true,
          "ema_span_0": 457.2761196155354,
          "ema_span_1": 154.90535897779802,
          "enabled": true,
          "eprice_exp_base": 1.0,
          "eqty_exp_base": 1.551972856029302,
          "grid_span": 0.15045890556044417,
          "initial_eprice_ema_dist": -0.08896442663026935,
          "initial_qty_pct": 0.01,
          "markup_range": 0.00020671485533611927,
          "max_n_entry_orders": 6,
          "min_markup": 0.004768330727963177,
          "n_close_orders": 9,
          "wallet_exposure_limit": 1.0},
 "short": {"auto_unstuck_ema_dist": 0.0032937167110658563,
           "auto_unstuck_wallet_exposure_threshold": 0.08350296353895917,
           "backwards_tp": true,
           "ema_span_0": 179.68966181140328,
           "ema_span_1": 983.8053651517279,
           "enabled": true,
           "eprice_exp_base": 1.3098540383544262,
           "eqty_exp_base": 1.0,
           "grid_span": 0.10857455126703232,
           "initial_eprice_ema_dist": 0.00421454623509111,
           "initial_qty_pct": 0.010171079704799241,
           "markup_range": 0.0017026674174358627,
           "max_n_entry_orders": 4,
           "min_markup": 0.002215775313105265,
           "n_close_orders": 8,
           "wallet_exposure_limit": 1.0}}