{"config_name": "neat_grid_0days",
 "logging_level": 0,
 "long": {"auto_unstuck_ema_dist": 0.006814779740194323,
          "auto_unstuck_wallet_exposure_threshold": 0.08079523639191778,
          "backwards_tp": true,
          "ema_span_0": 78.14290975822824,
          "ema_span_1": 193.64524135115337,
          "enabled": true,
          "eprice_exp_base": 1.086706600266927,
          "eqty_exp_base": 1.1577839791752196,
          "grid_span": 0.11925071580471228,
          "initial_eprice_ema_dist": 0.0033592559998585018,
          "initial_qty_pct": 0.01027052269687227,
          "markup_range": 0.004031280502262437,
          "max_n_entry_orders": 7,
          "min_markup": 0.00910422177178701,
          "n_close_orders": 7,
          "wallet_exposure_limit": 1.0},
 "short": {"auto_unstuck_ema_dist": 0.01806606652770961,
           "auto_unstuck_wallet_exposure_threshold": 0.09488536359401352,
           "backwards_tp": true,
           "ema_span_0": 284.68336755902357,
           "ema_span_1": 314.26710868951784,
           "enabled": true,
           "eprice_exp_base": 1.9128668400338353,
           "eqty_exp_base": 1.4491121180976392,
           "grid_span": 0.37960331407833164,
           "initial_eprice_ema_dist": 0.008159815760621998,
           "initial_qty_pct": 0.015546749036255792,
           "markup_range": 0.0013136555666461737,
           "max_n_entry_orders": 6,
           "min_markup": 0.0021589065983733885,
           "n_close_orders": 8,
           "wallet_exposure_limit": 1.0}}