{"config_name": "neat_grid_0days",
 "logging_level": 0,
 "long": {"auto_unstuck_ema_dist": 0.0022143150418510817,
          "auto_unstuck_wallet_exposure_threshold": 0.057495067528093434,
          "backwards_tp": true,
          "ema_span_0": 618.8081672081673,
          "ema_span_1": 967.522636034839,
          "enabled": true,
          "eprice_exp_base": 1.0298381357209263,
          "eqty_exp_base": 2.761630293529699,
          "grid_span": 0.13004040265555356,
          "initial_eprice_ema_dist": 0.010138523215789423,
          "initial_qty_pct": 0.016930568003791658,
          "markup_range": 0.006728157211961765,
          "max_n_entry_orders": 10,
          "min_markup": 0.008039119469925811,
          "n_close_orders": 9,
          "wallet_exposure_limit": 1.0},
 "short": {"auto_unstuck_ema_dist": 0.0026411262068212937,
           "auto_unstuck_wallet_exposure_threshold": 0.028603119404606706,
           "backwards_tp": true,
           "ema_span_0": 392.5237144864192,
           "ema_span_1": 903.8233186446629,
           "enabled": true,
           "eprice_exp_base": 1.235385538846385,
           "eqty_exp_base": 1.7945613180056916,
           "grid_span": 0.1674353259712375,
           "initial_eprice_ema_dist": 0.0018991030044854416,
           "initial_qty_pct": 0.010414077898064061,
           "markup_range": 0.009840201800474062,
           "max_n_entry_orders": 6,
           "min_markup": 0.004453296782508832,
           "n_close_orders": 10,
           "wallet_exposure_limit": 1.0}}