{"config_name": "neat_grid_0days",
 "logging_level": 0,
 "long": {"auto_unstuck_ema_dist": -0.014149241029194194,
          "auto_unstuck_wallet_exposure_threshold": 0.03661697022766186,
          "backwards_tp": true,
          "ema_span_0": 958.9153832294229,
          "ema_span_1": 705.4597659142074,
          "enabled": true,
          "eprice_exp_base": 1.0,
          "eqty_exp_base": 2.3191838080289395,
          "grid_span": 0.13358520859395323,
          "initial_eprice_ema_dist": 0.008072968940966057,
          "initial_qty_pct": 0.0170721955627926,
          "markup_range": 0.010290796371068152,
          "max_n_entry_orders": 14,
          "min_markup": 0.00484015022270762,
          "n_close_orders": 3,
          "wallet_exposure_limit": 1.0},
 "short": {"auto_unstuck_ema_dist": -0.01150190662619679,
           "auto_unstuck_wallet_exposure_threshold": 0.04165543997648802,
           "backwards_tp": true,
           "ema_span_0": 745.5443216989181,
           "ema_span_1": 132.93118997936375,
           "enabled": true,
           "eprice_exp_base": 1.1192788082484926,
           "eqty_exp_base": 1.3336691422700355,
           "grid_span": 0.1802216747883014,
           "initial_eprice_ema_dist": -0.007711096229853396,
           "initial_qty_pct": 0.011404234507215718,
           "markup_range": 0.009337746853719887,
           "max_n_entry_orders": 6,
           "min_markup": 0.0022769589490524733,
           "n_close_orders": 3,
           "wallet_exposure_limit": 1.0}}