{"config_name": "neat_grid_0days",
 "logging_level": 0,
 "long": {"auto_unstuck_ema_dist": 0.010185146489288806,
          "auto_unstuck_wallet_exposure_threshold": 0.05928972869342679,
          "backwards_tp": true,
          "ema_span_0": 635.8160680648815,
          "ema_span_1": 564.3479552927093,
          "enabled": true,
          "eprice_exp_base": 1.0855371740167359,
          "eqty_exp_base": 2.5205237105748197,
          "grid_span": 0.18476327360667544,
          "initial_eprice_ema_dist": 0.008460565667501122,
          "initial_qty_pct": 0.0178853826833498,
          "markup_range": 0.012317643707612881,
          "max_n_entry_orders": 8,
          "min_markup": 0.006131088337226262,
          "n_close_orders": 6,
          "wallet_exposure_limit": 1.0},
 "short": {"auto_unstuck_ema_dist": 0.017986245898891362,
           "auto_unstuck_wallet_exposure_threshold": 0.06633395854559349,
           "backwards_tp": true,
           "ema_span_0": 416.7253920488867,
           "ema_span_1": 960.1677254711037,
           "enabled": true,
           "eprice_exp_base": 1.0012299481033402,
           "eqty_exp_base": 1.301989560130747,
           "grid_span": 0.21249379634964868,
           "initial_eprice_ema_dist": -0.014613604658729882,
           "initial_qty_pct": 0.012525914885371362,
           "markup_range": 0.02072567710087713,
           "max_n_entry_orders": 10,
           "min_markup": 0.009686970043591063,
           "n_close_orders": 7,
           "wallet_exposure_limit": 1.0}}