{"config_name": "recursive_grid_0days",
 "logging_level": 0,
 "long": {"auto_unstuck_ema_dist": 0.0025494524450760474,
          "auto_unstuck_wallet_exposure_threshold": 0.0300231358215758,
          "backwards_tp": true,
          "ddown_factor": 0.11349878781968636,
          "ema_span_0": 1010.1742667243822,
          "ema_span_1": 1181.3295923690996,
          "enabled": true,
          "initial_eprice_ema_dist": -0.0004849056219774969,
          "initial_qty_pct": 0.014811634795746856,
          "markup_range": 0.00610884655851379,
          "min_markup": 0.009705195553284552,
          "n_close_orders": 14,
          "rentry_pprice_dist": 0.03151147377899367,
          "rentry_pprice_dist_wallet_exposure_weighting": 1.4138368278537359,
          "wallet_exposure_limit": 1},
 "short": {"auto_unstuck_ema_dist": 0.0029991543658646922,
           "auto_unstuck_wallet_exposure_threshold": 0.049832506491436605,
           "backwards_tp": true,
           "ddown_factor": 0.6618640603139233,
           "ema_span_0": 1434.0560554317187,
           "ema_span_1": 81.53252900386167,
           "enabled": true,
           "initial_eprice_ema_dist": -0.0012308845302041354,
           "initial_qty_pct": 0.012983863752209758,
           "markup_range": 0.006216988781763388,
           "min_markup": 0.003623607430456974,
           "n_close_orders": 11,
           "rentry_pprice_dist": 0.012761214543499102,
           "rentry_pprice_dist_wallet_exposure_weighting": 6.171588854089063,
           "wallet_exposure_limit": 1}}