{"config_name": "recursive_grid_0days",
 "logging_level": 0,
 "long": {"auto_unstuck_ema_dist": 0.0029746344818263122,
          "auto_unstuck_wallet_exposure_threshold": 0.03798275227939107,
          "backwards_tp": true,
          "ddown_factor": 0.5671021358739144,
          "ema_span_0": 1210.490552440332,
          "ema_span_1": 140.9946968037582,
          "enabled": true,
          "initial_eprice_ema_dist": -0.03188271211932978,
          "initial_qty_pct": 0.012348781780084838,
          "markup_range": 0.006040517483375196,
          "min_markup": 0.004693806537617838,
          "n_close_orders": 2,
          "rentry_pprice_dist": 0.032418908711086644,
          "rentry_pprice_dist_wallet_exposure_weighting": 1.9551480450585148,
          "wallet_exposure_limit": 1.0},
 "short": {"auto_unstuck_ema_dist": 0.002853552222604564,
           "auto_unstuck_wallet_exposure_threshold": 0.031085006762562335,
           "backwards_tp": true,
           "ddown_factor": 0.2344509996771757,
           "ema_span_0": 482.86631274964935,
           "ema_span_1": 1437.331730839629,
           "enabled": true,
           "initial_eprice_ema_dist": -0.01320907614018368,
           "initial_qty_pct": 0.018490902881804896,
           "markup_range": 0.006635097692088191,
           "min_markup": 0.006557427254188416,
           "n_close_orders": 2,
           "rentry_pprice_dist": 0.03550633819138564,
           "rentry_pprice_dist_wallet_exposure_weighting": 5.373688370401753,
           "wallet_exposure_limit": 1.0}}