{"config_name": "recursive_grid_0days",
 "logging_level": 0,
 "long": {"auto_unstuck_ema_dist": 0.002831343011688613,
          "auto_unstuck_wallet_exposure_threshold": 0.049675815336223575,
          "backwards_tp": true,
          "ddown_factor": 2.1853505911133535,
          "ema_span_0": 1327.7101867373265,
          "ema_span_1": 253.1393165784775,
          "enabled": true,
          "initial_eprice_ema_dist": 0.001837921939606053,
          "initial_qty_pct": 0.013403663150079292,
          "markup_range": 0.005323319863804421,
          "min_markup": 0.00999658689799171,
          "n_close_orders": 11,
          "rentry_pprice_dist": 0.037465651224616425,
          "rentry_pprice_dist_wallet_exposure_weighting": 2.2997932669181917,
          "wallet_exposure_limit": 1.0},
 "short": {"auto_unstuck_ema_dist": 0.0026811060283667212,
           "auto_unstuck_wallet_exposure_threshold": 0.0302092681281607,
           "backwards_tp": true,
           "ddown_factor": 1.5907093193643551,
           "ema_span_0": 122.54050973952208,
           "ema_span_1": 796.2806345395287,
           "enabled": true,
           "initial_eprice_ema_dist": -0.011767098319460633,
           "initial_qty_pct": 0.010708133030776603,
           "markup_range": 0.0014425607380303648,
           "min_markup": 0.006180917684072411,
           "n_close_orders": 14,
           "rentry_pprice_dist": 0.04367508896658613,
           "rentry_pprice_dist_wallet_exposure_weighting": 6.006798904110634,
           "wallet_exposure_limit": 1.0}}