{"config_name": "recursive_grid_0days",
 "logging_level": 0,
 "long": {"auto_unstuck_ema_dist": 0.002911029770069735,
          "auto_unstuck_wallet_exposure_threshold": 0.034499243386822656,
          "backwards_tp": true,
          "ddown_factor": 2.6563932317702252,
          "ema_span_0": 456.8387177567378,
          "ema_span_1": 1403.6722889228054,
          "enabled": true,
          "initial_eprice_ema_dist": -0.005332836330114881,
          "initial_qty_pct": 0.016841890127421134,
          "markup_range": 0.0012589494995955232,
          "min_markup": 0.00431382654757452,
          "n_close_orders": 11,
          "rentry_pprice_dist": 0.028470110999248222,
          "rentry_pprice_dist_wallet_exposure_weighting": 0.7643448413978322,
          "wallet_exposure_limit": 1.0},
 "short": {"auto_unstuck_ema_dist": 0.002749084431061953,
           "auto_unstuck_wallet_exposure_threshold": 0.030537768604150986,
           "backwards_tp": true,
           "ddown_factor": 0.331781457748881,
           "ema_span_0": 1146.2090067910758,
           "ema_span_1": 530.0033251233585,
           "enabled": true,
           "initial_eprice_ema_dist": -0.01079139944465457,
           "initial_qty_pct": 0.015520099925613057,
           "markup_range": 0.013808383503226463,
           "min_markup": 0.005276145727594933,
           "n_close_orders": 8,
           "rentry_pprice_dist": 0.03737658718323446,
           "rentry_pprice_dist_wallet_exposure_weighting": 6.663975045938601,
           "wallet_exposure_limit": 1.0}}