{"config_name": "recursive_grid_0days",
 "logging_level": 0,
 "long": {"auto_unstuck_ema_dist": 0.0028581959754082637,
          "auto_unstuck_wallet_exposure_threshold": 0.03303776977830605,
          "backwards_tp": true,
          "ddown_factor": 0.7258635584647384,
          "ema_span_0": 1439.1272029690863,
          "ema_span_1": 605.03117729914,
          "enabled": true,
          "initial_eprice_ema_dist": 0.0024639052009361936,
          "initial_qty_pct": 0.020191801861476663,
          "markup_range": 0.0036238857795451076,
          "min_markup": 0.005239962872942707,
          "n_close_orders": 2,
          "rentry_pprice_dist": 0.0350934806958943,
          "rentry_pprice_dist_wallet_exposure_weighting": 1.0490527730178387,
          "wallet_exposure_limit": 1},
 "short": {"auto_unstuck_ema_dist": 0.0026481176552704514,
           "auto_unstuck_wallet_exposure_threshold": 0.030973125316582046,
           "backwards_tp": true,
           "ddown_factor": 1.675437255304762,
           "ema_span_0": 953.0543060000202,
           "ema_span_1": 205.80307700856557,
           "enabled": true,
           "initial_eprice_ema_dist": 0.002319881950132803,
           "initial_qty_pct": 0.0166266902802474,
           "markup_range": 0.004496699891931432,
           "min_markup": 0.003227158827089553,
           "n_close_orders": 10,
           "rentry_pprice_dist": 0.03475200520358037,
           "rentry_pprice_dist_wallet_exposure_weighting": 2.1669870409669976,
           "wallet_exposure_limit": 1}}