{"config_name": "recursive_grid_0days",
 "logging_level": 0,
 "long": {"auto_unstuck_ema_dist": 0.0027695630737782253,
          "auto_unstuck_wallet_exposure_threshold": 0.03261392868678087,
          "backwards_tp": true,
          "ddown_factor": 1.8841845756466136,
          "ema_span_0": 563.4271885498994,
          "ema_span_1": 1132.3202888353994,
          "enabled": true,
          "initial_eprice_ema_dist": 0.002482467905684448,
          "initial_qty_pct": 0.011355551101277884,
          "markup_range": 0.0016289633677134079,
          "min_markup": 0.0020516671699569882,
          "n_close_orders": 5,
          "rentry_pprice_dist": 0.01913836966099084,
          "rentry_pprice_dist_wallet_exposure_weighting": 0.20690690623128227,
          "wallet_exposure_limit": 1.0},
 "short": {"auto_unstuck_ema_dist": 0.0015799559626761752,
           "auto_unstuck_wallet_exposure_threshold": 0.04103155502871198,
           "backwards_tp": true,
           "ddown_factor": 0.3187249654042119,
           "ema_span_0": 1288.319049687972,
           "ema_span_1": 334.98357426026865,
           "enabled": true,
           "initial_eprice_ema_dist": 0.001954149171049415,
           "initial_qty_pct": 0.016180782541056555,
           "markup_range": 0.008713362070354724,
           "min_markup": 0.0047200844259642,
           "n_close_orders": 6,
           "rentry_pprice_dist": 0.0412345128047431,
           "rentry_pprice_dist_wallet_exposure_weighting": 0.008655558865843871,
           "wallet_exposure_limit": 1.0}}