{"config_name": "recursive_grid_0days",
 "logging_level": 0,
 "long": {"auto_unstuck_ema_dist": 0.0016280503179570817,
          "auto_unstuck_wallet_exposure_threshold": 0.033455412979118485,
          "backwards_tp": true,
          "ddown_factor": 1.980338473817257,
          "ema_span_0": 1103.5468333193805,
          "ema_span_1": 1412.867370547658,
          "enabled": true,
          "initial_eprice_ema_dist": -0.05818488100200767,
          "initial_qty_pct": 0.01284944844272415,
          "markup_range": 0.0015304732875637077,
          "min_markup": 0.005598915133397513,
          "n_close_orders": 7,
          "rentry_pprice_dist": 0.028663587277508246,
          "rentry_pprice_dist_wallet_exposure_weighting": 4.0380743960039975,
          "wallet_exposure_limit": 1.0},
 "short": {"auto_unstuck_ema_dist": 0.0029125008138513957,
           "auto_unstuck_wallet_exposure_threshold": 0.03915700439410961,
           "backwards_tp": true,
           "ddown_factor": 0.6481674537294178,
           "ema_span_0": 82.76693749260919,
           "ema_span_1": 834.6713074097403,
           "enabled": true,
           "initial_eprice_ema_dist": 0.002486800693243527,
           "initial_qty_pct": 0.010073173715934244,
           "markup_range": 0.00203801982313187,
           "min_markup": 0.004160777765603142,
           "n_close_orders": 11,
           "rentry_pprice_dist": 0.04846750610529085,
           "rentry_pprice_dist_wallet_exposure_weighting": 0.00048643216014197864,
           "wallet_exposure_limit": 1.0}}