{"config_name": "recursive_grid_0days",
 "logging_level": 0,
 "long": {"auto_unstuck_ema_dist": 0.0029550556303412656,
          "auto_unstuck_wallet_exposure_threshold": 0.05895547411265223,
          "backwards_tp": true,
          "ddown_factor": 0.6855217882702754,
          "ema_span_0": 1149.6428599873668,
          "ema_span_1": 1343.3784821774734,
          "enabled": true,
          "initial_eprice_ema_dist": -0.061314699268012654,
          "initial_qty_pct": 0.013259436218632393,
          "markup_range": 0.005579723723247207,
          "min_markup": 0.004236364374829719,
          "n_close_orders": 12,
          "rentry_pprice_dist": 0.03838823543983316,
          "rentry_pprice_dist_wallet_exposure_weighting": 1.091207417364064,
          "wallet_exposure_limit": 1.0},
 "short": {"auto_unstuck_ema_dist": 0.0023971100454284544,
           "auto_unstuck_wallet_exposure_threshold": 0.03,
           "backwards_tp": true,
           "ddown_factor": 0.460662225721008,
           "ema_span_0": 1439.2729951940867,
           "ema_span_1": 974.1503694777448,
           "enabled": true,
           "initial_eprice_ema_dist": -0.010156333873557797,
           "initial_qty_pct": 0.010861399039339114,
           "markup_range": 0.0011071555920073792,
           "min_markup": 0.005896612365618132,
           "n_close_orders": 13,
           "rentry_pprice_dist": 0.026094783945063562,
           "rentry_pprice_dist_wallet_exposure_weighting": 6.630610216119619,
           "wallet_exposure_limit": 1.0}}