{"config_name": "recursive_grid_0days",
 "logging_level": 0,
 "long": {"auto_unstuck_ema_dist": 0.002883567601778158,
          "auto_unstuck_wallet_exposure_threshold": 0.03002275333313788,
          "backwards_tp": true,
          "ddown_factor": 1.0850928803783213,
          "ema_span_0": 1176.7261183519358,
          "ema_span_1": 1378.159730390901,
          "enabled": true,
          "initial_eprice_ema_dist": 0.001768936515134285,
          "initial_qty_pct": 0.015948940784008415,
          "markup_range": 0.00100746302474951,
          "min_markup": 0.0039719640776588626,
          "n_close_orders": 7,
          "rentry_pprice_dist": 0.01572827593565481,
          "rentry_pprice_dist_wallet_exposure_weighting": 5.95510646859516,
          "wallet_exposure_limit": 1},
 "short": {"auto_unstuck_ema_dist": 0.0023971100454284544,
           "auto_unstuck_wallet_exposure_threshold": 0.03,
           "backwards_tp": true,
           "ddown_factor": 0.460662225721008,
           "ema_span_0": 1439.2729951940867,
           "ema_span_1": 974.1503694777448,
           "enabled": true,
           "initial_eprice_ema_dist": -0.010156333873557797,
           "initial_qty_pct": 0.010861399039339114,
           "markup_range": 0.0011071555920073792,
           "min_markup": 0.005896612365618132,
           "n_close_orders": 13,
           "rentry_pprice_dist": 0.026094783945063562,
           "rentry_pprice_dist_wallet_exposure_weighting": 6.630610216119619,
           "wallet_exposure_limit": 1}}