{"config_name": "recursive_grid_0days",
 "logging_level": 0,
 "long": {"auto_unstuck_ema_dist": 0.003,
          "auto_unstuck_wallet_exposure_threshold": 0.04777505625512511,
          "backwards_tp": true,
          "ddown_factor": 0.27494800138050063,
          "ema_span_0": 1361.8592267953816,
          "ema_span_1": 1265.022439001641,
          "enabled": true,
          "initial_eprice_ema_dist": 0.0023890849367308627,
          "initial_qty_pct": 0.015985018612981478,
          "markup_range": 0.004111909934287021,
          "min_markup": 0.0044758218895167385,
          "n_close_orders": 10,
          "rentry_pprice_dist": 0.02380325954227065,
          "rentry_pprice_dist_wallet_exposure_weighting": 1.873135357450333,
          "wallet_exposure_limit": 1},
 "short": {"auto_unstuck_ema_dist": 0.0024853228509081164,
           "auto_unstuck_wallet_exposure_threshold": 0.030010895735421695,
           "backwards_tp": true,
           "ddown_factor": 1.6736795011718226,
           "ema_span_0": 1019.1294785811814,
           "ema_span_1": 74.22738066020729,
           "enabled": true,
           "initial_eprice_ema_dist": -0.009255660632755494,
           "initial_qty_pct": 0.013049888623021616,
           "markup_range": 0.0017664851420138975,
           "min_markup": 0.008568886420278712,
           "n_close_orders": 7,
           "rentry_pprice_dist": 0.02912000394189131,
           "rentry_pprice_dist_wallet_exposure_weighting": 0.2806827075937418,
           "wallet_exposure_limit": 1}}