{"config_name": "recursive_grid_0days",
 "logging_level": 0,
 "long": {"auto_unstuck_ema_dist": -0.00031908312718611305,
          "auto_unstuck_wallet_exposure_threshold": 0.03815732223451245,
          "backwards_tp": true,
          "ddown_factor": 0.13985995258258765,
          "ema_span_0": 704.918577699398,
          "ema_span_1": 1409.3279536355144,
          "enabled": true,
          "initial_eprice_ema_dist": -0.004837559529832034,
          "initial_qty_pct": 0.010476498386334987,
          "markup_range": 0.005508080834046865,
          "min_markup": 0.009999968977122319,
          "n_close_orders": 13,
          "rentry_pprice_dist": 0.04249471648810113,
          "rentry_pprice_dist_wallet_exposure_weighting": 2.325402163176613,
          "wallet_exposure_limit": 1.0},
 "short": {"auto_unstuck_ema_dist": -0.0016970938187393582,
           "auto_unstuck_wallet_exposure_threshold": 0.03000337920143113,
           "backwards_tp": true,
           "ddown_factor": 0.9393896024295514,
           "ema_span_0": 1439.6787482657587,
           "ema_span_1": 578.4080243165062,
           "enabled": true,
           "initial_eprice_ema_dist": -0.02673062149804442,
           "initial_qty_pct": 0.01569160196784873,
           "markup_range": 0.011825285475469238,
           "min_markup": 0.005213311213718882,
           "n_close_orders": 13,
           "rentry_pprice_dist": 0.04287604977186418,
           "rentry_pprice_dist_wallet_exposure_weighting": 2.8890601576147756,
           "wallet_exposure_limit": 1.0}}