{"config_name": "recursive_grid_0days",
 "logging_level": 0,
 "long": {"auto_unstuck_ema_dist": 0.0027695630737782253,
          "auto_unstuck_wallet_exposure_threshold": 0.03261392868678087,
          "backwards_tp": true,
          "ddown_factor": 1.8841845756466136,
          "ema_span_0": 563.4271885498994,
          "ema_span_1": 1132.3202888353994,
          "enabled": true,
          "initial_eprice_ema_dist": 0.002482467905684448,
          "initial_qty_pct": 0.011355551101277884,
          "markup_range": 0.0016289633677134079,
          "min_markup": 0.0020516671699569882,
          "n_close_orders": 5,
          "rentry_pprice_dist": 0.01913836966099084,
          "rentry_pprice_dist_wallet_exposure_weighting": 0.20690690623128227,
          "wallet_exposure_limit": 1},
 "short": {"auto_unstuck_ema_dist": -0.024285628446714898,
           "auto_unstuck_wallet_exposure_threshold": 0.07444173318847253,
           "backwards_tp": true,
           "ddown_factor": 0.12534847973015434,
           "ema_span_0": 1293.3836570355734,
           "ema_span_1": 1328.4007672555774,
           "enabled": true,
           "initial_eprice_ema_dist": 0.0016682797850531526,
           "initial_qty_pct": 0.01243312140683012,
           "markup_range": 0.00025108845429157734,
           "min_markup": 0.002386060165536182,
           "n_close_orders": 2,
           "rentry_pprice_dist": 0.03082818498441691,
           "rentry_pprice_dist_wallet_exposure_weighting": 1.5583322588496586,
           "wallet_exposure_limit": 1}}