{"config_name": "recursive_grid_0days",
 "logging_level": 0,
 "long": {"auto_unstuck_ema_dist": -0.0023035707593797345,
          "auto_unstuck_wallet_exposure_threshold": 0.08753327005567829,
          "backwards_tp": true,
          "ddown_factor": 1.0383896563031947,
          "ema_span_0": 1201.2491273064713,
          "ema_span_1": 273.2800617218597,
          "enabled": true,
          "initial_eprice_ema_dist": 0.002214067933194911,
          "initial_qty_pct": 0.016673406471637276,
          "markup_range": 0.0021963335112102226,
          "min_markup": 0.0020653815940374696,
          "n_close_orders": 5,
          "rentry_pprice_dist": 0.018704702320109297,
          "rentry_pprice_dist_wallet_exposure_weighting": 1.7898004124089903,
          "wallet_exposure_limit": 1.0},
 "short": {"auto_unstuck_ema_dist": 0.0028493251344418194,
           "auto_unstuck_wallet_exposure_threshold": 0.04348977653896248,
           "backwards_tp": true,
           "ddown_factor": 2.9892549905385,
           "ema_span_0": 992.4551857790025,
           "ema_span_1": 479.9976474168058,
           "enabled": true,
           "initial_eprice_ema_dist": -0.09212523795119726,
           "initial_qty_pct": 0.0131594718797307,
           "markup_range": 0.00029743410159030877,
           "min_markup": 0.0015494719774047112,
           "n_close_orders": 8,
           "rentry_pprice_dist": 0.038547259575138756,
           "rentry_pprice_dist_wallet_exposure_weighting": 1.2366923391500901,
           "wallet_exposure_limit": 1.0}}