{"config_name": "recursive_grid_0days",
 "logging_level": 0,
 "long": {"auto_unstuck_ema_dist": 0.002422288760756128,
          "auto_unstuck_wallet_exposure_threshold": 0.07183638708007738,
          "backwards_tp": true,
          "ddown_factor": 0.2622559619253097,
          "ema_span_0": 1230.3845116824436,
          "ema_span_1": 1282.1888847528132,
          "enabled": true,
          "initial_eprice_ema_dist": -0.0024503387146258045,
          "initial_qty_pct": 0.01442584879768531,
          "markup_range": 0.009698509385591936,
          "min_markup": 0.00736286340046354,
          "n_close_orders": 7,
          "rentry_pprice_dist": 0.03178789865153438,
          "rentry_pprice_dist_wallet_exposure_weighting": 2.2021170187848615,
          "wallet_exposure_limit": 1.0},
 "short": {"auto_unstuck_ema_dist": 0.002357178243229979,
           "auto_unstuck_wallet_exposure_threshold": 0.031157889474959417,
           "backwards_tp": true,
           "ddown_factor": 1.2225775594902393,
           "ema_span_0": 147.01314615434524,
           "ema_span_1": 850.3911788634559,
           "enabled": true,
           "initial_eprice_ema_dist": -0.002264147357118442,
           "initial_qty_pct": 0.01,
           "markup_range": 0.003529594218429794,
           "min_markup": 0.004478450184458033,
           "n_close_orders": 5,
           "rentry_pprice_dist": 0.023496151204630854,
           "rentry_pprice_dist_wallet_exposure_weighting": 4.939753422329675,
           "wallet_exposure_limit": 1.0}}