{"config_name": "recursive_grid_0days",
 "logging_level": 0,
 "long": {"auto_unstuck_ema_dist": 0.0029787858690262514,
          "auto_unstuck_wallet_exposure_threshold": 0.05577046802154864,
          "backwards_tp": true,
          "ddown_factor": 0.3759193592057836,
          "ema_span_0": 1224.5735159759413,
          "ema_span_1": 1271.0454438773447,
          "enabled": true,
          "initial_eprice_ema_dist": 0.0024114480074811937,
          "initial_qty_pct": 0.017974371695615218,
          "markup_range": 0.004883892826455139,
          "min_markup": 0.006132579462101575,
          "n_close_orders": 4,
          "rentry_pprice_dist": 0.027984790003698856,
          "rentry_pprice_dist_wallet_exposure_weighting": 2.977475046420366,
          "wallet_exposure_limit": 1.0},
 "short": {"auto_unstuck_ema_dist": -0.01684642947587116,
           "auto_unstuck_wallet_exposure_threshold": 0.048252830596906146,
           "backwards_tp": true,
           "ddown_factor": 2.3983264412253056,
           "ema_span_0": 1228.8868736736665,
           "ema_span_1": 1404.3697143834424,
           "enabled": true,
           "initial_eprice_ema_dist": -0.003641593895363503,
           "initial_qty_pct": 0.010138068288977231,
           "markup_range": 0.006856781229342513,
           "min_markup": 0.0029990572617187685,
           "n_close_orders": 9,
           "rentry_pprice_dist": 0.045968177007276935,
           "rentry_pprice_dist_wallet_exposure_weighting": 5.239396675167555,
           "wallet_exposure_limit": 1.0}}