{"config_name": "recursive_grid_0days",
 "logging_level": 0,
 "long": {"auto_unstuck_ema_dist": 0.002307747340802064,
          "auto_unstuck_wallet_exposure_threshold": 0.061280905040758255,
          "backwards_tp": true,
          "ddown_factor": 0.10623229732674043,
          "ema_span_0": 941.1772749207736,
          "ema_span_1": 1340.112175628508,
          "enabled": true,
          "initial_eprice_ema_dist": -0.0003457031635422646,
          "initial_qty_pct": 0.014816903942113444,
          "markup_range": 0.008099210733930808,
          "min_markup": 0.0073750444967665175,
          "n_close_orders": 2,
          "rentry_pprice_dist": 0.031102923436381713,
          "rentry_pprice_dist_wallet_exposure_weighting": 0.2608725567806879,
          "wallet_exposure_limit": 1.0},
 "short": {"auto_unstuck_ema_dist": 0.0013405497770318368,
           "auto_unstuck_wallet_exposure_threshold": 0.05755119187118128,
           "backwards_tp": true,
           "ddown_factor": 1.7336995701639537,
           "ema_span_0": 1380.6476619667567,
           "ema_span_1": 204.29831239403316,
           "enabled": true,
           "initial_eprice_ema_dist": -0.010069020933428251,
           "initial_qty_pct": 0.014615177535848045,
           "markup_range": 0.004537269807783387,
           "min_markup": 0.0067803169464395645,
           "n_close_orders": 6,
           "rentry_pprice_dist": 0.0332561226670214,
           "rentry_pprice_dist_wallet_exposure_weighting": 5.1136719103755786,
           "wallet_exposure_limit": 1.0}}