{"config_name": "recursive_grid_0days",
 "logging_level": 0,
 "long": {"auto_unstuck_ema_dist": -0.0043312619221322355,
          "auto_unstuck_wallet_exposure_threshold": 0.03323962109343163,
          "backwards_tp": true,
          "ddown_factor": 0.2808982983034655,
          "ema_span_0": 936.2659406556587,
          "ema_span_1": 1074.1183648260117,
          "enabled": true,
          "initial_eprice_ema_dist": -0.09288534803608375,
          "initial_qty_pct": 0.015598328015472175,
          "markup_range": 0.0013879749150264586,
          "min_markup": 0.001896002380294762,
          "n_close_orders": 16,
          "rentry_pprice_dist": 0.03614219111926245,
          "rentry_pprice_dist_wallet_exposure_weighting": 5.020675625324089,
          "wallet_exposure_limit": 1.0},
 "short": {"auto_unstuck_ema_dist": 0.0029520151333486777,
           "auto_unstuck_wallet_exposure_threshold": 0.030896461136075134,
           "backwards_tp": true,
           "ddown_factor": 1.0681407908431535,
           "ema_span_0": 694.136359188845,
           "ema_span_1": 1270.9149090825663,
           "enabled": true,
           "initial_eprice_ema_dist": -0.0008713090887023581,
           "initial_qty_pct": 0.019906057502448737,
           "markup_range": 0.0026477319424554556,
           "min_markup": 0.005475154739757829,
           "n_close_orders": 12,
           "rentry_pprice_dist": 0.03354811731365575,
           "rentry_pprice_dist_wallet_exposure_weighting": 2.2484272422086846,
           "wallet_exposure_limit": 1.0}}