{"config_name": "recursive_grid_0days",
 "logging_level": 0,
 "long": {"auto_unstuck_ema_dist": 0.0028748753236775863,
          "auto_unstuck_wallet_exposure_threshold": 0.030318874741577306,
          "backwards_tp": true,
          "ddown_factor": 1.3841403586918115,
          "ema_span_0": 1010.0439415031784,
          "ema_span_1": 801.9299485393755,
          "enabled": true,
          "initial_eprice_ema_dist": 0.0014241878166601912,
          "initial_qty_pct": 0.01845701314994169,
          "markup_range": 0.0020672095562034036,
          "min_markup": 0.005704035174063008,
          "n_close_orders": 14,
          "rentry_pprice_dist": 0.02803417377755177,
          "rentry_pprice_dist_wallet_exposure_weighting": 0.5734671004231372,
          "wallet_exposure_limit": 1.0},
 "short": {"auto_unstuck_ema_dist": 0.001440724150803587,
           "auto_unstuck_wallet_exposure_threshold": 0.032292245880696686,
           "backwards_tp": true,
           "ddown_factor": 0.39059478878308923,
           "ema_span_0": 192.1993189581787,
           "ema_span_1": 640.6240807017011,
           "enabled": true,
           "initial_eprice_ema_dist": -0.0037960283153175385,
           "initial_qty_pct": 0.018271222964261882,
           "markup_range": 0.0023483309442884756,
           "min_markup": 0.0031061130468240366,
           "n_close_orders": 4,
           "rentry_pprice_dist": 0.028161887242788338,
           "rentry_pprice_dist_wallet_exposure_weighting": 2.0604917254247552,
           "wallet_exposure_limit": 1.0}}