{"config_name": "recursive_grid_0days",
 "logging_level": 0,
 "long": {"auto_unstuck_ema_dist": -0.06602641043077787,
          "auto_unstuck_wallet_exposure_threshold": 0.09174928455661113,
          "backwards_tp": true,
          "ddown_factor": 0.583982625846304,
          "ema_span_0": 774.1252263417617,
          "ema_span_1": 900.6184109130834,
          "enabled": true,
          "initial_eprice_ema_dist": 0.0025,
          "initial_qty_pct": 0.011353375456759535,
          "markup_range": 0.0024563152169057175,
          "min_markup": 0.0033568529748376746,
          "n_close_orders": 14,
          "rentry_pprice_dist": 0.043299552647917634,
          "rentry_pprice_dist_wallet_exposure_weighting": 5.961284719293683,
          "wallet_exposure_limit": 1},
 "short": {"auto_unstuck_ema_dist": 0.0015799559626761752,
           "auto_unstuck_wallet_exposure_threshold": 0.04103155502871198,
           "backwards_tp": true,
           "ddown_factor": 0.3187249654042119,
           "ema_span_0": 1288.319049687972,
           "ema_span_1": 334.98357426026865,
           "enabled": true,
           "initial_eprice_ema_dist": 0.001954149171049415,
           "initial_qty_pct": 0.016180782541056555,
           "markup_range": 0.008713362070354724,
           "min_markup": 0.0047200844259642,
           "n_close_orders": 6,
           "rentry_pprice_dist": 0.0412345128047431,
           "rentry_pprice_dist_wallet_exposure_weighting": 0.008655558865843871,
           "wallet_exposure_limit": 1}}