{"config_name": "recursive_grid_0days",
 "logging_level": 0,
 "long": {"auto_unstuck_ema_dist": -0.00031908312718611305,
          "auto_unstuck_wallet_exposure_threshold": 0.03815732223451245,
          "backwards_tp": true,
          "ddown_factor": 0.13985995258258765,
          "ema_span_0": 704.918577699398,
          "ema_span_1": 1409.3279536355144,
          "enabled": true,
          "initial_eprice_ema_dist": -0.004837559529832034,
          "initial_qty_pct": 0.010476498386334987,
          "markup_range": 0.005508080834046865,
          "min_markup": 0.009999968977122319,
          "n_close_orders": 13,
          "rentry_pprice_dist": 0.04249471648810113,
          "rentry_pprice_dist_wallet_exposure_weighting": 2.325402163176613,
          "wallet_exposure_limit": 1},
 "short": {"auto_unstuck_ema_dist": -0.01444557184167984,
           "auto_unstuck_wallet_exposure_threshold": 0.06311308173215216,
           "backwards_tp": true,
           "ddown_factor": 2.5940976006243535,
           "ema_span_0": 1323.8197572858369,
           "ema_span_1": 108.71955009781769,
           "enabled": true,
           "initial_eprice_ema_dist": 0.002313743031381504,
           "initial_qty_pct": 0.010391216885376526,
           "markup_range": 0.005076971326946406,
           "min_markup": 0.0039416870404801714,
           "n_close_orders": 8,
           "rentry_pprice_dist": 0.04780123021869358,
           "rentry_pprice_dist_wallet_exposure_weighting": 9.760007419915729,
           "wallet_exposure_limit": 1}}