{"config_name": "recursive_grid_0days",
 "logging_level": 0,
 "long": {"auto_unstuck_ema_dist": 0.003,
          "auto_unstuck_wallet_exposure_threshold": 0.046449648448326955,
          "backwards_tp": true,
          "ddown_factor": 0.43046942812947264,
          "ema_span_0": 1025.5513662416013,
          "ema_span_1": 1244.321470101905,
          "enabled": true,
          "initial_eprice_ema_dist": -0.008812470559719959,
          "initial_qty_pct": 0.02565833127637589,
          "markup_range": 0.0032875233364729364,
          "min_markup": 0.0017646424109705656,
          "n_close_orders": 15,
          "rentry_pprice_dist": 0.024110153754869128,
          "rentry_pprice_dist_wallet_exposure_weighting": 4.077464361652393,
          "wallet_exposure_limit": 1.0},
 "short": {"auto_unstuck_ema_dist": -0.009849564978915284,
           "auto_unstuck_wallet_exposure_threshold": 0.04707941077454254,
           "backwards_tp": true,
           "ddown_factor": 1.9902997545672585,
           "ema_span_0": 387.58825749997123,
           "ema_span_1": 1251.4878995280249,
           "enabled": true,
           "initial_eprice_ema_dist": -0.0030736105065892563,
           "initial_qty_pct": 0.013506579402197868,
           "markup_range": 0.0008213126849373736,
           "min_markup": 0.0037591409642299205,
           "n_close_orders": 7,
           "rentry_pprice_dist": 0.03938600851466445,
           "rentry_pprice_dist_wallet_exposure_weighting": 0.10708593430026737,
           "wallet_exposure_limit": 1.0}}