{"config_name": "recursive_grid_0days",
 "logging_level": 0,
 "long": {"auto_unstuck_ema_dist": 0.002519009629748607,
          "auto_unstuck_wallet_exposure_threshold": 0.030208161190196352,
          "backwards_tp": true,
          "ddown_factor": 1.8745274908892133,
          "ema_span_0": 1242.4395772721687,
          "ema_span_1": 1058.9698184751526,
          "enabled": true,
          "initial_eprice_ema_dist": 0.0012213642974311886,
          "initial_qty_pct": 0.017915585636738666,
          "markup_range": 0.0027162149515236288,
          "min_markup": 0.0020592938432425927,
          "n_close_orders": 4,
          "rentry_pprice_dist": 0.01606356113160485,
          "rentry_pprice_dist_wallet_exposure_weighting": 1.9740316569823664,
          "wallet_exposure_limit": 1.0},
 "short": {"auto_unstuck_ema_dist": 0.0015712132130873888,
           "auto_unstuck_wallet_exposure_threshold": 0.03188215351621147,
           "backwards_tp": true,
           "ddown_factor": 1.5429878586987857,
           "ema_span_0": 716.0125040411851,
           "ema_span_1": 315.48784004845635,
           "enabled": true,
           "initial_eprice_ema_dist": 0.002499552334428443,
           "initial_qty_pct": 0.010669684962885617,
           "markup_range": 0.0020241365043860587,
           "min_markup": 0.002300310200009684,
           "n_close_orders": 11,
           "rentry_pprice_dist": 0.029115125563804207,
           "rentry_pprice_dist_wallet_exposure_weighting": 5.849419386666722,
           "wallet_exposure_limit": 1.0}}