{"config_name": "recursive_grid_0days",
 "logging_level": 0,
 "long": {"auto_unstuck_ema_dist": -0.01962331337857827,
          "auto_unstuck_wallet_exposure_threshold": 0.0874853441130386,
          "backwards_tp": true,
          "ddown_factor": 0.4610150675734734,
          "ema_span_0": 791.836414839198,
          "ema_span_1": 822.6565325837372,
          "enabled": true,
          "initial_eprice_ema_dist": -0.0013587491751294474,
          "initial_qty_pct": 0.010658586321591211,
          "markup_range": 0.0026613239281654956,
          "min_markup": 0.0083849402180028,
          "n_close_orders": 4,
          "rentry_pprice_dist": 0.03523244273695803,
          "rentry_pprice_dist_wallet_exposure_weighting": 6.561794838884903,
          "wallet_exposure_limit": 1.0},
 "short": {"auto_unstuck_ema_dist": 0.0026814980350116247,
           "auto_unstuck_wallet_exposure_threshold": 0.03710270943120148,
           "backwards_tp": true,
           "ddown_factor": 1.122704611090592,
           "ema_span_0": 222.53749251218704,
           "ema_span_1": 124.1305283355343,
           "enabled": true,
           "initial_eprice_ema_dist": 0.0022859224869443764,
           "initial_qty_pct": 0.010744667993517004,
           "markup_range": 2.6847865636226215e-09,
           "min_markup": 0.0027305735206367915,
           "n_close_orders": 5,
           "rentry_pprice_dist": 0.026037080666418484,
           "rentry_pprice_dist_wallet_exposure_weighting": 2.376734678623176,
           "wallet_exposure_limit": 1.0}}