{"config_name": "recursive_grid_0days",
 "logging_level": 0,
 "long": {"auto_unstuck_ema_dist": -0.06702189176842169,
          "auto_unstuck_wallet_exposure_threshold": 0.03522650341091552,
          "backwards_tp": true,
          "ddown_factor": 0.9514386476692067,
          "ema_span_0": 1123.3611630928858,
          "ema_span_1": 995.7719171761279,
          "enabled": true,
          "initial_eprice_ema_dist": 0.0017788693742418452,
          "initial_qty_pct": 0.011336318980788775,
          "markup_range": 0.00010945741421941401,
          "min_markup": 0.0011960209053413383,
          "n_close_orders": 15,
          "rentry_pprice_dist": 0.04763585768188466,
          "rentry_pprice_dist_wallet_exposure_weighting": 5.448124655852882,
          "wallet_exposure_limit": 1.0},
 "short": {"auto_unstuck_ema_dist": 0.0027714117212289703,
           "auto_unstuck_wallet_exposure_threshold": 0.030000685937124825,
           "backwards_tp": true,
           "ddown_factor": 0.36371141040330046,
           "ema_span_0": 671.4375810977093,
           "ema_span_1": 426.3398935581632,
           "enabled": true,
           "initial_eprice_ema_dist": 0.0015199530732644124,
           "initial_qty_pct": 0.024782244909171674,
           "markup_range": 0.005028810877655392,
           "min_markup": 0.00932151835266347,
           "n_close_orders": 8,
           "rentry_pprice_dist": 0.04203144756911759,
           "rentry_pprice_dist_wallet_exposure_weighting": 1.6012664512126276,
           "wallet_exposure_limit": 1.0}}