{"config_name": "recursive_grid_0days",
 "logging_level": 0,
 "long": {"auto_unstuck_ema_dist": 0.0029787858690262514,
          "auto_unstuck_wallet_exposure_threshold": 0.05577046802154864,
          "backwards_tp": true,
          "ddown_factor": 0.3759193592057836,
          "ema_span_0": 1224.5735159759413,
          "ema_span_1": 1271.0454438773447,
          "enabled": true,
          "initial_eprice_ema_dist": 0.0024114480074811937,
          "initial_qty_pct": 0.017974371695615218,
          "markup_range": 0.004883892826455139,
          "min_markup": 0.006132579462101575,
          "n_close_orders": 4,
          "rentry_pprice_dist": 0.027984790003698856,
          "rentry_pprice_dist_wallet_exposure_weighting": 2.977475046420366,
          "wallet_exposure_limit": 1},
 "short": {"auto_unstuck_ema_dist": 0.0029316525124588435,
           "auto_unstuck_wallet_exposure_threshold": 0.038638641581864634,
           "backwards_tp": true,
           "ddown_factor": 1.2479615293203168,
           "ema_span_0": 1340.31914867005,
           "ema_span_1": 208.76469321240629,
           "enabled": true,
           "initial_eprice_ema_dist": -0.0008534417642496634,
           "initial_qty_pct": 0.01230952817205197,
           "markup_range": 0.001887028854474827,
           "min_markup": 0.0037745933539713216,
           "n_close_orders": 4,
           "rentry_pprice_dist": 0.01751088960516672,
           "rentry_pprice_dist_wallet_exposure_weighting": 1.8348614125008398,
           "wallet_exposure_limit": 1}}