{"config_name": "recursive_grid_0days",
 "logging_level": 0,
 "long": {"auto_unstuck_ema_dist": 0.0029750626223489294,
          "auto_unstuck_wallet_exposure_threshold": 0.08913590407744248,
          "backwards_tp": true,
          "ddown_factor": 0.10817663740990846,
          "ema_span_0": 1354.2598655128766,
          "ema_span_1": 768.0254684967897,
          "enabled": true,
          "initial_eprice_ema_dist": 0.0024999912390082043,
          "initial_qty_pct": 0.034864136371867964,
          "markup_range": 0.0015314652867719977,
          "min_markup": 0.003263587661751024,
          "n_close_orders": 3,
          "rentry_pprice_dist": 0.04369338058995763,
          "rentry_pprice_dist_wallet_exposure_weighting": 0.6988055692470875,
          "wallet_exposure_limit": 1.0},
 "short": {"auto_unstuck_ema_dist": -0.04635468993012563,
           "auto_unstuck_wallet_exposure_threshold": 0.03671276883406634,
           "backwards_tp": true,
           "ddown_factor": 2.436143697987719,
           "ema_span_0": 1040.7554646540773,
           "ema_span_1": 137.7807008031691,
           "enabled": true,
           "initial_eprice_ema_dist": -4.2287107510950185e-05,
           "initial_qty_pct": 0.01,
           "markup_range": 0.00034340769399682084,
           "min_markup": 0.0035808631220984252,
           "n_close_orders": 9,
           "rentry_pprice_dist": 0.03309231865441271,
           "rentry_pprice_dist_wallet_exposure_weighting": 12.98270509937535,
           "wallet_exposure_limit": 1.0}}