{"config_name": "recursive_grid_0days",
 "logging_level": 0,
 "long": {"auto_unstuck_ema_dist": 0.0029816166654576862,
          "auto_unstuck_wallet_exposure_threshold": 0.030004014244482968,
          "backwards_tp": true,
          "ddown_factor": 2.4151650741811403,
          "ema_span_0": 262.9794153259729,
          "ema_span_1": 1316.3201493221325,
          "enabled": true,
          "initial_eprice_ema_dist": -0.06248022550938477,
          "initial_qty_pct": 0.01127422801712026,
          "markup_range": 9.327040194634922e-05,
          "min_markup": 0.0021392809167326407,
          "n_close_orders": 8,
          "rentry_pprice_dist": 0.02905191192173063,
          "rentry_pprice_dist_wallet_exposure_weighting": 4.473527830959359,
          "wallet_exposure_limit": 1},
 "short": {"auto_unstuck_ema_dist": -0.009877039828560046,
           "auto_unstuck_wallet_exposure_threshold": 0.04347526073650408,
           "backwards_tp": true,
           "ddown_factor": 1.1404516574798333,
           "ema_span_0": 1355.5959102904899,
           "ema_span_1": 845.8801947475373,
           "enabled": true,
           "initial_eprice_ema_dist": -0.004635945070895414,
           "initial_qty_pct": 0.019032545707773428,
           "markup_range": 0.013227075967865955,
           "min_markup": 0.00644629073657499,
           "n_close_orders": 11,
           "rentry_pprice_dist": 0.03015945280373684,
           "rentry_pprice_dist_wallet_exposure_weighting": 3.862567141016832,
           "wallet_exposure_limit": 1}}