{"config_name": "recursive_grid_0days",
 "logging_level": 0,
 "long": {"auto_unstuck_ema_dist": 0.0008409112266593155,
          "auto_unstuck_wallet_exposure_threshold": 0.04575223005383272,
          "backwards_tp": true,
          "ddown_factor": 0.7756092769058,
          "ema_span_0": 257.43323251597366,
          "ema_span_1": 289.5530406712768,
          "enabled": true,
          "initial_eprice_ema_dist": -0.0017219385218286616,
          "initial_qty_pct": 0.010000070415026168,
          "markup_range": 0.00515315026444104,
          "min_markup": 0.0032550069182876672,
          "n_close_orders": 3,
          "rentry_pprice_dist": 0.03843548271977705,
          "rentry_pprice_dist_wallet_exposure_weighting": 0.006771972225593317,
          "wallet_exposure_limit": 1},
 "short": {"auto_unstuck_ema_dist": -0.015717964183754353,
           "auto_unstuck_wallet_exposure_threshold": 0.05328208641370749,
           "backwards_tp": true,
           "ddown_factor": 0.8845664267832164,
           "ema_span_0": 6.819658623841074,
           "ema_span_1": 8.33134698598439,
           "enabled": true,
           "initial_eprice_ema_dist": -0.09423021374076126,
           "initial_qty_pct": 0.01001148957438812,
           "markup_range": 0.011344987596210512,
           "min_markup": 0.008126094104282847,
           "n_close_orders": 10,
           "rentry_pprice_dist": 0.029949335060820807,
           "rentry_pprice_dist_wallet_exposure_weighting": 1.475526632044264,
           "wallet_exposure_limit": 1}}