{"config_name": "recursive_grid_0days",
 "logging_level": 0,
 "long": {"auto_unstuck_ema_dist": 0.0029787858690262514,
          "auto_unstuck_wallet_exposure_threshold": 0.05577046802154864,
          "backwards_tp": true,
          "ddown_factor": 0.3759193592057836,
          "ema_span_0": 1224.5735159759413,
          "ema_span_1": 1271.0454438773447,
          "enabled": true,
          "initial_eprice_ema_dist": 0.0024114480074811937,
          "initial_qty_pct": 0.017974371695615218,
          "markup_range": 0.004883892826455139,
          "min_markup": 0.006132579462101575,
          "n_close_orders": 4,
          "rentry_pprice_dist": 0.027984790003698856,
          "rentry_pprice_dist_wallet_exposure_weighting": 2.977475046420366,
          "wallet_exposure_limit": 1},
 "short": {"auto_unstuck_ema_dist": 0.0024853228509081164,
           "auto_unstuck_wallet_exposure_threshold": 0.030010895735421695,
           "backwards_tp": true,
           "ddown_factor": 1.6736795011718226,
           "ema_span_0": 1019.1294785811814,
           "ema_span_1": 74.22738066020729,
           "enabled": true,
           "initial_eprice_ema_dist": -0.009255660632755494,
           "initial_qty_pct": 0.013049888623021616,
           "markup_range": 0.0017664851420138975,
           "min_markup": 0.008568886420278712,
           "n_close_orders": 7,
           "rentry_pprice_dist": 0.02912000394189131,
           "rentry_pprice_dist_wallet_exposure_weighting": 0.2806827075937418,
           "wallet_exposure_limit": 1}}