{"config_name": "recursive_grid_0days",
 "logging_level": 0,
 "long": {"auto_unstuck_ema_dist": 0.0028441245788577694,
          "auto_unstuck_wallet_exposure_threshold": 0.04628565042232454,
          "backwards_tp": true,
          "ddown_factor": 0.8776254420384454,
          "ema_span_0": 1223.690775857747,
          "ema_span_1": 1223.2255185743536,
          "enabled": true,
          "initial_eprice_ema_dist": 0.0009335761260992883,
          "initial_qty_pct": 0.014951310784915222,
          "markup_range": 0.007022513436282144,
          "min_markup": 0.008699016161053045,
          "n_close_orders": 14,
          "rentry_pprice_dist": 0.028254141840809432,
          "rentry_pprice_dist_wallet_exposure_weighting": 5.185414736988787,
          "wallet_exposure_limit": 1},
 "short": {"auto_unstuck_ema_dist": 0.0011673897930234353,
           "auto_unstuck_wallet_exposure_threshold": 0.058245799146322476,
           "backwards_tp": true,
           "ddown_factor": 1.7488338554343794,
           "ema_span_0": 1202.9172766030185,
           "ema_span_1": 477.6662922687659,
           "enabled": true,
           "initial_eprice_ema_dist": -0.005588347239220622,
           "initial_qty_pct": 0.018919175417115557,
           "markup_range": 0.000447121396194168,
           "min_markup": 0.004882519123909137,
           "n_close_orders": 10,
           "rentry_pprice_dist": 0.02383335860393756,
           "rentry_pprice_dist_wallet_exposure_weighting": 0.4962884613134454,
           "wallet_exposure_limit": 1}}