{"config_name": "recursive_grid_0days",
 "logging_level": 0,
 "long": {"auto_unstuck_ema_dist": 0.0025293774101150125,
          "auto_unstuck_wallet_exposure_threshold": 0.03957778832127201,
          "backwards_tp": true,
          "ddown_factor": 1.242703381967572,
          "ema_span_0": 1297.3305722350115,
          "ema_span_1": 1253.349124484934,
          "enabled": true,
          "initial_eprice_ema_dist": -0.006536245605352651,
          "initial_qty_pct": 0.012269455628515582,
          "markup_range": 0.004127499473233571,
          "min_markup": 0.007197340889585221,
          "n_close_orders": 9,
          "rentry_pprice_dist": 0.03192508429172159,
          "rentry_pprice_dist_wallet_exposure_weighting": 0.7939142627880584,
          "wallet_exposure_limit": 1},
 "short": {"auto_unstuck_ema_dist": -0.0012227775563738617,
           "auto_unstuck_wallet_exposure_threshold": 0.05675710073563526,
           "backwards_tp": true,
           "ddown_factor": 0.5618262729063647,
           "ema_span_0": 1098.1296604423374,
           "ema_span_1": 1431.9076794557398,
           "enabled": true,
           "initial_eprice_ema_dist": 0.0025,
           "initial_qty_pct": 0.01602463989738749,
           "markup_range": 0.00062747104634658,
           "min_markup": 0.0015661576822531306,
           "n_close_orders": 14,
           "rentry_pprice_dist": 0.046876261928640056,
           "rentry_pprice_dist_wallet_exposure_weighting": 0.07883962499122336,
           "wallet_exposure_limit": 1}}