{"config_name": "recursive_grid_0days",
 "logging_level": 0,
 "long": {"auto_unstuck_ema_dist": 3.0634919100844855e-05,
          "auto_unstuck_wallet_exposure_threshold": 0.03574116733330436,
          "backwards_tp": true,
          "ddown_factor": 0.11789196077932046,
          "ema_span_0": 764.6606829303045,
          "ema_span_1": 1331.5331858851746,
          "enabled": true,
          "initial_eprice_ema_dist": 0.0015581488576359812,
          "initial_qty_pct": 0.01959887341326561,
          "markup_range": 0.005228093703583524,
          "min_markup": 0.004334433382844765,
          "n_close_orders": 10,
          "rentry_pprice_dist": 0.03500224279463645,
          "rentry_pprice_dist_wallet_exposure_weighting": 2.9924871923059504,
          "wallet_exposure_limit": 1.0},
 "short": {"auto_unstuck_ema_dist": -0.0021205545898106805,
           "auto_unstuck_wallet_exposure_threshold": 0.07298264252695875,
           "backwards_tp": true,
           "ddown_factor": 0.753636884223054,
           "ema_span_0": 1336.4881319554597,
           "ema_span_1": 1082.6029588956737,
           "enabled": true,
           "initial_eprice_ema_dist": -0.010549979100063575,
           "initial_qty_pct": 0.014423777798860195,
           "markup_range": 0.0035727491501258714,
           "min_markup": 0.003013441906870575,
           "n_close_orders": 7,
           "rentry_pprice_dist": 0.02321925584752904,
           "rentry_pprice_dist_wallet_exposure_weighting": 1.2019938899296865,
           "wallet_exposure_limit": 1.0}}