{"config_name": "recursive_grid_0days",
 "logging_level": 0,
 "long": {"auto_unstuck_ema_dist": 0.0029381663905587124,
          "auto_unstuck_wallet_exposure_threshold": 0.050544976388288046,
          "backwards_tp": true,
          "ddown_factor": 2.5412774325596383,
          "ema_span_0": 1088.4937451873463,
          "ema_span_1": 1399.9447036591343,
          "enabled": true,
          "initial_eprice_ema_dist": -0.011740563007643937,
          "initial_qty_pct": 0.01034899294723685,
          "markup_range": 0.0031902869115146585,
          "min_markup": 0.002770132378422044,
          "n_close_orders": 7,
          "rentry_pprice_dist": 0.030492552906424587,
          "rentry_pprice_dist_wallet_exposure_weighting": 4.404277814525266,
          "wallet_exposure_limit": 1},
 "short": {"auto_unstuck_ema_dist": 0.002928349199094292,
           "auto_unstuck_wallet_exposure_threshold": 0.031376411161432,
           "backwards_tp": true,
           "ddown_factor": 2.8631465603010633,
           "ema_span_0": 1305.9188193767918,
           "ema_span_1": 623.0905857656004,
           "enabled": true,
           "initial_eprice_ema_dist": 0.0017585589083033866,
           "initial_qty_pct": 0.018365799293544142,
           "markup_range": 0.005500499284625271,
           "min_markup": 0.007681273699190083,
           "n_close_orders": 8,
           "rentry_pprice_dist": 0.030509439982533092,
           "rentry_pprice_dist_wallet_exposure_weighting": 2.166301461174555,
           "wallet_exposure_limit": 1}}