{"config_name": "recursive_grid_0days",
 "logging_level": 0,
 "long": {"auto_unstuck_ema_dist": -0.05875244976395856,
          "auto_unstuck_wallet_exposure_threshold": 0.09000816691703006,
          "backwards_tp": true,
          "ddown_factor": 0.3434877068917723,
          "ema_span_0": 1416.7667500628988,
          "ema_span_1": 724.6993747126052,
          "enabled": true,
          "initial_eprice_ema_dist": -0.005715384057913336,
          "initial_qty_pct": 0.012731100362538059,
          "markup_range": 0.010216384738645673,
          "min_markup": 0.005475469928364364,
          "n_close_orders": 12,
          "rentry_pprice_dist": 0.03344607682624454,
          "rentry_pprice_dist_wallet_exposure_weighting": 2.8204147879872723,
          "wallet_exposure_limit": 1},
 "short": {"auto_unstuck_ema_dist": -0.024285628446714898,
           "auto_unstuck_wallet_exposure_threshold": 0.07444173318847253,
           "backwards_tp": true,
           "ddown_factor": 0.12534847973015434,
           "ema_span_0": 1293.3836570355734,
           "ema_span_1": 1328.4007672555774,
           "enabled": true,
           "initial_eprice_ema_dist": 0.0016682797850531526,
           "initial_qty_pct": 0.01243312140683012,
           "markup_range": 0.00025108845429157734,
           "min_markup": 0.002386060165536182,
           "n_close_orders": 2,
           "rentry_pprice_dist": 0.03082818498441691,
           "rentry_pprice_dist_wallet_exposure_weighting": 1.5583322588496586,
           "wallet_exposure_limit": 1}}