{"config_name": "recursive_grid_0days",
 "logging_level": 0,
 "long": {"auto_unstuck_ema_dist": -0.0344887060686832,
          "auto_unstuck_wallet_exposure_threshold": 0.049139129872361784,
          "backwards_tp": true,
          "ddown_factor": 0.5280955231493942,
          "ema_span_0": 1355.8844219783598,
          "ema_span_1": 1201.4510405270578,
          "enabled": true,
          "initial_eprice_ema_dist": 0.002334739327200367,
          "initial_qty_pct": 0.016741984310056267,
          "markup_range": 0.0045890194472056195,
          "min_markup": 0.0033553841706319277,
          "n_close_orders": 8,
          "rentry_pprice_dist": 0.0419554876776694,
          "rentry_pprice_dist_wallet_exposure_weighting": 3.5781376962428344,
          "wallet_exposure_limit": 1.0},
 "short": {"auto_unstuck_ema_dist": 0.0029876712503631477,
           "auto_unstuck_wallet_exposure_threshold": 0.03284148420551558,
           "backwards_tp": true,
           "ddown_factor": 2.62650532079013,
           "ema_span_0": 1191.889148689084,
           "ema_span_1": 1297.6654222071702,
           "enabled": true,
           "initial_eprice_ema_dist": -0.02540123342639082,
           "initial_qty_pct": 0.013769213786417843,
           "markup_range": 0.003032213730602971,
           "min_markup": 0.00211509674185932,
           "n_close_orders": 11,
           "rentry_pprice_dist": 0.04593253357248618,
           "rentry_pprice_dist_wallet_exposure_weighting": 1.629449361115394,
           "wallet_exposure_limit": 1.0}}