{"config_name": "recursive_grid_0days",
 "logging_level": 0,
 "long": {"auto_unstuck_ema_dist": 0.002760727791735678,
          "auto_unstuck_wallet_exposure_threshold": 0.03,
          "backwards_tp": true,
          "ddown_factor": 0.47844289719210364,
          "ema_span_0": 1327.4317890599532,
          "ema_span_1": 634.9917396422802,
          "enabled": true,
          "initial_eprice_ema_dist": 0.0024938915795136903,
          "initial_qty_pct": 0.010957125910323832,
          "markup_range": 0.007537388321645332,
          "min_markup": 0.006565669213132611,
          "n_close_orders": 10,
          "rentry_pprice_dist": 0.023042729333772428,
          "rentry_pprice_dist_wallet_exposure_weighting": 3.94852882930592,
          "wallet_exposure_limit": 1},
 "short": {"auto_unstuck_ema_dist": 0.0011673897930234353,
           "auto_unstuck_wallet_exposure_threshold": 0.030897577404274224,
           "backwards_tp": true,
           "ddown_factor": 2.1442084853694,
           "ema_span_0": 1170.9822019953938,
           "ema_span_1": 545.794166329978,
           "enabled": true,
           "initial_eprice_ema_dist": -0.0012228633240724033,
           "initial_qty_pct": 0.010868357105925755,
           "markup_range": 0.00492620185434845,
           "min_markup": 0.002723865060250444,
           "n_close_orders": 3,
           "rentry_pprice_dist": 0.03586228813034048,
           "rentry_pprice_dist_wallet_exposure_weighting": 2.0906337882771693,
           "wallet_exposure_limit": 1}}