{"config_name": "recursive_grid_0days",
 "logging_level": 0,
 "long": {"auto_unstuck_ema_dist": -0.05875244976395856,
          "auto_unstuck_wallet_exposure_threshold": 0.09000816691703006,
          "backwards_tp": true,
          "ddown_factor": 0.3434877068917723,
          "ema_span_0": 1416.7667500628988,
          "ema_span_1": 724.6993747126052,
          "enabled": true,
          "initial_eprice_ema_dist": -0.005715384057913336,
          "initial_qty_pct": 0.012731100362538059,
          "markup_range": 0.010216384738645673,
          "min_markup": 0.005475469928364364,
          "n_close_orders": 12,
          "rentry_pprice_dist": 0.03344607682624454,
          "rentry_pprice_dist_wallet_exposure_weighting": 2.8204147879872723,
          "wallet_exposure_limit": 1},
 "short": {"auto_unstuck_ema_dist": 0.0021828076306633437,
           "auto_unstuck_wallet_exposure_threshold": 0.030172142917163036,
           "backwards_tp": true,
           "ddown_factor": 2.7721465458618,
           "ema_span_0": 1357.6143564255344,
           "ema_span_1": 1001.6719529782189,
           "enabled": true,
           "initial_eprice_ema_dist": -0.0021571081239632013,
           "initial_qty_pct": 0.02163862662025812,
           "markup_range": 0.0010899660873647803,
           "min_markup": 0.004340702366906331,
           "n_close_orders": 9,
           "rentry_pprice_dist": 0.020357793960556668,
           "rentry_pprice_dist_wallet_exposure_weighting": 12.595991263631522,
           "wallet_exposure_limit": 1}}