{"config_name": "recursive_grid_0days",
 "logging_level": 0,
 "long": {"auto_unstuck_ema_dist": 0.001408483648553362,
          "auto_unstuck_wallet_exposure_threshold": 0.0301337799104302,
          "backwards_tp": true,
          "ddown_factor": 2.9137903151693876,
          "ema_span_0": 1251.671944403328,
          "ema_span_1": 1214.5071413360536,
          "enabled": true,
          "initial_eprice_ema_dist": 0.00117952321711664,
          "initial_qty_pct": 0.01778559450380077,
          "markup_range": 0.0005602092358775024,
          "min_markup": 0.006280486540284267,
          "n_close_orders": 13,
          "rentry_pprice_dist": 0.04081579095373641,
          "rentry_pprice_dist_wallet_exposure_weighting": 6.777707696029922,
          "wallet_exposure_limit": 1},
 "short": {"auto_unstuck_ema_dist": -0.06870916493044506,
           "auto_unstuck_wallet_exposure_threshold": 0.058245799146322476,
           "backwards_tp": true,
           "ddown_factor": 0.2094298770231758,
           "ema_span_0": 1328.727836342442,
           "ema_span_1": 1001.628164317992,
           "enabled": true,
           "initial_eprice_ema_dist": 0.002233833951182428,
           "initial_qty_pct": 0.010555218189528806,
           "markup_range": 0.002453268020720958,
           "min_markup": 0.0044984907454645355,
           "n_close_orders": 7,
           "rentry_pprice_dist": 0.03182810750417499,
           "rentry_pprice_dist_wallet_exposure_weighting": 15.396818278797724,
           "wallet_exposure_limit": 1}}