{"config_name": "recursive_grid_0days",
 "logging_level": 0,
 "long": {"auto_unstuck_ema_dist": 0.0023716390592002858,
          "auto_unstuck_wallet_exposure_threshold": 0.032473528226213716,
          "backwards_tp": true,
          "ddown_factor": 0.6909761504382799,
          "ema_span_0": 209.62020911936844,
          "ema_span_1": 1156.163668882324,
          "enabled": true,
          "initial_eprice_ema_dist": -0.0005907520923932089,
          "initial_qty_pct": 0.01648962165039413,
          "markup_range": 0.003374307906012191,
          "min_markup": 0.00643667622339523,
          "n_close_orders": 10,
          "rentry_pprice_dist": 0.04139254646997062,
          "rentry_pprice_dist_wallet_exposure_weighting": 0.08478953495757995,
          "wallet_exposure_limit": 1},
 "short": {"auto_unstuck_ema_dist": 0.002928349199094292,
           "auto_unstuck_wallet_exposure_threshold": 0.031376411161432,
           "backwards_tp": true,
           "ddown_factor": 2.8631465603010633,
           "ema_span_0": 1305.9188193767918,
           "ema_span_1": 623.0905857656004,
           "enabled": true,
           "initial_eprice_ema_dist": 0.0017585589083033866,
           "initial_qty_pct": 0.018365799293544142,
           "markup_range": 0.005500499284625271,
           "min_markup": 0.007681273699190083,
           "n_close_orders": 8,
           "rentry_pprice_dist": 0.030509439982533092,
           "rentry_pprice_dist_wallet_exposure_weighting": 2.166301461174555,
           "wallet_exposure_limit": 1}}