{"config_name": "recursive_grid_0days",
 "logging_level": 0,
 "long": {"auto_unstuck_ema_dist": -0.0013080680649157662,
          "auto_unstuck_wallet_exposure_threshold": 0.08660107885174578,
          "backwards_tp": true,
          "ddown_factor": 0.5222244936850616,
          "ema_span_0": 473.5642387949775,
          "ema_span_1": 1277.2593632526261,
          "enabled": true,
          "initial_eprice_ema_dist": 0.0007646900621010433,
          "initial_qty_pct": 0.01608938291730749,
          "markup_range": 0.0026489041168961205,
          "min_markup": 0.0073926020567316635,
          "n_close_orders": 16,
          "rentry_pprice_dist": 0.039509525446854626,
          "rentry_pprice_dist_wallet_exposure_weighting": 1.174399351403928,
          "wallet_exposure_limit": 1.0},
 "short": {"auto_unstuck_ema_dist": 0.0005401735602593991,
           "auto_unstuck_wallet_exposure_threshold": 0.0748238731309008,
           "backwards_tp": true,
           "ddown_factor": 2.639384093365239,
           "ema_span_0": 1437.706345519829,
           "ema_span_1": 1343.1051090831988,
           "enabled": true,
           "initial_eprice_ema_dist": -0.0023098545233180834,
           "initial_qty_pct": 0.012124802285768548,
           "markup_range": 0.005179524436089238,
           "min_markup": 0.004076679264587366,
           "n_close_orders": 7,
           "rentry_pprice_dist": 0.031654167569326826,
           "rentry_pprice_dist_wallet_exposure_weighting": 6.179626545561055,
           "wallet_exposure_limit": 1.0}}