{"config_name": "recursive_grid_0days",
 "logging_level": 0,
 "long": {"auto_unstuck_ema_dist": -0.06702189176842169,
          "auto_unstuck_wallet_exposure_threshold": 0.03522650341091552,
          "backwards_tp": true,
          "ddown_factor": 0.9514386476692067,
          "ema_span_0": 1123.3611630928858,
          "ema_span_1": 995.7719171761279,
          "enabled": true,
          "initial_eprice_ema_dist": 0.0017788693742418452,
          "initial_qty_pct": 0.011336318980788775,
          "markup_range": 0.00010945741421941401,
          "min_markup": 0.0011960209053413383,
          "n_close_orders": 15,
          "rentry_pprice_dist": 0.04763585768188466,
          "rentry_pprice_dist_wallet_exposure_weighting": 5.448124655852882,
          "wallet_exposure_limit": 1},
 "short": {"auto_unstuck_ema_dist": 0.0029876712503631477,
           "auto_unstuck_wallet_exposure_threshold": 0.03284148420551558,
           "backwards_tp": true,
           "ddown_factor": 2.62650532079013,
           "ema_span_0": 1191.889148689084,
           "ema_span_1": 1297.6654222071702,
           "enabled": true,
           "initial_eprice_ema_dist": -0.02540123342639082,
           "initial_qty_pct": 0.013769213786417843,
           "markup_range": 0.003032213730602971,
           "min_markup": 0.00211509674185932,
           "n_close_orders": 11,
           "rentry_pprice_dist": 0.04593253357248618,
           "rentry_pprice_dist_wallet_exposure_weighting": 1.629449361115394,
           "wallet_exposure_limit": 1}}