{"config_name": "recursive_grid_0days",
 "logging_level": 0,
 "long": {"auto_unstuck_ema_dist": 0.0029539095346724597,
          "auto_unstuck_wallet_exposure_threshold": 0.06355309657387448,
          "backwards_tp": true,
          "ddown_factor": 1.4301360138405126,
          "ema_span_0": 1308.5131019399346,
          "ema_span_1": 592.0276003273248,
          "enabled": true,
          "initial_eprice_ema_dist": 0.0006303476262362371,
          "initial_qty_pct": 0.01017123032165684,
          "markup_range": 0.0030832148575550777,
          "min_markup": 0.008926619083038398,
          "n_close_orders": 16,
          "rentry_pprice_dist": 0.03303601507692257,
          "rentry_pprice_dist_wallet_exposure_weighting": 2.8925767038202275,
          "wallet_exposure_limit": 1.0},
 "short": {"auto_unstuck_ema_dist": -0.009877039828560046,
           "auto_unstuck_wallet_exposure_threshold": 0.04347526073650408,
           "backwards_tp": true,
           "ddown_factor": 1.1404516574798333,
           "ema_span_0": 1355.5959102904899,
           "ema_span_1": 845.8801947475373,
           "enabled": true,
           "initial_eprice_ema_dist": -0.004635945070895414,
           "initial_qty_pct": 0.019032545707773428,
           "markup_range": 0.013227075967865955,
           "min_markup": 0.00644629073657499,
           "n_close_orders": 11,
           "rentry_pprice_dist": 0.03015945280373684,
           "rentry_pprice_dist_wallet_exposure_weighting": 3.862567141016832,
           "wallet_exposure_limit": 1.0}}