{"config_name": "recursive_grid_0days",
 "logging_level": 0,
 "long": {"auto_unstuck_ema_dist": -0.07629914687133713,
          "auto_unstuck_wallet_exposure_threshold": 0.03168905777475557,
          "backwards_tp": true,
          "ddown_factor": 0.43713917874061636,
          "ema_span_0": 689.9091200194408,
          "ema_span_1": 707.4784122542063,
          "enabled": true,
          "initial_eprice_ema_dist": -0.006400245996088788,
          "initial_qty_pct": 0.010059130924716397,
          "markup_range": 0.00548542007709913,
          "min_markup": 0.0031094105391150937,
          "n_close_orders": 12,
          "rentry_pprice_dist": 0.035726628044202305,
          "rentry_pprice_dist_wallet_exposure_weighting": 6.5033139523701164,
          "wallet_exposure_limit": 1.0},
 "short": {"auto_unstuck_ema_dist": 0.002778944944384059,
           "auto_unstuck_wallet_exposure_threshold": 0.030542950159855097,
           "backwards_tp": true,
           "ddown_factor": 0.43761122382209083,
           "ema_span_0": 1425.5393563370683,
           "ema_span_1": 1238.1527519570147,
           "enabled": true,
           "initial_eprice_ema_dist": -3.8115378959990745e-05,
           "initial_qty_pct": 0.013734488988993841,
           "markup_range": 0.019983194001283674,
           "min_markup": 0.008512445093939053,
           "n_close_orders": 6,
           "rentry_pprice_dist": 0.03882169530503455,
           "rentry_pprice_dist_wallet_exposure_weighting": 4.615245627324635,
           "wallet_exposure_limit": 1.0}}