{"config_name": "recursive_grid_0days",
 "logging_level": 0,
 "long": {"auto_unstuck_ema_dist": 0.0029381663905587124,
          "auto_unstuck_wallet_exposure_threshold": 0.050544976388288046,
          "backwards_tp": true,
          "ddown_factor": 2.5412774325596383,
          "ema_span_0": 1088.4937451873463,
          "ema_span_1": 1399.9447036591343,
          "enabled": true,
          "initial_eprice_ema_dist": -0.011740563007643937,
          "initial_qty_pct": 0.01034899294723685,
          "markup_range": 0.0031902869115146585,
          "min_markup": 0.002770132378422044,
          "n_close_orders": 7,
          "rentry_pprice_dist": 0.030492552906424587,
          "rentry_pprice_dist_wallet_exposure_weighting": 4.404277814525266,
          "wallet_exposure_limit": 1.0},
 "short": {"auto_unstuck_ema_dist": 0.0029625611273810166,
           "auto_unstuck_wallet_exposure_threshold": 0.030919621811547077,
           "backwards_tp": true,
           "ddown_factor": 0.3180571416778558,
           "ema_span_0": 49.57234773569895,
           "ema_span_1": 271.69556007201436,
           "enabled": true,
           "initial_eprice_ema_dist": 0.0024999721707197557,
           "initial_qty_pct": 0.01441812625518541,
           "markup_range": 0.008274265893525517,
           "min_markup": 0.005208171991701672,
           "n_close_orders": 7,
           "rentry_pprice_dist": 0.029768956558481517,
           "rentry_pprice_dist_wallet_exposure_weighting": 3.1565127458154825,
           "wallet_exposure_limit": 1.0}}