{"config_name": "recursive_grid_0days",
 "logging_level": 0,
 "long": {"auto_unstuck_ema_dist": -0.014055868072556632,
          "auto_unstuck_wallet_exposure_threshold": 0.08350014767066168,
          "backwards_tp": true,
          "ddown_factor": 1.1439226908204034,
          "ema_span_0": 1438.1232651537603,
          "ema_span_1": 960.9364068596486,
          "enabled": true,
          "initial_eprice_ema_dist": 0.002343518194469923,
          "initial_qty_pct": 0.011378630807756623,
          "markup_range": 0.0024527738819311255,
          "min_markup": 0.00234498856281642,
          "n_close_orders": 11,
          "rentry_pprice_dist": 0.029828683918173015,
          "rentry_pprice_dist_wallet_exposure_weighting": 3.5310893051412284,
          "wallet_exposure_limit": 1},
 "short": {"auto_unstuck_ema_dist": 0.0015712132130873888,
           "auto_unstuck_wallet_exposure_threshold": 0.03188215351621147,
           "backwards_tp": true,
           "ddown_factor": 1.5429878586987857,
           "ema_span_0": 716.0125040411851,
           "ema_span_1": 315.48784004845635,
           "enabled": true,
           "initial_eprice_ema_dist": 0.002499552334428443,
           "initial_qty_pct": 0.010669684962885617,
           "markup_range": 0.0020241365043860587,
           "min_markup": 0.002300310200009684,
           "n_close_orders": 11,
           "rentry_pprice_dist": 0.029115125563804207,
           "rentry_pprice_dist_wallet_exposure_weighting": 5.849419386666722,
           "wallet_exposure_limit": 1}}