{"config_name": "recursive_grid_0days",
 "logging_level": 0,
 "long": {"auto_unstuck_ema_dist": 0.002307747340802064,
          "auto_unstuck_wallet_exposure_threshold": 0.061280905040758255,
          "backwards_tp": true,
          "ddown_factor": 0.10623229732674043,
          "ema_span_0": 941.1772749207736,
          "ema_span_1": 1340.112175628508,
          "enabled": true,
          "initial_eprice_ema_dist": -0.0003457031635422646,
          "initial_qty_pct": 0.014816903942113444,
          "markup_range": 0.008099210733930808,
          "min_markup": 0.0073750444967665175,
          "n_close_orders": 2,
          "rentry_pprice_dist": 0.031102923436381713,
          "rentry_pprice_dist_wallet_exposure_weighting": 0.2608725567806879,
          "wallet_exposure_limit": 1},
 "short": {"auto_unstuck_ema_dist": 0.0029876712503631477,
           "auto_unstuck_wallet_exposure_threshold": 0.03284148420551558,
           "backwards_tp": true,
           "ddown_factor": 2.62650532079013,
           "ema_span_0": 1191.889148689084,
           "ema_span_1": 1297.6654222071702,
           "enabled": true,
           "initial_eprice_ema_dist": -0.02540123342639082,
           "initial_qty_pct": 0.013769213786417843,
           "markup_range": 0.003032213730602971,
           "min_markup": 0.00211509674185932,
           "n_close_orders": 11,
           "rentry_pprice_dist": 0.04593253357248618,
           "rentry_pprice_dist_wallet_exposure_weighting": 1.629449361115394,
           "wallet_exposure_limit": 1}}