{"config_name": "recursive_grid_0days",
 "logging_level": 0,
 "long": {"auto_unstuck_ema_dist": 0.0024837037598109657,
          "auto_unstuck_wallet_exposure_threshold": 0.030455018914946494,
          "backwards_tp": true,
          "ddown_factor": 1.7366415070208228,
          "ema_span_0": 627.564555162494,
          "ema_span_1": 326.8122088052352,
          "enabled": true,
          "initial_eprice_ema_dist": -0.0714589965405779,
          "initial_qty_pct": 0.01514869324205531,
          "markup_range": 0.004331179216332552,
          "min_markup": 0.002863204200645361,
          "n_close_orders": 4,
          "rentry_pprice_dist": 0.0491596187909112,
          "rentry_pprice_dist_wallet_exposure_weighting": 0.8835371461146888,
          "wallet_exposure_limit": 1.0},
 "short": {"auto_unstuck_ema_dist": -0.04900754274804541,
           "auto_unstuck_wallet_exposure_threshold": 0.08016803792949682,
           "backwards_tp": true,
           "ddown_factor": 0.5884726991857251,
           "ema_span_0": 219.8271783214941,
           "ema_span_1": 548.3398930372193,
           "enabled": true,
           "initial_eprice_ema_dist": 0.0016283449180262957,
           "initial_qty_pct": 0.010005875636698995,
           "markup_range": 0.0007290734862962215,
           "min_markup": 0.001687161064372898,
           "n_close_orders": 15,
           "rentry_pprice_dist": 0.04384698659474962,
           "rentry_pprice_dist_wallet_exposure_weighting": 11.553201013231234,
           "wallet_exposure_limit": 1.0}}