{"config_name": "recursive_grid_0days",
 "logging_level": 0,
 "long": {"auto_unstuck_ema_dist": -0.05875244976395856,
          "auto_unstuck_wallet_exposure_threshold": 0.09000816691703006,
          "backwards_tp": true,
          "ddown_factor": 0.3434877068917723,
          "ema_span_0": 1416.7667500628988,
          "ema_span_1": 724.6993747126052,
          "enabled": true,
          "initial_eprice_ema_dist": -0.005715384057913336,
          "initial_qty_pct": 0.012731100362538059,
          "markup_range": 0.010216384738645673,
          "min_markup": 0.005475469928364364,
          "n_close_orders": 12,
          "rentry_pprice_dist": 0.03344607682624454,
          "rentry_pprice_dist_wallet_exposure_weighting": 2.8204147879872723,
          "wallet_exposure_limit": 1.0},
 "short": {"auto_unstuck_ema_dist": -0.015717964183754353,
           "auto_unstuck_wallet_exposure_threshold": 0.05328208641370749,
           "backwards_tp": true,
           "ddown_factor": 0.8845664267832164,
           "ema_span_0": 6.819658623841074,
           "ema_span_1": 8.33134698598439,
           "enabled": true,
           "initial_eprice_ema_dist": -0.09423021374076126,
           "initial_qty_pct": 0.01001148957438812,
           "markup_range": 0.011344987596210512,
           "min_markup": 0.008126094104282847,
           "n_close_orders": 10,
           "rentry_pprice_dist": 0.029949335060820807,
           "rentry_pprice_dist_wallet_exposure_weighting": 1.475526632044264,
           "wallet_exposure_limit": 1.0}}