{"config_name": "recursive_grid_0days",
 "logging_level": 0,
 "long": {"auto_unstuck_ema_dist": -0.006246653358355413,
          "auto_unstuck_wallet_exposure_threshold": 0.03005658112406349,
          "backwards_tp": true,
          "ddown_factor": 1.9905449093864889,
          "ema_span_0": 1099.5156705306647,
          "ema_span_1": 786.7036523468227,
          "enabled": true,
          "initial_eprice_ema_dist": -0.00323005555584841,
          "initial_qty_pct": 0.010561605593703411,
          "markup_range": 0.00517507373054516,
          "min_markup": 0.006089690124245632,
          "n_close_orders": 8,
          "rentry_pprice_dist": 0.03324426523210741,
          "rentry_pprice_dist_wallet_exposure_weighting": 0.7026136399840843,
          "wallet_exposure_limit": 1.0},
 "short": {"auto_unstuck_ema_dist": 0.0029593309496771603,
           "auto_unstuck_wallet_exposure_threshold": 0.04114313198442453,
           "backwards_tp": true,
           "ddown_factor": 0.3763215276707076,
           "ema_span_0": 1140.6694643177684,
           "ema_span_1": 1401.8493150238428,
           "enabled": true,
           "initial_eprice_ema_dist": -0.007879286770395419,
           "initial_qty_pct": 0.016979872875681288,
           "markup_range": 0.002583586303804639,
           "min_markup": 0.004604572894303268,
           "n_close_orders": 5,
           "rentry_pprice_dist": 0.027815054136232448,
           "rentry_pprice_dist_wallet_exposure_weighting": 1.5954511018611834,
           "wallet_exposure_limit": 1.0}}