{"config_name": "scalp_long&shrt_binance_xtzusdt_234days_adg0.78%_bkr64.37%",
 "logging_level": 0,
 "long": {"enabled": true,
          "markup_range": 0.007052267599944058,
          "min_markup": 0.0058129350216221684,
          "n_close_orders": 10,
          "primary_ddown_factor": 2.446586132852538,
          "primary_grid_spacing": 0.02760165235553419,
          "primary_grid_spacing_pbr_weighting": [0.03095617885364967,
                                                 0.0023419013478581246],
          "primary_initial_qty_pct": 0.05134705172780759,
          "primary_pbr_limit": 0.31052472133416803,
          "secondary_ddown_factor": 0.10371432158081165,
          "secondary_grid_spacing": 0.12022752656807849,
          "secondary_pbr_limit_added": 0.6438172789380885},
 "shrt": {"enabled": true,
          "markup_range": 0.005298815092776686,
          "min_markup": 0.0032840840132621297,
          "n_close_orders": 10,
          "primary_ddown_factor": 0.06724293109575619,
          "primary_grid_spacing": 0.0291509901459974,
          "primary_grid_spacing_pbr_weighting": [0.03397128231425332,
                                                 0.04945938045633858],
          "primary_initial_qty_pct": 0.0002042550257258361,
          "primary_pbr_limit": 0.9491814153565488,
          "secondary_ddown_factor": 2.590303412679668,
          "secondary_grid_spacing": 0.2868658789792543,
          "secondary_pbr_limit_added": 0.5197116340474592}}
