{
    "net_pnl_plus_fees": 8602.652323155697,
    "profit_sum": 1164265.3425321497,
    "loss_sum": -721758.2280721471,
    "closest_shrt_liq": 0.04007523342557799,
    "closest_long_liq": 0.055176421688639024,
    "n_trades": 4389,
    "n_closes": 1690,
    "n_stop_losses": 979,
    "gain": 216.0663080788924,
    "average_daily_gain": 1.1962434377442221,
    "closest_liq": 0.04007523342557799,
    "max_n_hours_between_consec_trades": 28.432921944444445,
    "key": "4a38d9148f549c9481b059df28dd33e3fa1610331e9363477b9433811e9052d6",
    "balance_pct": 0.981,
    "ddown_factor": 0.232,
    "do_long": 1.0,
    "do_shrt": 1.0,
    "ema_span": 458419770.0,
    "ema_spread": 0.0287,
    "entry_qty_pct": 0.32562,
    "grid_coefficient": 351.72,
    "grid_spacing": 0.04274,
    "leverage": 66.0,
    "max_markup": 0.01207,
    "min_close_qty_multiplier": 0.3,
    "min_markup": 0.00195,
    "n_close_orders": 22.0,
    "stop_loss_liq_diff": 0.1265,
    "stop_loss_pos_price_diff": 0.0878,
    "stop_loss_pos_reduction": 0.986,
    "index": 286
}