{"config_name": "binance_btcusd_perp_283days_adg0.18%_bkr44.46%",
 "logging_level": 0,
 "long": {"enabled": true,
          "iprc_MAr_coeffs": [[-0.2811187210851688, 0.00019247022859588306],
                              [0.06429492448060659, -0.23467068523703039],
                              [-0.002709544340881701, 0.021688264067467468]],
          "iprc_const": 0.9809180452720377,
          "iqty_MAr_coeffs": [[-0.08700745218750984, 0.02418417259918819],
                              [0.1101694847829515, -0.09963580684788767],
                              [0.13610816248434376, -0.2665259153616772]],
          "iqty_const": 0.021349702009006263,
          "markup_MAr_coeffs": [[-0.23550199515430356, -0.35780244706722253],
                                [-0.3332947103904643, 0.4],
                                [-0.4, -0.1288859234106638]],
          "markup_const": 1.0111034448577307,
          "pbr_limit": 0.0,
          "pbr_stop_loss": 0.8107599105879203,
          "rprc_MAr_coeffs": [[-0.0034020363618901405, 0.22629690039966593],
                              [0.31412957094857885, 0.04775828628301617],
                              [-0.015131316388511553, -0.09027940935767856]],
          "rprc_PBr_coeffs": [[-0.6831599618086349, -0.1714140278218148]],
          "rprc_const": 0.980771268606721,
          "rqty_MAr_coeffs": [[0.05378763823142965, 0.0182051539143146],
                              [0.0352755356149185, -0.3421699253036383],
                              [0.08783654584529745, 0.27033158583288636]],
          "rqty_const": 1.17335619132281},
 "max_span": 3052.3606552293277,
 "min_span": 1353.6617852376094,
 "n_spans": 3,
 "shrt": {"enabled": true,
          "iprc_MAr_coeffs": [[-0.05630074100567381, -0.10447056118032948],
                              [-0.24369600696647298, 0.18083666203089818],
                              [-0.15357825775547487, -0.08041464712703991]],
          "iprc_const": 1.0249984377845023,
          "iqty_MAr_coeffs": [[0.3746091072329683, -0.08323620708414828],
                              [0.15834161729116525, 0.03930052561248911],
                              [0.2391849138069393, -0.1761781598141645]],
          "iqty_const": 0.021771382781619563,
          "markup_MAr_coeffs": [[-0.16184478761511675, 0.3337155484599261],
                                [-0.27099686305946474, 0.33034588647945645],
                                [0.12341368647317995, -0.10998145882960624]],
          "markup_const": 0.9830856592468216,
          "pbr_limit": 0.5419118540474751,
          "pbr_stop_loss": 0.250480316890862,
          "rprc_MAr_coeffs": [[-0.04656238365143141, 0.20207039084541573],
                              [0.0012533488169440218, 0.2334541151231069],
                              [-0.1530190329396272, -0.2416534666611291]],
          "rprc_PBr_coeffs": [[0.03188215820359737, 0.4614874575090532]],
          "rprc_const": 1.0176165760368763,
          "rqty_MAr_coeffs": [[-0.03563134003630965, 0.11397870122894067],
                              [0.18731196116167545, 0.2527331398531465],
                              [-0.11930055623088985, 0.08540068180272656]],
          "rqty_const": 1.7720899092816578}}
