{"config_name": "clock_0days",
 "long": {"backwards_tp": true,
          "delay_between_fills_minutes_close": 1185.4918914925165,
          "delay_between_fills_minutes_entry": 1163.6322110622239,
          "delay_weight_close": 0,
          "delay_weight_entry": 23.274313636421667,
          "ema_dist_close": 0.0017954337251029108,
          "ema_dist_entry": 0.002271030918110123,
          "ema_span_0": 1375.3382034890687,
          "ema_span_1": 589.5251145211776,
          "enabled": true,
          "markup_range": 0.004195893560460006,
          "min_markup": 0.005763924175232363,
          "n_close_orders": 13,
          "qty_pct_close": 0.030449268627210646,
          "qty_pct_entry": 0.014267917364722126,
          "wallet_exposure_limit": 1,
          "we_multiplier_close": 0,
          "we_multiplier_entry": 155.3218860126716},
 "short": {"backwards_tp": true,
           "delay_between_fills_minutes_close": 1107.4172242642287,
           "delay_between_fills_minutes_entry": 718.015306899042,
           "delay_weight_close": 0,
           "delay_weight_entry": 6.642306341020392,
           "ema_dist_close": 0.0019810038740785993,
           "ema_dist_entry": -0.0012867732988275178,
           "ema_span_0": 320.5321779049047,
           "ema_span_1": 1239.0216803336282,
           "enabled": true,
           "markup_range": 0.006393605962373488,
           "min_markup": 0.0042112434425729955,
           "n_close_orders": 15,
           "qty_pct_close": 0.013106646630126378,
           "qty_pct_entry": 0.01248222348544147,
           "wallet_exposure_limit": 1,
           "we_multiplier_close": 0,
           "we_multiplier_entry": 88.07816289635835}}