{"config_name": "clock_0days",
 "long": {"backwards_tp": true,
          "delay_between_fills_minutes_close": 1332.2175595362608,
          "delay_between_fills_minutes_entry": 1403.1069083627885,
          "delay_weight_close": 0,
          "delay_weight_entry": 19.057750438244785,
          "ema_dist_close": -0.004729965559330384,
          "ema_dist_entry": -0.003236497517405165,
          "ema_span_0": 1028.3376363679788,
          "ema_span_1": 1267.7636467989907,
          "enabled": true,
          "markup_range": 0.011207222256898146,
          "min_markup": 0.0064829140461281,
          "n_close_orders": 3,
          "qty_pct_close": 0.03519226180976824,
          "qty_pct_entry": 0.010457613979688222,
          "wallet_exposure_limit": 1,
          "we_multiplier_close": 0,
          "we_multiplier_entry": 148.61646641119773},
 "short": {"backwards_tp": true,
           "delay_between_fills_minutes_close": 374.1649818143664,
           "delay_between_fills_minutes_entry": 1370.9384788244488,
           "delay_weight_close": 0,
           "delay_weight_entry": 50.33289793987615,
           "ema_dist_close": -0.03512870088867721,
           "ema_dist_entry": 0.0029999922197866172,
           "ema_span_0": 1025.7935841160333,
           "ema_span_1": 1019.2256702290363,
           "enabled": true,
           "markup_range": 0.009434231220865565,
           "min_markup": 0.007230939820784571,
           "n_close_orders": 11,
           "qty_pct_close": 0.012866591681123698,
           "qty_pct_entry": 0.012891632733896916,
           "wallet_exposure_limit": 1,
           "we_multiplier_close": 0,
           "we_multiplier_entry": 76.20202469756842}}