{"config_name": "clock_0days",
 "long": {"backwards_tp": true,
          "delay_between_fills_minutes_close": 546.9730820672952,
          "delay_between_fills_minutes_entry": 1235.203941446055,
          "delay_weight_close": 0,
          "delay_weight_entry": 20.455304382576987,
          "ema_dist_close": -0.013265507915898611,
          "ema_dist_entry": 0.0022361931398827044,
          "ema_span_0": 1435.5784781926889,
          "ema_span_1": 283.28539986728083,
          "enabled": true,
          "markup_range": 0.006243195170376551,
          "min_markup": 0.00903434023250845,
          "n_close_orders": 11,
          "qty_pct_close": 0.016869473883042396,
          "qty_pct_entry": 0.018907540664659342,
          "wallet_exposure_limit": 1,
          "we_multiplier_close": 0,
          "we_multiplier_entry": 66.8374073539574},
 "short": {"backwards_tp": true,
           "delay_between_fills_minutes_close": 1001.3836785053169,
           "delay_between_fills_minutes_entry": 1179.1738350646879,
           "delay_weight_close": 0,
           "delay_weight_entry": 30.864505129040577,
           "ema_dist_close": -0.011020019948121906,
           "ema_dist_entry": 0.0009256912589963354,
           "ema_span_0": 882.9802068419175,
           "ema_span_1": 1391.1617891146113,
           "enabled": true,
           "markup_range": 0.02383115601670237,
           "min_markup": 0.0049485324538220245,
           "n_close_orders": 14,
           "qty_pct_close": 0.02609665693271488,
           "qty_pct_entry": 0.011158504432419182,
           "wallet_exposure_limit": 1,
           "we_multiplier_close": 0,
           "we_multiplier_entry": 13.347013663108264}}