{"config_name": "clock_0days",
 "long": {"backwards_tp": true,
          "delay_between_fills_minutes_close": 1157.934150533538,
          "delay_between_fills_minutes_entry": 512.4508572766229,
          "delay_weight_close": 0.0,
          "delay_weight_entry": 17.009247910881815,
          "ema_dist_close": 0.0025261531319765397,
          "ema_dist_entry": 0.0016708279192306518,
          "ema_span_0": 1268.4490338964451,
          "ema_span_1": 466.4730339080287,
          "enabled": true,
          "markup_range": 0.00491189055262345,
          "min_markup": 0.004904447269145419,
          "n_close_orders": 14,
          "qty_pct_close": 0.013089745320811546,
          "qty_pct_entry": 0.013870945807503577,
          "wallet_exposure_limit": 1.0,
          "we_multiplier_close": 0.0,
          "we_multiplier_entry": 84.01431270626075},
 "short": {"backwards_tp": true,
           "delay_between_fills_minutes_close": 1302.946082599286,
           "delay_between_fills_minutes_entry": 782.3264365114792,
           "delay_weight_close": 0.0,
           "delay_weight_entry": 10.740493521041575,
           "ema_dist_close": -0.0003541638957473886,
           "ema_dist_entry": -0.00024191957062576083,
           "ema_span_0": 1293.1093155999033,
           "ema_span_1": 183.8199168504016,
           "enabled": true,
           "markup_range": 0.022674011363035495,
           "min_markup": 0.007137575617718023,
           "n_close_orders": 8,
           "qty_pct_close": 0.03578982854587577,
           "qty_pct_entry": 0.010000020086795302,
           "wallet_exposure_limit": 1.0,
           "we_multiplier_close": 0.0,
           "we_multiplier_entry": 89.15811314821192}}