{"config_name": "clock_0days",
 "long": {"backwards_tp": true,
          "delay_between_fills_minutes_close": 1031.3564686524517,
          "delay_between_fills_minutes_entry": 1099.7145708254043,
          "delay_weight_close": 0,
          "delay_weight_entry": 20.23361416650551,
          "ema_dist_close": 0.0029548803591293244,
          "ema_dist_entry": -0.003060483691102277,
          "ema_span_0": 1417.1325328763228,
          "ema_span_1": 455.2217835414361,
          "enabled": true,
          "markup_range": 0.005401086750810936,
          "min_markup": 0.0037391683256640454,
          "n_close_orders": 4,
          "qty_pct_close": 0.010764695806034659,
          "qty_pct_entry": 0.01,
          "wallet_exposure_limit": 1,
          "we_multiplier_close": 0,
          "we_multiplier_entry": 34.96111263840989},
 "short": {"backwards_tp": true,
           "delay_between_fills_minutes_close": 816.2726627680898,
           "delay_between_fills_minutes_entry": 935.6343146583621,
           "delay_weight_close": 0,
           "delay_weight_entry": 9.14777444615659,
           "ema_dist_close": 0.0018341342453584407,
           "ema_dist_entry": -0.0026713698781245924,
           "ema_span_0": 1040.8019909397517,
           "ema_span_1": 1173.3166320227228,
           "enabled": true,
           "markup_range": 0.011845722035741748,
           "min_markup": 0.003944360844881288,
           "n_close_orders": 2,
           "qty_pct_close": 0.033382488264986444,
           "qty_pct_entry": 0.010997227446890526,
           "wallet_exposure_limit": 1,
           "we_multiplier_close": 0,
           "we_multiplier_entry": 186.61024034893478}}