{"config_name": "clock_0days",
 "long": {"backwards_tp": true,
          "delay_between_fills_minutes_close": 1245.270477681055,
          "delay_between_fills_minutes_entry": 1344.6980899278713,
          "delay_weight_close": 0,
          "delay_weight_entry": 15.63442562039574,
          "ema_dist_close": 0.00023337544313550154,
          "ema_dist_entry": 0.001933444468666623,
          "ema_span_0": 719.3910524512079,
          "ema_span_1": 1397.937798166005,
          "enabled": true,
          "markup_range": 0.008065142105613892,
          "min_markup": 0.009590999801219701,
          "n_close_orders": 8,
          "qty_pct_close": 0.01067033398378811,
          "qty_pct_entry": 0.0125478325703149,
          "wallet_exposure_limit": 1,
          "we_multiplier_close": 0,
          "we_multiplier_entry": 167.0647183233388},
 "short": {"backwards_tp": true,
           "delay_between_fills_minutes_close": 1426.6579343373776,
           "delay_between_fills_minutes_entry": 228.0447617254168,
           "delay_weight_close": 0,
           "delay_weight_entry": 6.418995415016354,
           "ema_dist_close": 0.0028870076232716583,
           "ema_dist_entry": 7.855169156559518e-05,
           "ema_span_0": 1154.2051203429785,
           "ema_span_1": 864.3533274984663,
           "enabled": true,
           "markup_range": 0.0012161431519760206,
           "min_markup": 0.008651344141221417,
           "n_close_orders": 13,
           "qty_pct_close": 0.010473290291125904,
           "qty_pct_entry": 0.01,
           "wallet_exposure_limit": 1,
           "we_multiplier_close": 0,
           "we_multiplier_entry": 62.7682122880024}}