{"config_name": "clock_0days",
 "long": {"backwards_tp": true,
          "delay_between_fills_minutes_close": 1001.5790521116659,
          "delay_between_fills_minutes_entry": 1224.0945221747268,
          "delay_weight_close": 0,
          "delay_weight_entry": 12.309441936916954,
          "ema_dist_close": 0.002976627401769591,
          "ema_dist_entry": -0.003297109923599668,
          "ema_span_0": 1047.1392606660283,
          "ema_span_1": 1408.0841111648235,
          "enabled": true,
          "markup_range": 0.007764356170997548,
          "min_markup": 0.007468392655322543,
          "n_close_orders": 7,
          "qty_pct_close": 0.011687046056209342,
          "qty_pct_entry": 0.013668820869021108,
          "wallet_exposure_limit": 1,
          "we_multiplier_close": 0,
          "we_multiplier_entry": 23.108320777544836},
 "short": {"backwards_tp": true,
           "delay_between_fills_minutes_close": 1336.9723793894864,
           "delay_between_fills_minutes_entry": 541.0786134187085,
           "delay_weight_close": 0,
           "delay_weight_entry": 10.770995182952477,
           "ema_dist_close": 0.0029979750284955743,
           "ema_dist_entry": -0.008418946078656963,
           "ema_span_0": 578.4355675369493,
           "ema_span_1": 1100.2826903946918,
           "enabled": true,
           "markup_range": 0.011130008018987168,
           "min_markup": 0.009986398886735172,
           "n_close_orders": 3,
           "qty_pct_close": 0.026802457212376743,
           "qty_pct_entry": 0.010668761828566941,
           "wallet_exposure_limit": 1,
           "we_multiplier_close": 0,
           "we_multiplier_entry": 24.442974053296265}}