{"config_name": "clock_0days",
 "long": {"backwards_tp": true,
          "delay_between_fills_minutes_close": 590.0598818122817,
          "delay_between_fills_minutes_entry": 593.8502712259092,
          "delay_weight_close": 0.0,
          "delay_weight_entry": 14.530985876292172,
          "ema_dist_close": 0.002998104399165191,
          "ema_dist_entry": -0.0006498076791316122,
          "ema_span_0": 643.9668705105644,
          "ema_span_1": 1277.549431756043,
          "enabled": true,
          "markup_range": 0.011275805332830345,
          "min_markup": 0.006992457846386831,
          "n_close_orders": 2,
          "qty_pct_close": 0.010003434382292576,
          "qty_pct_entry": 0.010842294748646281,
          "wallet_exposure_limit": 1.0,
          "we_multiplier_close": 0.0,
          "we_multiplier_entry": 4.3301495037688875},
 "short": {"backwards_tp": true,
           "delay_between_fills_minutes_close": 919.1721138512892,
           "delay_between_fills_minutes_entry": 862.319135420095,
           "delay_weight_close": 0.0,
           "delay_weight_entry": 16.575280845862267,
           "ema_dist_close": -0.03700999289673922,
           "ema_dist_entry": 0.0006288078969138303,
           "ema_span_0": 1412.28178003167,
           "ema_span_1": 178.39063263115756,
           "enabled": true,
           "markup_range": 0.019347151158090815,
           "min_markup": 0.0074330049192477335,
           "n_close_orders": 5,
           "qty_pct_close": 0.013097957348262865,
           "qty_pct_entry": 0.011703313538434816,
           "wallet_exposure_limit": 1.0,
           "we_multiplier_close": 0.0,
           "we_multiplier_entry": 49.08014440083362}}