{"config_name": "clock_0days",
 "long": {"backwards_tp": true,
          "delay_between_fills_minutes_close": 1040.9967513208053,
          "delay_between_fills_minutes_entry": 1121.7641211526836,
          "delay_weight_close": 0.0,
          "delay_weight_entry": 21.80052738928405,
          "ema_dist_close": -0.0020851938241578365,
          "ema_dist_entry": 0.0021604661058151112,
          "ema_span_0": 635.2101782563834,
          "ema_span_1": 1403.421046425766,
          "enabled": true,
          "markup_range": 0.019296014835469708,
          "min_markup": 0.007582510534582617,
          "n_close_orders": 9,
          "qty_pct_close": 0.019024888202493657,
          "qty_pct_entry": 0.01000000992374324,
          "wallet_exposure_limit": 1.0,
          "we_multiplier_close": 0.0,
          "we_multiplier_entry": 43.572401236543186},
 "short": {"backwards_tp": true,
           "delay_between_fills_minutes_close": 1099.9404811515146,
           "delay_between_fills_minutes_entry": 688.3863953351001,
           "delay_weight_close": 0.0,
           "delay_weight_entry": 3.3632102573015894,
           "ema_dist_close": 0.0026566671021957377,
           "ema_dist_entry": -0.003837229160698112,
           "ema_span_0": 1308.935256436993,
           "ema_span_1": 1271.351486835353,
           "enabled": true,
           "markup_range": 0.008967767328586625,
           "min_markup": 0.006165481232291108,
           "n_close_orders": 3,
           "qty_pct_close": 0.012050497694126836,
           "qty_pct_entry": 0.010110469216482641,
           "wallet_exposure_limit": 1.0,
           "we_multiplier_close": 0.0,
           "we_multiplier_entry": 178.83802310594234}}