{"config_name": "clock_0days",
 "long": {"backwards_tp": true,
          "delay_between_fills_minutes_close": 428.4971918075758,
          "delay_between_fills_minutes_entry": 1017.8428757214198,
          "delay_weight_close": 0.0,
          "delay_weight_entry": 27.622585573343862,
          "ema_dist_close": -0.009112305201965083,
          "ema_dist_entry": 0.002428800897837495,
          "ema_span_0": 1186.7038577253754,
          "ema_span_1": 309.5114256416064,
          "enabled": true,
          "markup_range": 0.004474858609126598,
          "min_markup": 0.004682619583552804,
          "n_close_orders": 5,
          "qty_pct_close": 0.02304210241357593,
          "qty_pct_entry": 0.030556144454599452,
          "wallet_exposure_limit": 1.0,
          "we_multiplier_close": 0.0,
          "we_multiplier_entry": 112.45089891007306},
 "short": {"backwards_tp": true,
           "delay_between_fills_minutes_close": 1277.6885675268459,
           "delay_between_fills_minutes_entry": 716.8751879560991,
           "delay_weight_close": 0.0,
           "delay_weight_entry": 12.101874764856225,
           "ema_dist_close": -0.04409221039923203,
           "ema_dist_entry": -0.0006079497072041704,
           "ema_span_0": 1356.4640515730161,
           "ema_span_1": 511.43729099749675,
           "enabled": true,
           "markup_range": 0.004009958969925778,
           "min_markup": 0.006737510050235805,
           "n_close_orders": 12,
           "qty_pct_close": 0.019134074520797524,
           "qty_pct_entry": 0.010639509473466171,
           "wallet_exposure_limit": 1.0,
           "we_multiplier_close": 0.0,
           "we_multiplier_entry": 195.8477398662081}}