{"config_name": "clock_0days",
 "long": {"backwards_tp": true,
          "delay_between_fills_minutes_close": 1175.0401041623086,
          "delay_between_fills_minutes_entry": 1238.939511313415,
          "delay_weight_close": 0.0,
          "delay_weight_entry": 27.094368639866094,
          "ema_dist_close": -0.0013490887018318095,
          "ema_dist_entry": 0.0007507782333505561,
          "ema_span_0": 612.3117330165963,
          "ema_span_1": 1323.7817724611134,
          "enabled": true,
          "markup_range": 0.007799508380070334,
          "min_markup": 0.005817977091879944,
          "n_close_orders": 13,
          "qty_pct_close": 0.01009124350061956,
          "qty_pct_entry": 0.010828844409250638,
          "wallet_exposure_limit": 1.0,
          "we_multiplier_close": 0.0,
          "we_multiplier_entry": 172.67152845195668},
 "short": {"backwards_tp": true,
           "delay_between_fills_minutes_close": 819.6757868500619,
           "delay_between_fills_minutes_entry": 234.56594541194283,
           "delay_weight_close": 0.0,
           "delay_weight_entry": 22.88565609830011,
           "ema_dist_close": 0.0029976532482498355,
           "ema_dist_entry": -0.0014499308780385298,
           "ema_span_0": 711.0216895174691,
           "ema_span_1": 936.3196636895236,
           "enabled": true,
           "markup_range": 0.0027925713842299666,
           "min_markup": 0.004587071108926869,
           "n_close_orders": 5,
           "qty_pct_close": 0.024233754026035097,
           "qty_pct_entry": 0.010104963593551902,
           "wallet_exposure_limit": 1.0,
           "we_multiplier_close": 0.0,
           "we_multiplier_entry": 47.37121720592295}}