{"config_name": "clock_0days",
 "long": {"backwards_tp": true,
          "delay_between_fills_minutes_close": 1029.6751434210717,
          "delay_between_fills_minutes_entry": 684.6077962063638,
          "delay_weight_close": 0,
          "delay_weight_entry": 14.216782176134366,
          "ema_dist_close": -0.0022828149858398904,
          "ema_dist_entry": 0.0010786820856190078,
          "ema_span_0": 693.6382860719422,
          "ema_span_1": 939.78835473742,
          "enabled": true,
          "markup_range": 0.008384155315856984,
          "min_markup": 0.009980226057999165,
          "n_close_orders": 3,
          "qty_pct_close": 0.03526115314556942,
          "qty_pct_entry": 0.013067555529519156,
          "wallet_exposure_limit": 1,
          "we_multiplier_close": 0,
          "we_multiplier_entry": 73.74362502138658},
 "short": {"backwards_tp": true,
           "delay_between_fills_minutes_close": 246.6665916389968,
           "delay_between_fills_minutes_entry": 859.298385192843,
           "delay_weight_close": 0,
           "delay_weight_entry": 20.405427778004082,
           "ema_dist_close": -0.01467162235248341,
           "ema_dist_entry": 0.0002030676332151647,
           "ema_span_0": 1230.837714250131,
           "ema_span_1": 1383.9849662636918,
           "enabled": true,
           "markup_range": 0.021702138049018486,
           "min_markup": 0.005172277352466408,
           "n_close_orders": 4,
           "qty_pct_close": 0.012570952303490599,
           "qty_pct_entry": 0.013704543732864808,
           "wallet_exposure_limit": 1,
           "we_multiplier_close": 0,
           "we_multiplier_entry": 113.56892455433041}}