{"config_name": "clock_0days",
 "long": {"backwards_tp": true,
          "delay_between_fills_minutes_close": 616.1650563099477,
          "delay_between_fills_minutes_entry": 1330.0304217006017,
          "delay_weight_close": 0,
          "delay_weight_entry": 10.235395391031544,
          "ema_dist_close": 0.0029705932424551047,
          "ema_dist_entry": 0.001749522937225629,
          "ema_span_0": 1043.9132037166125,
          "ema_span_1": 476.3301412028462,
          "enabled": true,
          "markup_range": 0.011447239953257004,
          "min_markup": 0.0045864664005430995,
          "n_close_orders": 13,
          "qty_pct_close": 0.010034431884248416,
          "qty_pct_entry": 0.011983405875988248,
          "wallet_exposure_limit": 1,
          "we_multiplier_close": 0,
          "we_multiplier_entry": 39.31311483029158},
 "short": {"backwards_tp": true,
           "delay_between_fills_minutes_close": 564.8569902343543,
           "delay_between_fills_minutes_entry": 496.4105500357836,
           "delay_weight_close": 0,
           "delay_weight_entry": 14.254959330961718,
           "ema_dist_close": 0.002991445589516854,
           "ema_dist_entry": 0.00035400105860706793,
           "ema_span_0": 1215.383226020337,
           "ema_span_1": 1337.5641395506975,
           "enabled": true,
           "markup_range": 0.0063954849676314705,
           "min_markup": 0.00617201427973834,
           "n_close_orders": 7,
           "qty_pct_close": 0.010032917743941895,
           "qty_pct_entry": 0.013566561438561785,
           "wallet_exposure_limit": 1,
           "we_multiplier_close": 0,
           "we_multiplier_entry": 75.3740279030068}}