{"config_name": "clock_0days",
 "long": {"backwards_tp": true,
          "delay_between_fills_minutes_close": 733.9659262826157,
          "delay_between_fills_minutes_entry": 1415.1120199836805,
          "delay_weight_close": 0.0,
          "delay_weight_entry": 18.308036220917586,
          "ema_dist_close": 0.002277796723482632,
          "ema_dist_entry": -0.002827171588582474,
          "ema_span_0": 1274.066940008722,
          "ema_span_1": 1367.247818095745,
          "enabled": true,
          "markup_range": 0.019255724807461322,
          "min_markup": 0.00962363938044287,
          "n_close_orders": 7,
          "qty_pct_close": 0.014190620016873289,
          "qty_pct_entry": 0.014933465787318622,
          "wallet_exposure_limit": 1.0,
          "we_multiplier_close": 0.0,
          "we_multiplier_entry": 9.531358318878219},
 "short": {"backwards_tp": true,
           "delay_between_fills_minutes_close": 432.80115739121885,
           "delay_between_fills_minutes_entry": 1026.9700299624442,
           "delay_weight_close": 0.0,
           "delay_weight_entry": 23.484486487241668,
           "ema_dist_close": -0.0016851783266459202,
           "ema_dist_entry": 0.002517440081555802,
           "ema_span_0": 1085.1067374861593,
           "ema_span_1": 508.0994544047462,
           "enabled": true,
           "markup_range": 0.013085503655713803,
           "min_markup": 0.0071130426207592825,
           "n_close_orders": 9,
           "qty_pct_close": 0.02568938313388742,
           "qty_pct_entry": 0.010031828889642665,
           "wallet_exposure_limit": 1.0,
           "we_multiplier_close": 0.0,
           "we_multiplier_entry": 143.95007602705627}}