{"config_name": "clock_0days",
 "long": {"backwards_tp": true,
          "delay_between_fills_minutes_close": 1305.3334888643283,
          "delay_between_fills_minutes_entry": 1326.3669940317975,
          "delay_weight_close": 0.0,
          "delay_weight_entry": 19.17744863019487,
          "ema_dist_close": 0.0005986703684101878,
          "ema_dist_entry": 0.0015315614382903336,
          "ema_span_0": 513.3826226066263,
          "ema_span_1": 1354.2586427471388,
          "enabled": true,
          "markup_range": 0.0323917278807309,
          "min_markup": 0.00652485147482285,
          "n_close_orders": 3,
          "qty_pct_close": 0.02386543675642168,
          "qty_pct_entry": 0.011308988387737532,
          "wallet_exposure_limit": 1.0,
          "we_multiplier_close": 0.0,
          "we_multiplier_entry": 6.579897421586152},
 "short": {"backwards_tp": true,
           "delay_between_fills_minutes_close": 1439.8295567465043,
           "delay_between_fills_minutes_entry": 1190.1067557769657,
           "delay_weight_close": 0.0,
           "delay_weight_entry": 26.602621041573553,
           "ema_dist_close": 0.002686038221222731,
           "ema_dist_entry": 0.0009941069472365184,
           "ema_span_0": 64.32872077277393,
           "ema_span_1": 961.0308762808221,
           "enabled": true,
           "markup_range": 0.001831299369341424,
           "min_markup": 0.003298366782594401,
           "n_close_orders": 11,
           "qty_pct_close": 0.021378633884554347,
           "qty_pct_entry": 0.01211976526710385,
           "wallet_exposure_limit": 1.0,
           "we_multiplier_close": 0.0,
           "we_multiplier_entry": 150.97934382528913}}