{"config_name": "clock_0days",
 "long": {"backwards_tp": true,
          "delay_between_fills_minutes_close": 1134.3388482843425,
          "delay_between_fills_minutes_entry": 1390.6108496875177,
          "delay_weight_close": 0.0,
          "delay_weight_entry": 16.654006646668456,
          "ema_dist_close": -0.022420350384640537,
          "ema_dist_entry": -0.04663299695639388,
          "ema_span_0": 857.4013603217445,
          "ema_span_1": 1129.0716114124616,
          "enabled": true,
          "markup_range": 0.0214235898831351,
          "min_markup": 0.008844686292137981,
          "n_close_orders": 4,
          "qty_pct_close": 0.010036635787619042,
          "qty_pct_entry": 0.011587890518790526,
          "wallet_exposure_limit": 1.0,
          "we_multiplier_close": 0.0,
          "we_multiplier_entry": 26.976900342311055},
 "short": {"backwards_tp": true,
           "delay_between_fills_minutes_close": 1121.6366746085191,
           "delay_between_fills_minutes_entry": 863.0145852360766,
           "delay_weight_close": 0.0,
           "delay_weight_entry": 10.154057397688634,
           "ema_dist_close": 0.0004593400287283206,
           "ema_dist_entry": 0.0011289776745968753,
           "ema_span_0": 97.46752454706878,
           "ema_span_1": 1212.2808979035435,
           "enabled": true,
           "markup_range": 0.006802243889625833,
           "min_markup": 0.001980566132855156,
           "n_close_orders": 6,
           "qty_pct_close": 0.011975026397232818,
           "qty_pct_entry": 0.011811327426481381,
           "wallet_exposure_limit": 1.0,
           "we_multiplier_close": 0.0,
           "we_multiplier_entry": 196.47985692850523}}