{"config_name": "clock_0days",
 "long": {"backwards_tp": true,
          "delay_between_fills_minutes_close": 766.2918733667727,
          "delay_between_fills_minutes_entry": 1311.1238145533744,
          "delay_weight_close": 0.0,
          "delay_weight_entry": 22.239480173735235,
          "ema_dist_close": 0.002995691672624351,
          "ema_dist_entry": -0.0012473975179876186,
          "ema_span_0": 639.5810882900687,
          "ema_span_1": 939.9013074639269,
          "enabled": true,
          "markup_range": 0.0021243191861862734,
          "min_markup": 0.009997116212140682,
          "n_close_orders": 2,
          "qty_pct_close": 0.011308056497839841,
          "qty_pct_entry": 0.011150326723801163,
          "wallet_exposure_limit": 1.0,
          "we_multiplier_close": 0.0,
          "we_multiplier_entry": 48.52488373291012},
 "short": {"backwards_tp": true,
           "delay_between_fills_minutes_close": 960.2878714109967,
           "delay_between_fills_minutes_entry": 1135.7060138667568,
           "delay_weight_close": 0.0,
           "delay_weight_entry": 13.464410738195115,
           "ema_dist_close": 0.003,
           "ema_dist_entry": -0.006287171976803648,
           "ema_span_0": 1116.3634572123926,
           "ema_span_1": 679.3956552411345,
           "enabled": true,
           "markup_range": 0.00036920037005902935,
           "min_markup": 0.007811605110920776,
           "n_close_orders": 6,
           "qty_pct_close": 0.010003578576591989,
           "qty_pct_entry": 0.01630647152261528,
           "wallet_exposure_limit": 1.0,
           "we_multiplier_close": 0.0,
           "we_multiplier_entry": 103.51409311025705}}