{"config_name": "clock_0days",
 "long": {"backwards_tp": true,
          "delay_between_fills_minutes_close": 603.9355262004464,
          "delay_between_fills_minutes_entry": 1185.5977615509198,
          "delay_weight_close": 0,
          "delay_weight_entry": 20.455439462117365,
          "ema_dist_close": -0.01708475549355044,
          "ema_dist_entry": 0.0020482239901939065,
          "ema_span_0": 34.78520819726308,
          "ema_span_1": 1303.837163876584,
          "enabled": true,
          "markup_range": 0.011803382529130537,
          "min_markup": 0.007336407722511706,
          "n_close_orders": 2,
          "qty_pct_close": 0.036154421024073985,
          "qty_pct_entry": 0.01049615370733286,
          "wallet_exposure_limit": 1,
          "we_multiplier_close": 0,
          "we_multiplier_entry": 39.97463029780263},
 "short": {"backwards_tp": true,
           "delay_between_fills_minutes_close": 1006.3994402690475,
           "delay_between_fills_minutes_entry": 730.334019373434,
           "delay_weight_close": 0,
           "delay_weight_entry": 1.5300114657675017,
           "ema_dist_close": 0.0027713776786201056,
           "ema_dist_entry": -0.0019516453610974275,
           "ema_span_0": 530.2584670542492,
           "ema_span_1": 1415.8395968715024,
           "enabled": true,
           "markup_range": 0.004954806024720203,
           "min_markup": 0.007251190994377146,
           "n_close_orders": 14,
           "qty_pct_close": 0.03211745469911481,
           "qty_pct_entry": 0.01254317012124451,
           "wallet_exposure_limit": 1,
           "we_multiplier_close": 0,
           "we_multiplier_entry": 167.13542713556942}}