{"config_name": "clock_0days",
 "long": {"backwards_tp": true,
          "delay_between_fills_minutes_close": 1332.2175595362608,
          "delay_between_fills_minutes_entry": 1403.1069083627885,
          "delay_weight_close": 0,
          "delay_weight_entry": 19.057750438244785,
          "ema_dist_close": -0.004729965559330384,
          "ema_dist_entry": -0.003236497517405165,
          "ema_span_0": 1028.3376363679788,
          "ema_span_1": 1267.7636467989907,
          "enabled": true,
          "markup_range": 0.011207222256898146,
          "min_markup": 0.0064829140461281,
          "n_close_orders": 3,
          "qty_pct_close": 0.03519226180976824,
          "qty_pct_entry": 0.010457613979688222,
          "wallet_exposure_limit": 1,
          "we_multiplier_close": 0,
          "we_multiplier_entry": 148.61646641119773},
 "short": {"backwards_tp": true,
           "delay_between_fills_minutes_close": 1026.5707404990246,
           "delay_between_fills_minutes_entry": 1176.5438684559876,
           "delay_weight_close": 0,
           "delay_weight_entry": 8.180771322896604,
           "ema_dist_close": 0.0018721667650752687,
           "ema_dist_entry": -0.0009910690204230558,
           "ema_span_0": 1181.0397790489617,
           "ema_span_1": 1286.4404775503565,
           "enabled": true,
           "markup_range": 0.020908950761107,
           "min_markup": 0.008579356600246663,
           "n_close_orders": 3,
           "qty_pct_close": 0.012893423534019165,
           "qty_pct_entry": 0.015410001426299766,
           "wallet_exposure_limit": 1,
           "we_multiplier_close": 0,
           "we_multiplier_entry": 58.68163495528855}}