{"config_name": "clock_0days",
 "long": {"backwards_tp": true,
          "delay_between_fills_minutes_close": 1140.7158544621282,
          "delay_between_fills_minutes_entry": 1146.393513415782,
          "delay_weight_close": 0.0,
          "delay_weight_entry": 24.334947175643304,
          "ema_dist_close": -0.0046173553328912945,
          "ema_dist_entry": 0.000858090382203407,
          "ema_span_0": 1336.8370501647444,
          "ema_span_1": 783.5566715972096,
          "enabled": true,
          "markup_range": 0.005870333547695435,
          "min_markup": 0.009063440736536565,
          "n_close_orders": 15,
          "qty_pct_close": 0.012253553676379085,
          "qty_pct_entry": 0.010160606332730101,
          "wallet_exposure_limit": 1.0,
          "we_multiplier_close": 0.0,
          "we_multiplier_entry": 20.064292102656925},
 "short": {"backwards_tp": true,
           "delay_between_fills_minutes_close": 1150.8257283090277,
           "delay_between_fills_minutes_entry": 1292.0975017487187,
           "delay_weight_close": 0.0,
           "delay_weight_entry": 13.266453933488005,
           "ema_dist_close": -0.0018502155567908956,
           "ema_dist_entry": -0.0006601947417165515,
           "ema_span_0": 156.3438752385829,
           "ema_span_1": 894.7956445433744,
           "enabled": true,
           "markup_range": 0.0399143826715228,
           "min_markup": 0.009495851525509233,
           "n_close_orders": 8,
           "qty_pct_close": 0.03966426013186573,
           "qty_pct_entry": 0.010145637969333042,
           "wallet_exposure_limit": 1.0,
           "we_multiplier_close": 0.0,
           "we_multiplier_entry": 62.038810201341555}}