{"config_name": "clock_0days",
 "long": {"backwards_tp": true,
          "delay_between_fills_minutes_close": 1428.8576976965512,
          "delay_between_fills_minutes_entry": 1186.3453848153058,
          "delay_weight_close": 0.0,
          "delay_weight_entry": 12.929477161782295,
          "ema_dist_close": 0.0029946277934033015,
          "ema_dist_entry": -0.007337847475184234,
          "ema_span_0": 1229.5323633207236,
          "ema_span_1": 1080.8907368565983,
          "enabled": true,
          "markup_range": 0.006236169499629906,
          "min_markup": 0.00544931122863166,
          "n_close_orders": 9,
          "qty_pct_close": 0.03131226700094345,
          "qty_pct_entry": 0.010947150416974905,
          "wallet_exposure_limit": 1.0,
          "we_multiplier_close": 0.0,
          "we_multiplier_entry": 135.5866617512571},
 "short": {"backwards_tp": true,
           "delay_between_fills_minutes_close": 1099.163141466306,
           "delay_between_fills_minutes_entry": 1310.3707696893896,
           "delay_weight_close": 0.0,
           "delay_weight_entry": 19.42934353439117,
           "ema_dist_close": -0.012514776580674755,
           "ema_dist_entry": 0.0027077633113320753,
           "ema_span_0": 1030.1228981257818,
           "ema_span_1": 1254.2751617157426,
           "enabled": true,
           "markup_range": 0.0047490134250198785,
           "min_markup": 0.00454164025210723,
           "n_close_orders": 5,
           "qty_pct_close": 0.021299531285770182,
           "qty_pct_entry": 0.012293749204105833,
           "wallet_exposure_limit": 1.0,
           "we_multiplier_close": 0.0,
           "we_multiplier_entry": 133.66164275611118}}