{"config_name": "clock_0days",
 "long": {"backwards_tp": true,
          "delay_between_fills_minutes_close": 1359.2057094454428,
          "delay_between_fills_minutes_entry": 975.5046221020531,
          "delay_weight_close": 0.0,
          "delay_weight_entry": 16.70982102836583,
          "ema_dist_close": -0.00038645439094556525,
          "ema_dist_entry": 0.0025265639052735422,
          "ema_span_0": 574.1872670834874,
          "ema_span_1": 1305.0625502287946,
          "enabled": true,
          "markup_range": 0.005849126064711803,
          "min_markup": 0.005767371821762514,
          "n_close_orders": 8,
          "qty_pct_close": 0.014550771491385332,
          "qty_pct_entry": 0.013404543398067539,
          "wallet_exposure_limit": 1.0,
          "we_multiplier_close": 0.0,
          "we_multiplier_entry": 183.99419642864754},
 "short": {"backwards_tp": true,
           "delay_between_fills_minutes_close": 1014.0801760063883,
           "delay_between_fills_minutes_entry": 820.5356692953801,
           "delay_weight_close": 0.0,
           "delay_weight_entry": 11.010535057820237,
           "ema_dist_close": -0.0017126456450008846,
           "ema_dist_entry": 0.0013460263361312701,
           "ema_span_0": 1200.4670478437629,
           "ema_span_1": 1302.9474732628164,
           "enabled": true,
           "markup_range": 0.016001780723847253,
           "min_markup": 0.002384760103052549,
           "n_close_orders": 15,
           "qty_pct_close": 0.018187156147333156,
           "qty_pct_entry": 0.01,
           "wallet_exposure_limit": 1.0,
           "we_multiplier_close": 0.0,
           "we_multiplier_entry": 100.64474543426147}}