{"config_name": "clock_0days",
 "long": {"backwards_tp": true,
          "delay_between_fills_minutes_close": 573.1111124840377,
          "delay_between_fills_minutes_entry": 416.01818767879615,
          "delay_weight_close": 0.0,
          "delay_weight_entry": 8.753628816750357,
          "ema_dist_close": 0.0029520872292643718,
          "ema_dist_entry": -0.012010046491532566,
          "ema_span_0": 549.7027245376913,
          "ema_span_1": 1321.895284434706,
          "enabled": true,
          "markup_range": 0.00766615641292768,
          "min_markup": 0.004665793130850443,
          "n_close_orders": 13,
          "qty_pct_close": 0.010678015796457054,
          "qty_pct_entry": 0.010973510810783047,
          "wallet_exposure_limit": 1.0,
          "we_multiplier_close": 0.0,
          "we_multiplier_entry": 18.107316666536214},
 "short": {"backwards_tp": true,
           "delay_between_fills_minutes_close": 1344.3888997611252,
           "delay_between_fills_minutes_entry": 1263.855888194049,
           "delay_weight_close": 0.0,
           "delay_weight_entry": 12.833894317311477,
           "ema_dist_close": -0.004825499536718,
           "ema_dist_entry": -0.007327035244573173,
           "ema_span_0": 1397.6383902487862,
           "ema_span_1": 1359.685420373704,
           "enabled": true,
           "markup_range": 0.019315911391064255,
           "min_markup": 0.008030226184802692,
           "n_close_orders": 10,
           "qty_pct_close": 0.010989251674477543,
           "qty_pct_entry": 0.01703245806087557,
           "wallet_exposure_limit": 1.0,
           "we_multiplier_close": 0.0,
           "we_multiplier_entry": 42.93445327800552}}