{"config_name": "clock_0days",
 "long": {"backwards_tp": true,
          "delay_between_fills_minutes_close": 616.1650563099477,
          "delay_between_fills_minutes_entry": 1330.0304217006017,
          "delay_weight_close": 0,
          "delay_weight_entry": 10.235395391031544,
          "ema_dist_close": 0.0029705932424551047,
          "ema_dist_entry": 0.001749522937225629,
          "ema_span_0": 1043.9132037166125,
          "ema_span_1": 476.3301412028462,
          "enabled": true,
          "markup_range": 0.011447239953257004,
          "min_markup": 0.0045864664005430995,
          "n_close_orders": 13,
          "qty_pct_close": 0.010034431884248416,
          "qty_pct_entry": 0.011983405875988248,
          "wallet_exposure_limit": 1,
          "we_multiplier_close": 0,
          "we_multiplier_entry": 39.31311483029158},
 "short": {"backwards_tp": true,
           "delay_between_fills_minutes_close": 561.8383058806805,
           "delay_between_fills_minutes_entry": 602.5399246058141,
           "delay_weight_close": 0,
           "delay_weight_entry": 4.281098297901651,
           "ema_dist_close": 0.0003433373371547332,
           "ema_dist_entry": 0.0007550723922689766,
           "ema_span_0": 1224.9232211327226,
           "ema_span_1": 747.7752275519068,
           "enabled": true,
           "markup_range": 0.0007621029020168726,
           "min_markup": 0.005986886354205728,
           "n_close_orders": 5,
           "qty_pct_close": 0.01817422927421871,
           "qty_pct_entry": 0.02750903844724096,
           "wallet_exposure_limit": 1,
           "we_multiplier_close": 0,
           "we_multiplier_entry": 82.78056217587505}}