{"config_name": "clock_0days",
 "long": {"backwards_tp": true,
          "delay_between_fills_minutes_close": 1372.3714105823267,
          "delay_between_fills_minutes_entry": 1394.8347618659923,
          "delay_weight_close": 0,
          "delay_weight_entry": 11.552907188871735,
          "ema_dist_close": -0.0016757628838846121,
          "ema_dist_entry": 0.0029201028992715027,
          "ema_span_0": 1176.5983782184496,
          "ema_span_1": 1266.6498397048354,
          "enabled": true,
          "markup_range": 0.02637531083172806,
          "min_markup": 0.008880031475194776,
          "n_close_orders": 12,
          "qty_pct_close": 0.012203303516040922,
          "qty_pct_entry": 0.01354940317908622,
          "wallet_exposure_limit": 1,
          "we_multiplier_close": 0,
          "we_multiplier_entry": 18.50399566602955},
 "short": {"backwards_tp": true,
           "delay_between_fills_minutes_close": 896.5475405613766,
           "delay_between_fills_minutes_entry": 1139.1177826358937,
           "delay_weight_close": 0,
           "delay_weight_entry": 9.488451302067084,
           "ema_dist_close": -0.021084394530235764,
           "ema_dist_entry": -0.0022102443813203183,
           "ema_span_0": 1108.485659133462,
           "ema_span_1": 794.53901498985,
           "enabled": true,
           "markup_range": 0.032741641927266224,
           "min_markup": 0.0066469712958130475,
           "n_close_orders": 14,
           "qty_pct_close": 0.010885327134210998,
           "qty_pct_entry": 0.012093108698434458,
           "wallet_exposure_limit": 1,
           "we_multiplier_close": 0,
           "we_multiplier_entry": 127.83495883669478}}