{"config_name": "clock_0days",
 "long": {"backwards_tp": true,
          "delay_between_fills_minutes_close": 933.1575214436602,
          "delay_between_fills_minutes_entry": 1046.7015647712435,
          "delay_weight_close": 0.0,
          "delay_weight_entry": 9.90470836675875,
          "ema_dist_close": -0.0024508340804938245,
          "ema_dist_entry": -0.008316589263916733,
          "ema_span_0": 1439.9590897082408,
          "ema_span_1": 633.2595605409853,
          "enabled": true,
          "markup_range": 0.028322290614921794,
          "min_markup": 0.00793108910079999,
          "n_close_orders": 9,
          "qty_pct_close": 0.023796683150244618,
          "qty_pct_entry": 0.01,
          "wallet_exposure_limit": 1.0,
          "we_multiplier_close": 0.0,
          "we_multiplier_entry": 65.93731964726071},
 "short": {"backwards_tp": true,
           "delay_between_fills_minutes_close": 1317.8158111494736,
           "delay_between_fills_minutes_entry": 889.3025701991264,
           "delay_weight_close": 0.0,
           "delay_weight_entry": 17.265256706884376,
           "ema_dist_close": -0.0025619011171076444,
           "ema_dist_entry": 0.00016316276320979745,
           "ema_span_0": 903.7003456182988,
           "ema_span_1": 987.216532429761,
           "enabled": true,
           "markup_range": 0.016043001190939054,
           "min_markup": 0.009291705875925661,
           "n_close_orders": 5,
           "qty_pct_close": 0.011859810635862273,
           "qty_pct_entry": 0.01335048080969494,
           "wallet_exposure_limit": 1.0,
           "we_multiplier_close": 0.0,
           "we_multiplier_entry": 18.544533492534136}}