{"config_name": "clock_0days",
 "long": {"backwards_tp": true,
          "delay_between_fills_minutes_close": 1137.5744557250066,
          "delay_between_fills_minutes_entry": 1003.6979832371762,
          "delay_weight_close": 0.0,
          "delay_weight_entry": 9.26478531993958,
          "ema_dist_close": 0.0027876292093141106,
          "ema_dist_entry": 0.0015024728075858469,
          "ema_span_0": 1339.5901806575375,
          "ema_span_1": 1213.305285171864,
          "enabled": true,
          "markup_range": 0.0036287952120723325,
          "min_markup": 0.007692348144277388,
          "n_close_orders": 5,
          "qty_pct_close": 0.013945789523972333,
          "qty_pct_entry": 0.011730553854844826,
          "wallet_exposure_limit": 1.0,
          "we_multiplier_close": 0.0,
          "we_multiplier_entry": 122.12507001187547},
 "short": {"backwards_tp": true,
           "delay_between_fills_minutes_close": 493.09761276181626,
           "delay_between_fills_minutes_entry": 1059.4441220566544,
           "delay_weight_close": 0.0,
           "delay_weight_entry": 25.95631325852174,
           "ema_dist_close": 0.0012155778634430725,
           "ema_dist_entry": 0.0019454286208658161,
           "ema_span_0": 1360.7390508690141,
           "ema_span_1": 1183.9818544337504,
           "enabled": true,
           "markup_range": 0.018565076353569666,
           "min_markup": 0.009649462075493444,
           "n_close_orders": 5,
           "qty_pct_close": 0.03421641738025251,
           "qty_pct_entry": 0.011352776811591296,
           "wallet_exposure_limit": 1.0,
           "we_multiplier_close": 0.0,
           "we_multiplier_entry": 15.409380545205217}}