{"config_name": "clock_0days",
 "long": {"backwards_tp": true,
          "delay_between_fills_minutes_close": 857.3129225410922,
          "delay_between_fills_minutes_entry": 876.1153015163699,
          "delay_weight_close": 0,
          "delay_weight_entry": 10.579343456855732,
          "ema_dist_close": 0.0023553747334469906,
          "ema_dist_entry": 0.0011269781114788856,
          "ema_span_0": 695.233278792901,
          "ema_span_1": 1247.2546040473762,
          "enabled": true,
          "markup_range": 0.0376060212854164,
          "min_markup": 0.009004073883295903,
          "n_close_orders": 5,
          "qty_pct_close": 0.022441732313778797,
          "qty_pct_entry": 0.01051591161740704,
          "wallet_exposure_limit": 1,
          "we_multiplier_close": 0,
          "we_multiplier_entry": 12.123227854631157},
 "short": {"backwards_tp": true,
           "delay_between_fills_minutes_close": 1103.2789390764015,
           "delay_between_fills_minutes_entry": 512.0070905186169,
           "delay_weight_close": 0,
           "delay_weight_entry": 8.280745291482992,
           "ema_dist_close": 0.0004492545363427351,
           "ema_dist_entry": 0.002917939573173541,
           "ema_span_0": 1239.3773266959806,
           "ema_span_1": 1349.8087538671323,
           "enabled": true,
           "markup_range": 0.00548220353559101,
           "min_markup": 0.004524812780378243,
           "n_close_orders": 12,
           "qty_pct_close": 0.013809546324519199,
           "qty_pct_entry": 0.017234074300710406,
           "wallet_exposure_limit": 1,
           "we_multiplier_close": 0,
           "we_multiplier_entry": 145.0505925940743}}