{"config_name": "clock_0days",
 "long": {"backwards_tp": true,
          "delay_between_fills_minutes_close": 1392.4021205194813,
          "delay_between_fills_minutes_entry": 985.3288284033904,
          "delay_weight_close": 0.0,
          "delay_weight_entry": 17.106132565043083,
          "ema_dist_close": -0.04861877116237556,
          "ema_dist_entry": -0.00208799759897391,
          "ema_span_0": 1346.8136019956314,
          "ema_span_1": 281.624649878115,
          "enabled": true,
          "markup_range": 0.0035261770541430344,
          "min_markup": 0.005947555733558729,
          "n_close_orders": 12,
          "qty_pct_close": 0.014108236001491728,
          "qty_pct_entry": 0.012701807500697571,
          "wallet_exposure_limit": 1.0,
          "we_multiplier_close": 0.0,
          "we_multiplier_entry": 194.1007298878835},
 "short": {"backwards_tp": true,
           "delay_between_fills_minutes_close": 718.6169766906122,
           "delay_between_fills_minutes_entry": 501.75807984073447,
           "delay_weight_close": 0.0,
           "delay_weight_entry": 19.166789852631826,
           "ema_dist_close": 0.002868313435265717,
           "ema_dist_entry": -0.0012219186504632386,
           "ema_span_0": 1377.3184011515073,
           "ema_span_1": 855.4544115556381,
           "enabled": true,
           "markup_range": 0.00531973967601183,
           "min_markup": 0.005073337411198759,
           "n_close_orders": 5,
           "qty_pct_close": 0.014478970156509716,
           "qty_pct_entry": 0.015811603456567586,
           "wallet_exposure_limit": 1.0,
           "we_multiplier_close": 0.0,
           "we_multiplier_entry": 96.87810589832584}}