{"config_name": "clock_0days",
 "long": {"backwards_tp": true,
          "delay_between_fills_minutes_close": 812.0869166374372,
          "delay_between_fills_minutes_entry": 955.5530243041069,
          "delay_weight_close": 0.0,
          "delay_weight_entry": 9.218696942495965,
          "ema_dist_close": -0.005837446678437451,
          "ema_dist_entry": 0.002981642449408368,
          "ema_span_0": 1304.1813175305338,
          "ema_span_1": 1168.5990960181675,
          "enabled": true,
          "markup_range": 0.030234406002968502,
          "min_markup": 0.00929028490187929,
          "n_close_orders": 8,
          "qty_pct_close": 0.010010825491565414,
          "qty_pct_entry": 0.010314551597643861,
          "wallet_exposure_limit": 1.0,
          "we_multiplier_close": 0.0,
          "we_multiplier_entry": 51.16155912617746},
 "short": {"backwards_tp": true,
           "delay_between_fills_minutes_close": 896.5475405613766,
           "delay_between_fills_minutes_entry": 1139.1177826358937,
           "delay_weight_close": 0.0,
           "delay_weight_entry": 9.488451302067084,
           "ema_dist_close": -0.021084394530235764,
           "ema_dist_entry": -0.0022102443813203183,
           "ema_span_0": 1108.485659133462,
           "ema_span_1": 794.53901498985,
           "enabled": true,
           "markup_range": 0.032741641927266224,
           "min_markup": 0.0066469712958130475,
           "n_close_orders": 14,
           "qty_pct_close": 0.010885327134210998,
           "qty_pct_entry": 0.012093108698434458,
           "wallet_exposure_limit": 1.0,
           "we_multiplier_close": 0.0,
           "we_multiplier_entry": 127.83495883669478}}