{"config_name": "clock_0days",
 "long": {"backwards_tp": true,
          "delay_between_fills_minutes_close": 1282.1297247201007,
          "delay_between_fills_minutes_entry": 1310.619908612918,
          "delay_weight_close": 0.0,
          "delay_weight_entry": 26.039459840935063,
          "ema_dist_close": -0.003612306577088269,
          "ema_dist_entry": 0.001301719814271157,
          "ema_span_0": 400.3501865042242,
          "ema_span_1": 1071.3021483608177,
          "enabled": true,
          "markup_range": 0.0054736740415839095,
          "min_markup": 0.007444732187598231,
          "n_close_orders": 4,
          "qty_pct_close": 0.04531805979598822,
          "qty_pct_entry": 0.011688633649277773,
          "wallet_exposure_limit": 1.0,
          "we_multiplier_close": 0.0,
          "we_multiplier_entry": 90.72167450490709},
 "short": {"backwards_tp": true,
           "delay_between_fills_minutes_close": 890.2717323444273,
           "delay_between_fills_minutes_entry": 219.8776015662803,
           "delay_weight_close": 0.0,
           "delay_weight_entry": 9.191212680777753,
           "ema_dist_close": 0.002141287505812506,
           "ema_dist_entry": -0.006786193348740168,
           "ema_span_0": 1113.3552779928527,
           "ema_span_1": 98.74730645413456,
           "enabled": true,
           "markup_range": 0.004067220960504852,
           "min_markup": 0.004344754841111331,
           "n_close_orders": 15,
           "qty_pct_close": 0.03135895394480673,
           "qty_pct_entry": 0.010672772826722248,
           "wallet_exposure_limit": 1.0,
           "we_multiplier_close": 0.0,
           "we_multiplier_entry": 53.48940918828046}}