{"config_name": "clock_0days",
 "long": {"backwards_tp": true,
          "delay_between_fills_minutes_close": 1173.6471618183582,
          "delay_between_fills_minutes_entry": 1288.8842798843882,
          "delay_weight_close": 0,
          "delay_weight_entry": 8.858636945756533,
          "ema_dist_close": 0.0029734728270183093,
          "ema_dist_entry": 0.000713545038733195,
          "ema_span_0": 307.9331700155526,
          "ema_span_1": 1376.490472667706,
          "enabled": true,
          "markup_range": 0.037169635189701074,
          "min_markup": 0.00999693328403602,
          "n_close_orders": 3,
          "qty_pct_close": 0.02394772146690989,
          "qty_pct_entry": 0.010014664940591264,
          "wallet_exposure_limit": 1,
          "we_multiplier_close": 0,
          "we_multiplier_entry": 41.289458680960784},
 "short": {"backwards_tp": true,
           "delay_between_fills_minutes_close": 877.9181643967099,
           "delay_between_fills_minutes_entry": 751.6025487477139,
           "delay_weight_close": 0,
           "delay_weight_entry": 8.502612783308306,
           "ema_dist_close": -0.0032798943385999335,
           "ema_dist_entry": -0.001181993104320669,
           "ema_span_0": 817.9602318476126,
           "ema_span_1": 1354.5239480998398,
           "enabled": true,
           "markup_range": 0.023978278120080607,
           "min_markup": 0.0016643488014392858,
           "n_close_orders": 5,
           "qty_pct_close": 0.011213567930524464,
           "qty_pct_entry": 0.010000504666893497,
           "wallet_exposure_limit": 1,
           "we_multiplier_close": 0,
           "we_multiplier_entry": 96.6841935156405}}