{"config_name": "clock_0days",
 "long": {"backwards_tp": true,
          "delay_between_fills_minutes_close": 1031.3564686524517,
          "delay_between_fills_minutes_entry": 1099.7145708254043,
          "delay_weight_close": 0,
          "delay_weight_entry": 20.23361416650551,
          "ema_dist_close": 0.0029548803591293244,
          "ema_dist_entry": -0.003060483691102277,
          "ema_span_0": 1417.1325328763228,
          "ema_span_1": 455.2217835414361,
          "enabled": true,
          "markup_range": 0.005401086750810936,
          "min_markup": 0.0037391683256640454,
          "n_close_orders": 4,
          "qty_pct_close": 0.010764695806034659,
          "qty_pct_entry": 0.01,
          "wallet_exposure_limit": 1,
          "we_multiplier_close": 0,
          "we_multiplier_entry": 34.96111263840989},
 "short": {"backwards_tp": true,
           "delay_between_fills_minutes_close": 1439.8295567465043,
           "delay_between_fills_minutes_entry": 1190.1067557769657,
           "delay_weight_close": 0,
           "delay_weight_entry": 26.602621041573553,
           "ema_dist_close": 0.002686038221222731,
           "ema_dist_entry": 0.0009941069472365184,
           "ema_span_0": 64.32872077277393,
           "ema_span_1": 961.0308762808221,
           "enabled": true,
           "markup_range": 0.001831299369341424,
           "min_markup": 0.003298366782594401,
           "n_close_orders": 11,
           "qty_pct_close": 0.021378633884554347,
           "qty_pct_entry": 0.01211976526710385,
           "wallet_exposure_limit": 1,
           "we_multiplier_close": 0,
           "we_multiplier_entry": 150.97934382528913}}