{"config_name": "clock_0days",
 "long": {"backwards_tp": true,
          "delay_between_fills_minutes_close": 1072.5989738348778,
          "delay_between_fills_minutes_entry": 1397.3205309480443,
          "delay_weight_close": 0.0,
          "delay_weight_entry": 11.619830451062603,
          "ema_dist_close": -0.009318352084360812,
          "ema_dist_entry": 0.0026281073593999067,
          "ema_span_0": 1263.5816268627061,
          "ema_span_1": 1334.789546512849,
          "enabled": true,
          "markup_range": 0.03917175217052739,
          "min_markup": 0.00878831877463674,
          "n_close_orders": 6,
          "qty_pct_close": 0.021869525906960275,
          "qty_pct_entry": 0.010113089796703703,
          "wallet_exposure_limit": 1.0,
          "we_multiplier_close": 0.0,
          "we_multiplier_entry": 30.483152293677144},
 "short": {"backwards_tp": true,
           "delay_between_fills_minutes_close": 835.8589939381454,
           "delay_between_fills_minutes_entry": 711.0730907591543,
           "delay_weight_close": 0.0,
           "delay_weight_entry": 5.360181129404717,
           "ema_dist_close": 0.003,
           "ema_dist_entry": -0.008652981722820766,
           "ema_span_0": 525.9899690706784,
           "ema_span_1": 826.7280069279318,
           "enabled": true,
           "markup_range": 0.006714256335967193,
           "min_markup": 0.008460230562702963,
           "n_close_orders": 11,
           "qty_pct_close": 0.011267555017402224,
           "qty_pct_entry": 0.015788914390311874,
           "wallet_exposure_limit": 1.0,
           "we_multiplier_close": 0.0,
           "we_multiplier_entry": 52.99703118373508}}