{"config_name": "clock_0days",
 "long": {"backwards_tp": true,
          "delay_between_fills_minutes_close": 306.05126395871093,
          "delay_between_fills_minutes_entry": 1375.2919875968091,
          "delay_weight_close": 0,
          "delay_weight_entry": 13.698592383559493,
          "ema_dist_close": 0.000671586369158948,
          "ema_dist_entry": 0.0017803380551026158,
          "ema_span_0": 735.9108560563828,
          "ema_span_1": 1355.0619226158883,
          "enabled": true,
          "markup_range": 0.021592005686867123,
          "min_markup": 0.008914138442201198,
          "n_close_orders": 3,
          "qty_pct_close": 0.04686250202738852,
          "qty_pct_entry": 0.01510243923644096,
          "wallet_exposure_limit": 1,
          "we_multiplier_close": 0,
          "we_multiplier_entry": 81.78362373127193},
 "short": {"backwards_tp": true,
           "delay_between_fills_minutes_close": 1417.8958092781372,
           "delay_between_fills_minutes_entry": 1230.2330491952796,
           "delay_weight_close": 0,
           "delay_weight_entry": 7.7509818149328,
           "ema_dist_close": 0.0029338218174747785,
           "ema_dist_entry": -0.032134784116777414,
           "ema_span_0": 1203.4587433842291,
           "ema_span_1": 1404.1863899686934,
           "enabled": true,
           "markup_range": 0.012658539087399287,
           "min_markup": 0.007878524622509885,
           "n_close_orders": 6,
           "qty_pct_close": 0.010043326172263785,
           "qty_pct_entry": 0.01,
           "wallet_exposure_limit": 1,
           "we_multiplier_close": 0,
           "we_multiplier_entry": 51.56906037549092}}