{"config_name": "clock_0days",
 "long": {"backwards_tp": true,
          "delay_between_fills_minutes_close": 379.83434704832615,
          "delay_between_fills_minutes_entry": 905.8428950551378,
          "delay_weight_close": 0.0,
          "delay_weight_entry": 28.288584513045382,
          "ema_dist_close": 0.001316592454465677,
          "ema_dist_entry": -0.0027308578607057044,
          "ema_span_0": 1024.057867953558,
          "ema_span_1": 647.7418205732007,
          "enabled": true,
          "markup_range": 0.007973789815943768,
          "min_markup": 0.0017765661665435997,
          "n_close_orders": 13,
          "qty_pct_close": 0.04958681313868184,
          "qty_pct_entry": 0.011553641956933543,
          "wallet_exposure_limit": 1.0,
          "we_multiplier_close": 0.0,
          "we_multiplier_entry": 78.13905417521774},
 "short": {"backwards_tp": true,
           "delay_between_fills_minutes_close": 1307.1141341389741,
           "delay_between_fills_minutes_entry": 651.8127058802978,
           "delay_weight_close": 0.0,
           "delay_weight_entry": 13.835483833144885,
           "ema_dist_close": -0.007580256094269936,
           "ema_dist_entry": -0.002826032536790112,
           "ema_span_0": 371.03929279503603,
           "ema_span_1": 1363.2386223223075,
           "enabled": true,
           "markup_range": 0.008001753706701949,
           "min_markup": 0.007628474661145789,
           "n_close_orders": 5,
           "qty_pct_close": 0.02236153909037189,
           "qty_pct_entry": 0.01007350572157101,
           "wallet_exposure_limit": 1.0,
           "we_multiplier_close": 0.0,
           "we_multiplier_entry": 168.32776902710484}}