{"config_name": "clock_0days",
 "long": {"backwards_tp": true,
          "delay_between_fills_minutes_close": 733.2608994238788,
          "delay_between_fills_minutes_entry": 1052.0054899333513,
          "delay_weight_close": 0.0,
          "delay_weight_entry": 32.58385521609617,
          "ema_dist_close": -7.623802651136661e-05,
          "ema_dist_entry": 0.0010214042912296926,
          "ema_span_0": 450.04409867339194,
          "ema_span_1": 568.6745114797409,
          "enabled": true,
          "markup_range": 0.003002647672542942,
          "min_markup": 0.005651831653335885,
          "n_close_orders": 7,
          "qty_pct_close": 0.02890290808390306,
          "qty_pct_entry": 0.011948123666596854,
          "wallet_exposure_limit": 1.0,
          "we_multiplier_close": 0.0,
          "we_multiplier_entry": 9.463510488556667},
 "short": {"backwards_tp": true,
           "delay_between_fills_minutes_close": 971.0562415955372,
           "delay_between_fills_minutes_entry": 1194.428096053326,
           "delay_weight_close": 0.0,
           "delay_weight_entry": 4.818245678738208,
           "ema_dist_close": -0.010458643503905575,
           "ema_dist_entry": 0.0019271384797457727,
           "ema_span_0": 547.1466283993894,
           "ema_span_1": 1428.5016867108852,
           "enabled": true,
           "markup_range": 0.03528339633579811,
           "min_markup": 0.009998668276007474,
           "n_close_orders": 7,
           "qty_pct_close": 0.015974623245954677,
           "qty_pct_entry": 0.016564345620395955,
           "wallet_exposure_limit": 1.0,
           "we_multiplier_close": 0.0,
           "we_multiplier_entry": 53.59908608514042}}