{"config_name": "clock_0days",
 "long": {"backwards_tp": true,
          "delay_between_fills_minutes_close": 1045.5639358448268,
          "delay_between_fills_minutes_entry": 1321.8566502910915,
          "delay_weight_close": 0.0,
          "delay_weight_entry": 22.16812658595219,
          "ema_dist_close": 0.0026037036521115364,
          "ema_dist_entry": 8.267642463100186e-05,
          "ema_span_0": 979.7180446745828,
          "ema_span_1": 868.7558821367318,
          "enabled": true,
          "markup_range": 0.004632964297107811,
          "min_markup": 0.0076390876069635325,
          "n_close_orders": 9,
          "qty_pct_close": 0.02227389657240705,
          "qty_pct_entry": 0.011526497281516791,
          "wallet_exposure_limit": 1.0,
          "we_multiplier_close": 0.0,
          "we_multiplier_entry": 119.77213462003704},
 "short": {"backwards_tp": true,
           "delay_between_fills_minutes_close": 730.0148554680258,
           "delay_between_fills_minutes_entry": 315.75046779149443,
           "delay_weight_close": 0.0,
           "delay_weight_entry": 5.975237020828097,
           "ema_dist_close": 0.002904979335266009,
           "ema_dist_entry": -0.0032810435260861542,
           "ema_span_0": 929.167896007875,
           "ema_span_1": 1439.9985468409527,
           "enabled": true,
           "markup_range": 0.003386709795463922,
           "min_markup": 0.005429025235814067,
           "n_close_orders": 13,
           "qty_pct_close": 0.024906583349697375,
           "qty_pct_entry": 0.012859821329198055,
           "wallet_exposure_limit": 1.0,
           "we_multiplier_close": 0.0,
           "we_multiplier_entry": 50.58604777727529}}