{"config_name": "clock_0days",
 "long": {"backwards_tp": true,
          "delay_between_fills_minutes_close": 1162.4740749460166,
          "delay_between_fills_minutes_entry": 1078.83216842035,
          "delay_weight_close": 0,
          "delay_weight_entry": 16.76663824722881,
          "ema_dist_close": -0.0007582607904249431,
          "ema_dist_entry": 0.002772435556653454,
          "ema_span_0": 313.2222565736716,
          "ema_span_1": 473.31052516106854,
          "enabled": true,
          "markup_range": 0.006484322161563008,
          "min_markup": 0.005255616633309075,
          "n_close_orders": 7,
          "qty_pct_close": 0.014493606181277202,
          "qty_pct_entry": 0.0120720900487878,
          "wallet_exposure_limit": 1,
          "we_multiplier_close": 0,
          "we_multiplier_entry": 192.2774619400014},
 "short": {"backwards_tp": true,
           "delay_between_fills_minutes_close": 1405.0265453438642,
           "delay_between_fills_minutes_entry": 847.28893481702,
           "delay_weight_close": 0,
           "delay_weight_entry": 21.351125229391258,
           "ema_dist_close": 0.0016976116164067287,
           "ema_dist_entry": -0.0025613536275643695,
           "ema_span_0": 517.9145466009887,
           "ema_span_1": 1242.2408570651867,
           "enabled": true,
           "markup_range": 0.006106863468463272,
           "min_markup": 0.003614862298499597,
           "n_close_orders": 10,
           "qty_pct_close": 0.03491788882625996,
           "qty_pct_entry": 0.01581850032681903,
           "wallet_exposure_limit": 1,
           "we_multiplier_close": 0,
           "we_multiplier_entry": 148.22827138494557}}