{"config_name": "clock_0days",
 "long": {"backwards_tp": true,
          "delay_between_fills_minutes_close": 1029.6751434210717,
          "delay_between_fills_minutes_entry": 684.6077962063638,
          "delay_weight_close": 0.0,
          "delay_weight_entry": 14.216782176134366,
          "ema_dist_close": -0.0022828149858398904,
          "ema_dist_entry": 0.0010786820856190078,
          "ema_span_0": 693.6382860719422,
          "ema_span_1": 939.78835473742,
          "enabled": true,
          "markup_range": 0.008384155315856984,
          "min_markup": 0.009980226057999165,
          "n_close_orders": 3,
          "qty_pct_close": 0.03526115314556942,
          "qty_pct_entry": 0.013067555529519156,
          "wallet_exposure_limit": 1.0,
          "we_multiplier_close": 0.0,
          "we_multiplier_entry": 73.74362502138658},
 "short": {"backwards_tp": true,
           "delay_between_fills_minutes_close": 942.8507127059887,
           "delay_between_fills_minutes_entry": 1154.3822983326525,
           "delay_weight_close": 0.0,
           "delay_weight_entry": 5.601994513829243,
           "ema_dist_close": -0.020006402181948373,
           "ema_dist_entry": 0.0014556500514132402,
           "ema_span_0": 704.9664861466555,
           "ema_span_1": 1254.9444900030821,
           "enabled": true,
           "markup_range": 0.029390015409941996,
           "min_markup": 0.009004961587142426,
           "n_close_orders": 7,
           "qty_pct_close": 0.01141255489506514,
           "qty_pct_entry": 0.01134441677012653,
           "wallet_exposure_limit": 1.0,
           "we_multiplier_close": 0.0,
           "we_multiplier_entry": 97.36848624960639}}