{"config_name": "clock_0days",
 "long": {"backwards_tp": true,
          "delay_between_fills_minutes_close": 952.6688682969149,
          "delay_between_fills_minutes_entry": 1119.843004515521,
          "delay_weight_close": 0,
          "delay_weight_entry": 22.74422966674407,
          "ema_dist_close": -0.025179901535871817,
          "ema_dist_entry": -0.0038052608452610447,
          "ema_span_0": 1223.6839003130817,
          "ema_span_1": 1328.8992686172774,
          "enabled": true,
          "markup_range": 0.007519913286562937,
          "min_markup": 0.005674390968425356,
          "n_close_orders": 11,
          "qty_pct_close": 0.011453493421539963,
          "qty_pct_entry": 0.012042724068642962,
          "wallet_exposure_limit": 1,
          "we_multiplier_close": 0,
          "we_multiplier_entry": 193.53793150166098},
 "short": {"backwards_tp": true,
           "delay_between_fills_minutes_close": 1277.6885675268459,
           "delay_between_fills_minutes_entry": 716.8751879560991,
           "delay_weight_close": 0,
           "delay_weight_entry": 12.101874764856225,
           "ema_dist_close": -0.04409221039923203,
           "ema_dist_entry": -0.0006079497072041704,
           "ema_span_0": 1356.4640515730161,
           "ema_span_1": 511.43729099749675,
           "enabled": true,
           "markup_range": 0.004009958969925778,
           "min_markup": 0.006737510050235805,
           "n_close_orders": 12,
           "qty_pct_close": 0.019134074520797524,
           "qty_pct_entry": 0.010639509473466171,
           "wallet_exposure_limit": 1,
           "we_multiplier_close": 0,
           "we_multiplier_entry": 195.8477398662081}}