{"config_name": "clock_0days",
 "long": {"backwards_tp": true,
          "delay_between_fills_minutes_close": 1187.136434189799,
          "delay_between_fills_minutes_entry": 774.9320952340548,
          "delay_weight_close": 0.0,
          "delay_weight_entry": 24.007409237069954,
          "ema_dist_close": -0.0014418004826464252,
          "ema_dist_entry": 0.0015362209431329704,
          "ema_span_0": 823.7743706976088,
          "ema_span_1": 1177.4283867086724,
          "enabled": true,
          "markup_range": 0.002682764745095948,
          "min_markup": 0.006108574590925508,
          "n_close_orders": 8,
          "qty_pct_close": 0.044052677888708286,
          "qty_pct_entry": 0.011659737613418179,
          "wallet_exposure_limit": 1.0,
          "we_multiplier_close": 0.0,
          "we_multiplier_entry": 162.16863285270742},
 "short": {"backwards_tp": true,
           "delay_between_fills_minutes_close": 1391.433628375936,
           "delay_between_fills_minutes_entry": 261.4200103622306,
           "delay_weight_close": 0.0,
           "delay_weight_entry": 17.579215348073422,
           "ema_dist_close": -0.0020878638273868393,
           "ema_dist_entry": -0.0038927243533312455,
           "ema_span_0": 1217.747594082891,
           "ema_span_1": 670.4744064844376,
           "enabled": true,
           "markup_range": 0.0037136841256086507,
           "min_markup": 0.0019908280760717887,
           "n_close_orders": 5,
           "qty_pct_close": 0.02099654269986085,
           "qty_pct_entry": 0.010087688544383152,
           "wallet_exposure_limit": 1.0,
           "we_multiplier_close": 0.0,
           "we_multiplier_entry": 167.40772726466136}}