{"config_name": "clock_0days",
 "long": {"backwards_tp": true,
          "delay_between_fills_minutes_close": 1036.6641814667314,
          "delay_between_fills_minutes_entry": 1288.3238399024397,
          "delay_weight_close": 0,
          "delay_weight_entry": 12.028321817701785,
          "ema_dist_close": -0.0001415289843160768,
          "ema_dist_entry": 0.0027539497617358154,
          "ema_span_0": 1368.5707074658105,
          "ema_span_1": 650.448562803127,
          "enabled": true,
          "markup_range": 0.030570676005675073,
          "min_markup": 0.008883252891248737,
          "n_close_orders": 6,
          "qty_pct_close": 0.013153819470370432,
          "qty_pct_entry": 0.010007713224736188,
          "wallet_exposure_limit": 1,
          "we_multiplier_close": 0,
          "we_multiplier_entry": 32.715169900669245},
 "short": {"backwards_tp": true,
           "delay_between_fills_minutes_close": 1317.8158111494736,
           "delay_between_fills_minutes_entry": 889.3025701991264,
           "delay_weight_close": 0,
           "delay_weight_entry": 17.265256706884376,
           "ema_dist_close": -0.0025619011171076444,
           "ema_dist_entry": 0.00016316276320979745,
           "ema_span_0": 903.7003456182988,
           "ema_span_1": 987.216532429761,
           "enabled": true,
           "markup_range": 0.016043001190939054,
           "min_markup": 0.009291705875925661,
           "n_close_orders": 5,
           "qty_pct_close": 0.011859810635862273,
           "qty_pct_entry": 0.01335048080969494,
           "wallet_exposure_limit": 1,
           "we_multiplier_close": 0,
           "we_multiplier_entry": 18.544533492534136}}