{"config_name": "clock_0days",
 "long": {"backwards_tp": true,
          "delay_between_fills_minutes_close": 1001.5790521116659,
          "delay_between_fills_minutes_entry": 1224.0945221747268,
          "delay_weight_close": 0,
          "delay_weight_entry": 12.309441936916954,
          "ema_dist_close": 0.002976627401769591,
          "ema_dist_entry": -0.003297109923599668,
          "ema_span_0": 1047.1392606660283,
          "ema_span_1": 1408.0841111648235,
          "enabled": true,
          "markup_range": 0.007764356170997548,
          "min_markup": 0.007468392655322543,
          "n_close_orders": 7,
          "qty_pct_close": 0.011687046056209342,
          "qty_pct_entry": 0.013668820869021108,
          "wallet_exposure_limit": 1,
          "we_multiplier_close": 0,
          "we_multiplier_entry": 23.108320777544836},
 "short": {"backwards_tp": true,
           "delay_between_fills_minutes_close": 1257.4535400615546,
           "delay_between_fills_minutes_entry": 1252.998522957422,
           "delay_weight_close": 0,
           "delay_weight_entry": 22.72041772197334,
           "ema_dist_close": -0.037951478858359124,
           "ema_dist_entry": -0.003475593458276532,
           "ema_span_0": 1393.6453448948578,
           "ema_span_1": 1387.2775766116083,
           "enabled": true,
           "markup_range": 0.008325672632692037,
           "min_markup": 0.009204955194378027,
           "n_close_orders": 2,
           "qty_pct_close": 0.013161393238783242,
           "qty_pct_entry": 0.020968939942234515,
           "wallet_exposure_limit": 1,
           "we_multiplier_close": 0,
           "we_multiplier_entry": 38.07699168632244}}