{"config_name": "clock_0days",
 "long": {"backwards_tp": true,
          "delay_between_fills_minutes_close": 1231.4585752409562,
          "delay_between_fills_minutes_entry": 1260.0884721153427,
          "delay_weight_close": 0.0,
          "delay_weight_entry": 27.503610173300782,
          "ema_dist_close": -0.0035928990198326465,
          "ema_dist_entry": 0.002997116515052998,
          "ema_span_0": 1204.7676416369436,
          "ema_span_1": 293.8710437209487,
          "enabled": true,
          "markup_range": 0.0012010504987451777,
          "min_markup": 0.00793830451910337,
          "n_close_orders": 10,
          "qty_pct_close": 0.04300731502118486,
          "qty_pct_entry": 0.01217838755645337,
          "wallet_exposure_limit": 1.0,
          "we_multiplier_close": 0.0,
          "we_multiplier_entry": 130.38634621285144},
 "short": {"backwards_tp": true,
           "delay_between_fills_minutes_close": 1363.8083546690552,
           "delay_between_fills_minutes_entry": 1127.0697695005474,
           "delay_weight_close": 0.0,
           "delay_weight_entry": 36.56222612061962,
           "ema_dist_close": 0.001755711999956786,
           "ema_dist_entry": -0.00739542738468594,
           "ema_span_0": 1433.5627400854808,
           "ema_span_1": 6.124701720619965,
           "enabled": true,
           "markup_range": 0.0007292356039808234,
           "min_markup": 0.0021028261276447363,
           "n_close_orders": 14,
           "qty_pct_close": 0.01333546935285376,
           "qty_pct_entry": 0.01,
           "wallet_exposure_limit": 1.0,
           "we_multiplier_close": 0.0,
           "we_multiplier_entry": 177.5944949492196}}