{"config_name": "recursive_grid_0days",
 "logging_level": 0,
 "long": {"auto_unstuck_ema_dist": 0.0001350978350297317,
          "auto_unstuck_wallet_exposure_threshold": 0.012791593001530719,
          "backwards_tp": true,
          "ddown_factor": 2.985072767206746,
          "ema_span_0": 192.28152369634606,
          "ema_span_1": 1127.4193973411627,
          "enabled": true,
          "initial_eprice_ema_dist": 0.0019763385962263498,
          "initial_qty_pct": 0.02744785686677029,
          "markup_range": 0.004544245186518802,
          "min_markup": 0.002331821620904932,
          "n_close_orders": 8,
          "rentry_pprice_dist": 0.029109951818018627,
          "rentry_pprice_dist_wallet_exposure_weighting": 0.0,
          "wallet_exposure_limit": 1.0},
 "short": {"auto_unstuck_ema_dist": 0.009205789873872336,
           "auto_unstuck_wallet_exposure_threshold": 0.04724611197895701,
           "backwards_tp": true,
           "ddown_factor": 2.0365771373685706,
           "ema_span_0": 675.5718187753295,
           "ema_span_1": 524.568112451761,
           "enabled": true,
           "initial_eprice_ema_dist": -0.012260959927008276,
           "initial_qty_pct": 0.011401870896854849,
           "markup_range": 0.006580859799621474,
           "min_markup": 0.004322032423051033,
           "n_close_orders": 15,
           "rentry_pprice_dist": 0.019154276577478667,
           "rentry_pprice_dist_wallet_exposure_weighting": 0.6846261275783859,
           "wallet_exposure_limit": 1.0}}