{"config_name": "recursive_grid_0days",
 "logging_level": 0,
 "long": {"auto_unstuck_ema_dist": -0.007535333898381053,
          "auto_unstuck_wallet_exposure_threshold": 0.042544605995763346,
          "backwards_tp": true,
          "ddown_factor": 1.2683011672504263,
          "ema_span_0": 1254.5628491806683,
          "ema_span_1": 1158.397782013326,
          "enabled": true,
          "initial_eprice_ema_dist": 0.008531500384998529,
          "initial_qty_pct": 0.01411158498233363,
          "markup_range": 0.007360303120624281,
          "min_markup": 0.005180505189891762,
          "n_close_orders": 15,
          "rentry_pprice_dist": 0.03350554831368242,
          "rentry_pprice_dist_wallet_exposure_weighting": 0.05443530929994281,
          "wallet_exposure_limit": 1.0},
 "short": {"auto_unstuck_ema_dist": -0.02964039729730896,
           "auto_unstuck_wallet_exposure_threshold": 0.06705904437261326,
           "backwards_tp": true,
           "ddown_factor": 0.2139314414855175,
           "ema_span_0": 722.3291164493405,
           "ema_span_1": 34.6461832350433,
           "enabled": true,
           "initial_eprice_ema_dist": -0.0044684173122212815,
           "initial_qty_pct": 0.04068232731738902,
           "markup_range": 0.0069059945874191024,
           "min_markup": 0.002138818342919024,
           "n_close_orders": 3,
           "rentry_pprice_dist": 0.032656692697547014,
           "rentry_pprice_dist_wallet_exposure_weighting": 4.9659308907886235,
           "wallet_exposure_limit": 1.0}}