{"config_name": "recursive_grid_0days",
 "logging_level": 0,
 "long": {"auto_unstuck_ema_dist": -0.007226206392213121,
          "auto_unstuck_wallet_exposure_threshold": 0.04278992585209411,
          "backwards_tp": true,
          "ddown_factor": 1.2702661216838727,
          "ema_span_0": 1256.0311889473626,
          "ema_span_1": 1156.884790254192,
          "enabled": true,
          "initial_eprice_ema_dist": 0.008529154071644769,
          "initial_qty_pct": 0.014212655223699806,
          "markup_range": 0.007339109663501251,
          "min_markup": 0.005215817513936243,
          "n_close_orders": 15,
          "rentry_pprice_dist": 0.03350746412109781,
          "rentry_pprice_dist_wallet_exposure_weighting": 0.06567617508847289,
          "wallet_exposure_limit": 1.0},
 "short": {"auto_unstuck_ema_dist": -0.006743201329562006,
           "auto_unstuck_wallet_exposure_threshold": 0.04343728066950804,
           "backwards_tp": true,
           "ddown_factor": 1.5163100355966352,
           "ema_span_0": 293.2677938791505,
           "ema_span_1": 1024.720684324844,
           "enabled": true,
           "initial_eprice_ema_dist": 0.005469905688840418,
           "initial_qty_pct": 0.010884070715280657,
           "markup_range": 0.005115083277235244,
           "min_markup": 0.008282547293970386,
           "n_close_orders": 11,
           "rentry_pprice_dist": 0.030633865936011827,
           "rentry_pprice_dist_wallet_exposure_weighting": 5.489813271126254,
           "wallet_exposure_limit": 1.0}}