{"config_name": "recursive_grid_0days",
 "logging_level": 0,
 "long": {"auto_unstuck_ema_dist": -0.002650838671375588,
          "auto_unstuck_wallet_exposure_threshold": 0.030000371665439604,
          "backwards_tp": true,
          "ddown_factor": 2.700236607100849,
          "ema_span_0": 448.31349266107344,
          "ema_span_1": 249.888967007341,
          "enabled": true,
          "initial_eprice_ema_dist": -0.004508434496411313,
          "initial_qty_pct": 0.010016328492594798,
          "markup_range": 2.198636081888803e-05,
          "min_markup": 0.006138220339831642,
          "n_close_orders": 4,
          "rentry_pprice_dist": 0.028695754560317314,
          "rentry_pprice_dist_wallet_exposure_weighting": 0.9607854976147386,
          "wallet_exposure_limit": 1.0},
 "short": {"auto_unstuck_ema_dist": -0.08937893192272453,
           "auto_unstuck_wallet_exposure_threshold": 0.03707262870363392,
           "backwards_tp": true,
           "ddown_factor": 1.1925183048711951,
           "ema_span_0": 1280.7430591340833,
           "ema_span_1": 160.56390661053462,
           "enabled": true,
           "initial_eprice_ema_dist": -0.012513319438503064,
           "initial_qty_pct": 0.012447393241346968,
           "markup_range": 0.00425178398553541,
           "min_markup": 0.0026490184373934374,
           "n_close_orders": 13,
           "rentry_pprice_dist": 0.049640091125270305,
           "rentry_pprice_dist_wallet_exposure_weighting": 0.4567028603103419,
           "wallet_exposure_limit": 1.0}}