{"config_name": "recursive_grid_0days",
 "logging_level": 0,
 "long": {"auto_unstuck_ema_dist": -0.012118694240284661,
          "auto_unstuck_wallet_exposure_threshold": 0.035614735870821417,
          "backwards_tp": true,
          "ddown_factor": 2.8478813947777395,
          "ema_span_0": 382.4414320213607,
          "ema_span_1": 377.9490301641672,
          "enabled": true,
          "initial_eprice_ema_dist": 0.007557956641881363,
          "initial_qty_pct": 0.011765533156565708,
          "markup_range": 0.00021022822069596069,
          "min_markup": 0.004101345720582961,
          "n_close_orders": 1,
          "rentry_pprice_dist": 0.01716033467968451,
          "rentry_pprice_dist_wallet_exposure_weighting": 0.0002852074091952509,
          "wallet_exposure_limit": 1.0},
 "short": {"auto_unstuck_ema_dist": -0.009920993003623032,
           "auto_unstuck_wallet_exposure_threshold": 0.03853433419557838,
           "backwards_tp": true,
           "ddown_factor": 1.8833937306821613,
           "ema_span_0": 72.32365204847504,
           "ema_span_1": 187.21888218729728,
           "enabled": true,
           "initial_eprice_ema_dist": 0.009748417238002367,
           "initial_qty_pct": 0.018815690243029513,
           "markup_range": 0.001139608615300557,
           "min_markup": 0.0024967205766841024,
           "n_close_orders": 9,
           "rentry_pprice_dist": 0.03913168331453971,
           "rentry_pprice_dist_wallet_exposure_weighting": 0.0031138022164043364,
           "wallet_exposure_limit": 1.0}}