{"config_name": "recursive_grid_0days",
 "logging_level": 0,
 "long": {"auto_unstuck_ema_dist": -0.003181194418739588,
          "auto_unstuck_wallet_exposure_threshold": 0.05862920483267511,
          "backwards_tp": true,
          "ddown_factor": 1.2748264003982286,
          "ema_span_0": 371.4444663677246,
          "ema_span_1": 158.31031994757504,
          "enabled": true,
          "initial_eprice_ema_dist": 0.006505930320645647,
          "initial_qty_pct": 0.019933739560884192,
          "markup_range": 0.02159082368171329,
          "min_markup": 0.004591452184410492,
          "n_close_orders": 1,
          "rentry_pprice_dist": 0.012973808096115435,
          "rentry_pprice_dist_wallet_exposure_weighting": 0.0,
          "wallet_exposure_limit": 1.0},
 "short": {"auto_unstuck_ema_dist": 0.0010298038398040606,
           "auto_unstuck_wallet_exposure_threshold": 0.06402853689394974,
           "backwards_tp": true,
           "ddown_factor": 1.9084723056112112,
           "ema_span_0": 657.0902614434358,
           "ema_span_1": 486.1712089347195,
           "enabled": true,
           "initial_eprice_ema_dist": 0.005230947754710601,
           "initial_qty_pct": 0.01938639772447075,
           "markup_range": 0.002185357818483541,
           "min_markup": 0.0020633935505432045,
           "n_close_orders": 7,
           "rentry_pprice_dist": 0.01998823820375653,
           "rentry_pprice_dist_wallet_exposure_weighting": 8.628278907283494,
           "wallet_exposure_limit": 1.0}}