{"config_name": "recursive_grid_0days",
 "logging_level": 0,
 "long": {"auto_unstuck_ema_dist": 0.004622359136716347,
          "auto_unstuck_wallet_exposure_threshold": 0.06852385075116585,
          "backwards_tp": true,
          "ddown_factor": 1.2695584137721185,
          "ema_span_0": 555.9994403495198,
          "ema_span_1": 697.1362908257603,
          "enabled": true,
          "initial_eprice_ema_dist": 0.007473503072176765,
          "initial_qty_pct": 0.01,
          "markup_range": 0.002235596525731446,
          "min_markup": 0.007928544404154624,
          "n_close_orders": 12,
          "rentry_pprice_dist": 0.009131583668560688,
          "rentry_pprice_dist_wallet_exposure_weighting": 16.714875839662728,
          "wallet_exposure_limit": 1.0},
 "short": {"auto_unstuck_ema_dist": 0.022610640757953705,
           "auto_unstuck_wallet_exposure_threshold": 0.0056093330010352,
           "backwards_tp": true,
           "ddown_factor": 1.6864130085141116,
           "ema_span_0": 286.76267197261933,
           "ema_span_1": 289.99312036036673,
           "enabled": true,
           "initial_eprice_ema_dist": 0.0037115765779474966,
           "initial_qty_pct": 0.01148840232355836,
           "markup_range": 0.004188624348948266,
           "min_markup": 0.005468833049115359,
           "n_close_orders": 12,
           "rentry_pprice_dist": 0.021628217398724524,
           "rentry_pprice_dist_wallet_exposure_weighting": 7.3069448535982096,
           "wallet_exposure_limit": 1.0}}