{"config_name": "recursive_grid_0days",
 "logging_level": 0,
 "long": {"auto_unstuck_ema_dist": -0.006879832499430365,
          "auto_unstuck_wallet_exposure_threshold": 0.034120720166219254,
          "backwards_tp": true,
          "ddown_factor": 1.3593960052365852,
          "ema_span_0": 115.22380980333989,
          "ema_span_1": 1102.9532774588654,
          "enabled": true,
          "initial_eprice_ema_dist": -0.0009977199146674806,
          "initial_qty_pct": 0.013556187196045642,
          "markup_range": 0.010301157310612439,
          "min_markup": 0.008856046197090853,
          "n_close_orders": 6,
          "rentry_pprice_dist": 0.03442926348305453,
          "rentry_pprice_dist_wallet_exposure_weighting": 0.577288173847197,
          "wallet_exposure_limit": 1.0},
 "short": {"auto_unstuck_ema_dist": -0.021658283783529818,
           "auto_unstuck_wallet_exposure_threshold": 0.07825497352718853,
           "backwards_tp": true,
           "ddown_factor": 0.5226450646201192,
           "ema_span_0": 1009.1985110412548,
           "ema_span_1": 1004.0438638150463,
           "enabled": true,
           "initial_eprice_ema_dist": 0.003825180319666784,
           "initial_qty_pct": 0.01009058848422241,
           "markup_range": 0.02300969255903653,
           "min_markup": 0.002963691487291521,
           "n_close_orders": 7,
           "rentry_pprice_dist": 0.03543716700265494,
           "rentry_pprice_dist_wallet_exposure_weighting": 0.11946976712114751,
           "wallet_exposure_limit": 1.0}}