{"config_name": "recursive_grid_0days",
 "logging_level": 0,
 "long": {"auto_unstuck_ema_dist": -0.009235873868650591,
          "auto_unstuck_wallet_exposure_threshold": 0.03353233737374349,
          "backwards_tp": true,
          "ddown_factor": 1.283156965851175,
          "ema_span_0": 176.97087637885713,
          "ema_span_1": 838.1955692262497,
          "enabled": true,
          "initial_eprice_ema_dist": -0.0013464106836259646,
          "initial_qty_pct": 0.017974097387595308,
          "markup_range": 0.005758614719765003,
          "min_markup": 0.009138254203106912,
          "n_close_orders": 6,
          "rentry_pprice_dist": 0.033295303965638665,
          "rentry_pprice_dist_wallet_exposure_weighting": 3.9191007185802746,
          "wallet_exposure_limit": 1.0},
 "short": {"auto_unstuck_ema_dist": -0.022052399528965243,
           "auto_unstuck_wallet_exposure_threshold": 0.09397390640718091,
           "backwards_tp": true,
           "ddown_factor": 0.35401541777670764,
           "ema_span_0": 865.6341576377661,
           "ema_span_1": 1331.8138246952103,
           "enabled": true,
           "initial_eprice_ema_dist": 0.008234120725292114,
           "initial_qty_pct": 0.013713287192490705,
           "markup_range": 0.011469595512484445,
           "min_markup": 0.005475091104834724,
           "n_close_orders": 7,
           "rentry_pprice_dist": 0.02208221264344951,
           "rentry_pprice_dist_wallet_exposure_weighting": 7.49103326415774,
           "wallet_exposure_limit": 1.0}}