{"config_name": "recursive_grid_0days",
 "logging_level": 0,
 "long": {"auto_unstuck_ema_dist": -0.009317105036818617,
          "auto_unstuck_wallet_exposure_threshold": 0.033458294130698424,
          "backwards_tp": true,
          "ddown_factor": 1.2828201605275447,
          "ema_span_0": 176.68599141878033,
          "ema_span_1": 837.2940736178931,
          "enabled": true,
          "initial_eprice_ema_dist": -0.0015602125255805685,
          "initial_qty_pct": 0.017978283631976878,
          "markup_range": 0.00575873914012213,
          "min_markup": 0.009146821414500857,
          "n_close_orders": 6,
          "rentry_pprice_dist": 0.033294779134215136,
          "rentry_pprice_dist_wallet_exposure_weighting": 3.915604724484685,
          "wallet_exposure_limit": 1.0},
 "short": {"auto_unstuck_ema_dist": -0.022758742980342864,
           "auto_unstuck_wallet_exposure_threshold": 0.09717420901398763,
           "backwards_tp": true,
           "ddown_factor": 0.35176817275830125,
           "ema_span_0": 827.7251736641449,
           "ema_span_1": 1377.9401161524515,
           "enabled": true,
           "initial_eprice_ema_dist": 0.007499530559916682,
           "initial_qty_pct": 0.013837769506775744,
           "markup_range": 0.013492837602433387,
           "min_markup": 0.005451057550779038,
           "n_close_orders": 7,
           "rentry_pprice_dist": 0.022567248291398508,
           "rentry_pprice_dist_wallet_exposure_weighting": 7.186123828145645,
           "wallet_exposure_limit": 1.0}}