{"config_name": "recursive_grid_0days",
 "logging_level": 0,
 "long": {"auto_unstuck_ema_dist": 0.0027674157194989674,
          "auto_unstuck_wallet_exposure_threshold": 0.0664567646586442,
          "backwards_tp": true,
          "ddown_factor": 1.7426034800000094,
          "ema_span_0": 1434.2347613893066,
          "ema_span_1": 1071.5194739925523,
          "enabled": true,
          "initial_eprice_ema_dist": 0.006200070321925354,
          "initial_qty_pct": 0.017278691707637968,
          "markup_range": 0.0005289096909166836,
          "min_markup": 0.00976852158464597,
          "n_close_orders": 1,
          "rentry_pprice_dist": 0.02876360109350103,
          "rentry_pprice_dist_wallet_exposure_weighting": 4.771293126725737,
          "wallet_exposure_limit": 1.0},
 "short": {"auto_unstuck_ema_dist": 0.0028102319314289533,
           "auto_unstuck_wallet_exposure_threshold": 0.056297387067332706,
           "backwards_tp": true,
           "ddown_factor": 2.3251414616022483,
           "ema_span_0": 722.147645900883,
           "ema_span_1": 350.29453176454035,
           "enabled": true,
           "initial_eprice_ema_dist": 0.00883310375891071,
           "initial_qty_pct": 0.010000403651167663,
           "markup_range": 0.005644955161606414,
           "min_markup": 0.004246929018891351,
           "n_close_orders": 1,
           "rentry_pprice_dist": 0.04145564343539103,
           "rentry_pprice_dist_wallet_exposure_weighting": 15.532017941091746,
           "wallet_exposure_limit": 1.0}}