{"config_name": "recursive_grid_0days",
 "logging_level": 0,
 "long": {"auto_unstuck_ema_dist": 0.0027660997841490588,
          "auto_unstuck_wallet_exposure_threshold": 0.06645185348866522,
          "backwards_tp": true,
          "ddown_factor": 1.7452191963042056,
          "ema_span_0": 1434.245283576479,
          "ema_span_1": 1070.9518330075657,
          "enabled": true,
          "initial_eprice_ema_dist": 0.006183452251790319,
          "initial_qty_pct": 0.017224018797430456,
          "markup_range": 0.0005339742297388945,
          "min_markup": 0.009761537808312855,
          "n_close_orders": 1,
          "rentry_pprice_dist": 0.02876562650970563,
          "rentry_pprice_dist_wallet_exposure_weighting": 4.777726329501847,
          "wallet_exposure_limit": 1.0},
 "short": {"auto_unstuck_ema_dist": 0.00269667970894325,
           "auto_unstuck_wallet_exposure_threshold": 0.056877121061179835,
           "backwards_tp": true,
           "ddown_factor": 2.3353018277785336,
           "ema_span_0": 696.3329230809709,
           "ema_span_1": 352.5447561061951,
           "enabled": true,
           "initial_eprice_ema_dist": 0.008181906042257818,
           "initial_qty_pct": 0.01,
           "markup_range": 0.007945528451022858,
           "min_markup": 0.003668372158637882,
           "n_close_orders": 1,
           "rentry_pprice_dist": 0.04143232763739173,
           "rentry_pprice_dist_wallet_exposure_weighting": 15.581798399720839,
           "wallet_exposure_limit": 1.0}}