{"config_name": "recursive_grid_0days",
 "logging_level": 0,
 "long": {"auto_unstuck_ema_dist": 0.001,
          "auto_unstuck_wallet_exposure_threshold": 0.03566044929531522,
          "backwards_tp": true,
          "ddown_factor": 0.6382672734340645,
          "ema_span_0": 576.8253915416575,
          "ema_span_1": 549.6809287625819,
          "enabled": true,
          "initial_eprice_ema_dist": -0.0037923754205013097,
          "initial_qty_pct": 0.021090522378520545,
          "markup_range": 0.008701886639818534,
          "min_markup": 0.002820117214704189,
          "n_close_orders": 10,
          "rentry_pprice_dist": 0.028510554634350045,
          "rentry_pprice_dist_wallet_exposure_weighting": 2.243250554907927,
          "wallet_exposure_limit": 1.0},
 "short": {"auto_unstuck_ema_dist": -2.7564553952424312e-05,
           "auto_unstuck_wallet_exposure_threshold": 0.03336486590477712,
           "backwards_tp": true,
           "ddown_factor": 1.5555346372802208,
           "ema_span_0": 710.0590989315074,
           "ema_span_1": 1164.1007459800226,
           "enabled": true,
           "initial_eprice_ema_dist": -0.026106720902655575,
           "initial_qty_pct": 0.010071775470617116,
           "markup_range": 0.0031267837677342414,
           "min_markup": 0.009660913366892055,
           "n_close_orders": 13,
           "rentry_pprice_dist": 0.029183195838191966,
           "rentry_pprice_dist_wallet_exposure_weighting": 0.0,
           "wallet_exposure_limit": 1.0}}