{"config_name": "recursive_grid_0days",
 "logging_level": 0,
 "long": {"auto_unstuck_ema_dist": 0.016637417743485535,
          "auto_unstuck_wallet_exposure_threshold": 0.0024602765096976356,
          "backwards_tp": true,
          "ddown_factor": 2.7165351336411194,
          "ema_span_0": 704.840158259672,
          "ema_span_1": 1170.1781913744062,
          "enabled": true,
          "initial_eprice_ema_dist": 0.009604823875144495,
          "initial_qty_pct": 0.019520624194929146,
          "markup_range": 0.005325411072928313,
          "min_markup": 0.004124461348185315,
          "n_close_orders": 14,
          "rentry_pprice_dist": 0.041150430679362256,
          "rentry_pprice_dist_wallet_exposure_weighting": 2.24280922313686,
          "wallet_exposure_limit": 1.0},
 "short": {"auto_unstuck_ema_dist": 0.009504780419424578,
           "auto_unstuck_wallet_exposure_threshold": 0.08662492871783842,
           "backwards_tp": true,
           "ddown_factor": 2.982813049122128,
           "ema_span_0": 688.9345667287923,
           "ema_span_1": 1383.8358769435063,
           "enabled": true,
           "initial_eprice_ema_dist": 0.00535966794472197,
           "initial_qty_pct": 0.023707777027740955,
           "markup_range": 0.006915062221147122,
           "min_markup": 0.007423762999088423,
           "n_close_orders": 2,
           "rentry_pprice_dist": 0.03328926988672312,
           "rentry_pprice_dist_wallet_exposure_weighting": 2.3899689543662577,
           "wallet_exposure_limit": 1.0}}