{"config_name": "recursive_grid_0days",
 "logging_level": 0,
 "long": {"auto_unstuck_ema_dist": 0.01917153432624917,
          "auto_unstuck_wallet_exposure_threshold": 0.06965949743870532,
          "backwards_tp": true,
          "ddown_factor": 2.8921359056508162,
          "ema_span_0": 664.2940927331357,
          "ema_span_1": 1388.9368815995633,
          "enabled": true,
          "initial_eprice_ema_dist": 0.005608851903792617,
          "initial_qty_pct": 0.036664953829900794,
          "markup_range": 0.003509953290565719,
          "min_markup": 0.004638503496817104,
          "n_close_orders": 4,
          "rentry_pprice_dist": 0.04207200924589964,
          "rentry_pprice_dist_wallet_exposure_weighting": 0.0,
          "wallet_exposure_limit": 1.0},
 "short": {"auto_unstuck_ema_dist": 0.0028204884309262633,
           "auto_unstuck_wallet_exposure_threshold": 0.009098882601498751,
           "backwards_tp": true,
           "ddown_factor": 1.2707064001524535,
           "ema_span_0": 716.2662082499368,
           "ema_span_1": 699.5157321033091,
           "enabled": true,
           "initial_eprice_ema_dist": -0.018695846142843107,
           "initial_qty_pct": 0.012502150501345,
           "markup_range": 0.006111323130615774,
           "min_markup": 0.00437504327662824,
           "n_close_orders": 10,
           "rentry_pprice_dist": 0.020835163187930016,
           "rentry_pprice_dist_wallet_exposure_weighting": 2.420426164728393,
           "wallet_exposure_limit": 1.0}}