{"config_name": "recursive_grid_0days",
 "logging_level": 0,
 "long": {"auto_unstuck_ema_dist": 0.019455528692551877,
          "auto_unstuck_wallet_exposure_threshold": 0.06965079814782171,
          "backwards_tp": true,
          "ddown_factor": 2.891765247712444,
          "ema_span_0": 663.457259002948,
          "ema_span_1": 1363.345035837297,
          "enabled": true,
          "initial_eprice_ema_dist": 0.00549305596043449,
          "initial_qty_pct": 0.03653225741358006,
          "markup_range": 0.0035137026689005427,
          "min_markup": 0.0046591853504107375,
          "n_close_orders": 4,
          "rentry_pprice_dist": 0.04211328270863382,
          "rentry_pprice_dist_wallet_exposure_weighting": 8.794665843509635e-05,
          "wallet_exposure_limit": 1.0},
 "short": {"auto_unstuck_ema_dist": 0.014317360534655812,
           "auto_unstuck_wallet_exposure_threshold": 0.0018833517571090492,
           "backwards_tp": true,
           "ddown_factor": 1.1661975442327566,
           "ema_span_0": 716.4719740321996,
           "ema_span_1": 627.3403963033414,
           "enabled": true,
           "initial_eprice_ema_dist": -0.013362091866544615,
           "initial_qty_pct": 0.01045004909897491,
           "markup_range": 0.005847904742329681,
           "min_markup": 0.004135331469204715,
           "n_close_orders": 10,
           "rentry_pprice_dist": 0.02060001841531128,
           "rentry_pprice_dist_wallet_exposure_weighting": 0.67868062018521,
           "wallet_exposure_limit": 1.0}}