{"config_name": "recursive_grid_0days",
 "logging_level": 0,
 "long": {"auto_unstuck_ema_dist": 0.017458888563659476,
          "auto_unstuck_wallet_exposure_threshold": 0.03758529496947287,
          "backwards_tp": true,
          "ddown_factor": 2.9691576132985324,
          "ema_span_0": 668.5518155631472,
          "ema_span_1": 804.6267026162889,
          "enabled": true,
          "initial_eprice_ema_dist": 0.011976763894571345,
          "initial_qty_pct": 0.014143083223023607,
          "markup_range": 0.005215138192255619,
          "min_markup": 0.006710658019447024,
          "n_close_orders": 5,
          "rentry_pprice_dist": 0.03320917601536907,
          "rentry_pprice_dist_wallet_exposure_weighting": 1.8983002438363874,
          "wallet_exposure_limit": 1.0},
 "short": {"auto_unstuck_ema_dist": 0.09749880932752492,
           "auto_unstuck_wallet_exposure_threshold": 0.03682863966268806,
           "backwards_tp": true,
           "ddown_factor": 1.0,
           "ema_span_0": 669.4344230479911,
           "ema_span_1": 748.0123371637053,
           "enabled": true,
           "initial_eprice_ema_dist": 0.008517395267447218,
           "initial_qty_pct": 0.02450508311768549,
           "markup_range": 0.0059907010691665746,
           "min_markup": 0.00956035105201846,
           "n_close_orders": 5,
           "rentry_pprice_dist": 0.028716457092615458,
           "rentry_pprice_dist_wallet_exposure_weighting": 8.399674481806395,
           "wallet_exposure_limit": 1.0}}