{"config_name": "recursive_grid_0days",
 "logging_level": 0,
 "long": {"auto_unstuck_ema_dist": 0.01769166851354843,
          "auto_unstuck_wallet_exposure_threshold": 0.03733355553237305,
          "backwards_tp": true,
          "ddown_factor": 2.971677826821598,
          "ema_span_0": 669.4257967802292,
          "ema_span_1": 806.5305501622903,
          "enabled": true,
          "initial_eprice_ema_dist": 0.01245789808114717,
          "initial_qty_pct": 0.014731859515960054,
          "markup_range": 0.005324092837996615,
          "min_markup": 0.006774343492982282,
          "n_close_orders": 5,
          "rentry_pprice_dist": 0.03314272724755023,
          "rentry_pprice_dist_wallet_exposure_weighting": 1.8213513927898455,
          "wallet_exposure_limit": 1.0},
 "short": {"auto_unstuck_ema_dist": 0.03999693602352842,
           "auto_unstuck_wallet_exposure_threshold": 0.03580798397275198,
           "backwards_tp": true,
           "ddown_factor": 1.0,
           "ema_span_0": 669.0794714556177,
           "ema_span_1": 753.3412333370488,
           "enabled": true,
           "initial_eprice_ema_dist": 0.00841377881831666,
           "initial_qty_pct": 0.024847830740661003,
           "markup_range": 0.0059630148770716,
           "min_markup": 0.009548017058602615,
           "n_close_orders": 5,
           "rentry_pprice_dist": 0.028562347632183675,
           "rentry_pprice_dist_wallet_exposure_weighting": 8.318424044053316,
           "wallet_exposure_limit": 1.0}}