{"config_name": "recursive_grid_0days",
 "logging_level": 0,
 "long": {"auto_unstuck_ema_dist": -0.015608892243056604,
          "auto_unstuck_wallet_exposure_threshold": 0.057519020090505996,
          "backwards_tp": true,
          "ddown_factor": 1.9581353626247588,
          "ema_span_0": 1121.4286135636942,
          "ema_span_1": 855.0373437701296,
          "enabled": true,
          "initial_eprice_ema_dist": -0.02073587074154662,
          "initial_qty_pct": 0.010819434175111298,
          "markup_range": 0.010535310733586127,
          "min_markup": 0.00572158895809045,
          "n_close_orders": 4,
          "rentry_pprice_dist": 0.030409640092892987,
          "rentry_pprice_dist_wallet_exposure_weighting": 1.547072318115781,
          "wallet_exposure_limit": 1.0},
 "short": {"auto_unstuck_ema_dist": 0.0009873945930333249,
           "auto_unstuck_wallet_exposure_threshold": 0.03350115783108364,
           "backwards_tp": true,
           "ddown_factor": 0.15525203961369438,
           "ema_span_0": 94.5439378887998,
           "ema_span_1": 1437.33473128452,
           "enabled": true,
           "initial_eprice_ema_dist": -0.062291882198553306,
           "initial_qty_pct": 0.01,
           "markup_range": 0.017165030371853227,
           "min_markup": 0.004864711872001726,
           "n_close_orders": 4,
           "rentry_pprice_dist": 0.03022834042105455,
           "rentry_pprice_dist_wallet_exposure_weighting": 1.1718192633989437,
           "wallet_exposure_limit": 1.0}}