{"config_name": "recursive_grid_0days",
 "logging_level": 0,
 "long": {"auto_unstuck_ema_dist": 0.0004201680443346886,
          "auto_unstuck_wallet_exposure_threshold": 0.04368723582831707,
          "backwards_tp": true,
          "ddown_factor": 1.3196170376844536,
          "ema_span_0": 686.2391874762814,
          "ema_span_1": 698.3829105184209,
          "enabled": true,
          "initial_eprice_ema_dist": 0.00505828468187571,
          "initial_qty_pct": 0.012667541960529249,
          "markup_range": 0.009875237754063215,
          "min_markup": 0.006187280256657381,
          "n_close_orders": 10,
          "rentry_pprice_dist": 0.024217129878232872,
          "rentry_pprice_dist_wallet_exposure_weighting": 3.93042631865182,
          "wallet_exposure_limit": 1.0},
 "short": {"auto_unstuck_ema_dist": -0.003966144474501076,
           "auto_unstuck_wallet_exposure_threshold": 0.09169285535909934,
           "backwards_tp": true,
           "ddown_factor": 1.4156886716256056,
           "ema_span_0": 1180.9030548373933,
           "ema_span_1": 1246.944830714398,
           "enabled": true,
           "initial_eprice_ema_dist": 0.007365482165169459,
           "initial_qty_pct": 0.026463319311467268,
           "markup_range": 0.0016297913116430345,
           "min_markup": 0.003953667561250626,
           "n_close_orders": 3,
           "rentry_pprice_dist": 0.022705654193573278,
           "rentry_pprice_dist_wallet_exposure_weighting": 2.13332786492751,
           "wallet_exposure_limit": 1.0}}