{"config_name": "recursive_grid_0days",
 "logging_level": 0,
 "long": {"auto_unstuck_ema_dist": 0.011658578837433793,
          "auto_unstuck_wallet_exposure_threshold": 0.07657479759203864,
          "backwards_tp": true,
          "ddown_factor": 1.8860468746472752,
          "ema_span_0": 694.6106778394077,
          "ema_span_1": 843.4349109323671,
          "enabled": true,
          "initial_eprice_ema_dist": 0.004781772337276475,
          "initial_qty_pct": 0.012115869963470418,
          "markup_range": 0.009015982451734655,
          "min_markup": 0.005457442255609026,
          "n_close_orders": 10,
          "rentry_pprice_dist": 0.032047031936539856,
          "rentry_pprice_dist_wallet_exposure_weighting": 2.8811114940533407,
          "wallet_exposure_limit": 1.0},
 "short": {"auto_unstuck_ema_dist": 0.014308624721031594,
           "auto_unstuck_wallet_exposure_threshold": 0.046946717933392494,
           "backwards_tp": true,
           "ddown_factor": 1.378558919969073,
           "ema_span_0": 639.0684648277531,
           "ema_span_1": 587.5920872606838,
           "enabled": true,
           "initial_eprice_ema_dist": 0.002746978645343588,
           "initial_qty_pct": 0.012715045751450087,
           "markup_range": 0.002155330044272891,
           "min_markup": 0.00482705519486768,
           "n_close_orders": 8,
           "rentry_pprice_dist": 0.024390523362709516,
           "rentry_pprice_dist_wallet_exposure_weighting": 0.19690411881968872,
           "wallet_exposure_limit": 1.0}}