{"config_name": "recursive_grid_0days",
 "logging_level": 0,
 "long": {"auto_unstuck_ema_dist": 0.003573231371699441,
          "auto_unstuck_wallet_exposure_threshold": 0.0900859119657906,
          "backwards_tp": true,
          "ddown_factor": 2.977906258462606,
          "ema_span_0": 698.6399049207135,
          "ema_span_1": 801.5599846631317,
          "enabled": true,
          "initial_eprice_ema_dist": 0.008706280576241099,
          "initial_qty_pct": 0.03793454227647395,
          "markup_range": 0.0015094839819114257,
          "min_markup": 0.004415928268814383,
          "n_close_orders": 9,
          "rentry_pprice_dist": 0.04018647678850022,
          "rentry_pprice_dist_wallet_exposure_weighting": 0.0,
          "wallet_exposure_limit": 1.0},
 "short": {"auto_unstuck_ema_dist": 0.025691441148459043,
           "auto_unstuck_wallet_exposure_threshold": 0.07175623298721401,
           "backwards_tp": true,
           "ddown_factor": 2.2674613238086203,
           "ema_span_0": 557.5425169095686,
           "ema_span_1": 706.3234491148635,
           "enabled": true,
           "initial_eprice_ema_dist": 0.007338760816212545,
           "initial_qty_pct": 0.014504118220934732,
           "markup_range": 0.014839029217477526,
           "min_markup": 0.0026247044970538966,
           "n_close_orders": 12,
           "rentry_pprice_dist": 0.04996507569731222,
           "rentry_pprice_dist_wallet_exposure_weighting": 1.735613109237015,
           "wallet_exposure_limit": 1.0}}