{"config_name": "recursive_grid_0days",
 "logging_level": 0,
 "long": {"auto_unstuck_ema_dist": 0.001,
          "auto_unstuck_wallet_exposure_threshold": 0.03588828447474375,
          "backwards_tp": true,
          "ddown_factor": 1.6650371813678886,
          "ema_span_0": 537.3201998197856,
          "ema_span_1": 41.83716824965181,
          "enabled": true,
          "initial_eprice_ema_dist": -0.011556446596568935,
          "initial_qty_pct": 0.01934708818751338,
          "markup_range": 0.008044093741482485,
          "min_markup": 0.003094811449806792,
          "n_close_orders": 11,
          "rentry_pprice_dist": 0.029832350226655202,
          "rentry_pprice_dist_wallet_exposure_weighting": 3.13589770015343,
          "wallet_exposure_limit": 1.0},
 "short": {"auto_unstuck_ema_dist": 0.001,
           "auto_unstuck_wallet_exposure_threshold": 0.03,
           "backwards_tp": true,
           "ddown_factor": 0.7968747327425643,
           "ema_span_0": 455.25808124470433,
           "ema_span_1": 69.96019789010136,
           "enabled": true,
           "initial_eprice_ema_dist": 0.001,
           "initial_qty_pct": 0.01660208749427484,
           "markup_range": 0.0015049196539572934,
           "min_markup": 0.003476877002387675,
           "n_close_orders": 14,
           "rentry_pprice_dist": 0.04999999910881377,
           "rentry_pprice_dist_wallet_exposure_weighting": 9.836760456238941e-06,
           "wallet_exposure_limit": 1.0}}