{"config_name": "recursive_grid_0days",
 "logging_level": 0,
 "long": {"auto_unstuck_ema_dist": -0.0035815862900874973,
          "auto_unstuck_wallet_exposure_threshold": 0.07876270240580803,
          "backwards_tp": true,
          "ddown_factor": 2.3026100104404987,
          "ema_span_0": 176.35630057429702,
          "ema_span_1": 739.6295348475767,
          "enabled": true,
          "initial_eprice_ema_dist": -0.014590878446261774,
          "initial_qty_pct": 0.01653532865513258,
          "markup_range": 0.004233153052001316,
          "min_markup": 0.002216378509601965,
          "n_close_orders": 15,
          "rentry_pprice_dist": 0.04176393434253353,
          "rentry_pprice_dist_wallet_exposure_weighting": 3.4794267724558177,
          "wallet_exposure_limit": 1.0},
 "short": {"auto_unstuck_ema_dist": -0.03397547125827904,
           "auto_unstuck_wallet_exposure_threshold": 0.09534100474714444,
           "backwards_tp": true,
           "ddown_factor": 0.9772449738575972,
           "ema_span_0": 110.30973258341035,
           "ema_span_1": 48.393517177762305,
           "enabled": true,
           "initial_eprice_ema_dist": 0.009384359055216987,
           "initial_qty_pct": 0.026462694841377542,
           "markup_range": 0.00025592909552070865,
           "min_markup": 0.002362043291642576,
           "n_close_orders": 15,
           "rentry_pprice_dist": 0.04814963903678263,
           "rentry_pprice_dist_wallet_exposure_weighting": 1.5355537404906614,
           "wallet_exposure_limit": 1.0}}