{"config_name": "recursive_grid_0days",
 "logging_level": 0,
 "long": {"auto_unstuck_ema_dist": 0.017267203413122538,
          "auto_unstuck_wallet_exposure_threshold": 0.04970111239018041,
          "backwards_tp": true,
          "ddown_factor": 1.2660728072093272,
          "ema_span_0": 160.43547295863925,
          "ema_span_1": 238.878806290751,
          "enabled": true,
          "initial_eprice_ema_dist": 0.00017628292736841534,
          "initial_qty_pct": 0.020732519519282313,
          "markup_range": 0.0019421251642241764,
          "min_markup": 0.00964469192662401,
          "n_close_orders": 7,
          "rentry_pprice_dist": 0.036385849702892326,
          "rentry_pprice_dist_wallet_exposure_weighting": 1.5513873144222652,
          "wallet_exposure_limit": 1.0},
 "short": {"auto_unstuck_ema_dist": 0.03369071899868197,
           "auto_unstuck_wallet_exposure_threshold": 0.002294953522579642,
           "backwards_tp": true,
           "ddown_factor": 1.0,
           "ema_span_0": 443.64507013781673,
           "ema_span_1": 59.78272304476356,
           "enabled": true,
           "initial_eprice_ema_dist": 0.02,
           "initial_qty_pct": 0.013665323915556665,
           "markup_range": 0.0,
           "min_markup": 0.0026009210748874413,
           "n_close_orders": 14,
           "rentry_pprice_dist": 0.05,
           "rentry_pprice_dist_wallet_exposure_weighting": 0.01919612592212942,
           "wallet_exposure_limit": 1.0}}