{"config_name": "recursive_grid_0days",
 "logging_level": 0,
 "long": {"auto_unstuck_ema_dist": -0.0033192233779926477,
          "auto_unstuck_wallet_exposure_threshold": 0.07900855778324656,
          "backwards_tp": true,
          "ddown_factor": 2.307870453744312,
          "ema_span_0": 185.6640854213274,
          "ema_span_1": 766.3445264263142,
          "enabled": true,
          "initial_eprice_ema_dist": -0.014494017019519703,
          "initial_qty_pct": 0.016529983284887296,
          "markup_range": 0.004262788592826718,
          "min_markup": 0.002219402760531678,
          "n_close_orders": 15,
          "rentry_pprice_dist": 0.04170532632128871,
          "rentry_pprice_dist_wallet_exposure_weighting": 3.4335611229360214,
          "wallet_exposure_limit": 1.0},
 "short": {"auto_unstuck_ema_dist": -0.03437584829621276,
           "auto_unstuck_wallet_exposure_threshold": 0.0973228252370797,
           "backwards_tp": true,
           "ddown_factor": 0.8978160970572768,
           "ema_span_0": 157.77478491398054,
           "ema_span_1": 129.64848444199234,
           "enabled": true,
           "initial_eprice_ema_dist": 0.01,
           "initial_qty_pct": 0.054747284800039465,
           "markup_range": 0.00012850798615629937,
           "min_markup": 0.003934932212856371,
           "n_close_orders": 14,
           "rentry_pprice_dist": 0.04277186804436013,
           "rentry_pprice_dist_wallet_exposure_weighting": 0.6817483717430979,
           "wallet_exposure_limit": 1.0}}