{"config_name": "recursive_grid_0days",
 "logging_level": 0,
 "long": {"auto_unstuck_ema_dist": -0.003198168022642432,
          "auto_unstuck_wallet_exposure_threshold": 0.0964225831858857,
          "backwards_tp": true,
          "ddown_factor": 1.3410045573981721,
          "ema_span_0": 791.1943078592219,
          "ema_span_1": 1089.5618976751425,
          "enabled": true,
          "initial_eprice_ema_dist": 0.0053751941481492,
          "initial_qty_pct": 0.01,
          "markup_range": 0.00018164069178841955,
          "min_markup": 0.006896162593533788,
          "n_close_orders": 1,
          "rentry_pprice_dist": 0.02344053132535407,
          "rentry_pprice_dist_wallet_exposure_weighting": 1.7744518329474788,
          "wallet_exposure_limit": 1.0},
 "short": {"auto_unstuck_ema_dist": -0.02415717995887731,
           "auto_unstuck_wallet_exposure_threshold": 0.050770647917096234,
           "backwards_tp": true,
           "ddown_factor": 1.4750618137507225,
           "ema_span_0": 1036.068267916193,
           "ema_span_1": 971.9614670144338,
           "enabled": true,
           "initial_eprice_ema_dist": 0.009573769163465957,
           "initial_qty_pct": 0.011247606351828306,
           "markup_range": 0.0018091682623803762,
           "min_markup": 0.0023395947857689,
           "n_close_orders": 4,
           "rentry_pprice_dist": 0.04078232142948756,
           "rentry_pprice_dist_wallet_exposure_weighting": 12.881552360536952,
           "wallet_exposure_limit": 1.0}}