{"config_name": "recursive_grid_0days",
 "logging_level": 0,
 "long": {"auto_unstuck_ema_dist": -0.0031847324089964344,
          "auto_unstuck_wallet_exposure_threshold": 0.09662299066886129,
          "backwards_tp": true,
          "ddown_factor": 1.341272631716822,
          "ema_span_0": 791.1166685128545,
          "ema_span_1": 1090.663225407473,
          "enabled": true,
          "initial_eprice_ema_dist": 0.005375474514135422,
          "initial_qty_pct": 0.01,
          "markup_range": 0.00018186606701070459,
          "min_markup": 0.006893356398301413,
          "n_close_orders": 1,
          "rentry_pprice_dist": 0.023437920679155195,
          "rentry_pprice_dist_wallet_exposure_weighting": 1.773097163513236,
          "wallet_exposure_limit": 1.0},
 "short": {"auto_unstuck_ema_dist": -0.024099869271234687,
           "auto_unstuck_wallet_exposure_threshold": 0.051175982562507424,
           "backwards_tp": true,
           "ddown_factor": 1.4948721784448533,
           "ema_span_0": 990.5609774417254,
           "ema_span_1": 971.8565685929455,
           "enabled": true,
           "initial_eprice_ema_dist": 0.009558290610297964,
           "initial_qty_pct": 0.011153422985994215,
           "markup_range": 0.0008308524769812298,
           "min_markup": 0.002342033775860524,
           "n_close_orders": 4,
           "rentry_pprice_dist": 0.04083085768877378,
           "rentry_pprice_dist_wallet_exposure_weighting": 12.726852034742517,
           "wallet_exposure_limit": 1.0}}