{"config_name": "recursive_grid_0days",
 "logging_level": 0,
 "long": {"auto_unstuck_ema_dist": -0.00802588575996102,
          "auto_unstuck_wallet_exposure_threshold": 0.046060384790892896,
          "backwards_tp": true,
          "ddown_factor": 2.3416078074648716,
          "ema_span_0": 1199.0360642444741,
          "ema_span_1": 61.728891190785326,
          "enabled": true,
          "initial_eprice_ema_dist": -0.0038820192923675685,
          "initial_qty_pct": 0.017399153580174537,
          "markup_range": 0.004275054911484558,
          "min_markup": 0.0014598876565254783,
          "n_close_orders": 7,
          "rentry_pprice_dist": 0.03714605815221027,
          "rentry_pprice_dist_wallet_exposure_weighting": 1.0140056805436357,
          "wallet_exposure_limit": 1.0},
 "short": {"auto_unstuck_ema_dist": 0.0007809002301554934,
           "auto_unstuck_wallet_exposure_threshold": 0.06604041872082127,
           "backwards_tp": true,
           "ddown_factor": 0.6617364162530572,
           "ema_span_0": 1422.339141652684,
           "ema_span_1": 1352.525412764171,
           "enabled": true,
           "initial_eprice_ema_dist": 0.0009768596971579217,
           "initial_qty_pct": 0.018495278928987627,
           "markup_range": 0.005574099813487494,
           "min_markup": 0.008629607274140624,
           "n_close_orders": 14,
           "rentry_pprice_dist": 0.049576485018789064,
           "rentry_pprice_dist_wallet_exposure_weighting": 1.6828576514440643,
           "wallet_exposure_limit": 1.0}}