{"config_name": "recursive_grid_0days",
 "logging_level": 0,
 "long": {"auto_unstuck_ema_dist": 0.007058972769354854,
          "auto_unstuck_wallet_exposure_threshold": 0.09992792784434928,
          "backwards_tp": true,
          "ddown_factor": 2.266712198720566,
          "ema_span_0": 613.4521799344906,
          "ema_span_1": 708.1382327362821,
          "enabled": true,
          "initial_eprice_ema_dist": -0.0021042709990773643,
          "initial_qty_pct": 0.010000000562297152,
          "markup_range": 0.015733180138286552,
          "min_markup": 0.006504909336036192,
          "n_close_orders": 6,
          "rentry_pprice_dist": 0.04265389541075285,
          "rentry_pprice_dist_wallet_exposure_weighting": 0.0,
          "wallet_exposure_limit": 1.0},
 "short": {"auto_unstuck_ema_dist": 0.04,
           "auto_unstuck_wallet_exposure_threshold": 0.05740621979751554,
           "backwards_tp": true,
           "ddown_factor": 2.3465264245907593,
           "ema_span_0": 36.3307116244158,
           "ema_span_1": 36.55495701570431,
           "enabled": true,
           "initial_eprice_ema_dist": 0.009025104806130158,
           "initial_qty_pct": 0.018332374603518744,
           "markup_range": 0.0032383035602497412,
           "min_markup": 0.0023510018376808163,
           "n_close_orders": 15,
           "rentry_pprice_dist": 0.03915911916638907,
           "rentry_pprice_dist_wallet_exposure_weighting": 6.038749811791939,
           "wallet_exposure_limit": 1.0}}