{"config_name": "recursive_grid_0days",
 "logging_level": 0,
 "long": {"auto_unstuck_ema_dist": 0.006304323961033791,
          "auto_unstuck_wallet_exposure_threshold": 0.0999382450131428,
          "backwards_tp": true,
          "ddown_factor": 2.2660567827293674,
          "ema_span_0": 613.5871199294992,
          "ema_span_1": 708.2169761486504,
          "enabled": true,
          "initial_eprice_ema_dist": -0.002185436765983046,
          "initial_qty_pct": 0.01,
          "markup_range": 0.015680194824373005,
          "min_markup": 0.006443960834395466,
          "n_close_orders": 6,
          "rentry_pprice_dist": 0.04265976109087604,
          "rentry_pprice_dist_wallet_exposure_weighting": 0.0,
          "wallet_exposure_limit": 1.0},
 "short": {"auto_unstuck_ema_dist": 0.04021694934688486,
           "auto_unstuck_wallet_exposure_threshold": 0.05707822349270812,
           "backwards_tp": true,
           "ddown_factor": 2.3214476359673952,
           "ema_span_0": 39.91073409280126,
           "ema_span_1": 36.02036851066674,
           "enabled": true,
           "initial_eprice_ema_dist": 0.008506896371450386,
           "initial_qty_pct": 0.018298798167818837,
           "markup_range": 0.003191201834928082,
           "min_markup": 0.00234733112345059,
           "n_close_orders": 15,
           "rentry_pprice_dist": 0.03916301077211651,
           "rentry_pprice_dist_wallet_exposure_weighting": 6.414532890464385,
           "wallet_exposure_limit": 1.0}}