{"config_name": "recursive_grid_0days",
 "logging_level": 0,
 "long": {"auto_unstuck_ema_dist": -0.0016158242915597317,
          "auto_unstuck_wallet_exposure_threshold": 0.07173663333986754,
          "backwards_tp": true,
          "ddown_factor": 2.998655187184104,
          "ema_span_0": 617.3737353075973,
          "ema_span_1": 275.1532966048378,
          "enabled": true,
          "initial_eprice_ema_dist": -0.09473807331357546,
          "initial_qty_pct": 0.014435403123742087,
          "markup_range": 0.0,
          "min_markup": 0.007805427526381444,
          "n_close_orders": 1,
          "rentry_pprice_dist": 0.041179671284566226,
          "rentry_pprice_dist_wallet_exposure_weighting": 0.0,
          "wallet_exposure_limit": 1.0},
 "short": {"auto_unstuck_ema_dist": -0.008288425698511353,
           "auto_unstuck_wallet_exposure_threshold": 0.0324906915888982,
           "backwards_tp": true,
           "ddown_factor": 1.8266257945029027,
           "ema_span_0": 1094.9071114333005,
           "ema_span_1": 520.9969870732497,
           "enabled": true,
           "initial_eprice_ema_dist": -0.004695439653735312,
           "initial_qty_pct": 0.016716433234891383,
           "markup_range": 0.0010969059145371975,
           "min_markup": 0.0019077832465359246,
           "n_close_orders": 14,
           "rentry_pprice_dist": 0.022455608162593316,
           "rentry_pprice_dist_wallet_exposure_weighting": 5.023964758521147,
           "wallet_exposure_limit": 1.0}}