{"config_name": "recursive_grid_0days",
 "logging_level": 0,
 "long": {"auto_unstuck_ema_dist": -0.0038185125803941356,
          "auto_unstuck_wallet_exposure_threshold": 0.06008916801442951,
          "backwards_tp": true,
          "ddown_factor": 2.505574381698326,
          "ema_span_0": 1354.1364653806309,
          "ema_span_1": 1400.147483409912,
          "enabled": true,
          "initial_eprice_ema_dist": 4.1704222673846646e-05,
          "initial_qty_pct": 0.015183884059802111,
          "markup_range": 0.030086476494394665,
          "min_markup": 0.006378654031229702,
          "n_close_orders": 1,
          "rentry_pprice_dist": 0.03811009561462498,
          "rentry_pprice_dist_wallet_exposure_weighting": 0.8050041036958918,
          "wallet_exposure_limit": 1.0},
 "short": {"auto_unstuck_ema_dist": 0.0022544816115774003,
           "auto_unstuck_wallet_exposure_threshold": 0.07683432155012886,
           "backwards_tp": true,
           "ddown_factor": 1.9763061697336743,
           "ema_span_0": 458.6852070324084,
           "ema_span_1": 598.9824427797271,
           "enabled": true,
           "initial_eprice_ema_dist": 0.0010245358837574598,
           "initial_qty_pct": 0.010890281044695777,
           "markup_range": 0.0,
           "min_markup": 0.005947736520791768,
           "n_close_orders": 2,
           "rentry_pprice_dist": 0.03153718238283692,
           "rentry_pprice_dist_wallet_exposure_weighting": 1.6404148346322487,
           "wallet_exposure_limit": 1.0}}