{"config_name": "recursive_grid_0days",
 "logging_level": 0,
 "long": {"auto_unstuck_ema_dist": 0.048301072831210615,
          "auto_unstuck_wallet_exposure_threshold": 0.04811714045503442,
          "backwards_tp": true,
          "ddown_factor": 2.3138772582736515,
          "ema_span_0": 689.8581523645049,
          "ema_span_1": 1367.2904261301687,
          "enabled": true,
          "initial_eprice_ema_dist": 0.0015301081689236828,
          "initial_qty_pct": 0.010257720328539516,
          "markup_range": 0.0021785512987087157,
          "min_markup": 0.001220603809057786,
          "n_close_orders": 4,
          "rentry_pprice_dist": 0.029473815486147664,
          "rentry_pprice_dist_wallet_exposure_weighting": 4.040131555680428,
          "wallet_exposure_limit": 1.0},
 "short": {"auto_unstuck_ema_dist": 0.0708726924393962,
           "auto_unstuck_wallet_exposure_threshold": 0.014711196792471067,
           "backwards_tp": true,
           "ddown_factor": 1.9234674790936677,
           "ema_span_0": 466.311149900764,
           "ema_span_1": 304.8249602040016,
           "enabled": true,
           "initial_eprice_ema_dist": 0.008530665028989543,
           "initial_qty_pct": 0.016643153228875038,
           "markup_range": 0.00381085589735969,
           "min_markup": 0.004050127818629875,
           "n_close_orders": 16,
           "rentry_pprice_dist": 0.03442261042508234,
           "rentry_pprice_dist_wallet_exposure_weighting": 3.83479329380243,
           "wallet_exposure_limit": 1.0}}