{"config_name": "recursive_grid_0days",
 "logging_level": 0,
 "long": {"auto_unstuck_ema_dist": -0.030035250259154225,
          "auto_unstuck_wallet_exposure_threshold": 0.09310881373307393,
          "backwards_tp": true,
          "ddown_factor": 0.3115757863462382,
          "ema_span_0": 469.7815192893415,
          "ema_span_1": 69.00534266685797,
          "enabled": true,
          "initial_eprice_ema_dist": -0.05021707183646232,
          "initial_qty_pct": 0.015574074083988896,
          "markup_range": 0.0020678751918651287,
          "min_markup": 0.0028662194530077296,
          "n_close_orders": 11,
          "rentry_pprice_dist": 0.032453921135967255,
          "rentry_pprice_dist_wallet_exposure_weighting": 0.08256123761491793,
          "wallet_exposure_limit": 1.0},
 "short": {"auto_unstuck_ema_dist": 0.0012920620753249007,
           "auto_unstuck_wallet_exposure_threshold": 0.04850726527211676,
           "backwards_tp": true,
           "ddown_factor": 1.1605551623883077,
           "ema_span_0": 250.22474742266593,
           "ema_span_1": 1188.753753341841,
           "enabled": true,
           "initial_eprice_ema_dist": -0.007043585190530989,
           "initial_qty_pct": 0.022843015626991547,
           "markup_range": 0.0,
           "min_markup": 0.0026907166558397502,
           "n_close_orders": 1,
           "rentry_pprice_dist": 0.030025262106760642,
           "rentry_pprice_dist_wallet_exposure_weighting": 2.0491762032336607,
           "wallet_exposure_limit": 1.0}}