{"config_name": "recursive_grid_0days",
 "logging_level": 0,
 "long": {"auto_unstuck_ema_dist": -0.0024064436599674738,
          "auto_unstuck_wallet_exposure_threshold": 0.09802408267264684,
          "backwards_tp": true,
          "ddown_factor": 0.6162219047788706,
          "ema_span_0": 39.73452592636709,
          "ema_span_1": 1010.6281498228531,
          "enabled": true,
          "initial_eprice_ema_dist": 0.003465278005425791,
          "initial_qty_pct": 0.0299050386019664,
          "markup_range": 0.0023270429728885,
          "min_markup": 0.00875522826727477,
          "n_close_orders": 1,
          "rentry_pprice_dist": 0.04445028591734461,
          "rentry_pprice_dist_wallet_exposure_weighting": 0.34470781798167843,
          "wallet_exposure_limit": 1.0},
 "short": {"auto_unstuck_ema_dist": -0.02010563145313214,
           "auto_unstuck_wallet_exposure_threshold": 0.04773970791615651,
           "backwards_tp": true,
           "ddown_factor": 0.8656970909122333,
           "ema_span_0": 1293.422526713485,
           "ema_span_1": 960.9034172365863,
           "enabled": true,
           "initial_eprice_ema_dist": 0.008230079207528794,
           "initial_qty_pct": 0.010635736779812938,
           "markup_range": 0.004161481815934732,
           "min_markup": 0.0019329839305890987,
           "n_close_orders": 1,
           "rentry_pprice_dist": 0.028417304870173386,
           "rentry_pprice_dist_wallet_exposure_weighting": 21.87129840535636,
           "wallet_exposure_limit": 1.0}}