{"config_name": "recursive_grid_0days",
 "logging_level": 0,
 "long": {"auto_unstuck_ema_dist": 0.022127047812726362,
          "auto_unstuck_wallet_exposure_threshold": 0.022611070818153157,
          "backwards_tp": true,
          "ddown_factor": 2.0672731841487173,
          "ema_span_0": 143.99516005105576,
          "ema_span_1": 199.7322893071219,
          "enabled": true,
          "initial_eprice_ema_dist": 0.005967758459851244,
          "initial_qty_pct": 0.014577104958890327,
          "markup_range": 0.0,
          "min_markup": 0.002960240400516662,
          "n_close_orders": 11,
          "rentry_pprice_dist": 0.03126995278662929,
          "rentry_pprice_dist_wallet_exposure_weighting": 3.079724803341594,
          "wallet_exposure_limit": 1.0},
 "short": {"auto_unstuck_ema_dist": 0.03996546711151321,
           "auto_unstuck_wallet_exposure_threshold": 0.003382750956565334,
           "backwards_tp": true,
           "ddown_factor": 1.001441591985492,
           "ema_span_0": 581.0956813446945,
           "ema_span_1": 915.5871375212291,
           "enabled": true,
           "initial_eprice_ema_dist": 0.010134104697485831,
           "initial_qty_pct": 0.01,
           "markup_range": 0.003051659587432743,
           "min_markup": 0.0012546373248009499,
           "n_close_orders": 5,
           "rentry_pprice_dist": 0.023121813734072433,
           "rentry_pprice_dist_wallet_exposure_weighting": 13.027348723567663,
           "wallet_exposure_limit": 1.0}}