{"config_name": "recursive_grid_0days",
 "logging_level": 0,
 "long": {"auto_unstuck_ema_dist": -0.0031335167266769077,
          "auto_unstuck_wallet_exposure_threshold": 0.0827303654527915,
          "backwards_tp": true,
          "ddown_factor": 2.891282730830975,
          "ema_span_0": 134.4372045912409,
          "ema_span_1": 1183.80314748971,
          "enabled": true,
          "initial_eprice_ema_dist": 0.009998408682153789,
          "initial_qty_pct": 0.019133325878150614,
          "markup_range": 0.004185626007066736,
          "min_markup": 0.006352239558632122,
          "n_close_orders": 2,
          "rentry_pprice_dist": 0.049941693059702814,
          "rentry_pprice_dist_wallet_exposure_weighting": 2.069283186853119,
          "wallet_exposure_limit": 1.0},
 "short": {"auto_unstuck_ema_dist": -0.0039479833315502885,
           "auto_unstuck_wallet_exposure_threshold": 0.03213860178754246,
           "backwards_tp": true,
           "ddown_factor": 2.530117717993605,
           "ema_span_0": 1131.666896156077,
           "ema_span_1": 998.0957553256545,
           "enabled": true,
           "initial_eprice_ema_dist": 0.009997897109424479,
           "initial_qty_pct": 0.010000011752953388,
           "markup_range": 0.006170457740109703,
           "min_markup": 0.0038628946627343196,
           "n_close_orders": 6,
           "rentry_pprice_dist": 0.03549637323837284,
           "rentry_pprice_dist_wallet_exposure_weighting": 2.6368747890163013,
           "wallet_exposure_limit": 1.0}}