{"config_name": "recursive_grid_0days",
 "logging_level": 0,
 "long": {"auto_unstuck_ema_dist": -0.028941786666946363,
          "auto_unstuck_wallet_exposure_threshold": 0.03560238808848211,
          "backwards_tp": true,
          "ddown_factor": 1.6138047241941917,
          "ema_span_0": 208.85443756599054,
          "ema_span_1": 223.5494845154572,
          "enabled": true,
          "initial_eprice_ema_dist": 0.004787111766311518,
          "initial_qty_pct": 0.011758624739397563,
          "markup_range": 0.0011371359206310758,
          "min_markup": 0.004673753953839351,
          "n_close_orders": 2,
          "rentry_pprice_dist": 0.0210893162881329,
          "rentry_pprice_dist_wallet_exposure_weighting": 0.0,
          "wallet_exposure_limit": 1.0},
 "short": {"auto_unstuck_ema_dist": 0.0026641223552486748,
           "auto_unstuck_wallet_exposure_threshold": 0.09576983191356941,
           "backwards_tp": true,
           "ddown_factor": 0.6290127677692666,
           "ema_span_0": 234.29528861039634,
           "ema_span_1": 146.80382541487796,
           "enabled": true,
           "initial_eprice_ema_dist": 0.0041637911139768115,
           "initial_qty_pct": 0.013754913306281756,
           "markup_range": 0.013054199083865608,
           "min_markup": 0.001441972393453153,
           "n_close_orders": 1,
           "rentry_pprice_dist": 0.03346096895276417,
           "rentry_pprice_dist_wallet_exposure_weighting": 1.633945006298616,
           "wallet_exposure_limit": 1.0}}