{"config_name": "recursive_grid_0days",
 "logging_level": 0,
 "long": {"auto_unstuck_ema_dist": -0.028277592221948797,
          "auto_unstuck_wallet_exposure_threshold": 0.08985635228418351,
          "backwards_tp": true,
          "ddown_factor": 0.5041025173878885,
          "ema_span_0": 183.3287622294204,
          "ema_span_1": 400.2288059515974,
          "enabled": true,
          "initial_eprice_ema_dist": -0.002837502460865133,
          "initial_qty_pct": 0.01065435124229282,
          "markup_range": 0.000728017276177431,
          "min_markup": 0.001698513905164104,
          "n_close_orders": 14,
          "rentry_pprice_dist": 0.007640874486815486,
          "rentry_pprice_dist_wallet_exposure_weighting": 5.151801238589221,
          "wallet_exposure_limit": 1.0},
 "short": {"auto_unstuck_ema_dist": -0.011431321831413627,
           "auto_unstuck_wallet_exposure_threshold": 0.04198704590817702,
           "backwards_tp": true,
           "ddown_factor": 0.10994187252970174,
           "ema_span_0": 1368.7432661670052,
           "ema_span_1": 1362.6239331252334,
           "enabled": true,
           "initial_eprice_ema_dist": 0.0009935158586890302,
           "initial_qty_pct": 0.01325862878959574,
           "markup_range": 0.0010028526970987002,
           "min_markup": 0.0010907649693188011,
           "n_close_orders": 5,
           "rentry_pprice_dist": 0.031318634472851256,
           "rentry_pprice_dist_wallet_exposure_weighting": 1.3590526771705729,
           "wallet_exposure_limit": 1.0}}