{"config_name": "recursive_grid_0days",
 "logging_level": 0,
 "long": {"auto_unstuck_ema_dist": 0.07317162648716632,
          "auto_unstuck_wallet_exposure_threshold": 0.059773931347398564,
          "backwards_tp": true,
          "ddown_factor": 2.3666457326591033,
          "ema_span_0": 585.7054046184713,
          "ema_span_1": 596.5793683903729,
          "enabled": true,
          "initial_eprice_ema_dist": 0.0064878717608706,
          "initial_qty_pct": 0.015462278381354801,
          "markup_range": 0.004094511265665235,
          "min_markup": 0.003052827101171732,
          "n_close_orders": 3,
          "rentry_pprice_dist": 0.018866382108053883,
          "rentry_pprice_dist_wallet_exposure_weighting": 19.397814516627328,
          "wallet_exposure_limit": 1.0},
 "short": {"auto_unstuck_ema_dist": 0.03468633095233549,
           "auto_unstuck_wallet_exposure_threshold": 0.039866642191609555,
           "backwards_tp": true,
           "ddown_factor": 2.143278273203222,
           "ema_span_0": 215.1836130442613,
           "ema_span_1": 630.7256393247276,
           "enabled": true,
           "initial_eprice_ema_dist": 0.005924595287380366,
           "initial_qty_pct": 0.013167868499384911,
           "markup_range": 0.0,
           "min_markup": 0.0045624379856619565,
           "n_close_orders": 14,
           "rentry_pprice_dist": 0.02158028214948327,
           "rentry_pprice_dist_wallet_exposure_weighting": 0.052378094094024524,
           "wallet_exposure_limit": 1.0}}