{"config_name": "recursive_grid_0days",
 "logging_level": 0,
 "long": {"auto_unstuck_ema_dist": -0.06442200538261587,
          "auto_unstuck_wallet_exposure_threshold": 0.045334884225466054,
          "backwards_tp": true,
          "ddown_factor": 2.8603722098791855,
          "ema_span_0": 993.562887172615,
          "ema_span_1": 1135.7937316370703,
          "enabled": true,
          "initial_eprice_ema_dist": 0.0009999423239809286,
          "initial_qty_pct": 0.01773120265101983,
          "markup_range": 0.001146783449991624,
          "min_markup": 0.002146065679684129,
          "n_close_orders": 10,
          "rentry_pprice_dist": 0.01732232194214343,
          "rentry_pprice_dist_wallet_exposure_weighting": 0.8090548505416555,
          "wallet_exposure_limit": 1.0},
 "short": {"auto_unstuck_ema_dist": -0.05956253616889567,
           "auto_unstuck_wallet_exposure_threshold": 0.06390124178469693,
           "backwards_tp": true,
           "ddown_factor": 0.765966797148266,
           "ema_span_0": 10,
           "ema_span_1": 10,
           "enabled": true,
           "initial_eprice_ema_dist": -0.1,
           "initial_qty_pct": 0.01,
           "markup_range": 0.0,
           "min_markup": 0.001,
           "n_close_orders": 6,
           "rentry_pprice_dist": 0.01572276769538102,
           "rentry_pprice_dist_wallet_exposure_weighting": 0.11326654967271464,
           "wallet_exposure_limit": 1}}