{"config_name": "recursive_grid_0days",
 "logging_level": 0,
 "long": {"auto_unstuck_ema_dist": -0.0008186936612495795,
          "auto_unstuck_wallet_exposure_threshold": 0.04300059756766189,
          "backwards_tp": true,
          "ddown_factor": 2.0727865081530457,
          "ema_span_0": 903.3551591109061,
          "ema_span_1": 1156.2915036014888,
          "enabled": true,
          "initial_eprice_ema_dist": -0.05250351326797601,
          "initial_qty_pct": 0.013901113698803822,
          "markup_range": 0.009753608196183925,
          "min_markup": 0.00546927196583444,
          "n_close_orders": 7,
          "rentry_pprice_dist": 0.032821112163258975,
          "rentry_pprice_dist_wallet_exposure_weighting": 1.160587736066864,
          "wallet_exposure_limit": 1.0},
 "short": {"auto_unstuck_ema_dist": -0.0004504078635197834,
           "auto_unstuck_wallet_exposure_threshold": 0.043339794543523456,
           "backwards_tp": true,
           "ddown_factor": 0.4912138931084702,
           "ema_span_0": 298.11182180690275,
           "ema_span_1": 1422.6719541652094,
           "enabled": true,
           "initial_eprice_ema_dist": -0.0026306252077349496,
           "initial_qty_pct": 0.011417162321057847,
           "markup_range": 0.012804698345562113,
           "min_markup": 0.009966875973344303,
           "n_close_orders": 8,
           "rentry_pprice_dist": 0.012003449184890484,
           "rentry_pprice_dist_wallet_exposure_weighting": 4.2972173306428525,
           "wallet_exposure_limit": 1.0}}