{"config_name": "recursive_grid_0days",
 "logging_level": 0,
 "long": {"auto_unstuck_ema_dist": 0.01949280357351746,
          "auto_unstuck_wallet_exposure_threshold": 0.07444166025938978,
          "backwards_tp": true,
          "ddown_factor": 1.2489329409554353,
          "ema_span_0": 54.49760502201532,
          "ema_span_1": 94.65654245097424,
          "enabled": true,
          "initial_eprice_ema_dist": -0.0190478559697806,
          "initial_qty_pct": 0.01093680817800592,
          "markup_range": 0.005499771391552411,
          "min_markup": 0.0029277618420675494,
          "n_close_orders": 2,
          "rentry_pprice_dist": 0.03761738269131079,
          "rentry_pprice_dist_wallet_exposure_weighting": 0.02548864147180335,
          "wallet_exposure_limit": 1.0},
 "short": {"auto_unstuck_ema_dist": 0.03778879307831206,
           "auto_unstuck_wallet_exposure_threshold": 0.0032090475752678243,
           "backwards_tp": true,
           "ddown_factor": 1.8662395263815117,
           "ema_span_0": 666.9428468442458,
           "ema_span_1": 1196.988729451947,
           "enabled": true,
           "initial_eprice_ema_dist": 0.008685410485252745,
           "initial_qty_pct": 0.022672348184239632,
           "markup_range": 0.00531770417372392,
           "min_markup": 0.0060350236218498655,
           "n_close_orders": 2,
           "rentry_pprice_dist": 0.03407792169349802,
           "rentry_pprice_dist_wallet_exposure_weighting": 5.216917980079528,
           "wallet_exposure_limit": 1.0}}