{"config_name": "recursive_grid_0days",
 "logging_level": 0,
 "long": {"auto_unstuck_ema_dist": 0.037544602882741064,
          "auto_unstuck_wallet_exposure_threshold": 0.025124975395002816,
          "backwards_tp": true,
          "ddown_factor": 2.960623293429552,
          "ema_span_0": 482.60223571162766,
          "ema_span_1": 806.703038649811,
          "enabled": true,
          "initial_eprice_ema_dist": 0.014835550359751055,
          "initial_qty_pct": 0.02178435163094115,
          "markup_range": 0.002935385670337549,
          "min_markup": 0.00494720730884536,
          "n_close_orders": 3,
          "rentry_pprice_dist": 0.023147769111195534,
          "rentry_pprice_dist_wallet_exposure_weighting": 10.073848402093066,
          "wallet_exposure_limit": 1.0},
 "short": {"auto_unstuck_ema_dist": 0.04,
           "auto_unstuck_wallet_exposure_threshold": 0.08609071513208852,
           "backwards_tp": true,
           "ddown_factor": 2.7264767743908274,
           "ema_span_0": 78.68041256068442,
           "ema_span_1": 97.17873488115063,
           "enabled": true,
           "initial_eprice_ema_dist": 0.008239233416162353,
           "initial_qty_pct": 0.0155675485452521,
           "markup_range": 0.007792541931432089,
           "min_markup": 0.0028881530784583918,
           "n_close_orders": 9,
           "rentry_pprice_dist": 0.03308047405855474,
           "rentry_pprice_dist_wallet_exposure_weighting": 6.024280368647264,
           "wallet_exposure_limit": 1.0}}