{"config_name": "recursive_grid_0days",
 "logging_level": 0,
 "long": {"auto_unstuck_ema_dist": 0.01063811968749435,
          "auto_unstuck_wallet_exposure_threshold": 0.012622581678749257,
          "backwards_tp": true,
          "ddown_factor": 2.5491296184293,
          "ema_span_0": 584.1756643901049,
          "ema_span_1": 486.62169768527434,
          "enabled": true,
          "initial_eprice_ema_dist": 0.009193078114051354,
          "initial_qty_pct": 0.016870802569741057,
          "markup_range": 0.007929979295522225,
          "min_markup": 0.005230230226892447,
          "n_close_orders": 4,
          "rentry_pprice_dist": 0.04675541442050121,
          "rentry_pprice_dist_wallet_exposure_weighting": 0.22033177023948625,
          "wallet_exposure_limit": 1.0},
 "short": {"auto_unstuck_ema_dist": 0.037537195330558555,
           "auto_unstuck_wallet_exposure_threshold": 0.007016762803725413,
           "backwards_tp": true,
           "ddown_factor": 2.0979728520506593,
           "ema_span_0": 676.8425124851352,
           "ema_span_1": 866.1828137725622,
           "enabled": true,
           "initial_eprice_ema_dist": 0.010505634855278155,
           "initial_qty_pct": 0.014029482215411348,
           "markup_range": 0.0077888031326581,
           "min_markup": 0.0022493722096661004,
           "n_close_orders": 15,
           "rentry_pprice_dist": 0.026837402202897844,
           "rentry_pprice_dist_wallet_exposure_weighting": 8.300508487925388,
           "wallet_exposure_limit": 1.0}}