{"config_name": "recursive_grid_0days",
 "logging_level": 0,
 "long": {"auto_unstuck_ema_dist": 0.02656415710152729,
          "auto_unstuck_wallet_exposure_threshold": 0.07335272734801518,
          "backwards_tp": true,
          "ddown_factor": 1.1769230634494785,
          "ema_span_0": 84.00903518737323,
          "ema_span_1": 970.9330029639435,
          "enabled": true,
          "initial_eprice_ema_dist": -0.01412778021203333,
          "initial_qty_pct": 0.010555893189933128,
          "markup_range": 0.0019776530538472086,
          "min_markup": 0.0042594860176093565,
          "n_close_orders": 16,
          "rentry_pprice_dist": 0.028129988360726027,
          "rentry_pprice_dist_wallet_exposure_weighting": 0.6748247878418586,
          "wallet_exposure_limit": 1.0},
 "short": {"auto_unstuck_ema_dist": 0.07803186730751191,
           "auto_unstuck_wallet_exposure_threshold": 0.05621489537231829,
           "backwards_tp": true,
           "ddown_factor": 1.1665504455088016,
           "ema_span_0": 334.63151481312354,
           "ema_span_1": 653.4324290512125,
           "enabled": true,
           "initial_eprice_ema_dist": -0.0033086162212178295,
           "initial_qty_pct": 0.01412010644074489,
           "markup_range": 0.00590818797612572,
           "min_markup": 0.006561490737698558,
           "n_close_orders": 2,
           "rentry_pprice_dist": 0.019289556610847677,
           "rentry_pprice_dist_wallet_exposure_weighting": 9.773547483682725,
           "wallet_exposure_limit": 1.0}}