{"config_name": "recursive_grid_0days",
 "logging_level": 0,
 "long": {"auto_unstuck_ema_dist": -0.017631888368909096,
          "auto_unstuck_wallet_exposure_threshold": 0.09685753604199869,
          "backwards_tp": true,
          "ddown_factor": 0.1,
          "ema_span_0": 82.3021199137788,
          "ema_span_1": 249.52381440510138,
          "enabled": true,
          "initial_eprice_ema_dist": -0.005749558964483484,
          "initial_qty_pct": 0.05467814435778812,
          "markup_range": 0.0077746062457398485,
          "min_markup": 0.0033385200870167785,
          "n_close_orders": 15,
          "rentry_pprice_dist": 0.03543647738759949,
          "rentry_pprice_dist_wallet_exposure_weighting": 0.9233343743072514,
          "wallet_exposure_limit": 1.0},
 "short": {"auto_unstuck_ema_dist": -0.03933299298339122,
           "auto_unstuck_wallet_exposure_threshold": 0.04792488954467928,
           "backwards_tp": true,
           "ddown_factor": 0.18058410545434866,
           "ema_span_0": 208.97541136267262,
           "ema_span_1": 207.25656274262687,
           "enabled": true,
           "initial_eprice_ema_dist": 9.348696176116929e-05,
           "initial_qty_pct": 0.017070568338351806,
           "markup_range": 0.0020434944678551672,
           "min_markup": 0.006372677882516219,
           "n_close_orders": 11,
           "rentry_pprice_dist": 0.012379661812134436,
           "rentry_pprice_dist_wallet_exposure_weighting": 12.997041126546485,
           "wallet_exposure_limit": 1.0}}