{"config_name": "recursive_grid_0days",
 "logging_level": 0,
 "long": {"auto_unstuck_ema_dist": -0.023430262362630464,
          "auto_unstuck_wallet_exposure_threshold": 0.05823994640893722,
          "backwards_tp": true,
          "ddown_factor": 1.261473634677457,
          "ema_span_0": 814.9882880075021,
          "ema_span_1": 1129.357646625038,
          "enabled": true,
          "initial_eprice_ema_dist": -0.08784508107343696,
          "initial_qty_pct": 0.014972366511493257,
          "markup_range": 0.0025612982773841027,
          "min_markup": 0.009656709944500939,
          "n_close_orders": 15,
          "rentry_pprice_dist": 0.037171817179434186,
          "rentry_pprice_dist_wallet_exposure_weighting": 2.809862757197782,
          "wallet_exposure_limit": 1.0},
 "short": {"auto_unstuck_ema_dist": 0.001,
           "auto_unstuck_wallet_exposure_threshold": 0.0300140800336098,
           "backwards_tp": true,
           "ddown_factor": 0.9060089728145484,
           "ema_span_0": 1070.9509570692594,
           "ema_span_1": 1390.684461620698,
           "enabled": true,
           "initial_eprice_ema_dist": -0.0033472141087516234,
           "initial_qty_pct": 0.011751147189446249,
           "markup_range": 0.00048639742989211145,
           "min_markup": 0.009926577925528283,
           "n_close_orders": 7,
           "rentry_pprice_dist": 0.012110575167694572,
           "rentry_pprice_dist_wallet_exposure_weighting": 9.84904778482166,
           "wallet_exposure_limit": 1.0}}