{"config_name": "recursive_grid_0days",
 "logging_level": 0,
 "long": {"auto_unstuck_ema_dist": 0.030370405655079567,
          "auto_unstuck_wallet_exposure_threshold": 0.04764300763816117,
          "backwards_tp": true,
          "ddown_factor": 1.8477869078992546,
          "ema_span_0": 416.37491544813486,
          "ema_span_1": 677.0146305029135,
          "enabled": true,
          "initial_eprice_ema_dist": 0.011250443223188857,
          "initial_qty_pct": 0.01,
          "markup_range": 0.00020344523816353136,
          "min_markup": 0.0013534457725394666,
          "n_close_orders": 12,
          "rentry_pprice_dist": 0.030159153871762878,
          "rentry_pprice_dist_wallet_exposure_weighting": 33.33028571402399,
          "wallet_exposure_limit": 1.0},
 "short": {"auto_unstuck_ema_dist": 0.011417105073971763,
           "auto_unstuck_wallet_exposure_threshold": 0.09705225808802735,
           "backwards_tp": true,
           "ddown_factor": 2.3939154027740104,
           "ema_span_0": 665.9041490849412,
           "ema_span_1": 869.3567466522442,
           "enabled": true,
           "initial_eprice_ema_dist": 0.0038292841783040816,
           "initial_qty_pct": 0.011588330464075267,
           "markup_range": 0.001544887305628255,
           "min_markup": 0.003754619923364805,
           "n_close_orders": 6,
           "rentry_pprice_dist": 0.012097517841838455,
           "rentry_pprice_dist_wallet_exposure_weighting": 6.669506863474632,
           "wallet_exposure_limit": 1.0}}