{"config_name": "recursive_grid_0days",
 "logging_level": 0,
 "long": {"auto_unstuck_ema_dist": 0.00010648023435591203,
          "auto_unstuck_wallet_exposure_threshold": 0.08501056052824008,
          "backwards_tp": true,
          "ddown_factor": 1.3085305587148666,
          "ema_span_0": 1134.5535388670069,
          "ema_span_1": 1086.0568875651622,
          "enabled": true,
          "initial_eprice_ema_dist": 0.008170971576391071,
          "initial_qty_pct": 0.02818061774606875,
          "markup_range": 0.05116601987976246,
          "min_markup": 0.00668025061583875,
          "n_close_orders": 1,
          "rentry_pprice_dist": 0.03386101057894494,
          "rentry_pprice_dist_wallet_exposure_weighting": 4.04235386229356,
          "wallet_exposure_limit": 1.0},
 "short": {"auto_unstuck_ema_dist": 0.001949455505185228,
           "auto_unstuck_wallet_exposure_threshold": 0.037394002239008774,
           "backwards_tp": true,
           "ddown_factor": 1.4627450556555683,
           "ema_span_0": 1321.547528697112,
           "ema_span_1": 1071.6211459203332,
           "enabled": true,
           "initial_eprice_ema_dist": 0.0046984091061421426,
           "initial_qty_pct": 0.017357646790568674,
           "markup_range": 0.002961059907106762,
           "min_markup": 0.009919171597220257,
           "n_close_orders": 15,
           "rentry_pprice_dist": 0.03731388527015417,
           "rentry_pprice_dist_wallet_exposure_weighting": 0.37432213412726917,
           "wallet_exposure_limit": 1.0}}