{"config_name": "recursive_grid_0days",
 "logging_level": 0,
 "long": {"auto_unstuck_ema_dist": 0.01055849370569537,
          "auto_unstuck_wallet_exposure_threshold": 0.005842551317299242,
          "backwards_tp": true,
          "ddown_factor": 1.1311407470817898,
          "ema_span_0": 603.1456623010546,
          "ema_span_1": 665.3170184228472,
          "enabled": true,
          "initial_eprice_ema_dist": -0.0035059006194629633,
          "initial_qty_pct": 0.011010514258349216,
          "markup_range": 0.0023575896233988362,
          "min_markup": 0.007261120068167779,
          "n_close_orders": 10,
          "rentry_pprice_dist": 0.036910006212954705,
          "rentry_pprice_dist_wallet_exposure_weighting": 1.838151130344574e-05,
          "wallet_exposure_limit": 1.0},
 "short": {"auto_unstuck_ema_dist": 0.024466553461767078,
           "auto_unstuck_wallet_exposure_threshold": 0.003905898061489691,
           "backwards_tp": true,
           "ddown_factor": 2.8799392444226823,
           "ema_span_0": 708.3808172298393,
           "ema_span_1": 1301.7380409815155,
           "enabled": true,
           "initial_eprice_ema_dist": 0.0039028445458420126,
           "initial_qty_pct": 0.016112833230801385,
           "markup_range": 0.011708955211693914,
           "min_markup": 0.00387509472902439,
           "n_close_orders": 4,
           "rentry_pprice_dist": 0.035612965852267114,
           "rentry_pprice_dist_wallet_exposure_weighting": 0.0,
           "wallet_exposure_limit": 1.0}}