{"config_name": "recursive_grid_0days",
 "logging_level": 0,
 "long": {"auto_unstuck_ema_dist": -0.014990154331973425,
          "auto_unstuck_wallet_exposure_threshold": 0.0532516865415141,
          "backwards_tp": true,
          "ddown_factor": 1.2981345092961094,
          "ema_span_0": 805.2416022446747,
          "ema_span_1": 74.98126410941603,
          "enabled": true,
          "initial_eprice_ema_dist": -0.03766128898898524,
          "initial_qty_pct": 0.013463847678636532,
          "markup_range": 0.00412789215179471,
          "min_markup": 0.004642093323786869,
          "n_close_orders": 12,
          "rentry_pprice_dist": 0.02844329199035618,
          "rentry_pprice_dist_wallet_exposure_weighting": 4.765320701964113,
          "wallet_exposure_limit": 1.0},
 "short": {"auto_unstuck_ema_dist": -0.007117352520517543,
           "auto_unstuck_wallet_exposure_threshold": 0.03262283164423347,
           "backwards_tp": true,
           "ddown_factor": 0.5517254951131225,
           "ema_span_0": 1421.375832483472,
           "ema_span_1": 1101.2961044648073,
           "enabled": true,
           "initial_eprice_ema_dist": 0.001,
           "initial_qty_pct": 0.01019023534295983,
           "markup_range": 0.0,
           "min_markup": 0.001347120608639788,
           "n_close_orders": 14,
           "rentry_pprice_dist": 0.04572847010598921,
           "rentry_pprice_dist_wallet_exposure_weighting": 18.463666536012333,
           "wallet_exposure_limit": 1.0}}