{"config_name": "recursive_grid_0days",
 "logging_level": 0,
 "long": {"auto_unstuck_ema_dist": 0.03999298034721197,
          "auto_unstuck_wallet_exposure_threshold": 0.062257163475092844,
          "backwards_tp": true,
          "ddown_factor": 1.5053213342743181,
          "ema_span_0": 436.9442367739245,
          "ema_span_1": 935.0050117515156,
          "enabled": true,
          "initial_eprice_ema_dist": 0.005736383101546589,
          "initial_qty_pct": 0.012677915016288902,
          "markup_range": 0.012877181682882244,
          "min_markup": 0.004606932737274344,
          "n_close_orders": 12,
          "rentry_pprice_dist": 0.0442413644410603,
          "rentry_pprice_dist_wallet_exposure_weighting": 1.0762634787157919,
          "wallet_exposure_limit": 1.0},
 "short": {"auto_unstuck_ema_dist": 0.009800904450633377,
           "auto_unstuck_wallet_exposure_threshold": 0.05200569482313239,
           "backwards_tp": true,
           "ddown_factor": 2.580653202527419,
           "ema_span_0": 610.4601712525129,
           "ema_span_1": 179.89251244705963,
           "enabled": true,
           "initial_eprice_ema_dist": -0.017770159059163612,
           "initial_qty_pct": 0.01,
           "markup_range": 0.004593294424608561,
           "min_markup": 0.008013905451908032,
           "n_close_orders": 4,
           "rentry_pprice_dist": 0.03018472885266068,
           "rentry_pprice_dist_wallet_exposure_weighting": 0.0,
           "wallet_exposure_limit": 1.0}}