{"config_name": "recursive_grid_0days",
 "logging_level": 0,
 "long": {"auto_unstuck_ema_dist": 0.04036801042567545,
          "auto_unstuck_wallet_exposure_threshold": 0.06223452196899797,
          "backwards_tp": true,
          "ddown_factor": 1.5082737454053687,
          "ema_span_0": 437.3477894015615,
          "ema_span_1": 932.4708613391341,
          "enabled": true,
          "initial_eprice_ema_dist": 0.005777636264816385,
          "initial_qty_pct": 0.012624594118514975,
          "markup_range": 0.012804794629444177,
          "min_markup": 0.004600947833209351,
          "n_close_orders": 12,
          "rentry_pprice_dist": 0.04423951489007666,
          "rentry_pprice_dist_wallet_exposure_weighting": 1.0677317112688582,
          "wallet_exposure_limit": 1.0},
 "short": {"auto_unstuck_ema_dist": 0.00755974106408794,
           "auto_unstuck_wallet_exposure_threshold": 0.05230773234537178,
           "backwards_tp": true,
           "ddown_factor": 2.5836936138830744,
           "ema_span_0": 611.6399436884099,
           "ema_span_1": 184.40173688167636,
           "enabled": true,
           "initial_eprice_ema_dist": -0.01777873495156866,
           "initial_qty_pct": 0.01,
           "markup_range": 0.004602874855572374,
           "min_markup": 0.00798662131351038,
           "n_close_orders": 4,
           "rentry_pprice_dist": 0.030125186466345846,
           "rentry_pprice_dist_wallet_exposure_weighting": 0.0,
           "wallet_exposure_limit": 1.0}}