{"config_name": "recursive_grid_0days",
 "logging_level": 0,
 "long": {"auto_unstuck_ema_dist": -0.009447422166763303,
          "auto_unstuck_wallet_exposure_threshold": 0.04924961207203411,
          "backwards_tp": true,
          "ddown_factor": 0.7165749051816589,
          "ema_span_0": 881.2160335989794,
          "ema_span_1": 1131.5816403796862,
          "enabled": true,
          "initial_eprice_ema_dist": -0.006313647060495656,
          "initial_qty_pct": 0.02525818255695113,
          "markup_range": 0.0028883900262887813,
          "min_markup": 0.006856773368083462,
          "n_close_orders": 3,
          "rentry_pprice_dist": 0.030235488278942742,
          "rentry_pprice_dist_wallet_exposure_weighting": 2.8810108380348014,
          "wallet_exposure_limit": 1.0},
 "short": {"auto_unstuck_ema_dist": -0.0009502781305262967,
           "auto_unstuck_wallet_exposure_threshold": 0.07761172960057153,
           "backwards_tp": true,
           "ddown_factor": 2.9221923036925577,
           "ema_span_0": 1421.5585715866075,
           "ema_span_1": 301.244128439232,
           "enabled": true,
           "initial_eprice_ema_dist": -0.023189242128776853,
           "initial_qty_pct": 0.01687042842428167,
           "markup_range": 0.002285577364443079,
           "min_markup": 0.006294996284643112,
           "n_close_orders": 1,
           "rentry_pprice_dist": 0.034242884227717714,
           "rentry_pprice_dist_wallet_exposure_weighting": 4.273131607693333,
           "wallet_exposure_limit": 1.0}}