{"config_name": "recursive_grid_0days",
 "logging_level": 0,
 "long": {"auto_unstuck_ema_dist": 0.0025447976940929946,
          "auto_unstuck_wallet_exposure_threshold": 0.05924367678316613,
          "backwards_tp": true,
          "ddown_factor": 1.9958443701643285,
          "ema_span_0": 458.54460103202337,
          "ema_span_1": 403.5628726825049,
          "enabled": true,
          "initial_eprice_ema_dist": -0.000281715018408646,
          "initial_qty_pct": 0.01085968025050841,
          "markup_range": 0.004347188870293074,
          "min_markup": 0.002678673340316044,
          "n_close_orders": 14,
          "rentry_pprice_dist": 0.013124269740744344,
          "rentry_pprice_dist_wallet_exposure_weighting": 3.405330682792271,
          "wallet_exposure_limit": 1.0},
 "short": {"auto_unstuck_ema_dist": 0.0846823479281576,
           "auto_unstuck_wallet_exposure_threshold": 0.030072890135430557,
           "backwards_tp": true,
           "ddown_factor": 2.7620626413138227,
           "ema_span_0": 267.28917576739315,
           "ema_span_1": 222.87411337699618,
           "enabled": true,
           "initial_eprice_ema_dist": 0.0050514879469879415,
           "initial_qty_pct": 0.011583962825457995,
           "markup_range": 0.0007398191470415417,
           "min_markup": 0.0025174031924445465,
           "n_close_orders": 9,
           "rentry_pprice_dist": 0.03298951803214696,
           "rentry_pprice_dist_wallet_exposure_weighting": 0.0,
           "wallet_exposure_limit": 1.0}}