{"config_name": "recursive_grid_0days",
 "logging_level": 0,
 "long": {"auto_unstuck_ema_dist": -0.001161199284045114,
          "auto_unstuck_wallet_exposure_threshold": 0.04744715266216049,
          "backwards_tp": true,
          "ddown_factor": 1.4933697608377174,
          "ema_span_0": 737.6940353487191,
          "ema_span_1": 902.436725188711,
          "enabled": true,
          "initial_eprice_ema_dist": -0.09852608359911381,
          "initial_qty_pct": 0.011962791814608369,
          "markup_range": 0.0015045140319217124,
          "min_markup": 0.0038415724902948188,
          "n_close_orders": 9,
          "rentry_pprice_dist": 0.01459164720270539,
          "rentry_pprice_dist_wallet_exposure_weighting": 3.1125329025888795,
          "wallet_exposure_limit": 1.0},
 "short": {"auto_unstuck_ema_dist": 0.001,
           "auto_unstuck_wallet_exposure_threshold": 0.06280730980594817,
           "backwards_tp": true,
           "ddown_factor": 0.9289721757461634,
           "ema_span_0": 48.51363973235864,
           "ema_span_1": 936.7023998536592,
           "enabled": true,
           "initial_eprice_ema_dist": -0.0004970389005628282,
           "initial_qty_pct": 0.011175240775085003,
           "markup_range": 0.0,
           "min_markup": 0.0026989161041456123,
           "n_close_orders": 5,
           "rentry_pprice_dist": 0.025514901833388545,
           "rentry_pprice_dist_wallet_exposure_weighting": 1.9362475518291093,
           "wallet_exposure_limit": 1.0}}