{"config_name": "recursive_grid_0days",
 "logging_level": 0,
 "long": {"auto_unstuck_ema_dist": 0.005432900956612827,
          "auto_unstuck_wallet_exposure_threshold": 0.002457936321263196,
          "backwards_tp": true,
          "ddown_factor": 3.0,
          "ema_span_0": 719.9998877087015,
          "ema_span_1": 1024.3053050329156,
          "enabled": true,
          "initial_eprice_ema_dist": -0.030142826915090636,
          "initial_qty_pct": 0.010694739591350316,
          "markup_range": 0.0,
          "min_markup": 0.0073429709492013615,
          "n_close_orders": 9,
          "rentry_pprice_dist": 0.03301975762136347,
          "rentry_pprice_dist_wallet_exposure_weighting": 0.0,
          "wallet_exposure_limit": 1.0},
 "short": {"auto_unstuck_ema_dist": 0.01116956272815873,
           "auto_unstuck_wallet_exposure_threshold": 0.09333814026331927,
           "backwards_tp": true,
           "ddown_factor": 1.6165943879407696,
           "ema_span_0": 169.47872434030828,
           "ema_span_1": 168.2364590973127,
           "enabled": true,
           "initial_eprice_ema_dist": -7.20318760487923e-05,
           "initial_qty_pct": 0.01572877542799253,
           "markup_range": 0.007780171427590441,
           "min_markup": 0.0026676552808163343,
           "n_close_orders": 3,
           "rentry_pprice_dist": 0.0285157550778095,
           "rentry_pprice_dist_wallet_exposure_weighting": 0.0,
           "wallet_exposure_limit": 1.0}}