{"config_name": "recursive_grid_0days",
 "logging_level": 0,
 "long": {"auto_unstuck_ema_dist": 0.04,
          "auto_unstuck_wallet_exposure_threshold": 0.06863163954006156,
          "backwards_tp": true,
          "ddown_factor": 2.7766049884852393,
          "ema_span_0": 363.97152725194496,
          "ema_span_1": 692.3619258862128,
          "enabled": true,
          "initial_eprice_ema_dist": 0.0031030930188094166,
          "initial_qty_pct": 0.017076765154475832,
          "markup_range": 0.003341130353080832,
          "min_markup": 0.006715406010499854,
          "n_close_orders": 3,
          "rentry_pprice_dist": 0.047459705576553365,
          "rentry_pprice_dist_wallet_exposure_weighting": 1.6520463960185077,
          "wallet_exposure_limit": 1.0},
 "short": {"auto_unstuck_ema_dist": 0.024576311602508928,
           "auto_unstuck_wallet_exposure_threshold": 0.07118269816634419,
           "backwards_tp": true,
           "ddown_factor": 2.993937915812494,
           "ema_span_0": 186.83362769140757,
           "ema_span_1": 470.52980392869546,
           "enabled": true,
           "initial_eprice_ema_dist": -0.01503274829414835,
           "initial_qty_pct": 0.017379647457145264,
           "markup_range": 0.0006008981788256189,
           "min_markup": 0.007098601018087083,
           "n_close_orders": 5,
           "rentry_pprice_dist": 0.03645363826621664,
           "rentry_pprice_dist_wallet_exposure_weighting": 3.043320891989616,
           "wallet_exposure_limit": 1.0}}