{"config_name": "recursive_grid_0days",
 "logging_level": 0,
 "long": {"auto_unstuck_ema_dist": 0.031549098652575984,
          "auto_unstuck_wallet_exposure_threshold": 0.02638208074032553,
          "backwards_tp": true,
          "ddown_factor": 1.1106979940433346,
          "ema_span_0": 453.5231627086145,
          "ema_span_1": 1101.4734284880692,
          "enabled": true,
          "initial_eprice_ema_dist": 0.005334026628743296,
          "initial_qty_pct": 0.020447016061929106,
          "markup_range": 0.002611272718924353,
          "min_markup": 0.006642484437601792,
          "n_close_orders": 4,
          "rentry_pprice_dist": 0.024517410695606867,
          "rentry_pprice_dist_wallet_exposure_weighting": 1.6195182289663914,
          "wallet_exposure_limit": 1.0},
 "short": {"auto_unstuck_ema_dist": 0.008831720798717585,
           "auto_unstuck_wallet_exposure_threshold": 0.043246906956956155,
           "backwards_tp": true,
           "ddown_factor": 2.461245536706981,
           "ema_span_0": 304.6138835731571,
           "ema_span_1": 289.40010390602623,
           "enabled": true,
           "initial_eprice_ema_dist": 0.005145108447961184,
           "initial_qty_pct": 0.01,
           "markup_range": 0.004583138594776832,
           "min_markup": 0.003344770885813348,
           "n_close_orders": 4,
           "rentry_pprice_dist": 0.03086405841938706,
           "rentry_pprice_dist_wallet_exposure_weighting": 0.7555091175471061,
           "wallet_exposure_limit": 1.0}}