{"config_name": "recursive_grid_0days",
 "logging_level": 0,
 "long": {"auto_unstuck_ema_dist": -0.006607010822362568,
          "auto_unstuck_wallet_exposure_threshold": 0.03,
          "backwards_tp": true,
          "ddown_factor": 2.3124986231322016,
          "ema_span_0": 658.26132026344,
          "ema_span_1": 412.98045161536675,
          "enabled": true,
          "initial_eprice_ema_dist": 0.01,
          "initial_qty_pct": 0.01,
          "markup_range": 0.00400105825401808,
          "min_markup": 0.001000268221825349,
          "n_close_orders": 5,
          "rentry_pprice_dist": 0.017825189722193695,
          "rentry_pprice_dist_wallet_exposure_weighting": 0.0,
          "wallet_exposure_limit": 1.0},
 "short": {"auto_unstuck_ema_dist": -0.04739725829175451,
           "auto_unstuck_wallet_exposure_threshold": 0.05466969451132854,
           "backwards_tp": true,
           "ddown_factor": 0.10590138108083907,
           "ema_span_0": 1179.0819070840803,
           "ema_span_1": 163.89304479140654,
           "enabled": true,
           "initial_eprice_ema_dist": 0.0040841736309678725,
           "initial_qty_pct": 0.017520540207081957,
           "markup_range": 0.006836664538405797,
           "min_markup": 0.008632221122189638,
           "n_close_orders": 3,
           "rentry_pprice_dist": 0.020810631166413886,
           "rentry_pprice_dist_wallet_exposure_weighting": 5.069373848020223,
           "wallet_exposure_limit": 1.0}}