{"config_name": "recursive_grid_0days",
 "logging_level": 0,
 "long": {"auto_unstuck_ema_dist": 0.003270616531873111,
          "auto_unstuck_wallet_exposure_threshold": 0.09270236791851162,
          "backwards_tp": true,
          "ddown_factor": 2.682197032732941,
          "ema_span_0": 598.4238344532356,
          "ema_span_1": 527.1920401569874,
          "enabled": true,
          "initial_eprice_ema_dist": 0.012592245268950327,
          "initial_qty_pct": 0.021060704839624265,
          "markup_range": 0.0026890945346172324,
          "min_markup": 0.008580439618420997,
          "n_close_orders": 7,
          "rentry_pprice_dist": 0.030912495370910946,
          "rentry_pprice_dist_wallet_exposure_weighting": 1.9614655650220771,
          "wallet_exposure_limit": 1.0},
 "short": {"auto_unstuck_ema_dist": 0.009897344280820935,
           "auto_unstuck_wallet_exposure_threshold": 0.05390158123509956,
           "backwards_tp": true,
           "ddown_factor": 1.0946284007226807,
           "ema_span_0": 259.1173288322181,
           "ema_span_1": 1009.5139410696527,
           "enabled": true,
           "initial_eprice_ema_dist": -0.0022161539264773885,
           "initial_qty_pct": 0.01579244943905836,
           "markup_range": 0.010814707215758609,
           "min_markup": 0.009604646828171262,
           "n_close_orders": 11,
           "rentry_pprice_dist": 0.039386952531592676,
           "rentry_pprice_dist_wallet_exposure_weighting": 3.2296989653780193,
           "wallet_exposure_limit": 1.0}}