{"config_name": "recursive_grid_0days",
 "logging_level": 0,
 "long": {"auto_unstuck_ema_dist": -0.001420234980650731,
          "auto_unstuck_wallet_exposure_threshold": 0.05505414516005319,
          "backwards_tp": true,
          "ddown_factor": 1.3503132460194693,
          "ema_span_0": 896.8190488937104,
          "ema_span_1": 504.89191686445804,
          "enabled": true,
          "initial_eprice_ema_dist": 0.001,
          "initial_qty_pct": 0.019023145156400818,
          "markup_range": 0.0067920235570176415,
          "min_markup": 0.009997252393442846,
          "n_close_orders": 9,
          "rentry_pprice_dist": 0.03730017548110452,
          "rentry_pprice_dist_wallet_exposure_weighting": 0.9361992397512316,
          "wallet_exposure_limit": 1.0},
 "short": {"auto_unstuck_ema_dist": 0.0009999999494277215,
           "auto_unstuck_wallet_exposure_threshold": 0.04485266300155095,
           "backwards_tp": true,
           "ddown_factor": 2.89556087801707,
           "ema_span_0": 1391.7277790166975,
           "ema_span_1": 749.2574375116042,
           "enabled": true,
           "initial_eprice_ema_dist": -0.008986899354772608,
           "initial_qty_pct": 0.01867390393457101,
           "markup_range": 0.012353931643349183,
           "min_markup": 0.00476392102512117,
           "n_close_orders": 4,
           "rentry_pprice_dist": 0.0250564616872428,
           "rentry_pprice_dist_wallet_exposure_weighting": 1.6107158707683609,
           "wallet_exposure_limit": 1.0}}