{"config_name": "recursive_grid_0days",
 "logging_level": 0,
 "long": {"auto_unstuck_ema_dist": 0.02196281841649364,
          "auto_unstuck_wallet_exposure_threshold": 0.039893520447175417,
          "backwards_tp": true,
          "ddown_factor": 1.159270273099376,
          "ema_span_0": 703.1174138566823,
          "ema_span_1": 789.5036045804912,
          "enabled": true,
          "initial_eprice_ema_dist": 0.006650496381939848,
          "initial_qty_pct": 0.017519003985827956,
          "markup_range": 0.004346764538078331,
          "min_markup": 0.005961323564024793,
          "n_close_orders": 3,
          "rentry_pprice_dist": 0.03366591326818303,
          "rentry_pprice_dist_wallet_exposure_weighting": 2.8982071117007715,
          "wallet_exposure_limit": 1.0},
 "short": {"auto_unstuck_ema_dist": 0.02372653897509544,
           "auto_unstuck_wallet_exposure_threshold": 0.013159203779286525,
           "backwards_tp": true,
           "ddown_factor": 1.304794685800069,
           "ema_span_0": 597.560648030598,
           "ema_span_1": 1366.577010205288,
           "enabled": true,
           "initial_eprice_ema_dist": 0.003929446479978042,
           "initial_qty_pct": 0.04170372353861653,
           "markup_range": 0.002563328260607394,
           "min_markup": 0.003633552508359757,
           "n_close_orders": 14,
           "rentry_pprice_dist": 0.023054380543379462,
           "rentry_pprice_dist_wallet_exposure_weighting": 2.0147309147593533,
           "wallet_exposure_limit": 1.0}}