{"config_name": "recursive_grid_0days",
 "logging_level": 0,
 "long": {"auto_unstuck_ema_dist": -0.04386638130550444,
          "auto_unstuck_wallet_exposure_threshold": 0.06409971271627996,
          "backwards_tp": true,
          "ddown_factor": 0.23885906546562116,
          "ema_span_0": 1211.5066781571677,
          "ema_span_1": 704.0102999937519,
          "enabled": true,
          "initial_eprice_ema_dist": 0.0046167362025759185,
          "initial_qty_pct": 0.01995837353434061,
          "markup_range": 0.003332607661166506,
          "min_markup": 0.008379586130623375,
          "n_close_orders": 6,
          "rentry_pprice_dist": 0.032595977657158375,
          "rentry_pprice_dist_wallet_exposure_weighting": 0.3936350163054781,
          "wallet_exposure_limit": 1.0},
 "short": {"auto_unstuck_ema_dist": 0.0006643050631824578,
           "auto_unstuck_wallet_exposure_threshold": 0.03204055339217806,
           "backwards_tp": true,
           "ddown_factor": 2.8964822880853784,
           "ema_span_0": 850.5392836902404,
           "ema_span_1": 1133.3019558799797,
           "enabled": true,
           "initial_eprice_ema_dist": 0.0069085674336056245,
           "initial_qty_pct": 0.017889635543637917,
           "markup_range": 0.0024320290231837046,
           "min_markup": 0.003584856832335716,
           "n_close_orders": 15,
           "rentry_pprice_dist": 0.037938785675141605,
           "rentry_pprice_dist_wallet_exposure_weighting": 0.00024764898819571194,
           "wallet_exposure_limit": 1.0}}