{"config_name": "recursive_grid_0days",
 "logging_level": 0,
 "long": {"auto_unstuck_ema_dist": -0.0053105337991423635,
          "auto_unstuck_wallet_exposure_threshold": 0.03951224756854662,
          "backwards_tp": true,
          "ddown_factor": 1.7923194069304669,
          "ema_span_0": 438.6203304246307,
          "ema_span_1": 462.9499231104929,
          "enabled": true,
          "initial_eprice_ema_dist": 0.01,
          "initial_qty_pct": 0.01,
          "markup_range": 0.0,
          "min_markup": 0.005098891611931526,
          "n_close_orders": 1,
          "rentry_pprice_dist": 0.01593394128648361,
          "rentry_pprice_dist_wallet_exposure_weighting": 0.0,
          "wallet_exposure_limit": 1.0},
 "short": {"auto_unstuck_ema_dist": 0.003,
           "auto_unstuck_wallet_exposure_threshold": 0.09110821098931043,
           "backwards_tp": true,
           "ddown_factor": 2.6396833543238647,
           "ema_span_0": 181.46430414320318,
           "ema_span_1": 402.5552764225808,
           "enabled": true,
           "initial_eprice_ema_dist": -0.0006962214594483629,
           "initial_qty_pct": 0.015293216724088565,
           "markup_range": 0.02886099679164261,
           "min_markup": 0.003903799562825044,
           "n_close_orders": 1,
           "rentry_pprice_dist": 0.040528769249452104,
           "rentry_pprice_dist_wallet_exposure_weighting": 2.143069998770678,
           "wallet_exposure_limit": 1.0}}