{"config_name": "recursive_grid_0days",
 "logging_level": 0,
 "long": {"auto_unstuck_ema_dist": 6.995732616105329e-05,
          "auto_unstuck_wallet_exposure_threshold": 0.08262549611097275,
          "backwards_tp": true,
          "ddown_factor": 1.3425973372648126,
          "ema_span_0": 445.4928356201348,
          "ema_span_1": 660.4200227782642,
          "enabled": true,
          "initial_eprice_ema_dist": -0.0023892176816573386,
          "initial_qty_pct": 0.010168078265399352,
          "markup_range": 0.00032285438797389674,
          "min_markup": 0.0030070238310851284,
          "n_close_orders": 6,
          "rentry_pprice_dist": 0.014181327317831293,
          "rentry_pprice_dist_wallet_exposure_weighting": 1.2352870976999049,
          "wallet_exposure_limit": 1.0},
 "short": {"auto_unstuck_ema_dist": -0.024276422074803884,
           "auto_unstuck_wallet_exposure_threshold": 0.03706478618983764,
           "backwards_tp": true,
           "ddown_factor": 2.582850534876075,
           "ema_span_0": 51.34176038605258,
           "ema_span_1": 781.342254732892,
           "enabled": true,
           "initial_eprice_ema_dist": 0.000985213228237038,
           "initial_qty_pct": 0.01,
           "markup_range": 0.0004826954802158416,
           "min_markup": 0.0023622004913010407,
           "n_close_orders": 9,
           "rentry_pprice_dist": 0.034911068818111506,
           "rentry_pprice_dist_wallet_exposure_weighting": 0.41713419398367624,
           "wallet_exposure_limit": 1.0}}