{"config_name": "recursive_grid_0days",
 "logging_level": 0,
 "long": {"auto_unstuck_ema_dist": -0.00047843253387205945,
          "auto_unstuck_wallet_exposure_threshold": 0.07270877529278175,
          "backwards_tp": true,
          "ddown_factor": 1.3125516256111303,
          "ema_span_0": 814.8733207528343,
          "ema_span_1": 600.270853605071,
          "enabled": true,
          "initial_eprice_ema_dist": 0.004140019534233081,
          "initial_qty_pct": 0.018344646894560376,
          "markup_range": 0.0017774736561156587,
          "min_markup": 0.003810546976074961,
          "n_close_orders": 1,
          "rentry_pprice_dist": 0.01615794886137712,
          "rentry_pprice_dist_wallet_exposure_weighting": 0.0,
          "wallet_exposure_limit": 1.0},
 "short": {"auto_unstuck_ema_dist": 0.003,
           "auto_unstuck_wallet_exposure_threshold": 0.07108424946152357,
           "backwards_tp": true,
           "ddown_factor": 0.3626310350611288,
           "ema_span_0": 198.9554848021053,
           "ema_span_1": 376.60664791407424,
           "enabled": true,
           "initial_eprice_ema_dist": 0.007369261254274944,
           "initial_qty_pct": 0.019024107740721993,
           "markup_range": 0.0032060622387531912,
           "min_markup": 0.004454814730231568,
           "n_close_orders": 15,
           "rentry_pprice_dist": 0.028783868059251035,
           "rentry_pprice_dist_wallet_exposure_weighting": 1.072136524731653e-06,
           "wallet_exposure_limit": 1.0}}