{"config_name": "recursive_grid_0days",
 "logging_level": 0,
 "long": {"auto_unstuck_ema_dist": -0.0004783665309707373,
          "auto_unstuck_wallet_exposure_threshold": 0.07270896203734718,
          "backwards_tp": true,
          "ddown_factor": 1.312548665375829,
          "ema_span_0": 814.9191667780876,
          "ema_span_1": 600.4057763881905,
          "enabled": true,
          "initial_eprice_ema_dist": 0.004139984640584106,
          "initial_qty_pct": 0.018343978787885778,
          "markup_range": 0.0017775440167946454,
          "min_markup": 0.003810976418741916,
          "n_close_orders": 1,
          "rentry_pprice_dist": 0.01615816503697639,
          "rentry_pprice_dist_wallet_exposure_weighting": 0.0,
          "wallet_exposure_limit": 1.0},
 "short": {"auto_unstuck_ema_dist": 0.0029515829350453392,
           "auto_unstuck_wallet_exposure_threshold": 0.07084419362232117,
           "backwards_tp": true,
           "ddown_factor": 0.31201251119521,
           "ema_span_0": 198.74878570330904,
           "ema_span_1": 359.6824792702297,
           "enabled": true,
           "initial_eprice_ema_dist": 0.007455717699645916,
           "initial_qty_pct": 0.019230707186304617,
           "markup_range": 0.003027715011947463,
           "min_markup": 0.004699672897947787,
           "n_close_orders": 15,
           "rentry_pprice_dist": 0.02653797532517236,
           "rentry_pprice_dist_wallet_exposure_weighting": 0.0,
           "wallet_exposure_limit": 1.0}}