{"config_name": "recursive_grid_0days",
 "logging_level": 0,
 "long": {"auto_unstuck_ema_dist": -0.010074970639004524,
          "auto_unstuck_wallet_exposure_threshold": 0.09967311244812661,
          "backwards_tp": true,
          "ddown_factor": 2.4476595060167363,
          "ema_span_0": 1028.0520595994599,
          "ema_span_1": 1048.0221125286891,
          "enabled": true,
          "initial_eprice_ema_dist": 0.0049696279700257705,
          "initial_qty_pct": 0.02569106455614322,
          "markup_range": 0.002374670137678523,
          "min_markup": 0.009032955136591109,
          "n_close_orders": 1,
          "rentry_pprice_dist": 0.04657691038888229,
          "rentry_pprice_dist_wallet_exposure_weighting": 0.8039255008219628,
          "wallet_exposure_limit": 1.0},
 "short": {"auto_unstuck_ema_dist": 0.0024060433854276794,
           "auto_unstuck_wallet_exposure_threshold": 0.07377510863010135,
           "backwards_tp": true,
           "ddown_factor": 2.7253696028779952,
           "ema_span_0": 490.7961734521295,
           "ema_span_1": 761.5028024323744,
           "enabled": true,
           "initial_eprice_ema_dist": 0.006648760446985877,
           "initial_qty_pct": 0.011256989431574362,
           "markup_range": 0.002296931889632208,
           "min_markup": 0.002566392873061115,
           "n_close_orders": 1,
           "rentry_pprice_dist": 0.04018212835785878,
           "rentry_pprice_dist_wallet_exposure_weighting": 0.44210494475611256,
           "wallet_exposure_limit": 1.0}}