{"config_name": "recursive_grid_0days",
 "logging_level": 0,
 "long": {"auto_unstuck_ema_dist": 0.002177357569880187,
          "auto_unstuck_wallet_exposure_threshold": 0.012894333147212623,
          "backwards_tp": true,
          "ddown_factor": 2.3807981129944547,
          "ema_span_0": 22.876909824446376,
          "ema_span_1": 199.0294406762307,
          "enabled": true,
          "initial_eprice_ema_dist": 0.0060410152621709155,
          "initial_qty_pct": 0.018192732125804568,
          "markup_range": 0.0031660599894039235,
          "min_markup": 0.0032424788645680053,
          "n_close_orders": 10,
          "rentry_pprice_dist": 0.013920122266410519,
          "rentry_pprice_dist_wallet_exposure_weighting": 13.402036896053376,
          "wallet_exposure_limit": 1.0},
 "short": {"auto_unstuck_ema_dist": 0.0300595142206184,
           "auto_unstuck_wallet_exposure_threshold": 0.04501524993387366,
           "backwards_tp": true,
           "ddown_factor": 2.9363227531377762,
           "ema_span_0": 286.76330070745803,
           "ema_span_1": 389.1070957341005,
           "enabled": true,
           "initial_eprice_ema_dist": 0.00786321348218489,
           "initial_qty_pct": 0.01000269139365171,
           "markup_range": 0.0014391468244400727,
           "min_markup": 0.0026426124282228547,
           "n_close_orders": 10,
           "rentry_pprice_dist": 0.03999992331661788,
           "rentry_pprice_dist_wallet_exposure_weighting": 0.49985218047586416,
           "wallet_exposure_limit": 1.0}}