{"config_name": "recursive_grid_0days",
 "logging_level": 0,
 "long": {"auto_unstuck_ema_dist": -0.03501141622633773,
          "auto_unstuck_wallet_exposure_threshold": 0.04371317878197675,
          "backwards_tp": true,
          "ddown_factor": 2.156148070010502,
          "ema_span_0": 879.540843602831,
          "ema_span_1": 171.0790437135659,
          "enabled": true,
          "initial_eprice_ema_dist": 0.01,
          "initial_qty_pct": 0.01,
          "markup_range": 2.0530896492952995e-05,
          "min_markup": 0.00510295888775721,
          "n_close_orders": 1,
          "rentry_pprice_dist": 0.021382441527452122,
          "rentry_pprice_dist_wallet_exposure_weighting": 18.188871821302754,
          "wallet_exposure_limit": 1.0},
 "short": {"auto_unstuck_ema_dist": 0.0028641753785352392,
           "auto_unstuck_wallet_exposure_threshold": 0.0433989904352968,
           "backwards_tp": true,
           "ddown_factor": 0.1,
           "ema_span_0": 553.4022601154916,
           "ema_span_1": 299.08316893927463,
           "enabled": true,
           "initial_eprice_ema_dist": 0.005481850219169041,
           "initial_qty_pct": 0.019666893883412778,
           "markup_range": 0.012200757326230289,
           "min_markup": 0.009999280558521126,
           "n_close_orders": 1,
           "rentry_pprice_dist": 0.014781832828488727,
           "rentry_pprice_dist_wallet_exposure_weighting": 14.48915069447617,
           "wallet_exposure_limit": 1.0}}