{"config_name": "recursive_grid_0days",
 "logging_level": 0,
 "long": {"auto_unstuck_ema_dist": -0.0003309102298413998,
          "auto_unstuck_wallet_exposure_threshold": 0.04395525332814339,
          "backwards_tp": true,
          "ddown_factor": 2.4523475184484402,
          "ema_span_0": 189.10699046385025,
          "ema_span_1": 387.8012055099852,
          "enabled": true,
          "initial_eprice_ema_dist": 0.01181568978853101,
          "initial_qty_pct": 0.01091339069351546,
          "markup_range": 0.001686806594235297,
          "min_markup": 0.0011324423867448287,
          "n_close_orders": 11,
          "rentry_pprice_dist": 0.04485928334413546,
          "rentry_pprice_dist_wallet_exposure_weighting": 11.230160117007074,
          "wallet_exposure_limit": 1.0},
 "short": {"auto_unstuck_ema_dist": 0.005803815334440026,
           "auto_unstuck_wallet_exposure_threshold": 0.07240249824514576,
           "backwards_tp": true,
           "ddown_factor": 2.6934416032506796,
           "ema_span_0": 439.446766660944,
           "ema_span_1": 516.0460708807404,
           "enabled": true,
           "initial_eprice_ema_dist": 0.006146633024207425,
           "initial_qty_pct": 0.013868437740856256,
           "markup_range": 0.0023317186310394494,
           "min_markup": 0.004380950444166577,
           "n_close_orders": 14,
           "rentry_pprice_dist": 0.02184453309333475,
           "rentry_pprice_dist_wallet_exposure_weighting": 9.78572010885283,
           "wallet_exposure_limit": 1.0}}