{"config_name": "recursive_grid_0days",
 "logging_level": 0,
 "long": {"auto_unstuck_ema_dist": -0.03454382781806497,
          "auto_unstuck_wallet_exposure_threshold": 0.04570342063267502,
          "backwards_tp": true,
          "ddown_factor": 2.176121704891574,
          "ema_span_0": 870.7422310606904,
          "ema_span_1": 170.49341371298988,
          "enabled": true,
          "initial_eprice_ema_dist": 0.01,
          "initial_qty_pct": 0.010000354691301967,
          "markup_range": 0.0,
          "min_markup": 0.005810090556952653,
          "n_close_orders": 1,
          "rentry_pprice_dist": 0.02156808989456806,
          "rentry_pprice_dist_wallet_exposure_weighting": 17.565413831605014,
          "wallet_exposure_limit": 1.0},
 "short": {"auto_unstuck_ema_dist": 0.0014195878276527115,
           "auto_unstuck_wallet_exposure_threshold": 0.08135027750615957,
           "backwards_tp": true,
           "ddown_factor": 0.31426905957662243,
           "ema_span_0": 234.05383986318014,
           "ema_span_1": 540.6005747263562,
           "enabled": true,
           "initial_eprice_ema_dist": 0.005682397914619541,
           "initial_qty_pct": 0.02493914963449399,
           "markup_range": 0.030652436987580706,
           "min_markup": 0.009617665327301439,
           "n_close_orders": 1,
           "rentry_pprice_dist": 0.02832577564605038,
           "rentry_pprice_dist_wallet_exposure_weighting": 2.8023876452347376,
           "wallet_exposure_limit": 1.0}}