{"config_name": "recursive_grid_0days",
 "logging_level": 0,
 "long": {"auto_unstuck_ema_dist": -0.0006626822306462147,
          "auto_unstuck_wallet_exposure_threshold": 0.05643475962773027,
          "backwards_tp": true,
          "ddown_factor": 2.5305856350602305,
          "ema_span_0": 366.3705296121366,
          "ema_span_1": 1379.6314980386521,
          "enabled": true,
          "initial_eprice_ema_dist": 0.009836612178304477,
          "initial_qty_pct": 0.016763211205879935,
          "markup_range": 0.0021201525703261064,
          "min_markup": 0.00849725438085758,
          "n_close_orders": 14,
          "rentry_pprice_dist": 0.025768455609675896,
          "rentry_pprice_dist_wallet_exposure_weighting": 0.0,
          "wallet_exposure_limit": 1.0},
 "short": {"auto_unstuck_ema_dist": 0.021530241342590937,
           "auto_unstuck_wallet_exposure_threshold": 0.0202581095026925,
           "backwards_tp": true,
           "ddown_factor": 2.676108742811583,
           "ema_span_0": 409.9467638618669,
           "ema_span_1": 354.1375119049641,
           "enabled": true,
           "initial_eprice_ema_dist": -0.01681699269746299,
           "initial_qty_pct": 0.011327126209355769,
           "markup_range": 0.002896524338502387,
           "min_markup": 0.005850227984761187,
           "n_close_orders": 4,
           "rentry_pprice_dist": 0.01624872439759451,
           "rentry_pprice_dist_wallet_exposure_weighting": 11.818176332413119,
           "wallet_exposure_limit": 1.0}}