{"config_name": "recursive_grid_0days",
 "logging_level": 0,
 "long": {"auto_unstuck_ema_dist": 0.0003176748779893617,
          "auto_unstuck_wallet_exposure_threshold": 0.05705336484606838,
          "backwards_tp": true,
          "ddown_factor": 2.463684101125837,
          "ema_span_0": 399.8502893041771,
          "ema_span_1": 1352.3235726023256,
          "enabled": true,
          "initial_eprice_ema_dist": 0.009286984554468813,
          "initial_qty_pct": 0.01590787206708731,
          "markup_range": 0.00387084971155072,
          "min_markup": 0.0052656115327449115,
          "n_close_orders": 14,
          "rentry_pprice_dist": 0.02553545860004861,
          "rentry_pprice_dist_wallet_exposure_weighting": 0.00017209068819620292,
          "wallet_exposure_limit": 1.0},
 "short": {"auto_unstuck_ema_dist": 0.030050371366657114,
           "auto_unstuck_wallet_exposure_threshold": 0.017217052775311957,
           "backwards_tp": true,
           "ddown_factor": 2.6991093576079725,
           "ema_span_0": 437.8445596241816,
           "ema_span_1": 333.06862664728857,
           "enabled": true,
           "initial_eprice_ema_dist": -0.011434056679279183,
           "initial_qty_pct": 0.011456481017586138,
           "markup_range": 0.002745166419631411,
           "min_markup": 0.005884229416266459,
           "n_close_orders": 4,
           "rentry_pprice_dist": 0.01641196513854609,
           "rentry_pprice_dist_wallet_exposure_weighting": 11.21968325819276,
           "wallet_exposure_limit": 1.0}}