{"config_name": "recursive_grid_0days",
 "logging_level": 0,
 "long": {"auto_unstuck_ema_dist": 0.009898709824105442,
          "auto_unstuck_wallet_exposure_threshold": 0.0998010993901333,
          "backwards_tp": true,
          "ddown_factor": 1.6173206767144088,
          "ema_span_0": 129.87377103322356,
          "ema_span_1": 86.07079234906878,
          "enabled": true,
          "initial_eprice_ema_dist": 0.009832294488299543,
          "initial_qty_pct": 0.01313324408580127,
          "markup_range": 0.010415928809533105,
          "min_markup": 0.006217052507828157,
          "n_close_orders": 6,
          "rentry_pprice_dist": 0.028805597893851946,
          "rentry_pprice_dist_wallet_exposure_weighting": 0.23084266788645869,
          "wallet_exposure_limit": 1.0},
 "short": {"auto_unstuck_ema_dist": 0,
           "auto_unstuck_wallet_exposure_threshold": 0.0795415883460287,
           "backwards_tp": true,
           "ddown_factor": 2.5369934364905036,
           "ema_span_0": 11.607825436974842,
           "ema_span_1": 17.561707635821666,
           "enabled": true,
           "initial_eprice_ema_dist": 0.001766167796869437,
           "initial_qty_pct": 0.013935437770824642,
           "markup_range": 0.00017684743659011678,
           "min_markup": 0.0019186624545347137,
           "n_close_orders": 9,
           "rentry_pprice_dist": 0.035404537545183544,
           "rentry_pprice_dist_wallet_exposure_weighting": 10.640752629467636,
           "wallet_exposure_limit": 1.0}}