{"config_name": "recursive_grid_0days",
 "logging_level": 0,
 "long": {"auto_unstuck_ema_dist": 0.009769046958262946,
          "auto_unstuck_wallet_exposure_threshold": 0.09992320216330444,
          "backwards_tp": true,
          "ddown_factor": 1.6123068153935345,
          "ema_span_0": 118.10713176361097,
          "ema_span_1": 200.05330169162852,
          "enabled": true,
          "initial_eprice_ema_dist": 0.01282815015268864,
          "initial_qty_pct": 0.017637737127794834,
          "markup_range": 0.013022780896626404,
          "min_markup": 0.006985562787236046,
          "n_close_orders": 6,
          "rentry_pprice_dist": 0.02946778939149055,
          "rentry_pprice_dist_wallet_exposure_weighting": 0.10814829327433156,
          "wallet_exposure_limit": 1.0},
 "short": {"auto_unstuck_ema_dist": 0.005042260828524051,
           "auto_unstuck_wallet_exposure_threshold": 0.07906433904520956,
           "backwards_tp": true,
           "ddown_factor": 2.5109846713257373,
           "ema_span_0": 11.401487602977074,
           "ema_span_1": 15.785491766239037,
           "enabled": true,
           "initial_eprice_ema_dist": 0.0019531659824723216,
           "initial_qty_pct": 0.014764103225323632,
           "markup_range": 0.00028867129015053413,
           "min_markup": 0.0020103939570391333,
           "n_close_orders": 10,
           "rentry_pprice_dist": 0.03503846085236556,
           "rentry_pprice_dist_wallet_exposure_weighting": 10.381941512621207,
           "wallet_exposure_limit": 1.0}}