{"config_name": "recursive_grid_0days",
 "logging_level": 0,
 "long": {"auto_unstuck_ema_dist": -0.013187203742858809,
          "auto_unstuck_wallet_exposure_threshold": 0.07914922438032554,
          "backwards_tp": true,
          "ddown_factor": 0.8650973573029249,
          "ema_span_0": 1176.0933113130402,
          "ema_span_1": 1258.2820092508916,
          "enabled": true,
          "initial_eprice_ema_dist": -0.043534153928937155,
          "initial_qty_pct": 0.017146047772330975,
          "markup_range": 0.0036386776857268545,
          "min_markup": 0.008391664486964375,
          "n_close_orders": 14,
          "rentry_pprice_dist": 0.03272023651220823,
          "rentry_pprice_dist_wallet_exposure_weighting": 4.072083436195887,
          "wallet_exposure_limit": 1.0},
 "short": {"auto_unstuck_ema_dist": 0.001,
           "auto_unstuck_wallet_exposure_threshold": 0.03019510088295598,
           "backwards_tp": true,
           "ddown_factor": 0.3325201446872408,
           "ema_span_0": 557.8102059487312,
           "ema_span_1": 1339.5882595969474,
           "enabled": true,
           "initial_eprice_ema_dist": -0.0103731747420195,
           "initial_qty_pct": 0.053954259610842166,
           "markup_range": 0.009650191499437142,
           "min_markup": 0.008924940426518627,
           "n_close_orders": 14,
           "rentry_pprice_dist": 0.03273780146716843,
           "rentry_pprice_dist_wallet_exposure_weighting": 1.6187185361834568,
           "wallet_exposure_limit": 1.0}}