{"config_name": "recursive_grid_0days",
 "logging_level": 0,
 "long": {"auto_unstuck_ema_dist": 0.024190225819089063,
          "auto_unstuck_wallet_exposure_threshold": 0.011020315534146785,
          "backwards_tp": true,
          "ddown_factor": 2.153627934203819,
          "ema_span_0": 666.5428333858449,
          "ema_span_1": 689.6546507772792,
          "enabled": true,
          "initial_eprice_ema_dist": 0.0040357679328296885,
          "initial_qty_pct": 0.021508822263297055,
          "markup_range": 0.004626807699789942,
          "min_markup": 0.004791978196354901,
          "n_close_orders": 8,
          "rentry_pprice_dist": 0.030086906082913163,
          "rentry_pprice_dist_wallet_exposure_weighting": 4.390227224397699,
          "wallet_exposure_limit": 1.0},
 "short": {"auto_unstuck_ema_dist": 0.015067200410565819,
           "auto_unstuck_wallet_exposure_threshold": 0.0999993852016097,
           "backwards_tp": true,
           "ddown_factor": 1.9051419468850723,
           "ema_span_0": 256.57682297595744,
           "ema_span_1": 801.1365749980414,
           "enabled": true,
           "initial_eprice_ema_dist": -0.01662013488393486,
           "initial_qty_pct": 0.046307871182698766,
           "markup_range": 0.0024576593779239266,
           "min_markup": 0.009722248598753924,
           "n_close_orders": 15,
           "rentry_pprice_dist": 0.012623638060781676,
           "rentry_pprice_dist_wallet_exposure_weighting": 18.940154642721872,
           "wallet_exposure_limit": 1.0}}