{"config_name": "recursive_grid_0days",
 "logging_level": 0,
 "long": {"auto_unstuck_ema_dist": -0.043636302734488985,
          "auto_unstuck_wallet_exposure_threshold": 0.08073712790163518,
          "backwards_tp": true,
          "ddown_factor": 2.663893941178451,
          "ema_span_0": 389.13462700774653,
          "ema_span_1": 852.0891517702051,
          "enabled": true,
          "initial_eprice_ema_dist": 0.001,
          "initial_qty_pct": 0.01,
          "markup_range": 0.0016448296511514028,
          "min_markup": 0.003135571940461793,
          "n_close_orders": 9,
          "rentry_pprice_dist": 0.03835661941904077,
          "rentry_pprice_dist_wallet_exposure_weighting": 0.9937142667127279,
          "wallet_exposure_limit": 1.0},
 "short": {"auto_unstuck_ema_dist": 0.0009967631038297644,
           "auto_unstuck_wallet_exposure_threshold": 0.038656270733671914,
           "backwards_tp": true,
           "ddown_factor": 0.10000150984747783,
           "ema_span_0": 303.37389090364735,
           "ema_span_1": 1225.8346759384353,
           "enabled": true,
           "initial_eprice_ema_dist": -0.09111946134336882,
           "initial_qty_pct": 0.01,
           "markup_range": 0.019757387953312142,
           "min_markup": 0.001,
           "n_close_orders": 5,
           "rentry_pprice_dist": 0.019519195125418488,
           "rentry_pprice_dist_wallet_exposure_weighting": 8.062090771531135,
           "wallet_exposure_limit": 1.0}}