{"config_name": "recursive_grid_0days",
 "logging_level": 0,
 "long": {"auto_unstuck_ema_dist": -0.006697191913857377,
          "auto_unstuck_wallet_exposure_threshold": 0.05813317650302081,
          "backwards_tp": true,
          "ddown_factor": 1.5947304812207592,
          "ema_span_0": 746.1564255896897,
          "ema_span_1": 886.090598327886,
          "enabled": true,
          "initial_eprice_ema_dist": 0.005060066600120416,
          "initial_qty_pct": 0.0264203063296157,
          "markup_range": 0.004418634773952176,
          "min_markup": 0.004309823667853939,
          "n_close_orders": 6,
          "rentry_pprice_dist": 0.01867118477845255,
          "rentry_pprice_dist_wallet_exposure_weighting": 1.4606517590478354,
          "wallet_exposure_limit": 1.0},
 "short": {"auto_unstuck_ema_dist": -2.2493317891083858e-05,
           "auto_unstuck_wallet_exposure_threshold": 0.06667273129813482,
           "backwards_tp": true,
           "ddown_factor": 1.4070781414979385,
           "ema_span_0": 814.5122456966037,
           "ema_span_1": 501.2554000705802,
           "enabled": true,
           "initial_eprice_ema_dist": -0.07347112211387187,
           "initial_qty_pct": 0.012365886054478147,
           "markup_range": 0.002014862248009008,
           "min_markup": 0.005432393272329275,
           "n_close_orders": 13,
           "rentry_pprice_dist": 0.025582698510602887,
           "rentry_pprice_dist_wallet_exposure_weighting": 7.760848637656925,
           "wallet_exposure_limit": 1.0}}