{"config_name": "recursive_grid_0days",
 "logging_level": 0,
 "long": {"auto_unstuck_ema_dist": 0.004671639655252789,
          "auto_unstuck_wallet_exposure_threshold": 0.06462847920976503,
          "backwards_tp": true,
          "ddown_factor": 1.6078641182611684,
          "ema_span_0": 73.5217077589845,
          "ema_span_1": 126.33444439843875,
          "enabled": true,
          "initial_eprice_ema_dist": 0.008288107802752548,
          "initial_qty_pct": 0.09277006622922472,
          "markup_range": 0.005419474581486396,
          "min_markup": 0.0018451130288153694,
          "n_close_orders": 12,
          "rentry_pprice_dist": 0.024087351095621944,
          "rentry_pprice_dist_wallet_exposure_weighting": 2.451976691075422,
          "wallet_exposure_limit": 1.0},
 "short": {"auto_unstuck_ema_dist": 0.024407360052137454,
           "auto_unstuck_wallet_exposure_threshold": 0.02158200911723353,
           "backwards_tp": true,
           "ddown_factor": 2.4096619668893346,
           "ema_span_0": 179.82471757034958,
           "ema_span_1": 599.5716303754407,
           "enabled": true,
           "initial_eprice_ema_dist": -0.010451684041686355,
           "initial_qty_pct": 0.013324361620902074,
           "markup_range": 0.005532812416336158,
           "min_markup": 0.0014493042641530484,
           "n_close_orders": 12,
           "rentry_pprice_dist": 0.022423799385830633,
           "rentry_pprice_dist_wallet_exposure_weighting": 1.489468696133733,
           "wallet_exposure_limit": 1.0}}