{"config_name": "recursive_grid_0days",
 "logging_level": 0,
 "long": {"auto_unstuck_ema_dist": -0.002994518846817074,
          "auto_unstuck_wallet_exposure_threshold": 0.03158467107208403,
          "backwards_tp": true,
          "ddown_factor": 0.8854958124539343,
          "ema_span_0": 930.804279506507,
          "ema_span_1": 462.1647154163223,
          "enabled": true,
          "initial_eprice_ema_dist": -0.0030523101159466966,
          "initial_qty_pct": 0.01888206968998241,
          "markup_range": 0.007231706916178356,
          "min_markup": 0.007775755875442619,
          "n_close_orders": 10,
          "rentry_pprice_dist": 0.017282038640994715,
          "rentry_pprice_dist_wallet_exposure_weighting": 0.5921337305654831,
          "wallet_exposure_limit": 1.0},
 "short": {"auto_unstuck_ema_dist": -0.0013967741511921746,
           "auto_unstuck_wallet_exposure_threshold": 0.04036753147167928,
           "backwards_tp": true,
           "ddown_factor": 0.6575974114376616,
           "ema_span_0": 53.80756447186245,
           "ema_span_1": 997.7463519921008,
           "enabled": true,
           "initial_eprice_ema_dist": -0.047634655110209735,
           "initial_qty_pct": 0.018248320669968097,
           "markup_range": 0.0016292206513973146,
           "min_markup": 0.005310564762906481,
           "n_close_orders": 13,
           "rentry_pprice_dist": 0.016427140977503796,
           "rentry_pprice_dist_wallet_exposure_weighting": 3.9166733265269773,
           "wallet_exposure_limit": 1.0}}