{"config_name": "recursive_grid_0days",
 "logging_level": 0,
 "long": {"auto_unstuck_ema_dist": -0.024913734727860702,
          "auto_unstuck_wallet_exposure_threshold": 0.07502006639383837,
          "backwards_tp": true,
          "ddown_factor": 1.8374197438258462,
          "ema_span_0": 330.06561658873954,
          "ema_span_1": 1361.6600844131383,
          "enabled": true,
          "initial_eprice_ema_dist": 0.0031704923341443884,
          "initial_qty_pct": 0.018093100822002772,
          "markup_range": 0.005650437838400621,
          "min_markup": 0.006890592295621803,
          "n_close_orders": 5,
          "rentry_pprice_dist": 0.029689079767816595,
          "rentry_pprice_dist_wallet_exposure_weighting": 0.5959328020434244,
          "wallet_exposure_limit": 1.0},
 "short": {"auto_unstuck_ema_dist": 0.003,
           "auto_unstuck_wallet_exposure_threshold": 0.042304048540443055,
           "backwards_tp": true,
           "ddown_factor": 0.19413156167214612,
           "ema_span_0": 183.11642134239713,
           "ema_span_1": 1051.279056661134,
           "enabled": true,
           "initial_eprice_ema_dist": -0.017267125047721335,
           "initial_qty_pct": 0.011094523323889334,
           "markup_range": 0.00795684135076561,
           "min_markup": 0.00995782934235299,
           "n_close_orders": 4,
           "rentry_pprice_dist": 0.04818027397357221,
           "rentry_pprice_dist_wallet_exposure_weighting": 0.05001998078495973,
           "wallet_exposure_limit": 1.0}}