{"config_name": "recursive_grid_0days",
 "logging_level": 0,
 "long": {"auto_unstuck_ema_dist": 0.0038917084825491974,
          "auto_unstuck_wallet_exposure_threshold": 0.050363978588301314,
          "backwards_tp": true,
          "ddown_factor": 1.4620768361573737,
          "ema_span_0": 682.8676794658107,
          "ema_span_1": 1117.2240829982409,
          "enabled": true,
          "initial_eprice_ema_dist": -0.007652881730428635,
          "initial_qty_pct": 0.015957713643664932,
          "markup_range": 0.0020213640573165732,
          "min_markup": 0.003672439937144379,
          "n_close_orders": 11,
          "rentry_pprice_dist": 0.018053241637080462,
          "rentry_pprice_dist_wallet_exposure_weighting": 2.710142167874203,
          "wallet_exposure_limit": 1.0},
 "short": {"auto_unstuck_ema_dist": 0.024460849661376613,
           "auto_unstuck_wallet_exposure_threshold": 0.08479272420429895,
           "backwards_tp": true,
           "ddown_factor": 1.1446973547545045,
           "ema_span_0": 33.16593963994957,
           "ema_span_1": 11.263586447907489,
           "enabled": true,
           "initial_eprice_ema_dist": -0.01417041757343751,
           "initial_qty_pct": 0.01,
           "markup_range": 0.0,
           "min_markup": 0.004070581508790993,
           "n_close_orders": 16,
           "rentry_pprice_dist": 0.020992348405927324,
           "rentry_pprice_dist_wallet_exposure_weighting": 6.070209498906286,
           "wallet_exposure_limit": 1.0}}