{"config_name": "recursive_grid_0days",
 "logging_level": 0,
 "long": {"auto_unstuck_ema_dist": -0.03583522825167531,
          "auto_unstuck_wallet_exposure_threshold": 0.03245399640215031,
          "backwards_tp": true,
          "ddown_factor": 2.077222753143801,
          "ema_span_0": 279.24657396037105,
          "ema_span_1": 896.9793672059693,
          "enabled": true,
          "initial_eprice_ema_dist": -0.0027903669709468614,
          "initial_qty_pct": 0.02464899892702159,
          "markup_range": 0.007268152009353715,
          "min_markup": 0.0029193319004454732,
          "n_close_orders": 14,
          "rentry_pprice_dist": 0.015860267071286727,
          "rentry_pprice_dist_wallet_exposure_weighting": 11.17650201329753,
          "wallet_exposure_limit": 1.0},
 "short": {"auto_unstuck_ema_dist": -0.0029299822619081543,
           "auto_unstuck_wallet_exposure_threshold": 0.09297270223960766,
           "backwards_tp": true,
           "ddown_factor": 0.9617777194177366,
           "ema_span_0": 1401.9018816330142,
           "ema_span_1": 454.5146333544768,
           "enabled": true,
           "initial_eprice_ema_dist": 0.002288832309952604,
           "initial_qty_pct": 0.012837578678020543,
           "markup_range": 0.007803009665149831,
           "min_markup": 0.009874581561392969,
           "n_close_orders": 2,
           "rentry_pprice_dist": 0.020485737153865972,
           "rentry_pprice_dist_wallet_exposure_weighting": 6.883841330574612,
           "wallet_exposure_limit": 1.0}}