{"config_name": "recursive_grid_0days",
 "logging_level": 0,
 "long": {"auto_unstuck_ema_dist": -0.024955109237148543,
          "auto_unstuck_wallet_exposure_threshold": 0.0679169616186063,
          "backwards_tp": true,
          "ddown_factor": 1.7784808534766805,
          "ema_span_0": 1067.0384069346273,
          "ema_span_1": 894.0038885057284,
          "enabled": true,
          "initial_eprice_ema_dist": 0.006278797340612533,
          "initial_qty_pct": 0.021048019372718052,
          "markup_range": 0.005362585116546643,
          "min_markup": 0.0033249293663206447,
          "n_close_orders": 6,
          "rentry_pprice_dist": 0.019097956829741834,
          "rentry_pprice_dist_wallet_exposure_weighting": 2.002044156877211,
          "wallet_exposure_limit": 1.0},
 "short": {"auto_unstuck_ema_dist": -0.00943454641785821,
           "auto_unstuck_wallet_exposure_threshold": 0.09263767912246468,
           "backwards_tp": true,
           "ddown_factor": 0.9641432007272854,
           "ema_span_0": 1419.8499624002964,
           "ema_span_1": 412.05717196910626,
           "enabled": true,
           "initial_eprice_ema_dist": 0.0017910337828668777,
           "initial_qty_pct": 0.012466687259550193,
           "markup_range": 0.00702697822613966,
           "min_markup": 0.009864376001014327,
           "n_close_orders": 8,
           "rentry_pprice_dist": 0.020398464438870716,
           "rentry_pprice_dist_wallet_exposure_weighting": 7.121278630946957,
           "wallet_exposure_limit": 1.0}}