{"config_name": "recursive_grid_0days",
 "logging_level": 0,
 "long": {"auto_unstuck_ema_dist": -0.005601818226992336,
          "auto_unstuck_wallet_exposure_threshold": 0.05242903818433383,
          "backwards_tp": true,
          "ddown_factor": 1.3246659072830311,
          "ema_span_0": 266.0872057062379,
          "ema_span_1": 750.5447223424446,
          "enabled": true,
          "initial_eprice_ema_dist": 0.006447931715906004,
          "initial_qty_pct": 0.02495492919568378,
          "markup_range": 0.002438092393438466,
          "min_markup": 0.004302882830483276,
          "n_close_orders": 2,
          "rentry_pprice_dist": 0.024675322674606114,
          "rentry_pprice_dist_wallet_exposure_weighting": 1.7085433150793172,
          "wallet_exposure_limit": 1.0},
 "short": {"auto_unstuck_ema_dist": -0.005080710685474844,
           "auto_unstuck_wallet_exposure_threshold": 0.03177087323656692,
           "backwards_tp": true,
           "ddown_factor": 1.87652457851373,
           "ema_span_0": 257.89778219902286,
           "ema_span_1": 1100.8940613701068,
           "enabled": true,
           "initial_eprice_ema_dist": 0.007808813965414061,
           "initial_qty_pct": 0.02334370197948791,
           "markup_range": 0.0,
           "min_markup": 0.0029783019941887878,
           "n_close_orders": 10,
           "rentry_pprice_dist": 0.042511246657431036,
           "rentry_pprice_dist_wallet_exposure_weighting": 0.883811178572795,
           "wallet_exposure_limit": 1.0}}