{"config_name": "recursive_grid_0days",
 "logging_level": 0,
 "long": {"auto_unstuck_ema_dist": 0.004410016665758111,
          "auto_unstuck_wallet_exposure_threshold": 0.08483730681140356,
          "backwards_tp": true,
          "ddown_factor": 2.317381173923864,
          "ema_span_0": 555.9751067248112,
          "ema_span_1": 1120.8837559420938,
          "enabled": true,
          "initial_eprice_ema_dist": 0.009192398062389142,
          "initial_qty_pct": 0.015627061976662995,
          "markup_range": 0.000919967730212814,
          "min_markup": 0.0030421510946792175,
          "n_close_orders": 14,
          "rentry_pprice_dist": 0.03139871307234872,
          "rentry_pprice_dist_wallet_exposure_weighting": 3.3406828539075075,
          "wallet_exposure_limit": 1.0},
 "short": {"auto_unstuck_ema_dist": 0.021621060781818656,
           "auto_unstuck_wallet_exposure_threshold": 0.010973458992179361,
           "backwards_tp": true,
           "ddown_factor": 2.87825265707541,
           "ema_span_0": 491.49955864301955,
           "ema_span_1": 818.6574254823416,
           "enabled": true,
           "initial_eprice_ema_dist": -0.0007255918568677654,
           "initial_qty_pct": 0.01781171202040662,
           "markup_range": 0.0018962646763925467,
           "min_markup": 0.004546959529045482,
           "n_close_orders": 5,
           "rentry_pprice_dist": 0.0404792080026463,
           "rentry_pprice_dist_wallet_exposure_weighting": 0.014968628892790825,
           "wallet_exposure_limit": 1.0}}