{"config_name": "recursive_grid_0days",
 "logging_level": 0,
 "long": {"auto_unstuck_ema_dist": 0.0006988003111171229,
          "auto_unstuck_wallet_exposure_threshold": 0.030479107285949717,
          "backwards_tp": true,
          "ddown_factor": 1.1674878300858615,
          "ema_span_0": 560.9966790332363,
          "ema_span_1": 561.4841779089037,
          "enabled": true,
          "initial_eprice_ema_dist": 0.008659414600632702,
          "initial_qty_pct": 0.013097376879782418,
          "markup_range": 0.0006862314266756003,
          "min_markup": 0.0032760416436815156,
          "n_close_orders": 6,
          "rentry_pprice_dist": 0.020010437716649294,
          "rentry_pprice_dist_wallet_exposure_weighting": 6.034174632595554,
          "wallet_exposure_limit": 1.0},
 "short": {"auto_unstuck_ema_dist": -0.00567289710287019,
           "auto_unstuck_wallet_exposure_threshold": 0.03504243326234928,
           "backwards_tp": true,
           "ddown_factor": 2.2145249565587624,
           "ema_span_0": 10.020843280788336,
           "ema_span_1": 685.9784928057815,
           "enabled": true,
           "initial_eprice_ema_dist": 0.0018627542871575713,
           "initial_qty_pct": 0.024067966568322455,
           "markup_range": 0.0047578476644841595,
           "min_markup": 0.0028530005084642235,
           "n_close_orders": 3,
           "rentry_pprice_dist": 0.038001688775759344,
           "rentry_pprice_dist_wallet_exposure_weighting": 1.652923101764678e-07,
           "wallet_exposure_limit": 1.0}}