{"config_name": "recursive_grid_0days",
 "logging_level": 0,
 "long": {"auto_unstuck_ema_dist": 0.030486270991654484,
          "auto_unstuck_wallet_exposure_threshold": 0.028160837410398144,
          "backwards_tp": true,
          "ddown_factor": 1.582348789217049,
          "ema_span_0": 617.1743462609637,
          "ema_span_1": 789.0721446039161,
          "enabled": true,
          "initial_eprice_ema_dist": 0.0130157176002468,
          "initial_qty_pct": 0.022395091652295255,
          "markup_range": 0.007902283543789402,
          "min_markup": 0.004790427768255768,
          "n_close_orders": 3,
          "rentry_pprice_dist": 0.042007699443366776,
          "rentry_pprice_dist_wallet_exposure_weighting": 2.1128603392738623,
          "wallet_exposure_limit": 1.0},
 "short": {"auto_unstuck_ema_dist": 0.031029940580211683,
           "auto_unstuck_wallet_exposure_threshold": 0.003847225340422844,
           "backwards_tp": true,
           "ddown_factor": 1.9920626247423834,
           "ema_span_0": 486.1885222390795,
           "ema_span_1": 560.036920601795,
           "enabled": true,
           "initial_eprice_ema_dist": 0.00025393309389258535,
           "initial_qty_pct": 0.010641515583401276,
           "markup_range": 0.006108285229955074,
           "min_markup": 0.005328756345294001,
           "n_close_orders": 9,
           "rentry_pprice_dist": 0.03480725465641069,
           "rentry_pprice_dist_wallet_exposure_weighting": 13.326350239205404,
           "wallet_exposure_limit": 1.0}}