{"config_name": "recursive_grid_0days",
 "logging_level": 0,
 "long": {"auto_unstuck_ema_dist": 0.001,
          "auto_unstuck_wallet_exposure_threshold": 0.0655000768873722,
          "backwards_tp": true,
          "ddown_factor": 0.3568363501016798,
          "ema_span_0": 1410.9263164651347,
          "ema_span_1": 1359.2834529438828,
          "enabled": true,
          "initial_eprice_ema_dist": 0.001,
          "initial_qty_pct": 0.027086109817898895,
          "markup_range": 0.008597087368398317,
          "min_markup": 0.00545491644452667,
          "n_close_orders": 4,
          "rentry_pprice_dist": 0.028314068479782007,
          "rentry_pprice_dist_wallet_exposure_weighting": 1.981256231781127,
          "wallet_exposure_limit": 1.0},
 "short": {"auto_unstuck_ema_dist": 0.0009739042927168896,
           "auto_unstuck_wallet_exposure_threshold": 0.07627284736268022,
           "backwards_tp": true,
           "ddown_factor": 2.184861160729732,
           "ema_span_0": 1261.3550139579552,
           "ema_span_1": 777.152890045847,
           "enabled": true,
           "initial_eprice_ema_dist": -0.052868775885378055,
           "initial_qty_pct": 0.01,
           "markup_range": 0.007678799118903715,
           "min_markup": 0.008013812724730087,
           "n_close_orders": 9,
           "rentry_pprice_dist": 0.02375921370791355,
           "rentry_pprice_dist_wallet_exposure_weighting": 6.8984625825050205,
           "wallet_exposure_limit": 1.0}}