{"config_name": "recursive_grid_0days",
 "logging_level": 0,
 "long": {"auto_unstuck_ema_dist": -0.017666251134622845,
          "auto_unstuck_wallet_exposure_threshold": 0.03771704919410517,
          "backwards_tp": true,
          "ddown_factor": 1.7568044667183895,
          "ema_span_0": 804.5034567859019,
          "ema_span_1": 1189.0845866798643,
          "enabled": true,
          "initial_eprice_ema_dist": -0.006797503720377521,
          "initial_qty_pct": 0.01720145672146112,
          "markup_range": 0.007989087374793015,
          "min_markup": 0.0014684846416134548,
          "n_close_orders": 14,
          "rentry_pprice_dist": 0.04763934554233616,
          "rentry_pprice_dist_wallet_exposure_weighting": 3.259469671134691,
          "wallet_exposure_limit": 1.0},
 "short": {"auto_unstuck_ema_dist": 0.001,
           "auto_unstuck_wallet_exposure_threshold": 0.03,
           "backwards_tp": true,
           "ddown_factor": 2.3285324459869763,
           "ema_span_0": 1347.999047871742,
           "ema_span_1": 721.1489660748081,
           "enabled": true,
           "initial_eprice_ema_dist": -0.005725779713908765,
           "initial_qty_pct": 0.020463737773415137,
           "markup_range": 0.004967645822257639,
           "min_markup": 0.006200520592824849,
           "n_close_orders": 13,
           "rentry_pprice_dist": 0.038408640061699355,
           "rentry_pprice_dist_wallet_exposure_weighting": 1.1552088135562708,
           "wallet_exposure_limit": 1.0}}