{"config_name": "recursive_grid_0days",
 "logging_level": 0,
 "long": {"auto_unstuck_ema_dist": -0.01850541288484734,
          "auto_unstuck_wallet_exposure_threshold": 0.08071366277434619,
          "backwards_tp": true,
          "ddown_factor": 0.37862507719493826,
          "ema_span_0": 1383.5086383378057,
          "ema_span_1": 1091.9517655170544,
          "enabled": true,
          "initial_eprice_ema_dist": 0.001,
          "initial_qty_pct": 0.03261650815053719,
          "markup_range": 0.0014214959654807965,
          "min_markup": 0.003085533142118914,
          "n_close_orders": 14,
          "rentry_pprice_dist": 0.03556666333505329,
          "rentry_pprice_dist_wallet_exposure_weighting": 3.2561478587424517,
          "wallet_exposure_limit": 1.0},
 "short": {"auto_unstuck_ema_dist": 0.001,
           "auto_unstuck_wallet_exposure_threshold": 0.032928755297081114,
           "backwards_tp": true,
           "ddown_factor": 1.274095805306848,
           "ema_span_0": 405.11837214911435,
           "ema_span_1": 1323.7245927235463,
           "enabled": true,
           "initial_eprice_ema_dist": -0.007401631004883884,
           "initial_qty_pct": 0.017897020959794757,
           "markup_range": 0.007269517857898416,
           "min_markup": 0.003762393775086493,
           "n_close_orders": 10,
           "rentry_pprice_dist": 0.03073741717205386,
           "rentry_pprice_dist_wallet_exposure_weighting": 3.919849680180295,
           "wallet_exposure_limit": 1.0}}