{"config_name": "recursive_grid_0days",
 "logging_level": 0,
 "long": {"auto_unstuck_ema_dist": 0,
          "auto_unstuck_wallet_exposure_threshold": 0.051633401856205983,
          "backwards_tp": true,
          "ddown_factor": 1.7623901887595244,
          "ema_span_0": 516.1098242367393,
          "ema_span_1": 480.49458713204507,
          "enabled": true,
          "initial_eprice_ema_dist": 0.0145610035246356,
          "initial_qty_pct": 0.018630864282874006,
          "markup_range": 0.005138842564782102,
          "min_markup": 0.005864045794344483,
          "n_close_orders": 8,
          "rentry_pprice_dist": 0.043505754886959576,
          "rentry_pprice_dist_wallet_exposure_weighting": 4.039971341430478,
          "wallet_exposure_limit": 1.0},
 "short": {"auto_unstuck_ema_dist": 0.011260703462212253,
           "auto_unstuck_wallet_exposure_threshold": 0.03254139369471815,
           "backwards_tp": true,
           "ddown_factor": 1.2103782935083762,
           "ema_span_0": 569.4849745626384,
           "ema_span_1": 10.223923800719769,
           "enabled": true,
           "initial_eprice_ema_dist": 0.0034545697210834054,
           "initial_qty_pct": 0.01,
           "markup_range": 0.006797372010579296,
           "min_markup": 0.004378242883013871,
           "n_close_orders": 14,
           "rentry_pprice_dist": 0.025728480136292496,
           "rentry_pprice_dist_wallet_exposure_weighting": 4.28572260286953,
           "wallet_exposure_limit": 1.0}}