{"config_name": "recursive_grid_0days",
 "logging_level": 0,
 "long": {"auto_unstuck_ema_dist": 0.0009378774990097899,
          "auto_unstuck_wallet_exposure_threshold": 0.0353594007150362,
          "backwards_tp": true,
          "ddown_factor": 1.6560382946653547,
          "ema_span_0": 101.19047628408227,
          "ema_span_1": 1167.9001270356212,
          "enabled": true,
          "initial_eprice_ema_dist": -0.00024713972404594674,
          "initial_qty_pct": 0.010378692405022306,
          "markup_range": 0.010819330205322738,
          "min_markup": 0.009432445717753453,
          "n_close_orders": 4,
          "rentry_pprice_dist": 0.041020617374153474,
          "rentry_pprice_dist_wallet_exposure_weighting": 0.05148443244616278,
          "wallet_exposure_limit": 1.0},
 "short": {"auto_unstuck_ema_dist": 0.0009983540078525677,
           "auto_unstuck_wallet_exposure_threshold": 0.07535396582192289,
           "backwards_tp": true,
           "ddown_factor": 2.834786115170194,
           "ema_span_0": 1336.4708307771768,
           "ema_span_1": 867.6633822608972,
           "enabled": true,
           "initial_eprice_ema_dist": -0.03582894381871085,
           "initial_qty_pct": 0.0116403483195263,
           "markup_range": 0.006654598126591127,
           "min_markup": 0.0018391689371935632,
           "n_close_orders": 6,
           "rentry_pprice_dist": 0.04499287363757761,
           "rentry_pprice_dist_wallet_exposure_weighting": 1.2954230636333666,
           "wallet_exposure_limit": 1.0}}