{"config_name": "recursive_grid_0days",
 "logging_level": 0,
 "long": {"auto_unstuck_ema_dist": -0.003528982758631036,
          "auto_unstuck_wallet_exposure_threshold": 0.03885853309629222,
          "backwards_tp": true,
          "ddown_factor": 2.28095723617934,
          "ema_span_0": 1344.1234436403024,
          "ema_span_1": 1308.3241722617242,
          "enabled": true,
          "initial_eprice_ema_dist": 0.01,
          "initial_qty_pct": 0.014668323614038697,
          "markup_range": 0.004377148440957952,
          "min_markup": 0.0034116231481738208,
          "n_close_orders": 3,
          "rentry_pprice_dist": 0.023493435719241923,
          "rentry_pprice_dist_wallet_exposure_weighting": 5.250442982780218,
          "wallet_exposure_limit": 1.0},
 "short": {"auto_unstuck_ema_dist": -0.006620257864394436,
           "auto_unstuck_wallet_exposure_threshold": 0.05219239906577589,
           "backwards_tp": true,
           "ddown_factor": 2.067972464493393,
           "ema_span_0": 1153.2720081836815,
           "ema_span_1": 1239.5592080302429,
           "enabled": true,
           "initial_eprice_ema_dist": -0.0009908278240849959,
           "initial_qty_pct": 0.018670614061184435,
           "markup_range": 0.005300757686880546,
           "min_markup": 0.004203102077178392,
           "n_close_orders": 3,
           "rentry_pprice_dist": 0.03955874402805061,
           "rentry_pprice_dist_wallet_exposure_weighting": 1.3594136432749662,
           "wallet_exposure_limit": 1.0}}