{"config_name": "recursive_grid_0days",
 "logging_level": 0,
 "long": {"auto_unstuck_ema_dist": 0.0015830138604654128,
          "auto_unstuck_wallet_exposure_threshold": 0.09673925656694432,
          "backwards_tp": true,
          "ddown_factor": 1.9244248105917914,
          "ema_span_0": 337.30687120721007,
          "ema_span_1": 155.42577244824048,
          "enabled": true,
          "initial_eprice_ema_dist": 0.009479777508786156,
          "initial_qty_pct": 0.04748346388904944,
          "markup_range": 0.004157440278083621,
          "min_markup": 0.001017671391935763,
          "n_close_orders": 5,
          "rentry_pprice_dist": 0.022565077083807724,
          "rentry_pprice_dist_wallet_exposure_weighting": 0.30229927341794016,
          "wallet_exposure_limit": 1.0},
 "short": {"auto_unstuck_ema_dist": 0.003,
           "auto_unstuck_wallet_exposure_threshold": 0.055531410072642284,
           "backwards_tp": true,
           "ddown_factor": 1.806994678015408,
           "ema_span_0": 668.9822409666099,
           "ema_span_1": 367.8270536427476,
           "enabled": true,
           "initial_eprice_ema_dist": 0.01,
           "initial_qty_pct": 0.01,
           "markup_range": 0.0056980038855038275,
           "min_markup": 0.0019203944134820565,
           "n_close_orders": 8,
           "rentry_pprice_dist": 0.016687768159630127,
           "rentry_pprice_dist_wallet_exposure_weighting": 4.2075603177832015,
           "wallet_exposure_limit": 1.0}}