{"config_name": "recursive_grid_0days",
 "logging_level": 0,
 "long": {"auto_unstuck_ema_dist": 8.290690517122512e-05,
          "auto_unstuck_wallet_exposure_threshold": 0.07166059723634283,
          "backwards_tp": true,
          "ddown_factor": 0.5959291395527678,
          "ema_span_0": 1254.7883623700081,
          "ema_span_1": 689.6873892240817,
          "enabled": true,
          "initial_eprice_ema_dist": -0.043589687161818595,
          "initial_qty_pct": 0.014722447841847466,
          "markup_range": 0.003035142546758177,
          "min_markup": 0.002034381901404038,
          "n_close_orders": 5,
          "rentry_pprice_dist": 0.024018606037328992,
          "rentry_pprice_dist_wallet_exposure_weighting": 0.12178542520791327,
          "wallet_exposure_limit": 1.0},
 "short": {"auto_unstuck_ema_dist": 0.00036616334801585287,
           "auto_unstuck_wallet_exposure_threshold": 0.03132279667114074,
           "backwards_tp": true,
           "ddown_factor": 2.1044186424868485,
           "ema_span_0": 771.9909276580449,
           "ema_span_1": 1306.3546113447874,
           "enabled": true,
           "initial_eprice_ema_dist": 0.0005245102832791853,
           "initial_qty_pct": 0.014478337115875957,
           "markup_range": 0.0010980554026449975,
           "min_markup": 0.008201953702306086,
           "n_close_orders": 14,
           "rentry_pprice_dist": 0.026955727712851242,
           "rentry_pprice_dist_wallet_exposure_weighting": 4.497003644163983,
           "wallet_exposure_limit": 1.0}}