{"config_name": "recursive_grid_0days",
 "logging_level": 0,
 "long": {"auto_unstuck_ema_dist": 0.000916423176110617,
          "auto_unstuck_wallet_exposure_threshold": 0.080566765754986,
          "backwards_tp": true,
          "ddown_factor": 1.066563253342195,
          "ema_span_0": 813.8400281052989,
          "ema_span_1": 1083.7692469468125,
          "enabled": true,
          "initial_eprice_ema_dist": -0.025553916720917235,
          "initial_qty_pct": 0.01073838257252537,
          "markup_range": 0.007576149339132977,
          "min_markup": 0.004638194708600996,
          "n_close_orders": 11,
          "rentry_pprice_dist": 0.0377518327304254,
          "rentry_pprice_dist_wallet_exposure_weighting": 0.973711499989243,
          "wallet_exposure_limit": 1.0},
 "short": {"auto_unstuck_ema_dist": 0.0009986894088339084,
           "auto_unstuck_wallet_exposure_threshold": 0.04181686478714134,
           "backwards_tp": true,
           "ddown_factor": 0.8599793240650728,
           "ema_span_0": 1299.528734238894,
           "ema_span_1": 1432.9579776707403,
           "enabled": true,
           "initial_eprice_ema_dist": -0.006694258577739181,
           "initial_qty_pct": 0.010709882768249069,
           "markup_range": 0.014771925031838787,
           "min_markup": 0.009047890561886351,
           "n_close_orders": 11,
           "rentry_pprice_dist": 0.0340452335479349,
           "rentry_pprice_dist_wallet_exposure_weighting": 0.23777148169033116,
           "wallet_exposure_limit": 1.0}}