{"config_name": "recursive_grid_0days",
 "logging_level": 0,
 "long": {"auto_unstuck_ema_dist": 0.03907149420953329,
          "auto_unstuck_wallet_exposure_threshold": 0.08242675302058976,
          "backwards_tp": true,
          "ddown_factor": 2.626568431650597,
          "ema_span_0": 576.2219715125005,
          "ema_span_1": 1042.225705339619,
          "enabled": true,
          "initial_eprice_ema_dist": 0.0046499381458856405,
          "initial_qty_pct": 0.018492494048427784,
          "markup_range": 0.0035140195104352645,
          "min_markup": 0.006567919362126074,
          "n_close_orders": 15,
          "rentry_pprice_dist": 0.04010371381183282,
          "rentry_pprice_dist_wallet_exposure_weighting": 2.4672328244424344,
          "wallet_exposure_limit": 1.0},
 "short": {"auto_unstuck_ema_dist": 0.0396691139160133,
           "auto_unstuck_wallet_exposure_threshold": 0.09329942875046894,
           "backwards_tp": true,
           "ddown_factor": 2.9915682745484182,
           "ema_span_0": 717.7857808273247,
           "ema_span_1": 1404.3976414219806,
           "enabled": true,
           "initial_eprice_ema_dist": 0.010846837589869453,
           "initial_qty_pct": 0.01769337210552476,
           "markup_range": 1.0537125472851421e-05,
           "min_markup": 0.009936324699625002,
           "n_close_orders": 2,
           "rentry_pprice_dist": 0.04950929517432513,
           "rentry_pprice_dist_wallet_exposure_weighting": 0.595078404873914,
           "wallet_exposure_limit": 1.0}}