{"config_name": "recursive_grid_0days",
 "logging_level": 0,
 "long": {"auto_unstuck_ema_dist": -0.0032360053944360057,
          "auto_unstuck_wallet_exposure_threshold": 0.05534194833124476,
          "backwards_tp": true,
          "ddown_factor": 3.0,
          "ema_span_0": 1285.3838768103496,
          "ema_span_1": 396.43049175731795,
          "enabled": true,
          "initial_eprice_ema_dist": -0.025442347219549837,
          "initial_qty_pct": 0.013091610531463002,
          "markup_range": 6.784118228672393e-05,
          "min_markup": 0.009135393541843485,
          "n_close_orders": 6,
          "rentry_pprice_dist": 0.04346897595352773,
          "rentry_pprice_dist_wallet_exposure_weighting": 6.21995856071976,
          "wallet_exposure_limit": 1.0},
 "short": {"auto_unstuck_ema_dist": 0.001,
           "auto_unstuck_wallet_exposure_threshold": 0.033359148998961904,
           "backwards_tp": true,
           "ddown_factor": 1.6343740416906096,
           "ema_span_0": 529.7537977218997,
           "ema_span_1": 1438.1147881175655,
           "enabled": true,
           "initial_eprice_ema_dist": -0.07114930819451379,
           "initial_qty_pct": 0.011614724807879605,
           "markup_range": 0.0032916797450120426,
           "min_markup": 0.0048442200940039745,
           "n_close_orders": 4,
           "rentry_pprice_dist": 0.023533105586565524,
           "rentry_pprice_dist_wallet_exposure_weighting": 4.42219495027113,
           "wallet_exposure_limit": 1.0}}