{"config_name": "recursive_grid_0days",
 "logging_level": 0,
 "long": {"auto_unstuck_ema_dist": -0.006691080250881443,
          "auto_unstuck_wallet_exposure_threshold": 0.08018342508513661,
          "backwards_tp": true,
          "ddown_factor": 2.8681619454834655,
          "ema_span_0": 818.8790080603843,
          "ema_span_1": 1089.2778345475604,
          "enabled": true,
          "initial_eprice_ema_dist": 0.01,
          "initial_qty_pct": 0.026613034107676754,
          "markup_range": 0.0,
          "min_markup": 0.007088546341536924,
          "n_close_orders": 1,
          "rentry_pprice_dist": 0.027121487536135417,
          "rentry_pprice_dist_wallet_exposure_weighting": 10.847010327778886,
          "wallet_exposure_limit": 1.0},
 "short": {"auto_unstuck_ema_dist": -0.005870839149866174,
           "auto_unstuck_wallet_exposure_threshold": 0.05258559823773047,
           "backwards_tp": true,
           "ddown_factor": 2.4622935033075364,
           "ema_span_0": 1017.1362696689825,
           "ema_span_1": 1165.2237580697126,
           "enabled": true,
           "initial_eprice_ema_dist": 0.007872302120165984,
           "initial_qty_pct": 0.015799603563252232,
           "markup_range": 0.02450909383429726,
           "min_markup": 0.006796309787493849,
           "n_close_orders": 1,
           "rentry_pprice_dist": 0.037827939644400975,
           "rentry_pprice_dist_wallet_exposure_weighting": 32.20592196656755,
           "wallet_exposure_limit": 1.0}}