{"config_name": "recursive_grid_0days",
 "logging_level": 0,
 "long": {"auto_unstuck_ema_dist": -0.005675149134483904,
          "auto_unstuck_wallet_exposure_threshold": 0.047940357797623546,
          "backwards_tp": true,
          "ddown_factor": 1.426267661696093,
          "ema_span_0": 469.4032158164923,
          "ema_span_1": 769.3359733170533,
          "enabled": true,
          "initial_eprice_ema_dist": -0.09305856325943228,
          "initial_qty_pct": 0.01977568643254896,
          "markup_range": 0.005068181332947098,
          "min_markup": 0.0038821171950349335,
          "n_close_orders": 9,
          "rentry_pprice_dist": 0.029323668908559367,
          "rentry_pprice_dist_wallet_exposure_weighting": 0.0,
          "wallet_exposure_limit": 1.0},
 "short": {"auto_unstuck_ema_dist": 0.0009990855240647317,
           "auto_unstuck_wallet_exposure_threshold": 0.07700798100478472,
           "backwards_tp": true,
           "ddown_factor": 2.5004785404954175,
           "ema_span_0": 16.458376995137847,
           "ema_span_1": 1305.7756861991638,
           "enabled": true,
           "initial_eprice_ema_dist": -0.005434874731248131,
           "initial_qty_pct": 0.010512738870902507,
           "markup_range": 0.003100886876372201,
           "min_markup": 0.006358109647123616,
           "n_close_orders": 16,
           "rentry_pprice_dist": 0.04287590224118589,
           "rentry_pprice_dist_wallet_exposure_weighting": 2.651456379707188,
           "wallet_exposure_limit": 1.0}}