{"config_name": "recursive_grid_0days",
 "logging_level": 0,
 "long": {"auto_unstuck_ema_dist": 0.04040232279186805,
          "auto_unstuck_wallet_exposure_threshold": 0.012926678230638582,
          "backwards_tp": true,
          "ddown_factor": 2.159473528197004,
          "ema_span_0": 33.37534020752493,
          "ema_span_1": 95.16226661519497,
          "enabled": true,
          "initial_eprice_ema_dist": 0.007771532300192271,
          "initial_qty_pct": 0.0203782458035247,
          "markup_range": 0.0006735679359668184,
          "min_markup": 0.005288908214536565,
          "n_close_orders": 10,
          "rentry_pprice_dist": 0.020129117792808723,
          "rentry_pprice_dist_wallet_exposure_weighting": 3.082024308200557,
          "wallet_exposure_limit": 1.0},
 "short": {"auto_unstuck_ema_dist": 0.04347433591603592,
           "auto_unstuck_wallet_exposure_threshold": 0.06761853594084992,
           "backwards_tp": true,
           "ddown_factor": 2.493702935052538,
           "ema_span_0": 101.14793008208785,
           "ema_span_1": 554.1802351570556,
           "enabled": true,
           "initial_eprice_ema_dist": 0.0054086115617240724,
           "initial_qty_pct": 0.016393601269653245,
           "markup_range": 0.0,
           "min_markup": 0.0013937968382767714,
           "n_close_orders": 11,
           "rentry_pprice_dist": 0.014256506140452097,
           "rentry_pprice_dist_wallet_exposure_weighting": 5.758919470159843,
           "wallet_exposure_limit": 1.0}}