{"config_name": "recursive_grid_0days",
 "logging_level": 0,
 "long": {"auto_unstuck_ema_dist": 0.03884818848246332,
          "auto_unstuck_wallet_exposure_threshold": 0.012887224622230105,
          "backwards_tp": true,
          "ddown_factor": 2.1595347055138765,
          "ema_span_0": 51.42478040151259,
          "ema_span_1": 95.18035397274176,
          "enabled": true,
          "initial_eprice_ema_dist": 0.00786648400016242,
          "initial_qty_pct": 0.020367604123755267,
          "markup_range": 0.0006734967702418793,
          "min_markup": 0.00528903397437933,
          "n_close_orders": 10,
          "rentry_pprice_dist": 0.020057446734483002,
          "rentry_pprice_dist_wallet_exposure_weighting": 3.0820017375939024,
          "wallet_exposure_limit": 1.0},
 "short": {"auto_unstuck_ema_dist": 0.032678995281179464,
           "auto_unstuck_wallet_exposure_threshold": 0.06383753741693389,
           "backwards_tp": true,
           "ddown_factor": 2.545530875935264,
           "ema_span_0": 140.32428077325386,
           "ema_span_1": 778.59377133397,
           "enabled": true,
           "initial_eprice_ema_dist": 0.0038586768390157606,
           "initial_qty_pct": 0.01,
           "markup_range": 0.0,
           "min_markup": 0.0010698295219437788,
           "n_close_orders": 9,
           "rentry_pprice_dist": 0.021595768477694188,
           "rentry_pprice_dist_wallet_exposure_weighting": 0.0852935235324876,
           "wallet_exposure_limit": 1.0}}