{"config_name": "recursive_grid_0days",
 "logging_level": 0,
 "long": {"auto_unstuck_ema_dist": 0.0013046598949455668,
          "auto_unstuck_wallet_exposure_threshold": 0.030871905666421104,
          "backwards_tp": true,
          "ddown_factor": 1.839943955993273,
          "ema_span_0": 479.82323893101903,
          "ema_span_1": 683.9894307750203,
          "enabled": true,
          "initial_eprice_ema_dist": 0.005562464357761902,
          "initial_qty_pct": 0.014548058063010145,
          "markup_range": 0.007222207292493767,
          "min_markup": 0.004055951753110919,
          "n_close_orders": 3,
          "rentry_pprice_dist": 0.02497783024978477,
          "rentry_pprice_dist_wallet_exposure_weighting": 0.0,
          "wallet_exposure_limit": 1.0},
 "short": {"auto_unstuck_ema_dist": 0.05232431832611209,
           "auto_unstuck_wallet_exposure_threshold": 0.018493455843532833,
           "backwards_tp": true,
           "ddown_factor": 1.0007922142580439,
           "ema_span_0": 692.753759560375,
           "ema_span_1": 367.6289188306733,
           "enabled": true,
           "initial_eprice_ema_dist": -0.01670692854693723,
           "initial_qty_pct": 0.01825411012918986,
           "markup_range": 0.0029313100209079125,
           "min_markup": 0.002593398470712748,
           "n_close_orders": 8,
           "rentry_pprice_dist": 0.044359362717106096,
           "rentry_pprice_dist_wallet_exposure_weighting": 0.4406749081928934,
           "wallet_exposure_limit": 1.0}}