{"config_name": "recursive_grid_0days",
 "logging_level": 0,
 "long": {"auto_unstuck_ema_dist": 0.023302096091375395,
          "auto_unstuck_wallet_exposure_threshold": 0.020087850524179118,
          "backwards_tp": true,
          "ddown_factor": 2.649153605830198,
          "ema_span_0": 245.0200186903339,
          "ema_span_1": 858.3388453837177,
          "enabled": true,
          "initial_eprice_ema_dist": 0.009232311476438538,
          "initial_qty_pct": 0.0126795353152615,
          "markup_range": 0.006732695822086686,
          "min_markup": 0.002795138109852999,
          "n_close_orders": 8,
          "rentry_pprice_dist": 0.020648953310968436,
          "rentry_pprice_dist_wallet_exposure_weighting": 4.8212950712057605,
          "wallet_exposure_limit": 1.0},
 "short": {"auto_unstuck_ema_dist": 0.049594314760582424,
           "auto_unstuck_wallet_exposure_threshold": 0.09922261558876168,
           "backwards_tp": true,
           "ddown_factor": 1.0607535683663767,
           "ema_span_0": 333.7494144485893,
           "ema_span_1": 1002.6857023220389,
           "enabled": true,
           "initial_eprice_ema_dist": 0.007115622036124985,
           "initial_qty_pct": 0.018330695527527793,
           "markup_range": 0.0010803684288349246,
           "min_markup": 0.004252380943864133,
           "n_close_orders": 10,
           "rentry_pprice_dist": 0.029255212924453138,
           "rentry_pprice_dist_wallet_exposure_weighting": 11.450307914312063,
           "wallet_exposure_limit": 1.0}}