{"config_name": "recursive_grid_0days",
 "logging_level": 0,
 "long": {"auto_unstuck_ema_dist": 0.0023940390678262873,
          "auto_unstuck_wallet_exposure_threshold": 0.03496211070604456,
          "backwards_tp": true,
          "ddown_factor": 2.57064344908601,
          "ema_span_0": 168.61732429846165,
          "ema_span_1": 1429.6271473828713,
          "enabled": true,
          "initial_eprice_ema_dist": -0.0027920737251769475,
          "initial_qty_pct": 0.013636460536508974,
          "markup_range": 0.03526857759618527,
          "min_markup": 0.00799155935614518,
          "n_close_orders": 1,
          "rentry_pprice_dist": 0.04418324228069891,
          "rentry_pprice_dist_wallet_exposure_weighting": 3.4871702346963094,
          "wallet_exposure_limit": 1.0},
 "short": {"auto_unstuck_ema_dist": -0.04472665029431111,
           "auto_unstuck_wallet_exposure_threshold": 0.07997797020122112,
           "backwards_tp": true,
           "ddown_factor": 0.18357592610908244,
           "ema_span_0": 458.43433706002,
           "ema_span_1": 1077.4207922139847,
           "enabled": true,
           "initial_eprice_ema_dist": 0.00792740134777851,
           "initial_qty_pct": 0.01731393660577341,
           "markup_range": 0.009360798888250886,
           "min_markup": 0.001019810514859559,
           "n_close_orders": 3,
           "rentry_pprice_dist": 0.03110393211874176,
           "rentry_pprice_dist_wallet_exposure_weighting": 17.32824940612467,
           "wallet_exposure_limit": 1.0}}