{"config_name": "recursive_grid_0days",
 "logging_level": 0,
 "long": {"auto_unstuck_ema_dist": 0.0028871153329721134,
          "auto_unstuck_wallet_exposure_threshold": 0.02081002008796866,
          "backwards_tp": true,
          "ddown_factor": 1.8072035914156437,
          "ema_span_0": 662.2408667468826,
          "ema_span_1": 587.1142030564625,
          "enabled": true,
          "initial_eprice_ema_dist": 0.016688275627639877,
          "initial_qty_pct": 0.025169346991306227,
          "markup_range": 0.008849107285970617,
          "min_markup": 0.005833570006548232,
          "n_close_orders": 3,
          "rentry_pprice_dist": 0.03285066086820231,
          "rentry_pprice_dist_wallet_exposure_weighting": 2.1112739813633943,
          "wallet_exposure_limit": 1.0},
 "short": {"auto_unstuck_ema_dist": 0.020960087163229467,
           "auto_unstuck_wallet_exposure_threshold": 0.06281034819766702,
           "backwards_tp": true,
           "ddown_factor": 1.8924602949123803,
           "ema_span_0": 119.86046872295717,
           "ema_span_1": 969.239735552498,
           "enabled": true,
           "initial_eprice_ema_dist": -0.00530517628021086,
           "initial_qty_pct": 0.014184335413703304,
           "markup_range": 0.008902950263385606,
           "min_markup": 0.0045805966622138455,
           "n_close_orders": 15,
           "rentry_pprice_dist": 0.041431744440057934,
           "rentry_pprice_dist_wallet_exposure_weighting": 5.048497208516926,
           "wallet_exposure_limit": 1.0}}