{"config_name": "recursive_grid_0days",
 "logging_level": 0,
 "long": {"auto_unstuck_ema_dist": 0.0007874568890321995,
          "auto_unstuck_wallet_exposure_threshold": 0.028570158647623835,
          "backwards_tp": true,
          "ddown_factor": 1.8174797843462425,
          "ema_span_0": 580.8828985392698,
          "ema_span_1": 603.760209430326,
          "enabled": true,
          "initial_eprice_ema_dist": 0.01664528449794593,
          "initial_qty_pct": 0.023622532313162616,
          "markup_range": 0.009061489225232788,
          "min_markup": 0.005550230452837766,
          "n_close_orders": 3,
          "rentry_pprice_dist": 0.03268784735873458,
          "rentry_pprice_dist_wallet_exposure_weighting": 2.3635088090442053,
          "wallet_exposure_limit": 1.0},
 "short": {"auto_unstuck_ema_dist": 0.015463398728120964,
           "auto_unstuck_wallet_exposure_threshold": 0.06259535051216551,
           "backwards_tp": true,
           "ddown_factor": 1.8900733102060467,
           "ema_span_0": 119.97752833639089,
           "ema_span_1": 973.432386123871,
           "enabled": true,
           "initial_eprice_ema_dist": -0.005370165634480854,
           "initial_qty_pct": 0.01420956273053043,
           "markup_range": 0.008980077236159978,
           "min_markup": 0.004575488103853623,
           "n_close_orders": 15,
           "rentry_pprice_dist": 0.04145213784801795,
           "rentry_pprice_dist_wallet_exposure_weighting": 5.094022667093883,
           "wallet_exposure_limit": 1.0}}