{"config_name": "recursive_grid_0days",
 "logging_level": 0,
 "long": {"auto_unstuck_ema_dist": 0.00099414379113854,
          "auto_unstuck_wallet_exposure_threshold": 0.031100713275596437,
          "backwards_tp": true,
          "ddown_factor": 1.950114655255963,
          "ema_span_0": 56.9360992768494,
          "ema_span_1": 829.4115909933363,
          "enabled": true,
          "initial_eprice_ema_dist": 0.001,
          "initial_qty_pct": 0.011784839611020222,
          "markup_range": 0.0,
          "min_markup": 0.0063189309348096,
          "n_close_orders": 5,
          "rentry_pprice_dist": 0.03751798584269904,
          "rentry_pprice_dist_wallet_exposure_weighting": 0.09527460689680754,
          "wallet_exposure_limit": 1.0},
 "short": {"auto_unstuck_ema_dist": 0.000994533287172559,
           "auto_unstuck_wallet_exposure_threshold": 0.040632603799272346,
           "backwards_tp": true,
           "ddown_factor": 0.42339293251136817,
           "ema_span_0": 1421.9719924257356,
           "ema_span_1": 1153.9859652317352,
           "enabled": true,
           "initial_eprice_ema_dist": -0.03563583675081249,
           "initial_qty_pct": 0.015775460980738974,
           "markup_range": 0.0051526919065251675,
           "min_markup": 0.008194940041397042,
           "n_close_orders": 9,
           "rentry_pprice_dist": 0.02274264598045902,
           "rentry_pprice_dist_wallet_exposure_weighting": 2.779147661001429,
           "wallet_exposure_limit": 1.0}}