{"config_name": "recursive_grid_0days",
 "logging_level": 0,
 "long": {"auto_unstuck_ema_dist": -0.00416184084734876,
          "auto_unstuck_wallet_exposure_threshold": 0.04329138933116193,
          "backwards_tp": true,
          "ddown_factor": 0.3255854368164453,
          "ema_span_0": 141.93481249161408,
          "ema_span_1": 1072.0495969802732,
          "enabled": true,
          "initial_eprice_ema_dist": 0.0022799202854184965,
          "initial_qty_pct": 0.04874409095369565,
          "markup_range": 0.012359366758224324,
          "min_markup": 0.0018859796518116414,
          "n_close_orders": 14,
          "rentry_pprice_dist": 0.03259112068050861,
          "rentry_pprice_dist_wallet_exposure_weighting": 2.6422129300873474,
          "wallet_exposure_limit": 1.0},
 "short": {"auto_unstuck_ema_dist": -0.021949557390496435,
           "auto_unstuck_wallet_exposure_threshold": 0.0470067547384612,
           "backwards_tp": true,
           "ddown_factor": 0.6157567391984325,
           "ema_span_0": 1407.410984130218,
           "ema_span_1": 1406.702649222276,
           "enabled": true,
           "initial_eprice_ema_dist": 0.009985571874497475,
           "initial_qty_pct": 0.01593568697096758,
           "markup_range": 0.005276131137066665,
           "min_markup": 0.009911762748619674,
           "n_close_orders": 6,
           "rentry_pprice_dist": 0.021081681809484158,
           "rentry_pprice_dist_wallet_exposure_weighting": 12.384373094060852,
           "wallet_exposure_limit": 1.0}}