{"config_name": "recursive_grid_0days",
 "logging_level": 0,
 "long": {"auto_unstuck_ema_dist": 0.036038478185120494,
          "auto_unstuck_wallet_exposure_threshold": 0.04067641462049321,
          "backwards_tp": true,
          "ddown_factor": 2.976615108841134,
          "ema_span_0": 181.87294318566595,
          "ema_span_1": 722.8889642536037,
          "enabled": true,
          "initial_eprice_ema_dist": -0.006262660097881443,
          "initial_qty_pct": 0.015497625490862144,
          "markup_range": 0.004571881693670255,
          "min_markup": 0.008459152754386431,
          "n_close_orders": 11,
          "rentry_pprice_dist": 0.03347141446538461,
          "rentry_pprice_dist_wallet_exposure_weighting": 10.837313121419324,
          "wallet_exposure_limit": 1.0},
 "short": {"auto_unstuck_ema_dist": 0.02703697746251085,
           "auto_unstuck_wallet_exposure_threshold": 0.07807612217898162,
           "backwards_tp": true,
           "ddown_factor": 1.2360030663950465,
           "ema_span_0": 699.7902913167833,
           "ema_span_1": 1251.2956083375236,
           "enabled": true,
           "initial_eprice_ema_dist": -0.010382995754686026,
           "initial_qty_pct": 0.0290395521285745,
           "markup_range": 0.005371112730349754,
           "min_markup": 0.0032856963191221058,
           "n_close_orders": 13,
           "rentry_pprice_dist": 0.02915284368961165,
           "rentry_pprice_dist_wallet_exposure_weighting": 7.972272477404085,
           "wallet_exposure_limit": 1.0}}