{"config_name": "recursive_grid_0days",
 "logging_level": 0,
 "long": {"auto_unstuck_ema_dist": -0.004162456008861704,
          "auto_unstuck_wallet_exposure_threshold": 0.04286629370802248,
          "backwards_tp": true,
          "ddown_factor": 0.31995518082662794,
          "ema_span_0": 141.30639515706306,
          "ema_span_1": 1086.6857120840862,
          "enabled": true,
          "initial_eprice_ema_dist": 0.002380188436084198,
          "initial_qty_pct": 0.051130412426717405,
          "markup_range": 0.013267047444997956,
          "min_markup": 0.0017087242405249162,
          "n_close_orders": 15,
          "rentry_pprice_dist": 0.0322266403508175,
          "rentry_pprice_dist_wallet_exposure_weighting": 2.6570080369360225,
          "wallet_exposure_limit": 1.0},
 "short": {"auto_unstuck_ema_dist": -0.02165016819348582,
           "auto_unstuck_wallet_exposure_threshold": 0.04257503373698323,
           "backwards_tp": true,
           "ddown_factor": 0.6171721895795803,
           "ema_span_0": 1380.0548709206455,
           "ema_span_1": 1412.6946075129335,
           "enabled": true,
           "initial_eprice_ema_dist": 0.009992255386985534,
           "initial_qty_pct": 0.016190763654178607,
           "markup_range": 0.005738972737530971,
           "min_markup": 0.00985984642589787,
           "n_close_orders": 6,
           "rentry_pprice_dist": 0.020872001862311654,
           "rentry_pprice_dist_wallet_exposure_weighting": 12.49407548421743,
           "wallet_exposure_limit": 1.0}}