{"config_name": "recursive_grid_0days",
 "logging_level": 0,
 "long": {"auto_unstuck_ema_dist": 0.03602371195216639,
          "auto_unstuck_wallet_exposure_threshold": 0.0407032780037885,
          "backwards_tp": true,
          "ddown_factor": 2.97660494793859,
          "ema_span_0": 181.36784592548503,
          "ema_span_1": 722.782503336931,
          "enabled": true,
          "initial_eprice_ema_dist": -0.0062743822791696355,
          "initial_qty_pct": 0.01549535896360931,
          "markup_range": 0.004571910823765152,
          "min_markup": 0.008459121483869125,
          "n_close_orders": 11,
          "rentry_pprice_dist": 0.033473835785441344,
          "rentry_pprice_dist_wallet_exposure_weighting": 10.83714468683477,
          "wallet_exposure_limit": 1.0},
 "short": {"auto_unstuck_ema_dist": 0.0321698850135772,
           "auto_unstuck_wallet_exposure_threshold": 0.07546051729288833,
           "backwards_tp": true,
           "ddown_factor": 1.1216300275382813,
           "ema_span_0": 708.6744136547813,
           "ema_span_1": 1181.686485721796,
           "enabled": true,
           "initial_eprice_ema_dist": -0.019238832337781595,
           "initial_qty_pct": 0.01605711609752878,
           "markup_range": 0.006097680093736738,
           "min_markup": 0.0035659724069641093,
           "n_close_orders": 14,
           "rentry_pprice_dist": 0.0281908452289118,
           "rentry_pprice_dist_wallet_exposure_weighting": 7.797450583908334,
           "wallet_exposure_limit": 1.0}}