{"config_name": "recursive_grid_0days",
 "logging_level": 0,
 "long": {"auto_unstuck_ema_dist": 0.0008867285017845545,
          "auto_unstuck_wallet_exposure_threshold": 0.05750337976809938,
          "backwards_tp": true,
          "ddown_factor": 2.395747376034188,
          "ema_span_0": 580.306381030655,
          "ema_span_1": 168.05167662095198,
          "enabled": true,
          "initial_eprice_ema_dist": -0.027468928127870124,
          "initial_qty_pct": 0.012203078246952612,
          "markup_range": 0.0054308943773340125,
          "min_markup": 0.0036694279956999538,
          "n_close_orders": 11,
          "rentry_pprice_dist": 0.03436332948865918,
          "rentry_pprice_dist_wallet_exposure_weighting": 1.31624634411335,
          "wallet_exposure_limit": 1.0},
 "short": {"auto_unstuck_ema_dist": 0.001,
           "auto_unstuck_wallet_exposure_threshold": 0.038183205976600625,
           "backwards_tp": true,
           "ddown_factor": 1.1550396651705381,
           "ema_span_0": 978.9876003665803,
           "ema_span_1": 1439.9999191488025,
           "enabled": true,
           "initial_eprice_ema_dist": -0.003995812747271533,
           "initial_qty_pct": 0.011917415559012021,
           "markup_range": 0.021384034003686977,
           "min_markup": 0.004702647121641549,
           "n_close_orders": 10,
           "rentry_pprice_dist": 0.023334174455955904,
           "rentry_pprice_dist_wallet_exposure_weighting": 3.816032699442265,
           "wallet_exposure_limit": 1.0}}