{"config_name": "recursive_grid_0days",
 "logging_level": 0,
 "long": {"auto_unstuck_ema_dist": 0.010098346533895339,
          "auto_unstuck_wallet_exposure_threshold": 0.09813790235063281,
          "backwards_tp": true,
          "ddown_factor": 1.4857438843294666,
          "ema_span_0": 642.4555363333571,
          "ema_span_1": 410.9303249897664,
          "enabled": true,
          "initial_eprice_ema_dist": -0.010261343180497852,
          "initial_qty_pct": 0.010908960807552605,
          "markup_range": 0.0009106229495250213,
          "min_markup": 0.004473859514945265,
          "n_close_orders": 13,
          "rentry_pprice_dist": 0.03363976654195183,
          "rentry_pprice_dist_wallet_exposure_weighting": 4.583029291073701,
          "wallet_exposure_limit": 1.0},
 "short": {"auto_unstuck_ema_dist": 0.01622451132830617,
           "auto_unstuck_wallet_exposure_threshold": 0.02210888879943027,
           "backwards_tp": true,
           "ddown_factor": 2.403851228431386,
           "ema_span_0": 472.02524065190204,
           "ema_span_1": 529.4188436978746,
           "enabled": true,
           "initial_eprice_ema_dist": -0.0005359434404632931,
           "initial_qty_pct": 0.01256914860649329,
           "markup_range": 0.0031803464066990934,
           "min_markup": 0.0013231151346370772,
           "n_close_orders": 8,
           "rentry_pprice_dist": 0.018607955132813683,
           "rentry_pprice_dist_wallet_exposure_weighting": 12.143408840042328,
           "wallet_exposure_limit": 1.0}}