{"config_name": "recursive_grid_0days",
 "logging_level": 0,
 "long": {"auto_unstuck_ema_dist": -0.048533912384900686,
          "auto_unstuck_wallet_exposure_threshold": 0.05558009078485081,
          "backwards_tp": true,
          "ddown_factor": 0.3598539552435254,
          "ema_span_0": 669.0522703033047,
          "ema_span_1": 435.00267009351506,
          "enabled": true,
          "initial_eprice_ema_dist": 0.01,
          "initial_qty_pct": 0.0209631272783669,
          "markup_range": 0.003151834502103206,
          "min_markup": 0.009064573757608748,
          "n_close_orders": 4,
          "rentry_pprice_dist": 0.03105598905426493,
          "rentry_pprice_dist_wallet_exposure_weighting": 4.659759777430051,
          "wallet_exposure_limit": 1.0},
 "short": {"auto_unstuck_ema_dist": -0.048697455882248074,
           "auto_unstuck_wallet_exposure_threshold": 0.04159879804304186,
           "backwards_tp": true,
           "ddown_factor": 1.3256016226522975,
           "ema_span_0": 683.9043051210956,
           "ema_span_1": 346.04523376596615,
           "enabled": true,
           "initial_eprice_ema_dist": 0.01,
           "initial_qty_pct": 0.016708884273780113,
           "markup_range": 0.0007788214923043579,
           "min_markup": 0.008683213486214819,
           "n_close_orders": 5,
           "rentry_pprice_dist": 0.03967679913849335,
           "rentry_pprice_dist_wallet_exposure_weighting": 3.3236946934951823,
           "wallet_exposure_limit": 1.0}}