{"config_name": "recursive_grid_0days",
 "logging_level": 0,
 "long": {"auto_unstuck_ema_dist": 0.0009997388321885188,
          "auto_unstuck_wallet_exposure_threshold": 0.04734590064624326,
          "backwards_tp": true,
          "ddown_factor": 0.24283543323198012,
          "ema_span_0": 567.0266210901223,
          "ema_span_1": 846.24126557039,
          "enabled": true,
          "initial_eprice_ema_dist": 0.0009964876970196372,
          "initial_qty_pct": 0.014925939172163054,
          "markup_range": 0.0,
          "min_markup": 0.005767774726665911,
          "n_close_orders": 13,
          "rentry_pprice_dist": 0.019766235087782778,
          "rentry_pprice_dist_wallet_exposure_weighting": 0.9379631109791559,
          "wallet_exposure_limit": 1.0},
 "short": {"auto_unstuck_ema_dist": -0.04617944954711742,
           "auto_unstuck_wallet_exposure_threshold": 0.05781682784101896,
           "backwards_tp": true,
           "ddown_factor": 1.0210793948199735,
           "ema_span_0": 1056.1419543756879,
           "ema_span_1": 456.53413182371986,
           "enabled": true,
           "initial_eprice_ema_dist": -0.013588232513133213,
           "initial_qty_pct": 0.016198364056943988,
           "markup_range": 0.005645019148031566,
           "min_markup": 0.003054611901457864,
           "n_close_orders": 5,
           "rentry_pprice_dist": 0.039820666116652415,
           "rentry_pprice_dist_wallet_exposure_weighting": 2.908892803243405,
           "wallet_exposure_limit": 1.0}}