{"config_name": "recursive_grid_0days",
 "logging_level": 0,
 "long": {"auto_unstuck_ema_dist": 0.0004332023238872773,
          "auto_unstuck_wallet_exposure_threshold": 0.030244762062690736,
          "backwards_tp": true,
          "ddown_factor": 1.9176740952941225,
          "ema_span_0": 231.8369509366452,
          "ema_span_1": 589.6768643724128,
          "enabled": true,
          "initial_eprice_ema_dist": -0.06960533295007812,
          "initial_qty_pct": 0.014853066385295004,
          "markup_range": 0.0021653157716947937,
          "min_markup": 0.0029599263710930225,
          "n_close_orders": 13,
          "rentry_pprice_dist": 0.03750027859701273,
          "rentry_pprice_dist_wallet_exposure_weighting": 0.023335714247761586,
          "wallet_exposure_limit": 1.0},
 "short": {"auto_unstuck_ema_dist": -0.0007525623770590341,
           "auto_unstuck_wallet_exposure_threshold": 0.06588911992770187,
           "backwards_tp": true,
           "ddown_factor": 2.4244615127440463,
           "ema_span_0": 994.1214630102054,
           "ema_span_1": 1439.9840199848575,
           "enabled": true,
           "initial_eprice_ema_dist": 0.001,
           "initial_qty_pct": 0.011917706883253639,
           "markup_range": 0.0027593137876462466,
           "min_markup": 0.0068644989179093095,
           "n_close_orders": 4,
           "rentry_pprice_dist": 0.02955776364861535,
           "rentry_pprice_dist_wallet_exposure_weighting": 6.162309716173726,
           "wallet_exposure_limit": 1.0}}