{"config_name": "recursive_grid_0days",
 "logging_level": 0,
 "long": {"auto_unstuck_ema_dist": 0.0004606615620904314,
          "auto_unstuck_wallet_exposure_threshold": 0.030257738964677552,
          "backwards_tp": true,
          "ddown_factor": 1.9183721943357162,
          "ema_span_0": 235.60061807457205,
          "ema_span_1": 602.6418692775666,
          "enabled": true,
          "initial_eprice_ema_dist": -0.06960925020969606,
          "initial_qty_pct": 0.014850790661914628,
          "markup_range": 0.0021621205232919714,
          "min_markup": 0.0029519401082264895,
          "n_close_orders": 13,
          "rentry_pprice_dist": 0.03749940818019619,
          "rentry_pprice_dist_wallet_exposure_weighting": 0.023088202700090803,
          "wallet_exposure_limit": 1.0},
 "short": {"auto_unstuck_ema_dist": -0.002366232039916558,
           "auto_unstuck_wallet_exposure_threshold": 0.04437990159982282,
           "backwards_tp": true,
           "ddown_factor": 2.6122184007968676,
           "ema_span_0": 1273.45001856587,
           "ema_span_1": 1154.2655930935036,
           "enabled": true,
           "initial_eprice_ema_dist": 0.0011212754304979929,
           "initial_qty_pct": 0.01168824920465887,
           "markup_range": 0.005783506636719371,
           "min_markup": 0.006687876645571171,
           "n_close_orders": 1,
           "rentry_pprice_dist": 0.026318654985556758,
           "rentry_pprice_dist_wallet_exposure_weighting": 10.21249174997085,
           "wallet_exposure_limit": 1.0}}