{"config_name": "recursive_grid_0days",
 "logging_level": 0,
 "long": {"auto_unstuck_ema_dist": 0.0013538062694181258,
          "auto_unstuck_wallet_exposure_threshold": 0.07335158503163819,
          "backwards_tp": true,
          "ddown_factor": 2.9467610795765258,
          "ema_span_0": 291.22995324627914,
          "ema_span_1": 1107.4884934919987,
          "enabled": true,
          "initial_eprice_ema_dist": 0.011096891955506148,
          "initial_qty_pct": 0.03894845731062199,
          "markup_range": 0.0074546740589201375,
          "min_markup": 0.005884815276598787,
          "n_close_orders": 7,
          "rentry_pprice_dist": 0.02736135679306125,
          "rentry_pprice_dist_wallet_exposure_weighting": 4.654974840662303,
          "wallet_exposure_limit": 1.0},
 "short": {"auto_unstuck_ema_dist": 0.03999999948682973,
           "auto_unstuck_wallet_exposure_threshold": 0.04301938400058325,
           "backwards_tp": true,
           "ddown_factor": 2.7033572082758637,
           "ema_span_0": 660.7436209688996,
           "ema_span_1": 1346.7251066191498,
           "enabled": true,
           "initial_eprice_ema_dist": 0.008223155135726449,
           "initial_qty_pct": 0.022428782039010064,
           "markup_range": 0.0011387031030439215,
           "min_markup": 0.008441258985929113,
           "n_close_orders": 10,
           "rentry_pprice_dist": 0.04812204448703132,
           "rentry_pprice_dist_wallet_exposure_weighting": 5.151526059577523,
           "wallet_exposure_limit": 1.0}}