{"config_name": "recursive_grid_0days",
 "logging_level": 0,
 "long": {"auto_unstuck_ema_dist": 0.03813054114508347,
          "auto_unstuck_wallet_exposure_threshold": 0.056172441412188294,
          "backwards_tp": true,
          "ddown_factor": 1.5050708083830668,
          "ema_span_0": 716.9657901560379,
          "ema_span_1": 876.2916056597553,
          "enabled": true,
          "initial_eprice_ema_dist": 0.013205578753900379,
          "initial_qty_pct": 0.02508963713640791,
          "markup_range": 0.003918366454407983,
          "min_markup": 0.0019568918540516077,
          "n_close_orders": 10,
          "rentry_pprice_dist": 0.03289944640785852,
          "rentry_pprice_dist_wallet_exposure_weighting": 5.438458903960591,
          "wallet_exposure_limit": 1.0},
 "short": {"auto_unstuck_ema_dist": 0.015626480663546567,
           "auto_unstuck_wallet_exposure_threshold": 0.03148734581147873,
           "backwards_tp": true,
           "ddown_factor": 2.332709082442752,
           "ema_span_0": 398.7753866643059,
           "ema_span_1": 1439.4556077063323,
           "enabled": true,
           "initial_eprice_ema_dist": 0.005722940658641464,
           "initial_qty_pct": 0.010347493918449219,
           "markup_range": 0.004693351947902327,
           "min_markup": 0.006919178198149817,
           "n_close_orders": 15,
           "rentry_pprice_dist": 0.02709981983110519,
           "rentry_pprice_dist_wallet_exposure_weighting": 5.2880657567033795,
           "wallet_exposure_limit": 1.0}}