{"config_name": "recursive_grid_0days",
 "logging_level": 0,
 "long": {"auto_unstuck_ema_dist": 0.00032905898508841673,
          "auto_unstuck_wallet_exposure_threshold": 0.055852182491749044,
          "backwards_tp": true,
          "ddown_factor": 2.101112310891338,
          "ema_span_0": 284.5715024822926,
          "ema_span_1": 1160.7161260379253,
          "enabled": true,
          "initial_eprice_ema_dist": 0.01,
          "initial_qty_pct": 0.031401434014217064,
          "markup_range": 0.026305941494389,
          "min_markup": 0.008164788903118092,
          "n_close_orders": 1,
          "rentry_pprice_dist": 0.04784658995026357,
          "rentry_pprice_dist_wallet_exposure_weighting": 0.9067947015477613,
          "wallet_exposure_limit": 1.0},
 "short": {"auto_unstuck_ema_dist": 0.002481567082485881,
           "auto_unstuck_wallet_exposure_threshold": 0.07386623502385548,
           "backwards_tp": true,
           "ddown_factor": 0.862652030258743,
           "ema_span_0": 271.98199079702283,
           "ema_span_1": 495.117607410103,
           "enabled": true,
           "initial_eprice_ema_dist": 0.0016908976404683678,
           "initial_qty_pct": 0.01,
           "markup_range": 0.005958045619591067,
           "min_markup": 0.005838138245893622,
           "n_close_orders": 8,
           "rentry_pprice_dist": 0.03080891053312558,
           "rentry_pprice_dist_wallet_exposure_weighting": 3.5654701359955876,
           "wallet_exposure_limit": 1.0}}