{"config_name": "recursive_grid_0days",
 "logging_level": 0,
 "long": {"auto_unstuck_ema_dist": -0.010699357976754788,
          "auto_unstuck_wallet_exposure_threshold": 0.07680362443850682,
          "backwards_tp": true,
          "ddown_factor": 2.174596588428442,
          "ema_span_0": 680.0909607334956,
          "ema_span_1": 1396.8842476736897,
          "enabled": true,
          "initial_eprice_ema_dist": -0.0662129382610427,
          "initial_qty_pct": 0.012599448269576383,
          "markup_range": 0.00375622560698563,
          "min_markup": 0.007601353014832207,
          "n_close_orders": 5,
          "rentry_pprice_dist": 0.04235920411775722,
          "rentry_pprice_dist_wallet_exposure_weighting": 1.060576393159732,
          "wallet_exposure_limit": 1},
 "short": {"auto_unstuck_ema_dist": -0.018615096711479404,
           "auto_unstuck_wallet_exposure_threshold": 0.03229381463401638,
           "backwards_tp": true,
           "ddown_factor": 1.0004988961160979,
           "ema_span_0": 1434.7702380498688,
           "ema_span_1": 1437.9240913044039,
           "enabled": true,
           "initial_eprice_ema_dist": -0.004059543727504008,
           "initial_qty_pct": 0.032957415843451014,
           "markup_range": 0.010464674699493552,
           "min_markup": 0.009418788972348768,
           "n_close_orders": 4,
           "rentry_pprice_dist": 0.03857927561358509,
           "rentry_pprice_dist_wallet_exposure_weighting": 1.5494237463713443,
           "wallet_exposure_limit": 1.0}}