{"config_name": "recursive_grid_0days",
 "logging_level": 0,
 "long": {"auto_unstuck_ema_dist": -0.007885971553419404,
          "auto_unstuck_wallet_exposure_threshold": 0.03227616280637806,
          "backwards_tp": true,
          "ddown_factor": 1.3969934916956575,
          "ema_span_0": 305.28362289568327,
          "ema_span_1": 799.9939761894132,
          "enabled": true,
          "initial_eprice_ema_dist": -0.004966842762612865,
          "initial_qty_pct": 0.019038563028611843,
          "markup_range": 0.002755633868729081,
          "min_markup": 0.00795123327879153,
          "n_close_orders": 8,
          "rentry_pprice_dist": 0.02815723497831364,
          "rentry_pprice_dist_wallet_exposure_weighting": 4.8472393409653876,
          "wallet_exposure_limit": 1.0},
 "short": {"auto_unstuck_ema_dist": -0.02811958318628919,
           "auto_unstuck_wallet_exposure_threshold": 0.049397452441538765,
           "backwards_tp": true,
           "ddown_factor": 0.2874329971703276,
           "ema_span_0": 368.92165151586295,
           "ema_span_1": 530.247546290585,
           "enabled": true,
           "initial_eprice_ema_dist": -0.002018024486218247,
           "initial_qty_pct": 0.012507762531657574,
           "markup_range": 0.010231651280488394,
           "min_markup": 0.00744223756748817,
           "n_close_orders": 11,
           "rentry_pprice_dist": 0.0312124281262851,
           "rentry_pprice_dist_wallet_exposure_weighting": 8.684192248746111,
           "wallet_exposure_limit": 1.0}}