{"config_name": "recursive_grid_0days",
 "logging_level": 0,
 "long": {"auto_unstuck_ema_dist": 0.01529725289050484,
          "auto_unstuck_wallet_exposure_threshold": 0.07646185777436774,
          "backwards_tp": true,
          "ddown_factor": 2.3116608369031,
          "ema_span_0": 719.1112558071247,
          "ema_span_1": 1169.7604199296682,
          "enabled": true,
          "initial_eprice_ema_dist": -0.013316781008310396,
          "initial_qty_pct": 0.012428565898054826,
          "markup_range": 0.004328879046021098,
          "min_markup": 0.0055063064285576805,
          "n_close_orders": 5,
          "rentry_pprice_dist": 0.03749214878943259,
          "rentry_pprice_dist_wallet_exposure_weighting": 0.47314381921811877,
          "wallet_exposure_limit": 1.0},
 "short": {"auto_unstuck_ema_dist": 0.03899233532757912,
           "auto_unstuck_wallet_exposure_threshold": 0.022776123371115748,
           "backwards_tp": true,
           "ddown_factor": 1.579268295376496,
           "ema_span_0": 100.89088345840223,
           "ema_span_1": 1225.514581777084,
           "enabled": true,
           "initial_eprice_ema_dist": -0.017329182596997932,
           "initial_qty_pct": 0.010390537866065893,
           "markup_range": 0.007316868188806029,
           "min_markup": 0.008661274293374722,
           "n_close_orders": 6,
           "rentry_pprice_dist": 0.04205467234536498,
           "rentry_pprice_dist_wallet_exposure_weighting": 3.842715738819563,
           "wallet_exposure_limit": 1.0}}