{"config_name": "recursive_grid_0days",
 "logging_level": 0,
 "long": {"auto_unstuck_ema_dist": 0.04,
          "auto_unstuck_wallet_exposure_threshold": 0.08831916865103222,
          "backwards_tp": true,
          "ddown_factor": 2.686833636853305,
          "ema_span_0": 719.6551447644626,
          "ema_span_1": 1313.6020591988026,
          "enabled": true,
          "initial_eprice_ema_dist": 0.011962318323944142,
          "initial_qty_pct": 0.011831415802417825,
          "markup_range": 0.0036808813618485828,
          "min_markup": 0.007799124036685889,
          "n_close_orders": 6,
          "rentry_pprice_dist": 0.02651198433389537,
          "rentry_pprice_dist_wallet_exposure_weighting": 2.794881100992595,
          "wallet_exposure_limit": 1.0},
 "short": {"auto_unstuck_ema_dist": 0.03302870038819313,
           "auto_unstuck_wallet_exposure_threshold": 0.04965374070006355,
           "backwards_tp": true,
           "ddown_factor": 2.1980991235055285,
           "ema_span_0": 720.0,
           "ema_span_1": 614.0939552255354,
           "enabled": true,
           "initial_eprice_ema_dist": 0.0013218988322190358,
           "initial_qty_pct": 0.014584965378818218,
           "markup_range": 0.00713940685196358,
           "min_markup": 0.009687824186464838,
           "n_close_orders": 4,
           "rentry_pprice_dist": 0.03352987379312812,
           "rentry_pprice_dist_wallet_exposure_weighting": 0.47632292809160875,
           "wallet_exposure_limit": 1.0}}