{"config_name": "recursive_grid_0days",
 "logging_level": 0,
 "long": {"auto_unstuck_ema_dist": 0.04978518695309198,
          "auto_unstuck_wallet_exposure_threshold": 0.02289887514182739,
          "backwards_tp": true,
          "ddown_factor": 2.705771333522169,
          "ema_span_0": 366.346129410432,
          "ema_span_1": 172.78074425525315,
          "enabled": true,
          "initial_eprice_ema_dist": 0.015770253177098074,
          "initial_qty_pct": 0.02060166215279655,
          "markup_range": 0.006009892785145733,
          "min_markup": 0.0029045646740634046,
          "n_close_orders": 4,
          "rentry_pprice_dist": 0.0430757560326234,
          "rentry_pprice_dist_wallet_exposure_weighting": 0.0,
          "wallet_exposure_limit": 1.0},
 "short": {"auto_unstuck_ema_dist": 0.0012444816401429746,
           "auto_unstuck_wallet_exposure_threshold": 0.07269780577891684,
           "backwards_tp": true,
           "ddown_factor": 1.1883577463729866,
           "ema_span_0": 673.5155679095396,
           "ema_span_1": 1017.8538573688752,
           "enabled": true,
           "initial_eprice_ema_dist": 0.006672708442902071,
           "initial_qty_pct": 0.012517997711919089,
           "markup_range": 0.00021251467799142252,
           "min_markup": 0.005387909943603383,
           "n_close_orders": 12,
           "rentry_pprice_dist": 0.02180686718457845,
           "rentry_pprice_dist_wallet_exposure_weighting": 1.0928636979380397,
           "wallet_exposure_limit": 1.0}}