{"config_name": "recursive_grid_0days",
 "logging_level": 0,
 "long": {"auto_unstuck_ema_dist": 0.02084237766665598,
          "auto_unstuck_wallet_exposure_threshold": 0.021122797023222742,
          "backwards_tp": true,
          "ddown_factor": 1.6395353706369966,
          "ema_span_0": 456.0654665649243,
          "ema_span_1": 799.253100514727,
          "enabled": true,
          "initial_eprice_ema_dist": 0.00875284265108052,
          "initial_qty_pct": 0.01602743899381776,
          "markup_range": 0.0018119523861124657,
          "min_markup": 0.008251285093892391,
          "n_close_orders": 12,
          "rentry_pprice_dist": 0.03458686708073242,
          "rentry_pprice_dist_wallet_exposure_weighting": 1.7464277563015151,
          "wallet_exposure_limit": 1.0},
 "short": {"auto_unstuck_ema_dist": 0.007933817660157237,
           "auto_unstuck_wallet_exposure_threshold": 0.07933930178785623,
           "backwards_tp": true,
           "ddown_factor": 1.2358738136457637,
           "ema_span_0": 526.6266925095782,
           "ema_span_1": 669.0406230166654,
           "enabled": true,
           "initial_eprice_ema_dist": 0.01078655637482035,
           "initial_qty_pct": 0.01078031004997076,
           "markup_range": 0.0004165010884139005,
           "min_markup": 0.0020030291336824314,
           "n_close_orders": 2,
           "rentry_pprice_dist": 0.04706950291595145,
           "rentry_pprice_dist_wallet_exposure_weighting": 1.2125027037064087,
           "wallet_exposure_limit": 1.0}}