{"config_name": "recursive_grid_0days",
 "logging_level": 0,
 "long": {"auto_unstuck_ema_dist": 0.001,
          "auto_unstuck_wallet_exposure_threshold": 0.04490397856207741,
          "backwards_tp": true,
          "ddown_factor": 0.17879242365652626,
          "ema_span_0": 606.3322876630409,
          "ema_span_1": 1069.1940231783974,
          "enabled": true,
          "initial_eprice_ema_dist": -0.0039125453565423685,
          "initial_qty_pct": 0.011749826170498736,
          "markup_range": 0.0028046222370512377,
          "min_markup": 0.005296241105142571,
          "n_close_orders": 7,
          "rentry_pprice_dist": 0.01704652908055668,
          "rentry_pprice_dist_wallet_exposure_weighting": 2.898851536403532,
          "wallet_exposure_limit": 1.0},
 "short": {"auto_unstuck_ema_dist": -0.09996053830650654,
           "auto_unstuck_wallet_exposure_threshold": 0.06495736899702939,
           "backwards_tp": true,
           "ddown_factor": 0.6369872505651228,
           "ema_span_0": 1044.8563660578575,
           "ema_span_1": 1135.7466307427605,
           "enabled": true,
           "initial_eprice_ema_dist": 0.0007385446204114052,
           "initial_qty_pct": 0.01,
           "markup_range": 0.004731525444848605,
           "min_markup": 0.0018412939774481332,
           "n_close_orders": 12,
           "rentry_pprice_dist": 0.038966000617308795,
           "rentry_pprice_dist_wallet_exposure_weighting": 0.9639671539012397,
           "wallet_exposure_limit": 1.0}}