{"config_name": "recursive_grid_0days",
 "logging_level": 0,
 "long": {"auto_unstuck_ema_dist": 0.025915730370648836,
          "auto_unstuck_wallet_exposure_threshold": 0.06590405361011557,
          "backwards_tp": true,
          "ddown_factor": 1.0236997211548866,
          "ema_span_0": 237.70458264126083,
          "ema_span_1": 251.72577230951148,
          "enabled": true,
          "initial_eprice_ema_dist": 0.0038659575124161826,
          "initial_qty_pct": 0.013755692339208937,
          "markup_range": 0.005206456780113961,
          "min_markup": 0.002788320917204823,
          "n_close_orders": 11,
          "rentry_pprice_dist": 0.022349901072715752,
          "rentry_pprice_dist_wallet_exposure_weighting": 4.917972378223849,
          "wallet_exposure_limit": 1.0},
 "short": {"auto_unstuck_ema_dist": 0.015843077557954083,
           "auto_unstuck_wallet_exposure_threshold": 0.09889187098054406,
           "backwards_tp": true,
           "ddown_factor": 1.86861034073608,
           "ema_span_0": 438.77219624753195,
           "ema_span_1": 869.6875594504196,
           "enabled": true,
           "initial_eprice_ema_dist": 0.005456145434240543,
           "initial_qty_pct": 0.014232924863824837,
           "markup_range": 0.0017149513162877492,
           "min_markup": 0.004005984235914626,
           "n_close_orders": 5,
           "rentry_pprice_dist": 0.039747964322567324,
           "rentry_pprice_dist_wallet_exposure_weighting": 6.192678855137092,
           "wallet_exposure_limit": 1.0}}