{"config_name": "recursive_grid_0days",
 "logging_level": 0,
 "long": {"auto_unstuck_ema_dist": 0.0021923701083579605,
          "auto_unstuck_wallet_exposure_threshold": 0.07834246413443874,
          "backwards_tp": true,
          "ddown_factor": 2.384490957860466,
          "ema_span_0": 381.7983948112565,
          "ema_span_1": 344.21832285067086,
          "enabled": true,
          "initial_eprice_ema_dist": 0.01,
          "initial_qty_pct": 0.012909034026513772,
          "markup_range": 0.0013782090673257474,
          "min_markup": 0.008972571525996217,
          "n_close_orders": 1,
          "rentry_pprice_dist": 0.02668331042560586,
          "rentry_pprice_dist_wallet_exposure_weighting": 0.0,
          "wallet_exposure_limit": 1.0},
 "short": {"auto_unstuck_ema_dist": -0.005689406875024774,
           "auto_unstuck_wallet_exposure_threshold": 0.0411188277847516,
           "backwards_tp": true,
           "ddown_factor": 2.570981014046923,
           "ema_span_0": 452.1387201557655,
           "ema_span_1": 734.0808155955522,
           "enabled": true,
           "initial_eprice_ema_dist": -0.004620337953034244,
           "initial_qty_pct": 0.012309745366669574,
           "markup_range": 0.0016271013218485738,
           "min_markup": 0.005753938745982443,
           "n_close_orders": 13,
           "rentry_pprice_dist": 0.04272428348567946,
           "rentry_pprice_dist_wallet_exposure_weighting": 4.3976210383125,
           "wallet_exposure_limit": 1.0}}