{"config_name": "recursive_grid_0days",
 "logging_level": 0,
 "long": {"auto_unstuck_ema_dist": -0.029610197199360328,
          "auto_unstuck_wallet_exposure_threshold": 0.07664975178867924,
          "backwards_tp": true,
          "ddown_factor": 1.5959641835617808,
          "ema_span_0": 1265.30241760786,
          "ema_span_1": 412.62011871613964,
          "enabled": true,
          "initial_eprice_ema_dist": -0.005824465351929934,
          "initial_qty_pct": 0.01373043578836491,
          "markup_range": 0.0011734460033416658,
          "min_markup": 0.0057160104682143055,
          "n_close_orders": 10,
          "rentry_pprice_dist": 0.03698756161886283,
          "rentry_pprice_dist_wallet_exposure_weighting": 1.122065434016402,
          "wallet_exposure_limit": 1.0},
 "short": {"auto_unstuck_ema_dist": 0.0009930143252620672,
           "auto_unstuck_wallet_exposure_threshold": 0.03488613529284799,
           "backwards_tp": true,
           "ddown_factor": 1.4898717957893766,
           "ema_span_0": 182.61362253867878,
           "ema_span_1": 527.1141442352925,
           "enabled": true,
           "initial_eprice_ema_dist": -0.04806825879690804,
           "initial_qty_pct": 0.010153148045329463,
           "markup_range": 0.0020239300322205237,
           "min_markup": 0.005669254805052273,
           "n_close_orders": 8,
           "rentry_pprice_dist": 0.03454689692309133,
           "rentry_pprice_dist_wallet_exposure_weighting": 0.0,
           "wallet_exposure_limit": 1.0}}