{"config_name": "recursive_grid_0days",
 "logging_level": 0,
 "long": {"auto_unstuck_ema_dist": -0.029222903187527564,
          "auto_unstuck_wallet_exposure_threshold": 0.07855111846938455,
          "backwards_tp": true,
          "ddown_factor": 1.5954517054138146,
          "ema_span_0": 1264.2329610568815,
          "ema_span_1": 423.21355825194314,
          "enabled": true,
          "initial_eprice_ema_dist": -0.005855384371765012,
          "initial_qty_pct": 0.013649916636322172,
          "markup_range": 0.0013901308117635462,
          "min_markup": 0.005608611453124088,
          "n_close_orders": 10,
          "rentry_pprice_dist": 0.037132008989024,
          "rentry_pprice_dist_wallet_exposure_weighting": 1.1118763736732253,
          "wallet_exposure_limit": 1.0},
 "short": {"auto_unstuck_ema_dist": 0.0002299354253285671,
           "auto_unstuck_wallet_exposure_threshold": 0.058622362024384186,
           "backwards_tp": true,
           "ddown_factor": 1.2784193825760708,
           "ema_span_0": 873.493759309143,
           "ema_span_1": 1184.6599792092065,
           "enabled": true,
           "initial_eprice_ema_dist": 0.005688466350775101,
           "initial_qty_pct": 0.011220668882690103,
           "markup_range": 0.0041219543655900154,
           "min_markup": 0.0027378935361049017,
           "n_close_orders": 9,
           "rentry_pprice_dist": 0.03128324053140894,
           "rentry_pprice_dist_wallet_exposure_weighting": 0.017735693914597808,
           "wallet_exposure_limit": 1.0}}