{"config_name": "recursive_grid_0days",
 "logging_level": 0,
 "long": {"auto_unstuck_ema_dist": -0.008859219523539429,
          "auto_unstuck_wallet_exposure_threshold": 0.06125369335875532,
          "backwards_tp": true,
          "ddown_factor": 2.194037625193678,
          "ema_span_0": 1288.898834296847,
          "ema_span_1": 1143.33312853586,
          "enabled": true,
          "initial_eprice_ema_dist": -0.005045575882698024,
          "initial_qty_pct": 0.012720698540007482,
          "markup_range": 0.0586376011155876,
          "min_markup": 0.006005385069566923,
          "n_close_orders": 1,
          "rentry_pprice_dist": 0.023601474089395523,
          "rentry_pprice_dist_wallet_exposure_weighting": 5.3153078507862705,
          "wallet_exposure_limit": 1.0},
 "short": {"auto_unstuck_ema_dist": 0.0016453006001891297,
           "auto_unstuck_wallet_exposure_threshold": 0.08946424970295337,
           "backwards_tp": true,
           "ddown_factor": 1.6839067201221072,
           "ema_span_0": 991.2178861738241,
           "ema_span_1": 1068.679159831927,
           "enabled": true,
           "initial_eprice_ema_dist": 0.005373202067985872,
           "initial_qty_pct": 0.011963388917594032,
           "markup_range": 0.004931853151795756,
           "min_markup": 0.005504387689655943,
           "n_close_orders": 13,
           "rentry_pprice_dist": 0.03301269552614626,
           "rentry_pprice_dist_wallet_exposure_weighting": 8.363962023100102,
           "wallet_exposure_limit": 1.0}}