{"config_name": "recursive_grid_0days",
 "logging_level": 0,
 "long": {"auto_unstuck_ema_dist": -0.016261918024793015,
          "auto_unstuck_wallet_exposure_threshold": 0.0515035506146181,
          "backwards_tp": true,
          "ddown_factor": 0.3110829731072952,
          "ema_span_0": 1395.3315297476368,
          "ema_span_1": 1109.6443050575558,
          "enabled": true,
          "initial_eprice_ema_dist": -0.09537274714267635,
          "initial_qty_pct": 0.010771240988615342,
          "markup_range": 0.0032128540311232934,
          "min_markup": 0.005096081947772883,
          "n_close_orders": 6,
          "rentry_pprice_dist": 0.029591763514800758,
          "rentry_pprice_dist_wallet_exposure_weighting": 2.029422601018725,
          "wallet_exposure_limit": 1.0},
 "short": {"auto_unstuck_ema_dist": -0.00641487269059447,
           "auto_unstuck_wallet_exposure_threshold": 0.032479170594453065,
           "backwards_tp": true,
           "ddown_factor": 1.2558166229904424,
           "ema_span_0": 119.03074243247944,
           "ema_span_1": 276.8366453029632,
           "enabled": true,
           "initial_eprice_ema_dist": 0.0004507811349098976,
           "initial_qty_pct": 0.012608807488139917,
           "markup_range": 0.0017702205346295853,
           "min_markup": 0.009422564157703138,
           "n_close_orders": 5,
           "rentry_pprice_dist": 0.049529565185164576,
           "rentry_pprice_dist_wallet_exposure_weighting": 2.2623557831270382,
           "wallet_exposure_limit": 1.0}}