{"config_name": "recursive_grid_0days",
 "logging_level": 0,
 "long": {"auto_unstuck_ema_dist": 6.188532703665558e-05,
          "auto_unstuck_wallet_exposure_threshold": 0.03441136863258537,
          "backwards_tp": true,
          "ddown_factor": 1.7479216749130173,
          "ema_span_0": 181.69139631979786,
          "ema_span_1": 236.34638315749842,
          "enabled": true,
          "initial_eprice_ema_dist": 0.011827373514892988,
          "initial_qty_pct": 0.012297994225870723,
          "markup_range": 0.007312135658283034,
          "min_markup": 0.004891002263378775,
          "n_close_orders": 3,
          "rentry_pprice_dist": 0.019435581383704853,
          "rentry_pprice_dist_wallet_exposure_weighting": 0.0,
          "wallet_exposure_limit": 1.0},
 "short": {"auto_unstuck_ema_dist": 0.016453626990468408,
           "auto_unstuck_wallet_exposure_threshold": 0.09854628662226557,
           "backwards_tp": true,
           "ddown_factor": 1.371179125144804,
           "ema_span_0": 422.0965887242696,
           "ema_span_1": 669.1592072740883,
           "enabled": true,
           "initial_eprice_ema_dist": 0.013126414889543287,
           "initial_qty_pct": 0.016650170954018897,
           "markup_range": 0.000127376497318651,
           "min_markup": 0.0011672288883711887,
           "n_close_orders": 14,
           "rentry_pprice_dist": 0.022453945082296,
           "rentry_pprice_dist_wallet_exposure_weighting": 7.577796283438325,
           "wallet_exposure_limit": 1.0}}