{"config_name": "recursive_grid_0days",
 "logging_level": 0,
 "long": {"auto_unstuck_ema_dist": 0.009066360254168158,
          "auto_unstuck_wallet_exposure_threshold": 0.003777752968276407,
          "backwards_tp": true,
          "ddown_factor": 1.6755624111280243,
          "ema_span_0": 716.2796938026233,
          "ema_span_1": 1428.7973941941054,
          "enabled": true,
          "initial_eprice_ema_dist": 0.013025539018889311,
          "initial_qty_pct": 0.014844633010954364,
          "markup_range": 0.002113008509031078,
          "min_markup": 0.005391667819461159,
          "n_close_orders": 13,
          "rentry_pprice_dist": 0.02954458937460676,
          "rentry_pprice_dist_wallet_exposure_weighting": 3.0577494972690316,
          "wallet_exposure_limit": 1.0},
 "short": {"auto_unstuck_ema_dist": 0.00698404635981289,
           "auto_unstuck_wallet_exposure_threshold": 0.0860560687878829,
           "backwards_tp": true,
           "ddown_factor": 3.0,
           "ema_span_0": 431.45620884599566,
           "ema_span_1": 1065.3110007210125,
           "enabled": true,
           "initial_eprice_ema_dist": 0.00963036677743506,
           "initial_qty_pct": 0.01,
           "markup_range": 0.0,
           "min_markup": 0.0010258759744094486,
           "n_close_orders": 7,
           "rentry_pprice_dist": 0.037026170758860937,
           "rentry_pprice_dist_wallet_exposure_weighting": 77.72770153228639,
           "wallet_exposure_limit": 1.0}}