{"config_name": "recursive_grid_0days",
 "logging_level": 0,
 "long": {"auto_unstuck_ema_dist": -0.031260003224236395,
          "auto_unstuck_wallet_exposure_threshold": 0.04251026945805951,
          "backwards_tp": true,
          "ddown_factor": 2.492389735338497,
          "ema_span_0": 1320.0019203129239,
          "ema_span_1": 1324.932631093146,
          "enabled": true,
          "initial_eprice_ema_dist": 0.0067365497669739675,
          "initial_qty_pct": 0.014673971091515053,
          "markup_range": 0.004651641343683561,
          "min_markup": 0.007847156030809883,
          "n_close_orders": 6,
          "rentry_pprice_dist": 0.031965835849225584,
          "rentry_pprice_dist_wallet_exposure_weighting": 4.136306398701544,
          "wallet_exposure_limit": 1.0},
 "short": {"auto_unstuck_ema_dist": -0.020475234877406122,
           "auto_unstuck_wallet_exposure_threshold": 0.048730588170928235,
           "backwards_tp": true,
           "ddown_factor": 0.3575114662690466,
           "ema_span_0": 721.7877994000781,
           "ema_span_1": 1210.7933600354595,
           "enabled": true,
           "initial_eprice_ema_dist": 0.008651803948896896,
           "initial_qty_pct": 0.03693029346612711,
           "markup_range": 0.0391037163395457,
           "min_markup": 0.009973211580176332,
           "n_close_orders": 1,
           "rentry_pprice_dist": 0.034433600694515815,
           "rentry_pprice_dist_wallet_exposure_weighting": 0.6346313534247977,
           "wallet_exposure_limit": 1.0}}