{"config_name": "recursive_grid_0days",
 "logging_level": 0,
 "long": {"auto_unstuck_ema_dist": 0.0911901017443657,
          "auto_unstuck_wallet_exposure_threshold": 0.04563082557054877,
          "backwards_tp": true,
          "ddown_factor": 2.8854231233376053,
          "ema_span_0": 229.68194191630923,
          "ema_span_1": 121.05661222104125,
          "enabled": true,
          "initial_eprice_ema_dist": 0.009933676045725271,
          "initial_qty_pct": 0.01221609151280986,
          "markup_range": 0.001455119290747352,
          "min_markup": 0.003561778848542801,
          "n_close_orders": 3,
          "rentry_pprice_dist": 0.03081563748653555,
          "rentry_pprice_dist_wallet_exposure_weighting": 2.845742117514371,
          "wallet_exposure_limit": 1.0},
 "short": {"auto_unstuck_ema_dist": 0.009697663611596104,
           "auto_unstuck_wallet_exposure_threshold": 0.048895999840375584,
           "backwards_tp": true,
           "ddown_factor": 1.1258301809039408,
           "ema_span_0": 628.7981785838996,
           "ema_span_1": 677.4072125935456,
           "enabled": true,
           "initial_eprice_ema_dist": -0.007388478514442818,
           "initial_qty_pct": 0.01874422180614851,
           "markup_range": 0.003160023181664161,
           "min_markup": 0.004099228637735922,
           "n_close_orders": 13,
           "rentry_pprice_dist": 0.027808639320810607,
           "rentry_pprice_dist_wallet_exposure_weighting": 0.0012591812268714084,
           "wallet_exposure_limit": 1.0}}