{"config_name": "recursive_grid_0days",
 "logging_level": 0,
 "long": {"auto_unstuck_ema_dist": -0.0038770911108083083,
          "auto_unstuck_wallet_exposure_threshold": 0.03913949358501432,
          "backwards_tp": true,
          "ddown_factor": 1.0359924719197573,
          "ema_span_0": 184.0216713587413,
          "ema_span_1": 757.1942912477332,
          "enabled": true,
          "initial_eprice_ema_dist": -0.059990294439549535,
          "initial_qty_pct": 0.011390328236248266,
          "markup_range": 0.00582302899662222,
          "min_markup": 0.005481337032218182,
          "n_close_orders": 4,
          "rentry_pprice_dist": 0.03412131936626787,
          "rentry_pprice_dist_wallet_exposure_weighting": 0.0,
          "wallet_exposure_limit": 1.0},
 "short": {"auto_unstuck_ema_dist": -0.010560383030885623,
           "auto_unstuck_wallet_exposure_threshold": 0.04000071444302179,
           "backwards_tp": true,
           "ddown_factor": 0.10643220850478012,
           "ema_span_0": 1025.3915847774274,
           "ema_span_1": 940.1346237575069,
           "enabled": true,
           "initial_eprice_ema_dist": 0.00010191362661326815,
           "initial_qty_pct": 0.01423057260523804,
           "markup_range": 0.004843280046206205,
           "min_markup": 0.0022677876239287713,
           "n_close_orders": 6,
           "rentry_pprice_dist": 0.019554094596211883,
           "rentry_pprice_dist_wallet_exposure_weighting": 1.650517659160801,
           "wallet_exposure_limit": 1.0}}