{"config_name": "recursive_grid_0days",
 "logging_level": 0,
 "long": {"auto_unstuck_ema_dist": 0.0047724870030634164,
          "auto_unstuck_wallet_exposure_threshold": 0.052248103300949866,
          "backwards_tp": true,
          "ddown_factor": 1.9182485867180195,
          "ema_span_0": 513.6763837608974,
          "ema_span_1": 362.21743550601434,
          "enabled": true,
          "initial_eprice_ema_dist": 0.011032627554727928,
          "initial_qty_pct": 0.01329986690328116,
          "markup_range": 0.007016299657509814,
          "min_markup": 0.004077615607784305,
          "n_close_orders": 6,
          "rentry_pprice_dist": 0.029866829439631894,
          "rentry_pprice_dist_wallet_exposure_weighting": 2.919799818769057,
          "wallet_exposure_limit": 1.0},
 "short": {"auto_unstuck_ema_dist": 0.017637674369739884,
           "auto_unstuck_wallet_exposure_threshold": 0.06192536281476994,
           "backwards_tp": true,
           "ddown_factor": 2.6386692390998805,
           "ema_span_0": 685.8528288099106,
           "ema_span_1": 1228.3919907923023,
           "enabled": true,
           "initial_eprice_ema_dist": 0.007547710748729263,
           "initial_qty_pct": 0.011233954496238745,
           "markup_range": 0.005704006167994827,
           "min_markup": 0.006223588952786447,
           "n_close_orders": 7,
           "rentry_pprice_dist": 0.01697559398320734,
           "rentry_pprice_dist_wallet_exposure_weighting": 11.205282705587383,
           "wallet_exposure_limit": 1.0}}