{"config_name": "recursive_grid_0days",
 "logging_level": 0,
 "long": {"auto_unstuck_ema_dist": 0.03474747281469031,
          "auto_unstuck_wallet_exposure_threshold": 0.0769570447886639,
          "backwards_tp": true,
          "ddown_factor": 1.418802238357077,
          "ema_span_0": 699.349992688077,
          "ema_span_1": 405.5081505450421,
          "enabled": true,
          "initial_eprice_ema_dist": 0.011854472901793076,
          "initial_qty_pct": 0.01275084614562845,
          "markup_range": 0.003487264565670371,
          "min_markup": 0.005384990846710823,
          "n_close_orders": 16,
          "rentry_pprice_dist": 0.04893620451296872,
          "rentry_pprice_dist_wallet_exposure_weighting": 0.4173871822034855,
          "wallet_exposure_limit": 1.0},
 "short": {"auto_unstuck_ema_dist": 0.039919149707496736,
           "auto_unstuck_wallet_exposure_threshold": 0.006098538388684243,
           "backwards_tp": true,
           "ddown_factor": 2.995301401585877,
           "ema_span_0": 696.3123939754597,
           "ema_span_1": 469.31093774279543,
           "enabled": true,
           "initial_eprice_ema_dist": 0.004874847564167021,
           "initial_qty_pct": 0.030843634016939316,
           "markup_range": 0.0029156164531553824,
           "min_markup": 0.0061551465737288424,
           "n_close_orders": 9,
           "rentry_pprice_dist": 0.037903306981955265,
           "rentry_pprice_dist_wallet_exposure_weighting": 7.078672829204073,
           "wallet_exposure_limit": 1.0}}