{"config_name": "recursive_grid_0days",
 "logging_level": 0,
 "long": {"auto_unstuck_ema_dist": -0.09317162594029378,
          "auto_unstuck_wallet_exposure_threshold": 0.07216011969717652,
          "backwards_tp": true,
          "ddown_factor": 0.8693471342626478,
          "ema_span_0": 983.5604814549506,
          "ema_span_1": 761.6658853167329,
          "enabled": true,
          "initial_eprice_ema_dist": -0.0014718179636390098,
          "initial_qty_pct": 0.013955386417014666,
          "markup_range": 0.0008870834336862415,
          "min_markup": 0.001674063263340651,
          "n_close_orders": 7,
          "rentry_pprice_dist": 0.022836388659573936,
          "rentry_pprice_dist_wallet_exposure_weighting": 3.167944576237532,
          "wallet_exposure_limit": 1.0},
 "short": {"auto_unstuck_ema_dist": -0.0090544361643398,
           "auto_unstuck_wallet_exposure_threshold": 0.030148597447204745,
           "backwards_tp": true,
           "ddown_factor": 0.10079011442536541,
           "ema_span_0": 1377.087492389506,
           "ema_span_1": 662.2573887283326,
           "enabled": true,
           "initial_eprice_ema_dist": 0.001,
           "initial_qty_pct": 0.023269229469759654,
           "markup_range": 0.0017261364898310243,
           "min_markup": 0.0022235842164074256,
           "n_close_orders": 5,
           "rentry_pprice_dist": 0.024260753123833474,
           "rentry_pprice_dist_wallet_exposure_weighting": 2.762526595270634,
           "wallet_exposure_limit": 1.0}}