{"config_name": "recursive_grid_0days",
 "logging_level": 0,
 "long": {"auto_unstuck_ema_dist": 0.03999958418322174,
          "auto_unstuck_wallet_exposure_threshold": 0.022562394733668924,
          "backwards_tp": true,
          "ddown_factor": 1.2109371058509972,
          "ema_span_0": 552.4882923567983,
          "ema_span_1": 581.77506126198,
          "enabled": true,
          "initial_eprice_ema_dist": 0.0064837463858715685,
          "initial_qty_pct": 0.01263636281871445,
          "markup_range": 0.00018166964865492656,
          "min_markup": 0.002915882665076451,
          "n_close_orders": 12,
          "rentry_pprice_dist": 0.019304436302895658,
          "rentry_pprice_dist_wallet_exposure_weighting": 4.336549236197304,
          "wallet_exposure_limit": 1.0},
 "short": {"auto_unstuck_ema_dist": 0.002527684160665177,
           "auto_unstuck_wallet_exposure_threshold": 0.08697378726559425,
           "backwards_tp": true,
           "ddown_factor": 2.9999784068728217,
           "ema_span_0": 103.08195118541295,
           "ema_span_1": 533.0735391301989,
           "enabled": true,
           "initial_eprice_ema_dist": 0.0024525731747758,
           "initial_qty_pct": 0.012463447015388941,
           "markup_range": 0.0008761902461690636,
           "min_markup": 0.004169570205707172,
           "n_close_orders": 11,
           "rentry_pprice_dist": 0.021470054069394322,
           "rentry_pprice_dist_wallet_exposure_weighting": 1.6677547098778769,
           "wallet_exposure_limit": 1.0}}