{"config_name": "recursive_grid_0days",
 "logging_level": 0,
 "long": {"auto_unstuck_ema_dist": 0.003,
          "auto_unstuck_wallet_exposure_threshold": 0.03278365107618452,
          "backwards_tp": true,
          "ddown_factor": 1.3226344041495905,
          "ema_span_0": 291.9158296704933,
          "ema_span_1": 1279.5459102737361,
          "enabled": true,
          "initial_eprice_ema_dist": 0.000661337324979306,
          "initial_qty_pct": 0.013568875429771692,
          "markup_range": 0.0383962123664351,
          "min_markup": 0.003298091005616029,
          "n_close_orders": 1,
          "rentry_pprice_dist": 0.02136762541726123,
          "rentry_pprice_dist_wallet_exposure_weighting": 1.2322695794309422,
          "wallet_exposure_limit": 1.0},
 "short": {"auto_unstuck_ema_dist": -0.00649762595590431,
           "auto_unstuck_wallet_exposure_threshold": 0.030515211326863287,
           "backwards_tp": true,
           "ddown_factor": 0.12243696286993805,
           "ema_span_0": 1235.661722110748,
           "ema_span_1": 869.9124091363511,
           "enabled": true,
           "initial_eprice_ema_dist": 0.0043749507629742565,
           "initial_qty_pct": 0.04729174753046678,
           "markup_range": 0.0046068253324243235,
           "min_markup": 0.002264335420952132,
           "n_close_orders": 5,
           "rentry_pprice_dist": 0.0230045731213888,
           "rentry_pprice_dist_wallet_exposure_weighting": 3.0120100093509152,
           "wallet_exposure_limit": 1.0}}