{"config_name": "recursive_grid_0days",
 "logging_level": 0,
 "long": {"auto_unstuck_ema_dist": 0.011617556641105899,
          "auto_unstuck_wallet_exposure_threshold": 0.06286484729987232,
          "backwards_tp": true,
          "ddown_factor": 2.6828254142584314,
          "ema_span_0": 240.87215733346048,
          "ema_span_1": 1084.9432510207585,
          "enabled": true,
          "initial_eprice_ema_dist": 0.00707646147142782,
          "initial_qty_pct": 0.016223033780242174,
          "markup_range": 0.0031698788998512943,
          "min_markup": 0.00791813877337732,
          "n_close_orders": 11,
          "rentry_pprice_dist": 0.04567242214804558,
          "rentry_pprice_dist_wallet_exposure_weighting": 1.063501510429881,
          "wallet_exposure_limit": 1.0},
 "short": {"auto_unstuck_ema_dist": 0.009605509021804423,
           "auto_unstuck_wallet_exposure_threshold": 0.059338554658744415,
           "backwards_tp": true,
           "ddown_factor": 2.1763410022616227,
           "ema_span_0": 421.9401349261593,
           "ema_span_1": 1342.4584489578463,
           "enabled": true,
           "initial_eprice_ema_dist": 0.004430914561045367,
           "initial_qty_pct": 0.03165606927115661,
           "markup_range": 0.00023137400739228604,
           "min_markup": 0.0016631659967800765,
           "n_close_orders": 3,
           "rentry_pprice_dist": 0.008276148984201374,
           "rentry_pprice_dist_wallet_exposure_weighting": 2.5852595782718035,
           "wallet_exposure_limit": 1.0}}