{"config_name": "recursive_grid_0days",
 "logging_level": 0,
 "long": {"auto_unstuck_ema_dist": -0.017917311945389425,
          "auto_unstuck_wallet_exposure_threshold": 0.031101651455235548,
          "backwards_tp": true,
          "ddown_factor": 0.5282901122490358,
          "ema_span_0": 726.9307854233945,
          "ema_span_1": 73.70595911330287,
          "enabled": true,
          "initial_eprice_ema_dist": 0.003666681313948217,
          "initial_qty_pct": 0.02869363213003517,
          "markup_range": 0.0017999649673482898,
          "min_markup": 0.005167266129155716,
          "n_close_orders": 2,
          "rentry_pprice_dist": 0.02436191274037598,
          "rentry_pprice_dist_wallet_exposure_weighting": 2.7065656483483695,
          "wallet_exposure_limit": 1.0},
 "short": {"auto_unstuck_ema_dist": -0.02853406179479373,
           "auto_unstuck_wallet_exposure_threshold": 0.08514785376333821,
           "backwards_tp": true,
           "ddown_factor": 1.235660481800698,
           "ema_span_0": 10.0,
           "ema_span_1": 19.9520142653608,
           "enabled": true,
           "initial_eprice_ema_dist": 0.005111409734047791,
           "initial_qty_pct": 0.02501837879314661,
           "markup_range": 0.045082880277092,
           "min_markup": 0.003463638778320809,
           "n_close_orders": 12,
           "rentry_pprice_dist": 0.020027067408406554,
           "rentry_pprice_dist_wallet_exposure_weighting": 5.577957050581025,
           "wallet_exposure_limit": 1.0}}