{"config_name": "recursive_grid_0days",
 "logging_level": 0,
 "long": {"auto_unstuck_ema_dist": 0.001,
          "auto_unstuck_wallet_exposure_threshold": 0.04053503225167494,
          "backwards_tp": true,
          "ddown_factor": 1.9056541096005746,
          "ema_span_0": 502.5224727160116,
          "ema_span_1": 70.07380135383778,
          "enabled": true,
          "initial_eprice_ema_dist": -0.0016115961521310878,
          "initial_qty_pct": 0.018793112979519945,
          "markup_range": 0.0030617524848412176,
          "min_markup": 0.007497220335177824,
          "n_close_orders": 4,
          "rentry_pprice_dist": 0.028054815905959915,
          "rentry_pprice_dist_wallet_exposure_weighting": 2.2540129583375212,
          "wallet_exposure_limit": 1.0},
 "short": {"auto_unstuck_ema_dist": 0.000761077092543868,
           "auto_unstuck_wallet_exposure_threshold": 0.09239450192570124,
           "backwards_tp": true,
           "ddown_factor": 2.517108528951191,
           "ema_span_0": 1130.4786599288861,
           "ema_span_1": 1436.5986389696482,
           "enabled": true,
           "initial_eprice_ema_dist": -0.010158735401522958,
           "initial_qty_pct": 0.01763140722055704,
           "markup_range": 0.004876481598502712,
           "min_markup": 0.006314444753319308,
           "n_close_orders": 15,
           "rentry_pprice_dist": 0.04180254478143508,
           "rentry_pprice_dist_wallet_exposure_weighting": 0.263837975944522,
           "wallet_exposure_limit": 1.0}}