{"config_name": "recursive_grid_0days",
 "logging_level": 0,
 "long": {"auto_unstuck_ema_dist": -0.009229197399209861,
          "auto_unstuck_wallet_exposure_threshold": 0.03735128296811179,
          "backwards_tp": true,
          "ddown_factor": 2.2513550575704895,
          "ema_span_0": 1227.9871337351306,
          "ema_span_1": 1074.7645837019688,
          "enabled": true,
          "initial_eprice_ema_dist": -0.006948173454468536,
          "initial_qty_pct": 0.012847172915201075,
          "markup_range": 0.008474629279406015,
          "min_markup": 0.0012248025248002125,
          "n_close_orders": 5,
          "rentry_pprice_dist": 0.026450099380199103,
          "rentry_pprice_dist_wallet_exposure_weighting": 3.6919205236778927,
          "wallet_exposure_limit": 1.0},
 "short": {"auto_unstuck_ema_dist": -0.003439630323307792,
           "auto_unstuck_wallet_exposure_threshold": 0.06819750984644643,
           "backwards_tp": true,
           "ddown_factor": 0.7178822721408756,
           "ema_span_0": 393.6067074099293,
           "ema_span_1": 961.681829617407,
           "enabled": true,
           "initial_eprice_ema_dist": -0.006787959461480849,
           "initial_qty_pct": 0.013813427007874517,
           "markup_range": 0.005564137012352442,
           "min_markup": 0.006455682522753967,
           "n_close_orders": 1,
           "rentry_pprice_dist": 0.02693751467041729,
           "rentry_pprice_dist_wallet_exposure_weighting": 0.5380930909352428,
           "wallet_exposure_limit": 1.0}}