{"config_name": "recursive_grid_0days",
 "logging_level": 0,
 "long": {"auto_unstuck_ema_dist": 0.033886953506340176,
          "auto_unstuck_wallet_exposure_threshold": 0.011457995151255661,
          "backwards_tp": true,
          "ddown_factor": 2.1635622805214374,
          "ema_span_0": 125.73300676592079,
          "ema_span_1": 120.25931589321634,
          "enabled": true,
          "initial_eprice_ema_dist": 0.002457774547562135,
          "initial_qty_pct": 0.015011474227614759,
          "markup_range": 0.006406021353833826,
          "min_markup": 0.008420983279617834,
          "n_close_orders": 14,
          "rentry_pprice_dist": 0.04468549261549624,
          "rentry_pprice_dist_wallet_exposure_weighting": 0.3404221450246276,
          "wallet_exposure_limit": 1.0},
 "short": {"auto_unstuck_ema_dist": 0.040156252559181226,
           "auto_unstuck_wallet_exposure_threshold": 0.09999995972794645,
           "backwards_tp": true,
           "ddown_factor": 2.8733904146829077,
           "ema_span_0": 10,
           "ema_span_1": 10.000583584050386,
           "enabled": true,
           "initial_eprice_ema_dist": 0.006995034854163376,
           "initial_qty_pct": 0.010298452804116367,
           "markup_range": 0.0,
           "min_markup": 0.002475612655314914,
           "n_close_orders": 12,
           "rentry_pprice_dist": 0.05,
           "rentry_pprice_dist_wallet_exposure_weighting": 0.0,
           "wallet_exposure_limit": 1.0}}