{"config_name": "recursive_grid_0days",
 "logging_level": 0,
 "long": {"auto_unstuck_ema_dist": 0.026019191666404134,
          "auto_unstuck_wallet_exposure_threshold": 0.04468522291823676,
          "backwards_tp": true,
          "ddown_factor": 2.108740546972636,
          "ema_span_0": 366.00616183317544,
          "ema_span_1": 354.6141082576653,
          "enabled": true,
          "initial_eprice_ema_dist": 0.009873748248438534,
          "initial_qty_pct": 0.012627699186872232,
          "markup_range": 0.008245500626374452,
          "min_markup": 0.008629772613580323,
          "n_close_orders": 9,
          "rentry_pprice_dist": 0.03125615477008626,
          "rentry_pprice_dist_wallet_exposure_weighting": 2.0745856714005604,
          "wallet_exposure_limit": 1.0},
 "short": {"auto_unstuck_ema_dist": 0.02026700343654828,
           "auto_unstuck_wallet_exposure_threshold": 0.02840488311793271,
           "backwards_tp": true,
           "ddown_factor": 1.0436303705317247,
           "ema_span_0": 515.4918205888969,
           "ema_span_1": 1183.6649884133972,
           "enabled": true,
           "initial_eprice_ema_dist": -0.0026264233496853966,
           "initial_qty_pct": 0.01806867324664415,
           "markup_range": 0.012814227685541696,
           "min_markup": 0.00836412765933271,
           "n_close_orders": 4,
           "rentry_pprice_dist": 0.02226616195411431,
           "rentry_pprice_dist_wallet_exposure_weighting": 3.5416190151677847,
           "wallet_exposure_limit": 1.0}}