{"config_name": "recursive_grid_0days",
 "logging_level": 0,
 "long": {"auto_unstuck_ema_dist": -0.0025261584986303793,
          "auto_unstuck_wallet_exposure_threshold": 0.03218320407805607,
          "backwards_tp": true,
          "ddown_factor": 1.5285392428186055,
          "ema_span_0": 979.4315928754138,
          "ema_span_1": 397.06872289113426,
          "enabled": true,
          "initial_eprice_ema_dist": -0.015124275284723048,
          "initial_qty_pct": 0.02959202132520764,
          "markup_range": 0.004555875231823058,
          "min_markup": 0.009356142379443629,
          "n_close_orders": 16,
          "rentry_pprice_dist": 0.03834399365665349,
          "rentry_pprice_dist_wallet_exposure_weighting": 0.0763164391616771,
          "wallet_exposure_limit": 1.0},
 "short": {"auto_unstuck_ema_dist": -0.0015389527138395785,
           "auto_unstuck_wallet_exposure_threshold": 0.08693123105811609,
           "backwards_tp": true,
           "ddown_factor": 2.631583926052355,
           "ema_span_0": 828.0009837520975,
           "ema_span_1": 1374.0248478300603,
           "enabled": true,
           "initial_eprice_ema_dist": -0.002589739717904617,
           "initial_qty_pct": 0.019310376982437268,
           "markup_range": 0.009922953359471832,
           "min_markup": 0.004738880016036886,
           "n_close_orders": 10,
           "rentry_pprice_dist": 0.026999320246826903,
           "rentry_pprice_dist_wallet_exposure_weighting": 5.0379260217212956,
           "wallet_exposure_limit": 1.0}}