{"config_name": "recursive_grid_0days",
 "logging_level": 0,
 "long": {"auto_unstuck_ema_dist": -0.04663005213821248,
          "auto_unstuck_wallet_exposure_threshold": 0.056833147404574215,
          "backwards_tp": true,
          "ddown_factor": 0.328456837650515,
          "ema_span_0": 1012.0653237603705,
          "ema_span_1": 774.4935213462502,
          "enabled": true,
          "initial_eprice_ema_dist": -0.0968433393682421,
          "initial_qty_pct": 0.013047443082273184,
          "markup_range": 0.005886862804168704,
          "min_markup": 0.0024849855172591386,
          "n_close_orders": 13,
          "rentry_pprice_dist": 0.03394915918531895,
          "rentry_pprice_dist_wallet_exposure_weighting": 0.4401013684742818,
          "wallet_exposure_limit": 1.0},
 "short": {"auto_unstuck_ema_dist": 0.0006948177821704426,
           "auto_unstuck_wallet_exposure_threshold": 0.05413099156884594,
           "backwards_tp": true,
           "ddown_factor": 1.3200672637625412,
           "ema_span_0": 1386.257409597428,
           "ema_span_1": 534.8209714160787,
           "enabled": true,
           "initial_eprice_ema_dist": -0.02621295836569355,
           "initial_qty_pct": 0.016298957300755326,
           "markup_range": 0.003008328330424378,
           "min_markup": 0.00665866499583377,
           "n_close_orders": 4,
           "rentry_pprice_dist": 0.032385215471402974,
           "rentry_pprice_dist_wallet_exposure_weighting": 0.0,
           "wallet_exposure_limit": 1.0}}