{"config_name": "recursive_grid_0days",
 "logging_level": 0,
 "long": {"auto_unstuck_ema_dist": 0.019953687229827783,
          "auto_unstuck_wallet_exposure_threshold": 0.060918826608181285,
          "backwards_tp": true,
          "ddown_factor": 1.4929143602241506,
          "ema_span_0": 274.38659237198004,
          "ema_span_1": 484.1690718873409,
          "enabled": true,
          "initial_eprice_ema_dist": 0.009348091530276686,
          "initial_qty_pct": 0.014246796027856381,
          "markup_range": 0.0015951495624303967,
          "min_markup": 0.005398601932428594,
          "n_close_orders": 11,
          "rentry_pprice_dist": 0.03354166743801842,
          "rentry_pprice_dist_wallet_exposure_weighting": 3.3499319380610837,
          "wallet_exposure_limit": 1.0},
 "short": {"auto_unstuck_ema_dist": 0.012611453112229921,
           "auto_unstuck_wallet_exposure_threshold": 0.07142251158242881,
           "backwards_tp": true,
           "ddown_factor": 1.1545985504284129,
           "ema_span_0": 334.42169097143284,
           "ema_span_1": 347.6191326798108,
           "enabled": true,
           "initial_eprice_ema_dist": 0.0014566053696589165,
           "initial_qty_pct": 0.012188815553763244,
           "markup_range": 0.0033552067399641844,
           "min_markup": 0.0021153804847205116,
           "n_close_orders": 15,
           "rentry_pprice_dist": 0.016762867055718812,
           "rentry_pprice_dist_wallet_exposure_weighting": 0.0,
           "wallet_exposure_limit": 1.0}}