{"config_name": "recursive_grid_0days",
 "logging_level": 0,
 "long": {"auto_unstuck_ema_dist": 0.011737925489716241,
          "auto_unstuck_wallet_exposure_threshold": 0.010386118381204784,
          "backwards_tp": true,
          "ddown_factor": 1.578056226056063,
          "ema_span_0": 418.28229876758616,
          "ema_span_1": 94.36631053027908,
          "enabled": true,
          "initial_eprice_ema_dist": 0.005449043518104301,
          "initial_qty_pct": 0.020626696015051654,
          "markup_range": 0.003910810041887056,
          "min_markup": 0.005556536448182991,
          "n_close_orders": 2,
          "rentry_pprice_dist": 0.026003517257636534,
          "rentry_pprice_dist_wallet_exposure_weighting": 1.1677116034949584,
          "wallet_exposure_limit": 1.0},
 "short": {"auto_unstuck_ema_dist": 0.012079863654454757,
           "auto_unstuck_wallet_exposure_threshold": 0.07535337465332502,
           "backwards_tp": true,
           "ddown_factor": 1.0738386367564625,
           "ema_span_0": 480.159195472548,
           "ema_span_1": 909.5109759642024,
           "enabled": true,
           "initial_eprice_ema_dist": -0.01645095011169005,
           "initial_qty_pct": 0.01605160325928206,
           "markup_range": 0.0051022132912328004,
           "min_markup": 0.002278423603040475,
           "n_close_orders": 13,
           "rentry_pprice_dist": 0.015460097489128171,
           "rentry_pprice_dist_wallet_exposure_weighting": 2.274467538103174,
           "wallet_exposure_limit": 1.0}}