{"config_name": "recursive_grid_0days",
 "logging_level": 0,
 "long": {"auto_unstuck_ema_dist": -0.021408165038309775,
          "auto_unstuck_wallet_exposure_threshold": 0.031537702108876985,
          "backwards_tp": true,
          "ddown_factor": 0.9521955616463079,
          "ema_span_0": 979.1144403991457,
          "ema_span_1": 1361.662533426839,
          "enabled": true,
          "initial_eprice_ema_dist": -0.05732473727227603,
          "initial_qty_pct": 0.01,
          "markup_range": 0.0023658039084153617,
          "min_markup": 0.0060310347287439465,
          "n_close_orders": 15,
          "rentry_pprice_dist": 0.02091897694991552,
          "rentry_pprice_dist_wallet_exposure_weighting": 0.5412103137287609,
          "wallet_exposure_limit": 1.0},
 "short": {"auto_unstuck_ema_dist": 0.0029952611288338892,
           "auto_unstuck_wallet_exposure_threshold": 0.0346852073727586,
           "backwards_tp": true,
           "ddown_factor": 1.0015057219697237,
           "ema_span_0": 311.0597204368161,
           "ema_span_1": 199.79076527080716,
           "enabled": true,
           "initial_eprice_ema_dist": 0.0038078981781564498,
           "initial_qty_pct": 0.027391790854352373,
           "markup_range": 0.0035311521164863263,
           "min_markup": 0.0036452636286459605,
           "n_close_orders": 9,
           "rentry_pprice_dist": 0.03231909209109819,
           "rentry_pprice_dist_wallet_exposure_weighting": 0.6909814931688834,
           "wallet_exposure_limit": 1.0}}