{"config_name": "recursive_grid_0days",
 "logging_level": 0,
 "long": {"auto_unstuck_ema_dist": -0.001844970297704259,
          "auto_unstuck_wallet_exposure_threshold": 0.09576866587285339,
          "backwards_tp": true,
          "ddown_factor": 2.0307236634093853,
          "ema_span_0": 173.97258883410902,
          "ema_span_1": 607.5049991048026,
          "enabled": true,
          "initial_eprice_ema_dist": 0.00787294067251407,
          "initial_qty_pct": 0.0610359904284045,
          "markup_range": 0.0033941312754695837,
          "min_markup": 0.004502224582846904,
          "n_close_orders": 15,
          "rentry_pprice_dist": 0.025618161117798112,
          "rentry_pprice_dist_wallet_exposure_weighting": 4.323923669748012,
          "wallet_exposure_limit": 1.0},
 "short": {"auto_unstuck_ema_dist": 0.037682857124605014,
           "auto_unstuck_wallet_exposure_threshold": 0.005923638217759171,
           "backwards_tp": true,
           "ddown_factor": 2.548221298539831,
           "ema_span_0": 215.34391293453135,
           "ema_span_1": 163.5460633326988,
           "enabled": true,
           "initial_eprice_ema_dist": 0.006125172968785416,
           "initial_qty_pct": 0.013168951254111614,
           "markup_range": 0.002861297028578385,
           "min_markup": 0.0033880762927472295,
           "n_close_orders": 12,
           "rentry_pprice_dist": 0.020051575329791967,
           "rentry_pprice_dist_wallet_exposure_weighting": 1.9781040618882169,
           "wallet_exposure_limit": 1.0}}