{"config_name": "recursive_grid_0days",
 "logging_level": 0,
 "long": {"auto_unstuck_ema_dist": 4.2308016896305924e-05,
          "auto_unstuck_wallet_exposure_threshold": 0.09703740130799723,
          "backwards_tp": true,
          "ddown_factor": 2.2114563635130318,
          "ema_span_0": 162.7343490336316,
          "ema_span_1": 636.909615444819,
          "enabled": true,
          "initial_eprice_ema_dist": 0.007826405829826188,
          "initial_qty_pct": 0.05985102878028656,
          "markup_range": 0.0010926185549422907,
          "min_markup": 0.004486117132749174,
          "n_close_orders": 15,
          "rentry_pprice_dist": 0.02551228261250969,
          "rentry_pprice_dist_wallet_exposure_weighting": 4.002787646394888,
          "wallet_exposure_limit": 1.0},
 "short": {"auto_unstuck_ema_dist": 0.03134132030582316,
           "auto_unstuck_wallet_exposure_threshold": 0.006657004699051738,
           "backwards_tp": true,
           "ddown_factor": 2.551496087268225,
           "ema_span_0": 212.72514971991373,
           "ema_span_1": 158.42297116838918,
           "enabled": true,
           "initial_eprice_ema_dist": 0.006134835288760856,
           "initial_qty_pct": 0.011599002221160252,
           "markup_range": 0.002800805912109297,
           "min_markup": 0.0033863928458647695,
           "n_close_orders": 12,
           "rentry_pprice_dist": 0.02001488635549692,
           "rentry_pprice_dist_wallet_exposure_weighting": 1.973187085949742,
           "wallet_exposure_limit": 1.0}}