{"config_name": "recursive_grid_0days",
 "logging_level": 0,
 "long": {"auto_unstuck_ema_dist": 0.0248692509268521,
          "auto_unstuck_wallet_exposure_threshold": 0.02589393271154661,
          "backwards_tp": true,
          "ddown_factor": 2.2218130961365175,
          "ema_span_0": 233.0205797047217,
          "ema_span_1": 217.75154187308272,
          "enabled": true,
          "initial_eprice_ema_dist": 0.010436168809856624,
          "initial_qty_pct": 0.024874711772211386,
          "markup_range": 0.0035153215499530498,
          "min_markup": 0.003006094736256199,
          "n_close_orders": 9,
          "rentry_pprice_dist": 0.04860646887543014,
          "rentry_pprice_dist_wallet_exposure_weighting": 1.633738507695223,
          "wallet_exposure_limit": 1.0},
 "short": {"auto_unstuck_ema_dist": 0.013780872062273915,
           "auto_unstuck_wallet_exposure_threshold": 0.026907499054855216,
           "backwards_tp": true,
           "ddown_factor": 1.1929729916374312,
           "ema_span_0": 206.53462358550752,
           "ema_span_1": 336.97133013996915,
           "enabled": true,
           "initial_eprice_ema_dist": 0.007386141348120878,
           "initial_qty_pct": 0.015891063707891596,
           "markup_range": 0.009093594102271535,
           "min_markup": 0.00618538962783112,
           "n_close_orders": 6,
           "rentry_pprice_dist": 0.03879372556452324,
           "rentry_pprice_dist_wallet_exposure_weighting": 0.0,
           "wallet_exposure_limit": 1.0}}