{"config_name": "recursive_grid_0days",
 "logging_level": 0,
 "long": {"auto_unstuck_ema_dist": 0.024797137130200146,
          "auto_unstuck_wallet_exposure_threshold": 0.025749277123907007,
          "backwards_tp": true,
          "ddown_factor": 2.2469028514817038,
          "ema_span_0": 233.71213074438356,
          "ema_span_1": 213.00438205264916,
          "enabled": true,
          "initial_eprice_ema_dist": 0.010374099263411771,
          "initial_qty_pct": 0.03482244027208894,
          "markup_range": 0.0035493964302499934,
          "min_markup": 0.002808096210862725,
          "n_close_orders": 9,
          "rentry_pprice_dist": 0.04872381517192881,
          "rentry_pprice_dist_wallet_exposure_weighting": 1.0616099712565323,
          "wallet_exposure_limit": 1.0},
 "short": {"auto_unstuck_ema_dist": 0.014004005143833178,
           "auto_unstuck_wallet_exposure_threshold": 0.026901911858850505,
           "backwards_tp": true,
           "ddown_factor": 1.191161087612204,
           "ema_span_0": 205.94921408973482,
           "ema_span_1": 340.5238123168037,
           "enabled": true,
           "initial_eprice_ema_dist": 0.007339352090056754,
           "initial_qty_pct": 0.015987971533584968,
           "markup_range": 0.009153140459113031,
           "min_markup": 0.006197642660286396,
           "n_close_orders": 6,
           "rentry_pprice_dist": 0.03879817755571005,
           "rentry_pprice_dist_wallet_exposure_weighting": 0.0,
           "wallet_exposure_limit": 1.0}}