{"config_name": "recursive_grid_0days",
 "logging_level": 0,
 "long": {"auto_unstuck_ema_dist": -0.008804724720466586,
          "auto_unstuck_wallet_exposure_threshold": 0.04613053529508817,
          "backwards_tp": true,
          "ddown_factor": 1.4539611030334942,
          "ema_span_0": 1238.8432256781593,
          "ema_span_1": 442.84349213948997,
          "enabled": true,
          "initial_eprice_ema_dist": 0.004498882738263086,
          "initial_qty_pct": 0.023058407714484558,
          "markup_range": 0.0028087743772495675,
          "min_markup": 0.004730110258434489,
          "n_close_orders": 16,
          "rentry_pprice_dist": 0.03584897420478227,
          "rentry_pprice_dist_wallet_exposure_weighting": 1.572897001964691,
          "wallet_exposure_limit": 1.0},
 "short": {"auto_unstuck_ema_dist": -0.002034775886208831,
           "auto_unstuck_wallet_exposure_threshold": 0.037312665053232316,
           "backwards_tp": true,
           "ddown_factor": 0.30794497715372904,
           "ema_span_0": 1195.4179148640178,
           "ema_span_1": 1059.1855495719265,
           "enabled": true,
           "initial_eprice_ema_dist": -0.006406490398042971,
           "initial_qty_pct": 0.013625182808426572,
           "markup_range": 0.011493218161297121,
           "min_markup": 0.006292941392635358,
           "n_close_orders": 5,
           "rentry_pprice_dist": 0.03674934832521611,
           "rentry_pprice_dist_wallet_exposure_weighting": 0.44685451777654916,
           "wallet_exposure_limit": 1.0}}