{"config_name": "recursive_grid_0days",
 "logging_level": 0,
 "long": {"auto_unstuck_ema_dist": -0.03162469537644491,
          "auto_unstuck_wallet_exposure_threshold": 0.042233422244019915,
          "backwards_tp": true,
          "ddown_factor": 0.9345470817146383,
          "ema_span_0": 1091.5271093084086,
          "ema_span_1": 1240.0064681777258,
          "enabled": true,
          "initial_eprice_ema_dist": -0.004331219531195607,
          "initial_qty_pct": 0.011843342200755938,
          "markup_range": 0.0049898066310955155,
          "min_markup": 0.0031970173887188105,
          "n_close_orders": 12,
          "rentry_pprice_dist": 0.024077404788034912,
          "rentry_pprice_dist_wallet_exposure_weighting": 1.7333846771343526,
          "wallet_exposure_limit": 1.0},
 "short": {"auto_unstuck_ema_dist": 0.001,
           "auto_unstuck_wallet_exposure_threshold": 0.052622477215841866,
           "backwards_tp": true,
           "ddown_factor": 0.7080270134071935,
           "ema_span_0": 836.2188791934392,
           "ema_span_1": 472.83836579540684,
           "enabled": true,
           "initial_eprice_ema_dist": -0.0027897170477740717,
           "initial_qty_pct": 0.01,
           "markup_range": 0.00923847034033642,
           "min_markup": 0.002969613678886651,
           "n_close_orders": 11,
           "rentry_pprice_dist": 0.01869440321857147,
           "rentry_pprice_dist_wallet_exposure_weighting": 2.403136481208179,
           "wallet_exposure_limit": 1.0}}