{"config_name": "recursive_grid_0days",
 "logging_level": 0,
 "long": {"auto_unstuck_ema_dist": 0.00020016983453606066,
          "auto_unstuck_wallet_exposure_threshold": 0.03955632810024934,
          "backwards_tp": true,
          "ddown_factor": 1.5319151662471175,
          "ema_span_0": 1083.8125436557195,
          "ema_span_1": 58.86274611851651,
          "enabled": true,
          "initial_eprice_ema_dist": -0.09349432481876446,
          "initial_qty_pct": 0.011909798354768743,
          "markup_range": 0.0010044748117711154,
          "min_markup": 0.006313066162974976,
          "n_close_orders": 12,
          "rentry_pprice_dist": 0.03055892789569954,
          "rentry_pprice_dist_wallet_exposure_weighting": 0.33991936139043055,
          "wallet_exposure_limit": 1.0},
 "short": {"auto_unstuck_ema_dist": 0.0009621327411039513,
           "auto_unstuck_wallet_exposure_threshold": 0.03605828188804514,
           "backwards_tp": true,
           "ddown_factor": 0.8523176675276843,
           "ema_span_0": 1440.0,
           "ema_span_1": 250.49303653946788,
           "enabled": true,
           "initial_eprice_ema_dist": -0.004177027076050446,
           "initial_qty_pct": 0.013212520117471767,
           "markup_range": 0.007044283962879249,
           "min_markup": 0.0042320466911736476,
           "n_close_orders": 14,
           "rentry_pprice_dist": 0.029225050932292388,
           "rentry_pprice_dist_wallet_exposure_weighting": 1.7350485328069005,
           "wallet_exposure_limit": 1.0}}