{"config_name": "recursive_grid_0days",
 "logging_level": 0,
 "long": {"auto_unstuck_ema_dist": 0.039996667885698826,
          "auto_unstuck_wallet_exposure_threshold": 0.08511583153754065,
          "backwards_tp": true,
          "ddown_factor": 1.5978041278695367,
          "ema_span_0": 422.5964242358372,
          "ema_span_1": 426.8144405620067,
          "enabled": true,
          "initial_eprice_ema_dist": 0.011247317689374453,
          "initial_qty_pct": 0.014087925074320223,
          "markup_range": 0.005822186986180553,
          "min_markup": 0.004354070246682638,
          "n_close_orders": 14,
          "rentry_pprice_dist": 0.02446731823752803,
          "rentry_pprice_dist_wallet_exposure_weighting": 15.635667702496965,
          "wallet_exposure_limit": 1.0},
 "short": {"auto_unstuck_ema_dist": 0.014501597662767592,
           "auto_unstuck_wallet_exposure_threshold": 0.025823419909704087,
           "backwards_tp": true,
           "ddown_factor": 1.3641999246806022,
           "ema_span_0": 369.6402065322569,
           "ema_span_1": 205.70891146325587,
           "enabled": true,
           "initial_eprice_ema_dist": -0.011727020556776253,
           "initial_qty_pct": 0.01975118713644282,
           "markup_range": 0.002726378273808622,
           "min_markup": 0.00612071557914247,
           "n_close_orders": 9,
           "rentry_pprice_dist": 0.03537409029955884,
           "rentry_pprice_dist_wallet_exposure_weighting": 0.0,
           "wallet_exposure_limit": 1.0}}