{"config_name": "recursive_grid_0days",
 "logging_level": 0,
 "long": {"auto_unstuck_ema_dist": -0.011289071054300564,
          "auto_unstuck_wallet_exposure_threshold": 0.035093188614571946,
          "backwards_tp": true,
          "ddown_factor": 0.9514268050073553,
          "ema_span_0": 808.2296400124947,
          "ema_span_1": 984.2251307064105,
          "enabled": true,
          "initial_eprice_ema_dist": 0.0036626441926680586,
          "initial_qty_pct": 0.012531258005283255,
          "markup_range": 0.007664160322771516,
          "min_markup": 0.009893566560984758,
          "n_close_orders": 3,
          "rentry_pprice_dist": 0.038641831056712664,
          "rentry_pprice_dist_wallet_exposure_weighting": 0.45928546450729374,
          "wallet_exposure_limit": 1.0},
 "short": {"auto_unstuck_ema_dist": 0.003,
           "auto_unstuck_wallet_exposure_threshold": 0.04127933956404364,
           "backwards_tp": true,
           "ddown_factor": 2.992890145204492,
           "ema_span_0": 372.94922779721776,
           "ema_span_1": 560.3659880012034,
           "enabled": true,
           "initial_eprice_ema_dist": 0.0075947062791918585,
           "initial_qty_pct": 0.013584568410246484,
           "markup_range": 0.0018072971903434023,
           "min_markup": 0.006378067943303263,
           "n_close_orders": 3,
           "rentry_pprice_dist": 0.027549894231788847,
           "rentry_pprice_dist_wallet_exposure_weighting": 3.5774065932466894,
           "wallet_exposure_limit": 1.0}}