{"config_name": "recursive_grid_0days",
 "logging_level": 0,
 "long": {"auto_unstuck_ema_dist": -0.00117564214644973,
          "auto_unstuck_wallet_exposure_threshold": 0.046699482578796345,
          "backwards_tp": true,
          "ddown_factor": 0.7545137791056257,
          "ema_span_0": 630.7073660587254,
          "ema_span_1": 584.7744534781411,
          "enabled": true,
          "initial_eprice_ema_dist": -0.006642038875125362,
          "initial_qty_pct": 0.013166569238674838,
          "markup_range": 0.007805587877460654,
          "min_markup": 0.005503498063477259,
          "n_close_orders": 11,
          "rentry_pprice_dist": 0.03192357597781421,
          "rentry_pprice_dist_wallet_exposure_weighting": 1.1639243605015426,
          "wallet_exposure_limit": 1.0},
 "short": {"auto_unstuck_ema_dist": 0.001,
           "auto_unstuck_wallet_exposure_threshold": 0.030576569103249605,
           "backwards_tp": true,
           "ddown_factor": 2.4898318595300792,
           "ema_span_0": 1413.03026018431,
           "ema_span_1": 644.9318096766286,
           "enabled": true,
           "initial_eprice_ema_dist": -0.00168146750781789,
           "initial_qty_pct": 0.012375652683720748,
           "markup_range": 0.008722274696688188,
           "min_markup": 0.002282809039538556,
           "n_close_orders": 8,
           "rentry_pprice_dist": 0.024341436207547248,
           "rentry_pprice_dist_wallet_exposure_weighting": 2.617490240553388,
           "wallet_exposure_limit": 1.0}}