{"config_name": "recursive_grid_0days",
 "logging_level": 0,
 "long": {"auto_unstuck_ema_dist": -0.012256460093659423,
          "auto_unstuck_wallet_exposure_threshold": 0.035061756210296315,
          "backwards_tp": true,
          "ddown_factor": 0.9627115944907775,
          "ema_span_0": 833.0551259529592,
          "ema_span_1": 980.72771867925,
          "enabled": true,
          "initial_eprice_ema_dist": 0.0036678058350343968,
          "initial_qty_pct": 0.011860454594383025,
          "markup_range": 0.007590814518661813,
          "min_markup": 0.009886069652316448,
          "n_close_orders": 3,
          "rentry_pprice_dist": 0.03836921271371848,
          "rentry_pprice_dist_wallet_exposure_weighting": 0.4824548206731094,
          "wallet_exposure_limit": 1.0},
 "short": {"auto_unstuck_ema_dist": 0.0003113021873954745,
           "auto_unstuck_wallet_exposure_threshold": 0.058296862633554866,
           "backwards_tp": true,
           "ddown_factor": 0.9743563482271105,
           "ema_span_0": 426.02906911397326,
           "ema_span_1": 1407.082820863987,
           "enabled": true,
           "initial_eprice_ema_dist": 0.0008949297797357129,
           "initial_qty_pct": 0.012617722175303546,
           "markup_range": 0.00565338837481843,
           "min_markup": 0.006074815085503028,
           "n_close_orders": 6,
           "rentry_pprice_dist": 0.03191198562591601,
           "rentry_pprice_dist_wallet_exposure_weighting": 1.9881389673655525,
           "wallet_exposure_limit": 1.0}}