{"config_name": "recursive_grid_0days",
 "logging_level": 0,
 "long": {"auto_unstuck_ema_dist": 0.003,
          "auto_unstuck_wallet_exposure_threshold": 0.0324415796329177,
          "backwards_tp": true,
          "ddown_factor": 2.4785772685860725,
          "ema_span_0": 861.1361667572643,
          "ema_span_1": 757.5302000371508,
          "enabled": true,
          "initial_eprice_ema_dist": 0.004134750861318655,
          "initial_qty_pct": 0.010009761545240308,
          "markup_range": 0.0007357749411320077,
          "min_markup": 0.002476750824222148,
          "n_close_orders": 2,
          "rentry_pprice_dist": 0.02838057898336668,
          "rentry_pprice_dist_wallet_exposure_weighting": 0.0752849129667132,
          "wallet_exposure_limit": 1.0},
 "short": {"auto_unstuck_ema_dist": -0.0066932459946702685,
           "auto_unstuck_wallet_exposure_threshold": 0.03596033080982448,
           "backwards_tp": true,
           "ddown_factor": 0.9291886038689722,
           "ema_span_0": 1366.8270038101584,
           "ema_span_1": 303.52626573887426,
           "enabled": true,
           "initial_eprice_ema_dist": 0.0031908019252955325,
           "initial_qty_pct": 0.01998234468733733,
           "markup_range": 0.005196321142222465,
           "min_markup": 0.0062936229211300624,
           "n_close_orders": 7,
           "rentry_pprice_dist": 0.030661896111862295,
           "rentry_pprice_dist_wallet_exposure_weighting": 3.77626757061091,
           "wallet_exposure_limit": 1.0}}