{"config_name": "recursive_grid_0days",
 "logging_level": 0,
 "long": {"auto_unstuck_ema_dist": 0.01171817282588937,
          "auto_unstuck_wallet_exposure_threshold": 0.05600937718609662,
          "backwards_tp": true,
          "ddown_factor": 1.8355008763251521,
          "ema_span_0": 656.5449816283138,
          "ema_span_1": 771.2369629623394,
          "enabled": true,
          "initial_eprice_ema_dist": 0.012108447540961796,
          "initial_qty_pct": 0.03156448823439578,
          "markup_range": 0.0003840849920407253,
          "min_markup": 0.009473723441087118,
          "n_close_orders": 5,
          "rentry_pprice_dist": 0.042418221916476026,
          "rentry_pprice_dist_wallet_exposure_weighting": 0.6774350376840027,
          "wallet_exposure_limit": 1.0},
 "short": {"auto_unstuck_ema_dist": 0.051402398455035095,
           "auto_unstuck_wallet_exposure_threshold": 0.05253255994115744,
           "backwards_tp": true,
           "ddown_factor": 1.3303155915486333,
           "ema_span_0": 266.81694940466974,
           "ema_span_1": 687.1351407940193,
           "enabled": true,
           "initial_eprice_ema_dist": 0.00974493521310338,
           "initial_qty_pct": 0.010120822997689474,
           "markup_range": 0.00774276643271009,
           "min_markup": 0.0018857984803619685,
           "n_close_orders": 4,
           "rentry_pprice_dist": 0.0172919430468777,
           "rentry_pprice_dist_wallet_exposure_weighting": 5.695208681073167,
           "wallet_exposure_limit": 1.0}}