{"config_name": "recursive_grid_0days",
 "logging_level": 0,
 "long": {"auto_unstuck_ema_dist": -0.010234551775652755,
          "auto_unstuck_wallet_exposure_threshold": 0.04724878327856546,
          "backwards_tp": true,
          "ddown_factor": 1.2137027461588001,
          "ema_span_0": 607.5582264881472,
          "ema_span_1": 1139.8635190910993,
          "enabled": true,
          "initial_eprice_ema_dist": 0.003444520906206211,
          "initial_qty_pct": 0.0115904198522193,
          "markup_range": 0.0016356096452366986,
          "min_markup": 0.0023880099812058843,
          "n_close_orders": 6,
          "rentry_pprice_dist": 0.018413227238722955,
          "rentry_pprice_dist_wallet_exposure_weighting": 0.07349618623187767,
          "wallet_exposure_limit": 1.0},
 "short": {"auto_unstuck_ema_dist": -0.006693422642114354,
           "auto_unstuck_wallet_exposure_threshold": 0.035958917154078625,
           "backwards_tp": true,
           "ddown_factor": 0.9291672691434117,
           "ema_span_0": 1366.8256069686154,
           "ema_span_1": 303.5300248592454,
           "enabled": true,
           "initial_eprice_ema_dist": 0.0031616415284165876,
           "initial_qty_pct": 0.019984216396177493,
           "markup_range": 0.005200239442778857,
           "min_markup": 0.006293960875103392,
           "n_close_orders": 7,
           "rentry_pprice_dist": 0.030663321513979474,
           "rentry_pprice_dist_wallet_exposure_weighting": 3.776187867947335,
           "wallet_exposure_limit": 1.0}}