{"config_name": "neat_grid_118_symbols_501days",
 "logging_level": 0,
 "long": {"auto_unstuck_ema_dist": 0.004315332726461993,
          "auto_unstuck_wallet_exposure_threshold": 0.002915790707362896,
          "backwards_tp": true,
          "ema_span_0": 3320.2081398484356,
          "ema_span_1": 10080,
          "enabled": true,
          "eprice_exp_base": 1.0147966898999095,
          "eqty_exp_base": 2.258050840815856,
          "grid_span": 0.3749974975978318,
          "initial_eprice_ema_dist": -0.056419103304077796,
          "initial_qty_pct": 0.015,
          "markup_range": 0.0068300688135832,
          "max_n_entry_orders": 7,
          "min_markup": 0.0035863889248141673,
          "n_close_orders": 8,
          "wallet_exposure_limit": 0.1},
 "short": {"auto_unstuck_ema_dist": 0.0,
           "auto_unstuck_wallet_exposure_threshold": 0,
           "backwards_tp": true,
           "ema_span_0": 386.52202799664224,
           "ema_span_1": 442.37590369226854,
           "enabled": true,
           "eprice_exp_base": 1,
           "eqty_exp_base": 2.783996835161833,
           "grid_span": 0.6427883498257823,
           "initial_eprice_ema_dist": -0.07000344797315239,
           "initial_qty_pct": 0.015,
           "markup_range": 0.006943379484264637,
           "max_n_entry_orders": 10,
           "min_markup": 0.013080276523127234,
           "n_close_orders": 19,
           "wallet_exposure_limit": 0.1}}
