{"config_name": "clock_0days",
 "long": {"backwards_tp": true,
          "delay_between_fills_minutes_close": 1216.293189472936,
          "delay_between_fills_minutes_entry": 1347.7743796724933,
          "delay_weight_close": 0.00023583759652699807,
          "delay_weight_entry": 17.999029771641304,
          "ema_dist_close": 0.0029947789742224063,
          "ema_dist_entry": 0.0027636439289525326,
          "ema_span_0": 37.05724041815824,
          "ema_span_1": 1274.3860296383289,
          "enabled": true,
          "markup_range": 0.014416365227332759,
          "min_markup": 0.00812336066341207,
          "n_close_orders": 7,
          "qty_pct_close": 0.01847720786444266,
          "qty_pct_entry": 0.019154310396627947,
          "wallet_exposure_limit": 1,
          "we_multiplier_close": 0,
          "we_multiplier_entry": 27.334351058710702},
 "short": {"backwards_tp": true,
           "delay_between_fills_minutes_close": 1439.4079230875564,
           "delay_between_fills_minutes_entry": 1289.7522611492432,
           "delay_weight_close": 122.74219757369939,
           "delay_weight_entry": 35.95235571726265,
           "ema_dist_close": -0.0031200644540830737,
           "ema_dist_entry": -0.00047188491605457404,
           "ema_span_0": 1298.8350362459573,
           "ema_span_1": 1332.0409415943818,
           "enabled": true,
           "markup_range": 0.018370883891537508,
           "min_markup": 0.008736955982363579,
           "n_close_orders": 10,
           "qty_pct_close": 0.01675296037814228,
           "qty_pct_entry": 0.0106153231412392,
           "wallet_exposure_limit": 1,
           "we_multiplier_close": 0,
           "we_multiplier_entry": 63.13175290060176}}