{"config_name": "clock_0days",
 "long": {"backwards_tp": true,
          "delay_between_fills_minutes_close": 1181.119685564658,
          "delay_between_fills_minutes_entry": 1108.8833007147675,
          "delay_weight_close": 0,
          "delay_weight_entry": 16.6319601552461,
          "ema_dist_close": -0.0033972491265664836,
          "ema_dist_entry": 0.002847269772209037,
          "ema_span_0": 609.3119672824974,
          "ema_span_1": 1296.1044135774014,
          "enabled": true,
          "markup_range": 0.0028356351171917858,
          "min_markup": 0.00828753515164119,
          "n_close_orders": 11,
          "qty_pct_close": 0.039639839996412844,
          "qty_pct_entry": 0.014038344608635704,
          "wallet_exposure_limit": 1.0,
          "we_multiplier_close": 0.0,
          "we_multiplier_entry": 189.34293879362542},
 "short": {"backwards_tp": true,
           "delay_between_fills_minutes_close": 1425.7292294155848,
           "delay_between_fills_minutes_entry": 430.18164939547506,
           "delay_weight_close": 0.05850356306043342,
           "delay_weight_entry": 4.555480420715915,
           "ema_dist_close": 0.0024906941648157824,
           "ema_dist_entry": -0.0016893973208372247,
           "ema_span_0": 534.317843715995,
           "ema_span_1": 370.57297854608396,
           "enabled": true,
           "markup_range": 0.001498589633147376,
           "min_markup": 0.004911745830893733,
           "n_close_orders": 11,
           "qty_pct_close": 0.012120215966159037,
           "qty_pct_entry": 0.012144370902016375,
           "wallet_exposure_limit": 1.0,
           "we_multiplier_close": 0.0,
           "we_multiplier_entry": 199.04930839741533}}