{"config_name": "clock_0days",
 "long": {"backwards_tp": true,
          "delay_between_fills_minutes_close": 1034.1348835907368,
          "delay_between_fills_minutes_entry": 1079.4527863208896,
          "delay_weight_close": 0.47147356564693793,
          "delay_weight_entry": 20.409507496957854,
          "ema_dist_close": 0.002972243133793434,
          "ema_dist_entry": -0.0029824533898783357,
          "ema_span_0": 1416.5318345759351,
          "ema_span_1": 399.28767292478693,
          "enabled": true,
          "markup_range": 0.005390079511125918,
          "min_markup": 0.004712264200512834,
          "n_close_orders": 4,
          "qty_pct_close": 0.010699947826356646,
          "qty_pct_entry": 0.01,
          "wallet_exposure_limit": 1.0,
          "we_multiplier_close": 0.0,
          "we_multiplier_entry": 34.86284850955002},
 "short": {"backwards_tp": true,
           "delay_between_fills_minutes_close": 1115.0858174789405,
           "delay_between_fills_minutes_entry": 956.764580336103,
           "delay_weight_close": 7.412528407240416e-06,
           "delay_weight_entry": 23.265735588920265,
           "ema_dist_close": -0.008018312248819331,
           "ema_dist_entry": 0.0020557556835955107,
           "ema_span_0": 1341.4930064817436,
           "ema_span_1": 621.1311311376074,
           "enabled": true,
           "markup_range": 0.020044919065390205,
           "min_markup": 0.008851651339154647,
           "n_close_orders": 13,
           "qty_pct_close": 0.03277912887474269,
           "qty_pct_entry": 0.010058327481171615,
           "wallet_exposure_limit": 1.0,
           "we_multiplier_close": 0.0,
           "we_multiplier_entry": 12.472746807588111}}