{"config_name": "clock_0days",
 "long": {"backwards_tp": true,
          "delay_between_fills_minutes_close": 309.57550983859977,
          "delay_between_fills_minutes_entry": 897.6705923193058,
          "delay_weight_close": 0.0003200266801682882,
          "delay_weight_entry": 23.194532047491762,
          "ema_dist_close": -0.005602827672057511,
          "ema_dist_entry": 1.969136614546723e-05,
          "ema_span_0": 754.2380438575185,
          "ema_span_1": 896.1906692132051,
          "enabled": true,
          "markup_range": 0.013214633776998342,
          "min_markup": 0.0049399273935085,
          "n_close_orders": 5,
          "qty_pct_close": 0.011300058755248374,
          "qty_pct_entry": 0.01014335636675352,
          "wallet_exposure_limit": 1.0,
          "we_multiplier_close": 0.0,
          "we_multiplier_entry": 73.60068435888759},
 "short": {"backwards_tp": true,
           "delay_between_fills_minutes_close": 975.3060082759088,
           "delay_between_fills_minutes_entry": 1108.3225737449723,
           "delay_weight_close": 0.08735623522186106,
           "delay_weight_entry": 24.64614098935039,
           "ema_dist_close": 0.0029980227593746794,
           "ema_dist_entry": 0.0006707165440013361,
           "ema_span_0": 1432.6735282262987,
           "ema_span_1": 1321.1922501388303,
           "enabled": true,
           "markup_range": 0.016366947557558086,
           "min_markup": 0.006245132607080885,
           "n_close_orders": 13,
           "qty_pct_close": 0.025883164680915092,
           "qty_pct_entry": 0.015118813009598449,
           "wallet_exposure_limit": 1.0,
           "we_multiplier_close": 0.0,
           "we_multiplier_entry": 31.568568581588526}}