{"config_name": "clock_0days",
 "long": {"backwards_tp": true,
          "delay_between_fills_minutes_close": 1344.6871440978312,
          "delay_between_fills_minutes_entry": 1197.5389643446051,
          "delay_weight_close": 0.10521186038077981,
          "delay_weight_entry": 12.874099157921805,
          "ema_dist_close": 0.00218855318387716,
          "ema_dist_entry": 0.002982359516504101,
          "ema_span_0": 1093.36418115994,
          "ema_span_1": 1069.0465185585074,
          "enabled": true,
          "markup_range": 0.005555619774312047,
          "min_markup": 0.009002258550157105,
          "n_close_orders": 14,
          "qty_pct_close": 0.010152366682328091,
          "qty_pct_entry": 0.013901325449037633,
          "wallet_exposure_limit": 1,
          "we_multiplier_close": 0,
          "we_multiplier_entry": 59.84145720342575},
 "short": {"backwards_tp": true,
           "delay_between_fills_minutes_close": 1374.532198396876,
           "delay_between_fills_minutes_entry": 911.0691435070613,
           "delay_weight_close": 54.060257482941545,
           "delay_weight_entry": 7.512816831373887,
           "ema_dist_close": -8.829057042577433e-05,
           "ema_dist_entry": -0.006267881662950014,
           "ema_span_0": 1427.0563794275986,
           "ema_span_1": 1051.3346299361567,
           "enabled": true,
           "markup_range": 0.03223853685803567,
           "min_markup": 0.008081834696821277,
           "n_close_orders": 5,
           "qty_pct_close": 0.026907596367575705,
           "qty_pct_entry": 0.011258290374598261,
           "wallet_exposure_limit": 1,
           "we_multiplier_close": 0,
           "we_multiplier_entry": 36.643996043768915}}