{"config_name": "clock_0days",
 "long": {"backwards_tp": true,
          "delay_between_fills_minutes_close": 262.5171944412961,
          "delay_between_fills_minutes_entry": 620.339654900159,
          "delay_weight_close": 24.68890093496562,
          "delay_weight_entry": 7.324598973984444,
          "ema_dist_close": 0.0025554063169659163,
          "ema_dist_entry": -0.000582749488419804,
          "ema_span_0": 48.20717210242075,
          "ema_span_1": 1223.7965148320168,
          "enabled": true,
          "markup_range": 0.006684880921815963,
          "min_markup": 0.006410676759058631,
          "n_close_orders": 6,
          "qty_pct_close": 0.01134211605300677,
          "qty_pct_entry": 0.010261534589007294,
          "wallet_exposure_limit": 1.0,
          "we_multiplier_close": 0.0,
          "we_multiplier_entry": 173.47931426466891},
 "short": {"backwards_tp": true,
           "delay_between_fills_minutes_close": 1431.4218432372697,
           "delay_between_fills_minutes_entry": 722.7143644935593,
           "delay_weight_close": 0,
           "delay_weight_entry": 25.08328820498014,
           "ema_dist_close": -0.016417590515754664,
           "ema_dist_entry": -0.0034602472096858503,
           "ema_span_0": 1440.0,
           "ema_span_1": 75.74235980218769,
           "enabled": true,
           "markup_range": 0.0059169260239758945,
           "min_markup": 0.003656634214184598,
           "n_close_orders": 14,
           "qty_pct_close": 0.047342462924891845,
           "qty_pct_entry": 0.013128506819105452,
           "wallet_exposure_limit": 1.0,
           "we_multiplier_close": 0.0,
           "we_multiplier_entry": 179.85164252524172}}