{"config_name": "clock_0days",
 "long": {"backwards_tp": true,
          "delay_between_fills_minutes_close": 1248.4109042518137,
          "delay_between_fills_minutes_entry": 1305.0620383896337,
          "delay_weight_close": 0.001248704520760121,
          "delay_weight_entry": 14.754877663532634,
          "ema_dist_close": 0.002987798805601749,
          "ema_dist_entry": 0.002287779948681893,
          "ema_span_0": 1363.0217608739492,
          "ema_span_1": 1416.8837923494025,
          "enabled": true,
          "markup_range": 0.0020643316552632746,
          "min_markup": 0.009967505905049237,
          "n_close_orders": 11,
          "qty_pct_close": 0.013265296926285116,
          "qty_pct_entry": 0.013162213638119242,
          "wallet_exposure_limit": 1.0,
          "we_multiplier_close": 0.0,
          "we_multiplier_entry": 91.51653308366889},
 "short": {"backwards_tp": true,
           "delay_between_fills_minutes_close": 956.2311517613283,
           "delay_between_fills_minutes_entry": 1150.3720979823242,
           "delay_weight_close": 0,
           "delay_weight_entry": 7.510398201458993,
           "ema_dist_close": 0.0028139253695925372,
           "ema_dist_entry": 0.0015458112851282596,
           "ema_span_0": 1052.7239128025767,
           "ema_span_1": 1256.1751494787202,
           "enabled": true,
           "markup_range": 0.008161432989319062,
           "min_markup": 0.008314319584518346,
           "n_close_orders": 8,
           "qty_pct_close": 0.029029396957174377,
           "qty_pct_entry": 0.011944883979501705,
           "wallet_exposure_limit": 1.0,
           "we_multiplier_close": 0.0,
           "we_multiplier_entry": 77.42133535395355}}