{"config_name": "clock_0days",
 "long": {"backwards_tp": true,
          "delay_between_fills_minutes_close": 1201.125579805804,
          "delay_between_fills_minutes_entry": 1162.0164558532858,
          "delay_weight_close": 0,
          "delay_weight_entry": 23.343812687550166,
          "ema_dist_close": 0.0018426357433683714,
          "ema_dist_entry": 0.002240690277615145,
          "ema_span_0": 1388.8616346807044,
          "ema_span_1": 594.5928316209238,
          "enabled": true,
          "markup_range": 0.004209654046274097,
          "min_markup": 0.005752329078494717,
          "n_close_orders": 13,
          "qty_pct_close": 0.030311942495863182,
          "qty_pct_entry": 0.014282325856622419,
          "wallet_exposure_limit": 1.0,
          "we_multiplier_close": 0.0,
          "we_multiplier_entry": 155.53380197449832},
 "short": {"backwards_tp": true,
           "delay_between_fills_minutes_close": 1440.0,
           "delay_between_fills_minutes_entry": 191.42173108496874,
           "delay_weight_close": 0.028899588880215838,
           "delay_weight_entry": 17.546605449563575,
           "ema_dist_close": 0.00299997474033432,
           "ema_dist_entry": -0.008003535028935074,
           "ema_span_0": 1064.6413150751664,
           "ema_span_1": 185.81053368121965,
           "enabled": true,
           "markup_range": 0.002172175340743332,
           "min_markup": 0.0047279710478108205,
           "n_close_orders": 9,
           "qty_pct_close": 0.010000000109647524,
           "qty_pct_entry": 0.011087282503926989,
           "wallet_exposure_limit": 1.0,
           "we_multiplier_close": 0.0,
           "we_multiplier_entry": 64.23189880045136}}