{"config_name": "clock_0days",
 "long": {"backwards_tp": true,
          "delay_between_fills_minutes_close": 873.2880767981884,
          "delay_between_fills_minutes_entry": 1233.8784238961296,
          "delay_weight_close": 0.027393224246105897,
          "delay_weight_entry": 7.262422182378402,
          "ema_dist_close": 0.0028993233502359046,
          "ema_dist_entry": 0.0002345591858244131,
          "ema_span_0": 1234.5180719750867,
          "ema_span_1": 387.5021868899112,
          "enabled": true,
          "markup_range": 0.03876463985970388,
          "min_markup": 0.007928191477755888,
          "n_close_orders": 12,
          "qty_pct_close": 0.0497910951108569,
          "qty_pct_entry": 0.010182952704224828,
          "wallet_exposure_limit": 1,
          "we_multiplier_close": 0,
          "we_multiplier_entry": 78.55882531718571},
 "short": {"backwards_tp": true,
           "delay_between_fills_minutes_close": 1231.1534433869317,
           "delay_between_fills_minutes_entry": 992.879759909312,
           "delay_weight_close": 0,
           "delay_weight_entry": 11.021056076328891,
           "ema_dist_close": 0.0011709284173444343,
           "ema_dist_entry": -0.0032098321873262592,
           "ema_span_0": 905.0664968146023,
           "ema_span_1": 1059.3984490806208,
           "enabled": true,
           "markup_range": 0.01301028783010815,
           "min_markup": 0.008348118349905207,
           "n_close_orders": 8,
           "qty_pct_close": 0.03558855648199938,
           "qty_pct_entry": 0.016021948875596808,
           "wallet_exposure_limit": 1,
           "we_multiplier_close": 0,
           "we_multiplier_entry": 69.9757309224883}}