{"config_name": "clock_0days",
 "long": {"backwards_tp": true,
          "delay_between_fills_minutes_close": 1439.2045190047356,
          "delay_between_fills_minutes_entry": 602.8928868087335,
          "delay_weight_close": 0.003357761808589057,
          "delay_weight_entry": 27.392276365159265,
          "ema_dist_close": 0.0009225290252395786,
          "ema_dist_entry": 0.002980547478749272,
          "ema_span_0": 1074.9109411010136,
          "ema_span_1": 1024.879312493344,
          "enabled": true,
          "markup_range": 0.007138252197276441,
          "min_markup": 0.004842225837217238,
          "n_close_orders": 4,
          "qty_pct_close": 0.01744489102370676,
          "qty_pct_entry": 0.010065283396255327,
          "wallet_exposure_limit": 1.0,
          "we_multiplier_close": 0.0,
          "we_multiplier_entry": 35.808042410116755},
 "short": {"backwards_tp": true,
           "delay_between_fills_minutes_close": 1204.7565689640712,
           "delay_between_fills_minutes_entry": 502.884952699959,
           "delay_weight_close": 0.0008770748303404566,
           "delay_weight_entry": 5.013354742562334,
           "ema_dist_close": 2.548529917478771e-05,
           "ema_dist_entry": -0.0034188006374616985,
           "ema_span_0": 529.1156224696535,
           "ema_span_1": 1107.9333700805983,
           "enabled": true,
           "markup_range": 0.008893382104109051,
           "min_markup": 0.003507214280625804,
           "n_close_orders": 10,
           "qty_pct_close": 0.021017378565373467,
           "qty_pct_entry": 0.0100014890922783,
           "wallet_exposure_limit": 1.0,
           "we_multiplier_close": 0.0,
           "we_multiplier_entry": 152.9642894484413}}