{"config_name": "clock_0days",
 "long": {"backwards_tp": true,
          "delay_between_fills_minutes_close": 1394.8970384938582,
          "delay_between_fills_minutes_entry": 1166.9937376246103,
          "delay_weight_close": 119.85995728174537,
          "delay_weight_entry": 22.147224115113133,
          "ema_dist_close": -0.0071346620576081,
          "ema_dist_entry": -0.0015068172817505967,
          "ema_span_0": 1003.0458384448299,
          "ema_span_1": 1306.7325751051433,
          "enabled": true,
          "markup_range": 0.0067751118013320965,
          "min_markup": 0.0033167372228679187,
          "n_close_orders": 3,
          "qty_pct_close": 0.03336172778850177,
          "qty_pct_entry": 0.010029905959977232,
          "wallet_exposure_limit": 1,
          "we_multiplier_close": 0,
          "we_multiplier_entry": 110.33515739187622},
 "short": {"backwards_tp": true,
           "delay_between_fills_minutes_close": 1418.9192465477302,
           "delay_between_fills_minutes_entry": 1016.015194801682,
           "delay_weight_close": 0.035838622615535866,
           "delay_weight_entry": 21.93370325849973,
           "ema_dist_close": -0.0059927587085175,
           "ema_dist_entry": 0.0014974276935616352,
           "ema_span_0": 1386.3380027324586,
           "ema_span_1": 1265.0578334242791,
           "enabled": true,
           "markup_range": 0.0030246309258677873,
           "min_markup": 0.009450351902532236,
           "n_close_orders": 4,
           "qty_pct_close": 0.01084735583038567,
           "qty_pct_entry": 0.012462072948255128,
           "wallet_exposure_limit": 1,
           "we_multiplier_close": 0,
           "we_multiplier_entry": 138.10596610492416}}