{"config_name": "clock_0days",
 "long": {"backwards_tp": true,
          "delay_between_fills_minutes_close": 1394.8970384938582,
          "delay_between_fills_minutes_entry": 1166.9937376246103,
          "delay_weight_close": 119.85995728174537,
          "delay_weight_entry": 22.147224115113133,
          "ema_dist_close": -0.0071346620576081,
          "ema_dist_entry": -0.0015068172817505967,
          "ema_span_0": 1003.0458384448299,
          "ema_span_1": 1306.7325751051433,
          "enabled": true,
          "markup_range": 0.0067751118013320965,
          "min_markup": 0.0033167372228679187,
          "n_close_orders": 3,
          "qty_pct_close": 0.03336172778850177,
          "qty_pct_entry": 0.010029905959977232,
          "wallet_exposure_limit": 1,
          "we_multiplier_close": 0,
          "we_multiplier_entry": 110.33515739187622},
 "short": {"backwards_tp": true,
           "delay_between_fills_minutes_close": 1351.4326708266535,
           "delay_between_fills_minutes_entry": 548.6057823525723,
           "delay_weight_close": 0,
           "delay_weight_entry": 11.150158531050494,
           "ema_dist_close": 0.0013085616106819399,
           "ema_dist_entry": -0.004008334635198586,
           "ema_span_0": 917.2316902720703,
           "ema_span_1": 1264.6165425135664,
           "enabled": true,
           "markup_range": 0.006529205000107782,
           "min_markup": 0.0030059128543098996,
           "n_close_orders": 12,
           "qty_pct_close": 0.03836014950985863,
           "qty_pct_entry": 0.010571443313684543,
           "wallet_exposure_limit": 1,
           "we_multiplier_close": 0,
           "we_multiplier_entry": 179.5298526739895}}