{"config_name": "clock_0days",
 "long": {"backwards_tp": true,
          "delay_between_fills_minutes_close": 907.003567566127,
          "delay_between_fills_minutes_entry": 434.071367533533,
          "delay_weight_close": 0.0672414065790218,
          "delay_weight_entry": 7.628513500794818,
          "ema_dist_close": -0.003307678128479393,
          "ema_dist_entry": 0.0014991465945699302,
          "ema_span_0": 1233.438420906219,
          "ema_span_1": 1128.21121143793,
          "enabled": true,
          "markup_range": 0.00814086025089036,
          "min_markup": 0.007934619133783138,
          "n_close_orders": 13,
          "qty_pct_close": 0.011062683758326244,
          "qty_pct_entry": 0.012089946587222887,
          "wallet_exposure_limit": 1,
          "we_multiplier_close": 0,
          "we_multiplier_entry": 23.309395791756284},
 "short": {"backwards_tp": true,
           "delay_between_fills_minutes_close": 1375.559997188108,
           "delay_between_fills_minutes_entry": 717.7559868931322,
           "delay_weight_close": 0,
           "delay_weight_entry": 7.466755070679318,
           "ema_dist_close": -0.007512602290140999,
           "ema_dist_entry": -0.0027278419865663047,
           "ema_span_0": 1241.3730181690114,
           "ema_span_1": 374.3272257969464,
           "enabled": true,
           "markup_range": 0.011591016366706274,
           "min_markup": 0.006442293820428816,
           "n_close_orders": 9,
           "qty_pct_close": 0.010600011339713264,
           "qty_pct_entry": 0.013772809852360693,
           "wallet_exposure_limit": 1,
           "we_multiplier_close": 0,
           "we_multiplier_entry": 158.70939036460666}}