{"config_name": "clock_0days",
 "long": {"backwards_tp": true,
          "delay_between_fills_minutes_close": 990.8699073814649,
          "delay_between_fills_minutes_entry": 976.6366338495849,
          "delay_weight_close": 64.22014723307444,
          "delay_weight_entry": 14.067848593385145,
          "ema_dist_close": 0.00041163609327911,
          "ema_dist_entry": 0.003,
          "ema_span_0": 272.86743771083576,
          "ema_span_1": 1056.487914916718,
          "enabled": true,
          "markup_range": 0.034445084338397144,
          "min_markup": 0.009699660203776736,
          "n_close_orders": 4,
          "qty_pct_close": 0.04547403785304342,
          "qty_pct_entry": 0.015807264476477415,
          "wallet_exposure_limit": 1.0,
          "we_multiplier_close": 0.0,
          "we_multiplier_entry": 52.1025330330715},
 "short": {"backwards_tp": true,
           "delay_between_fills_minutes_close": 1422.076679397743,
           "delay_between_fills_minutes_entry": 1234.032639676268,
           "delay_weight_close": 0.7113738484573445,
           "delay_weight_entry": 29.15679102933713,
           "ema_dist_close": 0.0028676836625019927,
           "ema_dist_entry": -0.002193162099965197,
           "ema_span_0": 922.2699150602216,
           "ema_span_1": 307.395888953317,
           "enabled": true,
           "markup_range": 0.0032224965299063944,
           "min_markup": 0.0027197992618977207,
           "n_close_orders": 12,
           "qty_pct_close": 0.010109799194930224,
           "qty_pct_entry": 0.010064001457694047,
           "wallet_exposure_limit": 1.0,
           "we_multiplier_close": 0.0,
           "we_multiplier_entry": 122.79733648388108}}