{"config_name": "clock_0days",
 "long": {"backwards_tp": true,
          "delay_between_fills_minutes_close": 748.089784970271,
          "delay_between_fills_minutes_entry": 1426.2285096780852,
          "delay_weight_close": 93.36884445174726,
          "delay_weight_entry": 13.10077192958857,
          "ema_dist_close": 0.002652388791598619,
          "ema_dist_entry": -0.044121303743050094,
          "ema_span_0": 1354.411544945038,
          "ema_span_1": 1177.5399086574055,
          "enabled": true,
          "markup_range": 0.0022713863947800123,
          "min_markup": 0.003883578354607743,
          "n_close_orders": 4,
          "qty_pct_close": 0.04215731192858594,
          "qty_pct_entry": 0.01,
          "wallet_exposure_limit": 1,
          "we_multiplier_close": 0,
          "we_multiplier_entry": 90.83119280808694},
 "short": {"backwards_tp": true,
           "delay_between_fills_minutes_close": 853.0362121555653,
           "delay_between_fills_minutes_entry": 820.1288250311721,
           "delay_weight_close": 0.1535059727663365,
           "delay_weight_entry": 6.91469874900002,
           "ema_dist_close": 0.0025264040191290377,
           "ema_dist_entry": -0.001804175746319965,
           "ema_span_0": 1422.3613400088504,
           "ema_span_1": 1318.0247233883833,
           "enabled": true,
           "markup_range": 0.013147619873754663,
           "min_markup": 0.007230070117638885,
           "n_close_orders": 2,
           "qty_pct_close": 0.010650805018322756,
           "qty_pct_entry": 0.011435299217485562,
           "wallet_exposure_limit": 1,
           "we_multiplier_close": 0,
           "we_multiplier_entry": 113.48249556696052}}