{"config_name": "clock_0days",
 "long": {"backwards_tp": true,
          "delay_between_fills_minutes_close": 1439.6618694984538,
          "delay_between_fills_minutes_entry": 1350.1215339169892,
          "delay_weight_close": 97.81312103761293,
          "delay_weight_entry": 8.484764771432227,
          "ema_dist_close": -0.004242305908945681,
          "ema_dist_entry": -0.0018958796811299628,
          "ema_span_0": 1073.4964125782978,
          "ema_span_1": 288.98734424446184,
          "enabled": true,
          "markup_range": 0.03781876994836481,
          "min_markup": 0.009766476139092227,
          "n_close_orders": 6,
          "qty_pct_close": 0.02218303816614514,
          "qty_pct_entry": 0.010000031363054745,
          "wallet_exposure_limit": 1,
          "we_multiplier_close": 0,
          "we_multiplier_entry": 94.64917736281657},
 "short": {"backwards_tp": true,
           "delay_between_fills_minutes_close": 1313.0204229264286,
           "delay_between_fills_minutes_entry": 638.4851041700338,
           "delay_weight_close": 133.56028748315725,
           "delay_weight_entry": 7.582853128864735,
           "ema_dist_close": -0.011711412451273205,
           "ema_dist_entry": -0.008191013971623133,
           "ema_span_0": 1391.8422167629662,
           "ema_span_1": 1104.5587168074521,
           "enabled": true,
           "markup_range": 0.022918903953577117,
           "min_markup": 0.006882525111758523,
           "n_close_orders": 12,
           "qty_pct_close": 0.021053483594138115,
           "qty_pct_entry": 0.010519943873467465,
           "wallet_exposure_limit": 1,
           "we_multiplier_close": 0,
           "we_multiplier_entry": 160.69974451483074}}