{"config_name": "clock_0days",
 "long": {"backwards_tp": true,
          "delay_between_fills_minutes_close": 1286.4676330082052,
          "delay_between_fills_minutes_entry": 1054.5219878188213,
          "delay_weight_close": 0,
          "delay_weight_entry": 12.003243955557656,
          "ema_dist_close": 0.0024336224833895314,
          "ema_dist_entry": -0.0001264703365928071,
          "ema_span_0": 1233.4831884996954,
          "ema_span_1": 839.489320767823,
          "enabled": true,
          "markup_range": 0.006949744488160681,
          "min_markup": 0.003614343428876128,
          "n_close_orders": 10,
          "qty_pct_close": 0.011827609072375242,
          "qty_pct_entry": 0.011730576768252541,
          "wallet_exposure_limit": 1,
          "we_multiplier_close": 0,
          "we_multiplier_entry": 164.68392895831806},
 "short": {"backwards_tp": true,
           "delay_between_fills_minutes_close": 1315.059504007104,
           "delay_between_fills_minutes_entry": 888.3612995686373,
           "delay_weight_close": 0.0001446487895600021,
           "delay_weight_entry": 17.26013725029341,
           "ema_dist_close": -0.0023752897514733406,
           "ema_dist_entry": 0.0001696641315391729,
           "ema_span_0": 920.1179652822236,
           "ema_span_1": 987.6517031707824,
           "enabled": true,
           "markup_range": 0.01603808562762195,
           "min_markup": 0.009289400291990584,
           "n_close_orders": 5,
           "qty_pct_close": 0.011880429646565887,
           "qty_pct_entry": 0.013350042030345736,
           "wallet_exposure_limit": 1,
           "we_multiplier_close": 0,
           "we_multiplier_entry": 18.551729943915266}}