{"config_name": "clock_0days",
 "long": {"backwards_tp": true,
          "delay_between_fills_minutes_close": 1124.36946997085,
          "delay_between_fills_minutes_entry": 1250.8012876004839,
          "delay_weight_close": 0.0019141821316476849,
          "delay_weight_entry": 21.32189685042974,
          "ema_dist_close": 0.0024548221110672393,
          "ema_dist_entry": 0.0013943694388603256,
          "ema_span_0": 990.3819695296066,
          "ema_span_1": 1012.1455141691607,
          "enabled": true,
          "markup_range": 0.008696059220256883,
          "min_markup": 0.009435855094593841,
          "n_close_orders": 14,
          "qty_pct_close": 0.03917257062314072,
          "qty_pct_entry": 0.011642464960017352,
          "wallet_exposure_limit": 1.0,
          "we_multiplier_close": 0.0,
          "we_multiplier_entry": 59.066226184204226},
 "short": {"backwards_tp": true,
           "delay_between_fills_minutes_close": 1053.5514218878282,
           "delay_between_fills_minutes_entry": 1288.1881673581936,
           "delay_weight_close": 118.5472344402959,
           "delay_weight_entry": 23.19001653533724,
           "ema_dist_close": -0.009235517741669405,
           "ema_dist_entry": -0.0002574195330646119,
           "ema_span_0": 949.5804650084999,
           "ema_span_1": 902.6686590515664,
           "enabled": true,
           "markup_range": 0.037530589829463654,
           "min_markup": 0.00914115578834322,
           "n_close_orders": 7,
           "qty_pct_close": 0.045744183061686546,
           "qty_pct_entry": 0.010894933698236483,
           "wallet_exposure_limit": 1.0,
           "we_multiplier_close": 0.0,
           "we_multiplier_entry": 176.95244421137585}}