{"config_name": "clock_0days",
 "long": {"backwards_tp": true,
          "delay_between_fills_minutes_close": 1037.5335006310397,
          "delay_between_fills_minutes_entry": 390.1078210069103,
          "delay_weight_close": 0,
          "delay_weight_entry": 9.144150303176804,
          "ema_dist_close": 0.0027422945608196305,
          "ema_dist_entry": -0.0031436050925918945,
          "ema_span_0": 1311.0473790820588,
          "ema_span_1": 1053.1473144921208,
          "enabled": true,
          "markup_range": 0.004513307623619617,
          "min_markup": 0.0020770135830158643,
          "n_close_orders": 4,
          "qty_pct_close": 0.014877428144058466,
          "qty_pct_entry": 0.010001582126394432,
          "wallet_exposure_limit": 1,
          "we_multiplier_close": 0,
          "we_multiplier_entry": 187.11948390702184},
 "short": {"backwards_tp": true,
           "delay_between_fills_minutes_close": 896.6520846198275,
           "delay_between_fills_minutes_entry": 1139.5631316088911,
           "delay_weight_close": 0,
           "delay_weight_entry": 9.482649230003622,
           "ema_dist_close": -0.0210023978934245,
           "ema_dist_entry": -0.0021715977441886664,
           "ema_span_0": 1112.5460052532646,
           "ema_span_1": 794.9542069514873,
           "enabled": true,
           "markup_range": 0.03272297188509414,
           "min_markup": 0.006672068195214985,
           "n_close_orders": 14,
           "qty_pct_close": 0.010886259935365643,
           "qty_pct_entry": 0.012094579278172762,
           "wallet_exposure_limit": 1,
           "we_multiplier_close": 0,
           "we_multiplier_entry": 127.84644079006416}}