{"config_name": "clock_0days",
 "long": {"backwards_tp": true,
          "delay_between_fills_minutes_close": 1359.129372244894,
          "delay_between_fills_minutes_entry": 974.8106293991902,
          "delay_weight_close": 0,
          "delay_weight_entry": 16.813658603528452,
          "ema_dist_close": -0.0004316436190247878,
          "ema_dist_entry": 0.002542465728543579,
          "ema_span_0": 569.2351513001131,
          "ema_span_1": 1306.0151076641177,
          "enabled": true,
          "markup_range": 0.00602379650000648,
          "min_markup": 0.005797177327846649,
          "n_close_orders": 8,
          "qty_pct_close": 0.014894924229803364,
          "qty_pct_entry": 0.01338978544273347,
          "wallet_exposure_limit": 1,
          "we_multiplier_close": 0,
          "we_multiplier_entry": 184.15161401677597},
 "short": {"backwards_tp": true,
           "delay_between_fills_minutes_close": 492.2255335851968,
           "delay_between_fills_minutes_entry": 755.2423118042033,
           "delay_weight_close": 0,
           "delay_weight_entry": 11.480093957447483,
           "ema_dist_close": 0.002147932829100353,
           "ema_dist_entry": 0.002940959336994118,
           "ema_span_0": 1262.0562740091564,
           "ema_span_1": 475.5129835586912,
           "enabled": true,
           "markup_range": 0.011732189840609879,
           "min_markup": 0.008455717512934753,
           "n_close_orders": 5,
           "qty_pct_close": 0.010630143681017824,
           "qty_pct_entry": 0.010008313075641503,
           "wallet_exposure_limit": 1,
           "we_multiplier_close": 0,
           "we_multiplier_entry": 185.24710518526723}}