{"config_name": "clock_0days",
 "long": {"backwards_tp": true,
          "delay_between_fills_minutes_close": 1425.6236715753528,
          "delay_between_fills_minutes_entry": 1376.5084592166163,
          "delay_weight_close": 0,
          "delay_weight_entry": 13.10718168172905,
          "ema_dist_close": 0.0027447339251298244,
          "ema_dist_entry": 0.002728471846884954,
          "ema_span_0": 1322.6471467757844,
          "ema_span_1": 1229.979253161386,
          "enabled": true,
          "markup_range": 0.017274847033513605,
          "min_markup": 0.005410338928995257,
          "n_close_orders": 8,
          "qty_pct_close": 0.01380785620017041,
          "qty_pct_entry": 0.010122640587045378,
          "wallet_exposure_limit": 1,
          "we_multiplier_close": 0,
          "we_multiplier_entry": 183.3771042854676},
 "short": {"backwards_tp": true,
           "delay_between_fills_minutes_close": 1144.356638874376,
           "delay_between_fills_minutes_entry": 728.8058901391211,
           "delay_weight_close": 133.88996078193202,
           "delay_weight_entry": 12.56873379383313,
           "ema_dist_close": -0.0026319282090989543,
           "ema_dist_entry": 0.0007655005287533114,
           "ema_span_0": 1333.2938112315924,
           "ema_span_1": 1220.6636205669868,
           "enabled": true,
           "markup_range": 0.0016657516132371668,
           "min_markup": 0.006698363836311605,
           "n_close_orders": 15,
           "qty_pct_close": 0.011030468321231444,
           "qty_pct_entry": 0.022287918665138247,
           "wallet_exposure_limit": 1,
           "we_multiplier_close": 0,
           "we_multiplier_entry": 195.28870288257588}}