{"config_name": "clock_0days",
 "long": {"backwards_tp": true,
          "delay_between_fills_minutes_close": 1394.8970384938582,
          "delay_between_fills_minutes_entry": 1166.9937376246103,
          "delay_weight_close": 119.85995728174537,
          "delay_weight_entry": 22.147224115113133,
          "ema_dist_close": -0.0071346620576081,
          "ema_dist_entry": -0.0015068172817505967,
          "ema_span_0": 1003.0458384448299,
          "ema_span_1": 1306.7325751051433,
          "enabled": true,
          "markup_range": 0.0067751118013320965,
          "min_markup": 0.0033167372228679187,
          "n_close_orders": 3,
          "qty_pct_close": 0.03336172778850177,
          "qty_pct_entry": 0.010029905959977232,
          "wallet_exposure_limit": 1,
          "we_multiplier_close": 0,
          "we_multiplier_entry": 110.33515739187622},
 "short": {"backwards_tp": true,
           "delay_between_fills_minutes_close": 1417.513995702472,
           "delay_between_fills_minutes_entry": 945.4571042008138,
           "delay_weight_close": 0,
           "delay_weight_entry": 6.142318089487908,
           "ema_dist_close": -0.0007021181143498225,
           "ema_dist_entry": 0.0014849790109989608,
           "ema_span_0": 1329.0363005669474,
           "ema_span_1": 1395.6755593691046,
           "enabled": true,
           "markup_range": 0.02079065287072982,
           "min_markup": 0.0052840147414381245,
           "n_close_orders": 12,
           "qty_pct_close": 0.011703815785791886,
           "qty_pct_entry": 0.01324262971588126,
           "wallet_exposure_limit": 1,
           "we_multiplier_close": 0,
           "we_multiplier_entry": 63.09798967924271}}