{"config_name": "clock_0days",
 "long": {"backwards_tp": true,
          "delay_between_fills_minutes_close": 924.1808808653858,
          "delay_between_fills_minutes_entry": 1164.945475626217,
          "delay_weight_close": 2.5295671269812834e-08,
          "delay_weight_entry": 8.999194373273232,
          "ema_dist_close": -0.0001631181135471544,
          "ema_dist_entry": 0.0008668623790797735,
          "ema_span_0": 1300.9709117638333,
          "ema_span_1": 922.6532586735012,
          "enabled": true,
          "markup_range": 0.03680780933936822,
          "min_markup": 0.00903446509930917,
          "n_close_orders": 6,
          "qty_pct_close": 0.022863504003742346,
          "qty_pct_entry": 0.01007313506452844,
          "wallet_exposure_limit": 1.0,
          "we_multiplier_close": 0.0,
          "we_multiplier_entry": 49.38322933673823},
 "short": {"backwards_tp": true,
           "delay_between_fills_minutes_close": 1190.004350157718,
           "delay_between_fills_minutes_entry": 625.9391694762475,
           "delay_weight_close": 2.713181320143407e-06,
           "delay_weight_entry": 4.833825308842332,
           "ema_dist_close": -0.0012638196729041395,
           "ema_dist_entry": 0.0005993106802113956,
           "ema_span_0": 1322.2541255714457,
           "ema_span_1": 1020.3859699737461,
           "enabled": true,
           "markup_range": 0.0030456607644427734,
           "min_markup": 0.00974618144010783,
           "n_close_orders": 3,
           "qty_pct_close": 0.010195097314480773,
           "qty_pct_entry": 0.013269395084669917,
           "wallet_exposure_limit": 1.0,
           "we_multiplier_close": 0.0,
           "we_multiplier_entry": 123.1323819366483}}