{"config_name": "clock_0days",
 "long": {"backwards_tp": true,
          "delay_between_fills_minutes_close": 1229.569142248923,
          "delay_between_fills_minutes_entry": 677.3101438232283,
          "delay_weight_close": 0.0003299053115330942,
          "delay_weight_entry": 25.823895137275144,
          "ema_dist_close": -0.005802880252623064,
          "ema_dist_entry": -0.0005716088042504303,
          "ema_span_0": 1067.2727917567897,
          "ema_span_1": 794.0608753346958,
          "enabled": true,
          "markup_range": 0.0022713863947800123,
          "min_markup": 0.00456966518739821,
          "n_close_orders": 6,
          "qty_pct_close": 0.03679176101485543,
          "qty_pct_entry": 0.011577155040266442,
          "wallet_exposure_limit": 1,
          "we_multiplier_close": 0,
          "we_multiplier_entry": 161.44939269947736},
 "short": {"backwards_tp": true,
           "delay_between_fills_minutes_close": 1439.9577183618833,
           "delay_between_fills_minutes_entry": 1279.61721094728,
           "delay_weight_close": 180.8258917231453,
           "delay_weight_entry": 11.735969867703181,
           "ema_dist_close": -0.046584572084800394,
           "ema_dist_entry": -0.0020314321818355775,
           "ema_span_0": 535.9936641795015,
           "ema_span_1": 466.5430786396263,
           "enabled": true,
           "markup_range": 0.03761957823133669,
           "min_markup": 0.009611804612596071,
           "n_close_orders": 7,
           "qty_pct_close": 0.02337011883805094,
           "qty_pct_entry": 0.015249747284906414,
           "wallet_exposure_limit": 1,
           "we_multiplier_close": 0,
           "we_multiplier_entry": 172.3762612518545}}