{"config_name": "clock_0days",
 "long": {"backwards_tp": true,
          "delay_between_fills_minutes_close": 1210.3200700946154,
          "delay_between_fills_minutes_entry": 606.0729011022113,
          "delay_weight_close": 0.004598072501388959,
          "delay_weight_entry": 19.110500840875464,
          "ema_dist_close": 0.002652388791598619,
          "ema_dist_entry": 0.002214868958119213,
          "ema_span_0": 1231.840708203789,
          "ema_span_1": 1382.3907596682363,
          "enabled": true,
          "markup_range": 0.0049429125629530096,
          "min_markup": 0.005006115754430104,
          "n_close_orders": 12,
          "qty_pct_close": 0.017936386342000517,
          "qty_pct_entry": 0.015571297772969488,
          "wallet_exposure_limit": 1.0,
          "we_multiplier_close": 0.0,
          "we_multiplier_entry": 75.38306889389776},
 "short": {"backwards_tp": true,
           "delay_between_fills_minutes_close": 1219.7298413042472,
           "delay_between_fills_minutes_entry": 1031.4389517834916,
           "delay_weight_close": 0,
           "delay_weight_entry": 7.63359329613002,
           "ema_dist_close": -0.003583134583564976,
           "ema_dist_entry": -0.009067319577132539,
           "ema_span_0": 1197.6426402110976,
           "ema_span_1": 415.0199185044943,
           "enabled": true,
           "markup_range": 0.004084590684835761,
           "min_markup": 0.007964885303506081,
           "n_close_orders": 9,
           "qty_pct_close": 0.02642920575006145,
           "qty_pct_entry": 0.02278280119653226,
           "wallet_exposure_limit": 1.0,
           "we_multiplier_close": 0.0,
           "we_multiplier_entry": 49.92586219402565}}