{"config_name": "clock_0days",
 "long": {"backwards_tp": true,
          "delay_between_fills_minutes_close": 935.4650495537057,
          "delay_between_fills_minutes_entry": 1044.9015500699334,
          "delay_weight_close": 28.77359426167653,
          "delay_weight_entry": 9.731727436187436,
          "ema_dist_close": -0.0022808549874931507,
          "ema_dist_entry": -0.020072213872971752,
          "ema_span_0": 1284.9685831397985,
          "ema_span_1": 847.693716803438,
          "enabled": true,
          "markup_range": 0.030433246193475188,
          "min_markup": 0.008415303899355601,
          "n_close_orders": 9,
          "qty_pct_close": 0.025161508855587576,
          "qty_pct_entry": 0.010053738587176793,
          "wallet_exposure_limit": 1,
          "we_multiplier_close": 0,
          "we_multiplier_entry": 64.75430636669111},
 "short": {"backwards_tp": true,
           "delay_between_fills_minutes_close": 1307.0493532449655,
           "delay_between_fills_minutes_entry": 653.6962147733739,
           "delay_weight_close": 0.023248727666113772,
           "delay_weight_entry": 13.78247738439363,
           "ema_dist_close": -0.007550934499592152,
           "ema_dist_entry": -0.0030474650719124197,
           "ema_span_0": 373.0967115865805,
           "ema_span_1": 1363.1493664535062,
           "enabled": true,
           "markup_range": 0.008027891427910359,
           "min_markup": 0.00766460349355047,
           "n_close_orders": 5,
           "qty_pct_close": 0.022468463968841505,
           "qty_pct_entry": 0.010083926492266044,
           "wallet_exposure_limit": 1,
           "we_multiplier_close": 0,
           "we_multiplier_entry": 168.48834419350277}}