{"config_name": "clock_0days",
 "long": {"backwards_tp": true,
          "delay_between_fills_minutes_close": 1340.8126572297608,
          "delay_between_fills_minutes_entry": 1006.7968133821153,
          "delay_weight_close": 0,
          "delay_weight_entry": 9.28579005602805,
          "ema_dist_close": 0.0027474606799572695,
          "ema_dist_entry": 0.0016098610896210415,
          "ema_span_0": 1308.0445114706397,
          "ema_span_1": 1215.011800301495,
          "enabled": true,
          "markup_range": 0.0039418772957627145,
          "min_markup": 0.007867841296972352,
          "n_close_orders": 5,
          "qty_pct_close": 0.0146216579410973,
          "qty_pct_entry": 0.011730406061931643,
          "wallet_exposure_limit": 1.0,
          "we_multiplier_close": 0.0,
          "we_multiplier_entry": 121.38214218978109},
 "short": {"backwards_tp": true,
           "delay_between_fills_minutes_close": 493.0882024708973,
           "delay_between_fills_minutes_entry": 1059.4299629719287,
           "delay_weight_close": 0,
           "delay_weight_entry": 25.956476103789,
           "ema_dist_close": 0.0012192264823343464,
           "ema_dist_entry": 0.0019449195206838322,
           "ema_span_0": 1360.7383043567436,
           "ema_span_1": 1184.0010269942281,
           "enabled": true,
           "markup_range": 0.018565398416547904,
           "min_markup": 0.009650809609401559,
           "n_close_orders": 5,
           "qty_pct_close": 0.0342176184454077,
           "qty_pct_entry": 0.01135311389699037,
           "wallet_exposure_limit": 1.0,
           "we_multiplier_close": 0.0,
           "we_multiplier_entry": 15.409318588958868}}