{"config_name": "clock_0days",
 "long": {"backwards_tp": true,
          "delay_between_fills_minutes_close": 1216.293189472936,
          "delay_between_fills_minutes_entry": 1347.7743796724933,
          "delay_weight_close": 0.00023583759652699807,
          "delay_weight_entry": 17.999029771641304,
          "ema_dist_close": 0.0029947789742224063,
          "ema_dist_entry": 0.0027636439289525326,
          "ema_span_0": 37.05724041815824,
          "ema_span_1": 1274.3860296383289,
          "enabled": true,
          "markup_range": 0.014416365227332759,
          "min_markup": 0.00812336066341207,
          "n_close_orders": 7,
          "qty_pct_close": 0.01847720786444266,
          "qty_pct_entry": 0.019154310396627947,
          "wallet_exposure_limit": 1.0,
          "we_multiplier_close": 0.0,
          "we_multiplier_entry": 27.334351058710702},
 "short": {"backwards_tp": true,
           "delay_between_fills_minutes_close": 364.920841404538,
           "delay_between_fills_minutes_entry": 867.268027570436,
           "delay_weight_close": 0.006319423054483946,
           "delay_weight_entry": 19.248869704148294,
           "ema_dist_close": 0.00060297338650266,
           "ema_dist_entry": 0.002562912972977841,
           "ema_span_0": 584.1060237866261,
           "ema_span_1": 1216.2729786031243,
           "enabled": true,
           "markup_range": 0.03969862797425916,
           "min_markup": 0.007505660151913305,
           "n_close_orders": 13,
           "qty_pct_close": 0.021563418065077253,
           "qty_pct_entry": 0.010007545596630987,
           "wallet_exposure_limit": 1.0,
           "we_multiplier_close": 0.0,
           "we_multiplier_entry": 42.82556711613692}}