{"config_name": "clock_0days",
 "long": {"backwards_tp": true,
          "delay_between_fills_minutes_close": 1245.2243616941464,
          "delay_between_fills_minutes_entry": 1353.7478906402812,
          "delay_weight_close": 0.002741668539132092,
          "delay_weight_entry": 15.657880253050198,
          "ema_dist_close": 0.00028760086596156103,
          "ema_dist_entry": 0.001963169664530584,
          "ema_span_0": 725.9923405979581,
          "ema_span_1": 1398.0118364037971,
          "enabled": true,
          "markup_range": 0.00798735713883363,
          "min_markup": 0.00947399780195928,
          "n_close_orders": 8,
          "qty_pct_close": 0.010862176815656509,
          "qty_pct_entry": 0.012550552583583096,
          "wallet_exposure_limit": 1,
          "we_multiplier_close": 0,
          "we_multiplier_entry": 167.7579385314806},
 "short": {"backwards_tp": true,
           "delay_between_fills_minutes_close": 1261.7325489818395,
           "delay_between_fills_minutes_entry": 460.53399262217494,
           "delay_weight_close": 163.45978590080776,
           "delay_weight_entry": 10.837675973956806,
           "ema_dist_close": -0.002773059743210497,
           "ema_dist_entry": -0.0016909446986334692,
           "ema_span_0": 1230.0077018613495,
           "ema_span_1": 647.6027871792635,
           "enabled": true,
           "markup_range": 0.0034381829920497086,
           "min_markup": 0.005663498622694074,
           "n_close_orders": 13,
           "qty_pct_close": 0.04149159680744746,
           "qty_pct_entry": 0.013508745386454602,
           "wallet_exposure_limit": 1,
           "we_multiplier_close": 0,
           "we_multiplier_entry": 187.2496070656319}}