{"config_name": "clock_0days",
 "long": {"backwards_tp": true,
          "delay_between_fills_minutes_close": 1344.6871440978312,
          "delay_between_fills_minutes_entry": 1197.5389643446051,
          "delay_weight_close": 0.10521186038077981,
          "delay_weight_entry": 12.874099157921805,
          "ema_dist_close": 0.00218855318387716,
          "ema_dist_entry": 0.002982359516504101,
          "ema_span_0": 1093.36418115994,
          "ema_span_1": 1069.0465185585074,
          "enabled": true,
          "markup_range": 0.005555619774312047,
          "min_markup": 0.009002258550157105,
          "n_close_orders": 14,
          "qty_pct_close": 0.010152366682328091,
          "qty_pct_entry": 0.013901325449037633,
          "wallet_exposure_limit": 1.0,
          "we_multiplier_close": 0.0,
          "we_multiplier_entry": 59.84145720342575},
 "short": {"backwards_tp": true,
           "delay_between_fills_minutes_close": 1272.9461220066812,
           "delay_between_fills_minutes_entry": 1326.810685122267,
           "delay_weight_close": 77.64966936190693,
           "delay_weight_entry": 16.88857759981718,
           "ema_dist_close": 0.002712541116876274,
           "ema_dist_entry": -0.0027875249575627214,
           "ema_span_0": 1067.2106006663175,
           "ema_span_1": 1387.1556970799681,
           "enabled": true,
           "markup_range": 0.0053298596883902625,
           "min_markup": 0.00581062593965195,
           "n_close_orders": 10,
           "qty_pct_close": 0.012932674763641685,
           "qty_pct_entry": 0.012597061934632304,
           "wallet_exposure_limit": 1.0,
           "we_multiplier_close": 0.0,
           "we_multiplier_entry": 189.92549340998377}}