{"config_name": "clock_0days",
 "long": {"backwards_tp": true,
          "delay_between_fills_minutes_close": 812.203600015743,
          "delay_between_fills_minutes_entry": 976.7090864965996,
          "delay_weight_close": 0,
          "delay_weight_entry": 9.233809893091616,
          "ema_dist_close": -0.00484731918446713,
          "ema_dist_entry": 0.0029969171388366735,
          "ema_span_0": 1304.2531635691846,
          "ema_span_1": 1167.2070497882537,
          "enabled": true,
          "markup_range": 0.03024607422075085,
          "min_markup": 0.009287205103723856,
          "n_close_orders": 8,
          "qty_pct_close": 0.010005111620772758,
          "qty_pct_entry": 0.010319498525790841,
          "wallet_exposure_limit": 1.0,
          "we_multiplier_close": 0.0,
          "we_multiplier_entry": 51.18963115123407},
 "short": {"backwards_tp": true,
           "delay_between_fills_minutes_close": 896.6520846198275,
           "delay_between_fills_minutes_entry": 1139.5631316088911,
           "delay_weight_close": 0,
           "delay_weight_entry": 9.482649230003622,
           "ema_dist_close": -0.0210023978934245,
           "ema_dist_entry": -0.0021715977441886664,
           "ema_span_0": 1112.5460052532646,
           "ema_span_1": 794.9542069514873,
           "enabled": true,
           "markup_range": 0.03272297188509414,
           "min_markup": 0.006672068195214985,
           "n_close_orders": 14,
           "qty_pct_close": 0.010886259935365643,
           "qty_pct_entry": 0.012094579278172762,
           "wallet_exposure_limit": 1.0,
           "we_multiplier_close": 0.0,
           "we_multiplier_entry": 127.84644079006416}}