{"config_name": "clock_0days",
 "long": {"backwards_tp": true,
          "delay_between_fills_minutes_close": 1359.129372244894,
          "delay_between_fills_minutes_entry": 974.8106293991902,
          "delay_weight_close": 0,
          "delay_weight_entry": 16.813658603528452,
          "ema_dist_close": -0.0004316436190247878,
          "ema_dist_entry": 0.002542465728543579,
          "ema_span_0": 569.2351513001131,
          "ema_span_1": 1306.0151076641177,
          "enabled": true,
          "markup_range": 0.00602379650000648,
          "min_markup": 0.005797177327846649,
          "n_close_orders": 8,
          "qty_pct_close": 0.014894924229803364,
          "qty_pct_entry": 0.01338978544273347,
          "wallet_exposure_limit": 1,
          "we_multiplier_close": 0,
          "we_multiplier_entry": 184.15161401677597},
 "short": {"backwards_tp": true,
           "delay_between_fills_minutes_close": 1417.513995702472,
           "delay_between_fills_minutes_entry": 945.4571042008138,
           "delay_weight_close": 0,
           "delay_weight_entry": 6.142318089487908,
           "ema_dist_close": -0.0007021181143498225,
           "ema_dist_entry": 0.0014849790109989608,
           "ema_span_0": 1329.0363005669474,
           "ema_span_1": 1395.6755593691046,
           "enabled": true,
           "markup_range": 0.02079065287072982,
           "min_markup": 0.0052840147414381245,
           "n_close_orders": 12,
           "qty_pct_close": 0.011703815785791886,
           "qty_pct_entry": 0.01324262971588126,
           "wallet_exposure_limit": 1,
           "we_multiplier_close": 0,
           "we_multiplier_entry": 63.09798967924271}}