{"config_name": "clock_0days",
 "long": {"backwards_tp": true,
          "delay_between_fills_minutes_close": 706.6771008573129,
          "delay_between_fills_minutes_entry": 847.9016023105903,
          "delay_weight_close": 0,
          "delay_weight_entry": 45.59750251248675,
          "ema_dist_close": 0.002975630956339574,
          "ema_dist_entry": 0.002845296756329523,
          "ema_span_0": 240.6332184786125,
          "ema_span_1": 359.3466622167181,
          "enabled": true,
          "markup_range": 0.0003932437063958685,
          "min_markup": 0.004424283293206509,
          "n_close_orders": 10,
          "qty_pct_close": 0.011136267143415866,
          "qty_pct_entry": 0.011087866066997283,
          "wallet_exposure_limit": 1,
          "we_multiplier_close": 0,
          "we_multiplier_entry": 24.25224198153725},
 "short": {"backwards_tp": true,
           "delay_between_fills_minutes_close": 1135.870104741147,
           "delay_between_fills_minutes_entry": 862.9847698841688,
           "delay_weight_close": 1.3839736798996783e-06,
           "delay_weight_entry": 10.148980966674301,
           "ema_dist_close": 0.0004464458146914663,
           "ema_dist_entry": 0.0011418445064574705,
           "ema_span_0": 102.87021641660195,
           "ema_span_1": 1212.5599191071678,
           "enabled": true,
           "markup_range": 0.006912195920642378,
           "min_markup": 0.0019754125895365946,
           "n_close_orders": 6,
           "qty_pct_close": 0.011961243255459594,
           "qty_pct_entry": 0.011791988173940018,
           "wallet_exposure_limit": 1,
           "we_multiplier_close": 0,
           "we_multiplier_entry": 196.7580564361987}}