{"config_name": "clock_0days",
 "long": {"backwards_tp": true,
          "delay_between_fills_minutes_close": 1334.2483781247201,
          "delay_between_fills_minutes_entry": 950.4859608493302,
          "delay_weight_close": 0,
          "delay_weight_entry": 23.241893977233925,
          "ema_dist_close": -0.015228931455301185,
          "ema_dist_entry": 0.003,
          "ema_span_0": 1170.9389765222134,
          "ema_span_1": 863.0770819451476,
          "enabled": true,
          "markup_range": 0.002815945189755126,
          "min_markup": 0.003424849543459075,
          "n_close_orders": 6,
          "qty_pct_close": 0.021122964374330318,
          "qty_pct_entry": 0.014261677799772913,
          "wallet_exposure_limit": 1.0,
          "we_multiplier_close": 0.0,
          "we_multiplier_entry": 176.99968352847503},
 "short": {"backwards_tp": true,
           "delay_between_fills_minutes_close": 1336.3397642617022,
           "delay_between_fills_minutes_entry": 1305.5836869195384,
           "delay_weight_close": 0.07427134153284112,
           "delay_weight_entry": 10.801272122906658,
           "ema_dist_close": 0.0019439059980628601,
           "ema_dist_entry": 0.002565827922243448,
           "ema_span_0": 655.7211705485244,
           "ema_span_1": 305.2509126148699,
           "enabled": true,
           "markup_range": 0.009758739413628205,
           "min_markup": 0.007896612795817487,
           "n_close_orders": 6,
           "qty_pct_close": 0.011310921924544139,
           "qty_pct_entry": 0.01637003366141243,
           "wallet_exposure_limit": 1.0,
           "we_multiplier_close": 0.0,
           "we_multiplier_entry": 160.10188792262073}}