{"config_name": "clock_0days",
 "long": {"backwards_tp": true,
          "delay_between_fills_minutes_close": 1236.3305025287063,
          "delay_between_fills_minutes_entry": 1194.238812665281,
          "delay_weight_close": 9.084497341041097,
          "delay_weight_entry": 18.173718313480045,
          "ema_dist_close": -0.015248240580988585,
          "ema_dist_entry": 4.982157095675764e-05,
          "ema_span_0": 1156.5927265844878,
          "ema_span_1": 1269.6214741228698,
          "enabled": true,
          "markup_range": 0.004902224813522783,
          "min_markup": 0.0067127928648664705,
          "n_close_orders": 14,
          "qty_pct_close": 0.01201149606210405,
          "qty_pct_entry": 0.014929613224416846,
          "wallet_exposure_limit": 1.0,
          "we_multiplier_close": 0.0,
          "we_multiplier_entry": 145.77076493759398},
 "short": {"backwards_tp": true,
           "delay_between_fills_minutes_close": 564.5976657858171,
           "delay_between_fills_minutes_entry": 496.29696864196643,
           "delay_weight_close": 0.029911010254490004,
           "delay_weight_entry": 14.236508345790556,
           "ema_dist_close": 0.0029912276270185802,
           "ema_dist_entry": 0.0003574533462572875,
           "ema_span_0": 1214.747048418489,
           "ema_span_1": 1338.9258941804396,
           "enabled": true,
           "markup_range": 0.00646036387508797,
           "min_markup": 0.006298283393372829,
           "n_close_orders": 7,
           "qty_pct_close": 0.01003137102937008,
           "qty_pct_entry": 0.013541987001420026,
           "wallet_exposure_limit": 1.0,
           "we_multiplier_close": 0.0,
           "we_multiplier_entry": 75.39017578052052}}