{"config_name": "clock_0days",
 "long": {"backwards_tp": true,
          "delay_between_fills_minutes_close": 1034.1348835907368,
          "delay_between_fills_minutes_entry": 1079.4527863208896,
          "delay_weight_close": 0.47147356564693793,
          "delay_weight_entry": 20.409507496957854,
          "ema_dist_close": 0.002972243133793434,
          "ema_dist_entry": -0.0029824533898783357,
          "ema_span_0": 1416.5318345759351,
          "ema_span_1": 399.28767292478693,
          "enabled": true,
          "markup_range": 0.005390079511125918,
          "min_markup": 0.004712264200512834,
          "n_close_orders": 4,
          "qty_pct_close": 0.010699947826356646,
          "qty_pct_entry": 0.01,
          "wallet_exposure_limit": 1,
          "we_multiplier_close": 0,
          "we_multiplier_entry": 34.86284850955002},
 "short": {"backwards_tp": true,
           "delay_between_fills_minutes_close": 1241.2412629175565,
           "delay_between_fills_minutes_entry": 342.0070463844671,
           "delay_weight_close": 0,
           "delay_weight_entry": 34.88400726771035,
           "ema_dist_close": 0.0029259867311128406,
           "ema_dist_entry": -0.01595793474387424,
           "ema_span_0": 1088.03725309524,
           "ema_span_1": 1122.6156566229279,
           "enabled": true,
           "markup_range": 0.003117340816232052,
           "min_markup": 0.0017965268157464692,
           "n_close_orders": 4,
           "qty_pct_close": 0.012563136816831416,
           "qty_pct_entry": 0.010000604166496731,
           "wallet_exposure_limit": 1,
           "we_multiplier_close": 0,
           "we_multiplier_entry": 30.57507511048557}}