{"config_name": "clock_0days",
 "long": {"backwards_tp": true,
          "delay_between_fills_minutes_close": 790.6307730198016,
          "delay_between_fills_minutes_entry": 684.8104696944644,
          "delay_weight_close": 0.01585528780754106,
          "delay_weight_entry": 13.701136649112682,
          "ema_dist_close": 0.003,
          "ema_dist_entry": 0.0002625491996362278,
          "ema_span_0": 846.0373766784126,
          "ema_span_1": 1300.6830591538956,
          "enabled": true,
          "markup_range": 0.013287925530947686,
          "min_markup": 0.007715861606006207,
          "n_close_orders": 10,
          "qty_pct_close": 0.024505441118953204,
          "qty_pct_entry": 0.010763982725768284,
          "wallet_exposure_limit": 1.0,
          "we_multiplier_close": 0.0,
          "we_multiplier_entry": 35.149722492917725},
 "short": {"backwards_tp": true,
           "delay_between_fills_minutes_close": 1439.9577183618833,
           "delay_between_fills_minutes_entry": 1279.61721094728,
           "delay_weight_close": 180.8258917231453,
           "delay_weight_entry": 11.735969867703181,
           "ema_dist_close": -0.046584572084800394,
           "ema_dist_entry": -0.0020314321818355775,
           "ema_span_0": 535.9936641795015,
           "ema_span_1": 466.5430786396263,
           "enabled": true,
           "markup_range": 0.03761957823133669,
           "min_markup": 0.009611804612596071,
           "n_close_orders": 7,
           "qty_pct_close": 0.02337011883805094,
           "qty_pct_entry": 0.015249747284906414,
           "wallet_exposure_limit": 1.0,
           "we_multiplier_close": 0.0,
           "we_multiplier_entry": 172.3762612518545}}