{"config_name": "clock_0days",
 "long": {"backwards_tp": true,
          "delay_between_fills_minutes_close": 929.3402080710059,
          "delay_between_fills_minutes_entry": 1159.1060085959618,
          "delay_weight_close": 116.68755936535761,
          "delay_weight_entry": 15.58860329318106,
          "ema_dist_close": -0.03803390966748648,
          "ema_dist_entry": 0.003,
          "ema_span_0": 1354.411544945038,
          "ema_span_1": 1428.3314694742273,
          "enabled": true,
          "markup_range": 0.03993868613452111,
          "min_markup": 0.009068063660145339,
          "n_close_orders": 10,
          "qty_pct_close": 0.03136914625364117,
          "qty_pct_entry": 0.010003314893639913,
          "wallet_exposure_limit": 1.0,
          "we_multiplier_close": 0.0,
          "we_multiplier_entry": 127.26111487300938},
 "short": {"backwards_tp": true,
           "delay_between_fills_minutes_close": 1289.2833704032491,
           "delay_between_fills_minutes_entry": 447.46371560345466,
           "delay_weight_close": 132.01910082508786,
           "delay_weight_entry": 4.8300011518540815,
           "ema_dist_close": -0.00855833150461433,
           "ema_dist_entry": -0.0001518486012103928,
           "ema_span_0": 1082.3186921135714,
           "ema_span_1": 498.43359272995866,
           "enabled": true,
           "markup_range": 0.018680617670800464,
           "min_markup": 0.008601695971520138,
           "n_close_orders": 12,
           "qty_pct_close": 0.01765834968363305,
           "qty_pct_entry": 0.01259127285039392,
           "wallet_exposure_limit": 1.0,
           "we_multiplier_close": 0.0,
           "we_multiplier_entry": 109.19766740794256}}