{"config_name": "clock_0days",
 "long": {"backwards_tp": true,
          "delay_between_fills_minutes_close": 907.003567566127,
          "delay_between_fills_minutes_entry": 434.071367533533,
          "delay_weight_close": 0.0672414065790218,
          "delay_weight_entry": 7.628513500794818,
          "ema_dist_close": -0.003307678128479393,
          "ema_dist_entry": 0.0014991465945699302,
          "ema_span_0": 1233.438420906219,
          "ema_span_1": 1128.21121143793,
          "enabled": true,
          "markup_range": 0.00814086025089036,
          "min_markup": 0.007934619133783138,
          "n_close_orders": 13,
          "qty_pct_close": 0.011062683758326244,
          "qty_pct_entry": 0.012089946587222887,
          "wallet_exposure_limit": 1,
          "we_multiplier_close": 0,
          "we_multiplier_entry": 23.309395791756284},
 "short": {"backwards_tp": true,
           "delay_between_fills_minutes_close": 868.5427224427625,
           "delay_between_fills_minutes_entry": 921.0045625630886,
           "delay_weight_close": 0.00023723970517237588,
           "delay_weight_entry": 10.329340856089193,
           "ema_dist_close": -0.002418418213044116,
           "ema_dist_entry": -0.007263379367254885,
           "ema_span_0": 985.1480724010647,
           "ema_span_1": 804.780841131571,
           "enabled": true,
           "markup_range": 0.01738556191092993,
           "min_markup": 0.0074727725574751745,
           "n_close_orders": 12,
           "qty_pct_close": 0.010608698533944355,
           "qty_pct_entry": 0.012767757414723933,
           "wallet_exposure_limit": 1,
           "we_multiplier_close": 0,
           "we_multiplier_entry": 51.5056446606573}}