{"config_name": "clock_0days",
 "long": {"backwards_tp": true,
          "delay_between_fills_minutes_close": 911.6857591843944,
          "delay_between_fills_minutes_entry": 1391.480757402765,
          "delay_weight_close": 0.0042500945996986565,
          "delay_weight_entry": 13.164009362660101,
          "ema_dist_close": -0.0027084781006925024,
          "ema_dist_entry": -0.004584515111976433,
          "ema_span_0": 1011.3575586960561,
          "ema_span_1": 1294.8089419165444,
          "enabled": true,
          "markup_range": 0.03460674651733031,
          "min_markup": 0.009796087782061695,
          "n_close_orders": 10,
          "qty_pct_close": 0.010939881991580861,
          "qty_pct_entry": 0.010001909783708228,
          "wallet_exposure_limit": 1,
          "we_multiplier_close": 0,
          "we_multiplier_entry": 11.817341769284866},
 "short": {"backwards_tp": true,
           "delay_between_fills_minutes_close": 1297.832304286216,
           "delay_between_fills_minutes_entry": 381.92095922290133,
           "delay_weight_close": 0.6115263846566331,
           "delay_weight_entry": 8.944822785926858,
           "ema_dist_close": -0.03106940088835781,
           "ema_dist_entry": -0.002249586305369362,
           "ema_span_0": 1428.986805549445,
           "ema_span_1": 1371.5292153165417,
           "enabled": true,
           "markup_range": 0.003950427706376223,
           "min_markup": 0.007548919466425132,
           "n_close_orders": 14,
           "qty_pct_close": 0.010690683083883741,
           "qty_pct_entry": 0.010028465020945149,
           "wallet_exposure_limit": 1,
           "we_multiplier_close": 0,
           "we_multiplier_entry": 149.61469935242388}}