{"config_name": "clock_0days",
 "long": {"backwards_tp": true,
          "delay_between_fills_minutes_close": 1283.9332144577018,
          "delay_between_fills_minutes_entry": 659.6851071372354,
          "delay_weight_close": 171.76452149803777,
          "delay_weight_entry": 8.199497701981176,
          "ema_dist_close": 0.0009829547405098458,
          "ema_dist_entry": -0.0007355092993620061,
          "ema_span_0": 356.95040106956816,
          "ema_span_1": 1431.1102414356283,
          "enabled": true,
          "markup_range": 0.0371390589128066,
          "min_markup": 0.006529036183383662,
          "n_close_orders": 16,
          "qty_pct_close": 0.020382664113032894,
          "qty_pct_entry": 0.018795978694701607,
          "wallet_exposure_limit": 1.0,
          "we_multiplier_close": 0.0,
          "we_multiplier_entry": 39.22054086364276},
 "short": {"backwards_tp": true,
           "delay_between_fills_minutes_close": 1290.9972599932817,
           "delay_between_fills_minutes_entry": 1317.9885033458968,
           "delay_weight_close": 0.0015739979845294802,
           "delay_weight_entry": 13.450795555691027,
           "ema_dist_close": 0.00039299615920992286,
           "ema_dist_entry": 0.0007836660478077884,
           "ema_span_0": 1298.3852482534726,
           "ema_span_1": 1127.3936315884162,
           "enabled": true,
           "markup_range": 0.009361284582217156,
           "min_markup": 0.00627315564469082,
           "n_close_orders": 8,
           "qty_pct_close": 0.01223575822840953,
           "qty_pct_entry": 0.013933219025948426,
           "wallet_exposure_limit": 1.0,
           "we_multiplier_close": 0.0,
           "we_multiplier_entry": 86.63536827463612}}