{"config_name": "clock_0days",
 "long": {"backwards_tp": true,
          "delay_between_fills_minutes_close": 1187.302890929523,
          "delay_between_fills_minutes_entry": 772.9931063802771,
          "delay_weight_close": 0.006477595956942376,
          "delay_weight_entry": 23.984822486636755,
          "ema_dist_close": -0.0013817045460702646,
          "ema_dist_entry": 0.0015347622665142923,
          "ema_span_0": 824.0521304237207,
          "ema_span_1": 1176.6459877704633,
          "enabled": true,
          "markup_range": 0.002657323439031866,
          "min_markup": 0.00617460444239117,
          "n_close_orders": 8,
          "qty_pct_close": 0.04324901657623398,
          "qty_pct_entry": 0.012021197940606281,
          "wallet_exposure_limit": 1.0,
          "we_multiplier_close": 0.0,
          "we_multiplier_entry": 162.10627252088307},
 "short": {"backwards_tp": true,
           "delay_between_fills_minutes_close": 1261.7325489818395,
           "delay_between_fills_minutes_entry": 460.53399262217494,
           "delay_weight_close": 163.45978590080776,
           "delay_weight_entry": 10.837675973956806,
           "ema_dist_close": -0.002773059743210497,
           "ema_dist_entry": -0.0016909446986334692,
           "ema_span_0": 1230.0077018613495,
           "ema_span_1": 647.6027871792635,
           "enabled": true,
           "markup_range": 0.0034381829920497086,
           "min_markup": 0.005663498622694074,
           "n_close_orders": 13,
           "qty_pct_close": 0.04149159680744746,
           "qty_pct_entry": 0.013508745386454602,
           "wallet_exposure_limit": 1.0,
           "we_multiplier_close": 0.0,
           "we_multiplier_entry": 187.2496070656319}}