{"config_name": "clock_0days",
 "long": {"backwards_tp": true,
          "delay_between_fills_minutes_close": 1331.4976059858802,
          "delay_between_fills_minutes_entry": 1324.459540485412,
          "delay_weight_close": 0.1175985399420737,
          "delay_weight_entry": 19.948086966994065,
          "ema_dist_close": -0.002775069727218545,
          "ema_dist_entry": 0.0028968256641970784,
          "ema_span_0": 594.7462830824077,
          "ema_span_1": 1116.5046799379097,
          "enabled": true,
          "markup_range": 0.012378404704884832,
          "min_markup": 0.008011800808636824,
          "n_close_orders": 15,
          "qty_pct_close": 0.010706461284211703,
          "qty_pct_entry": 0.013212442292038438,
          "wallet_exposure_limit": 1,
          "we_multiplier_close": 0,
          "we_multiplier_entry": 20.45133811641704},
 "short": {"backwards_tp": true,
           "delay_between_fills_minutes_close": 1418.9192465477302,
           "delay_between_fills_minutes_entry": 1016.015194801682,
           "delay_weight_close": 0.035838622615535866,
           "delay_weight_entry": 21.93370325849973,
           "ema_dist_close": -0.0059927587085175,
           "ema_dist_entry": 0.0014974276935616352,
           "ema_span_0": 1386.3380027324586,
           "ema_span_1": 1265.0578334242791,
           "enabled": true,
           "markup_range": 0.0030246309258677873,
           "min_markup": 0.009450351902532236,
           "n_close_orders": 4,
           "qty_pct_close": 0.01084735583038567,
           "qty_pct_entry": 0.012462072948255128,
           "wallet_exposure_limit": 1,
           "we_multiplier_close": 0,
           "we_multiplier_entry": 138.10596610492416}}