{"config_name": "clock_0days",
 "long": {"backwards_tp": true,
          "delay_between_fills_minutes_close": 1344.6184729956071,
          "delay_between_fills_minutes_entry": 1426.2285096780852,
          "delay_weight_close": 0.0026513961365776948,
          "delay_weight_entry": 16.99255033693116,
          "ema_dist_close": -0.0013407720290410682,
          "ema_dist_entry": -0.0030183501576819508,
          "ema_span_0": 545.5875750314051,
          "ema_span_1": 343.6833147223136,
          "enabled": true,
          "markup_range": 0.008496678123689119,
          "min_markup": 0.0037844287020336732,
          "n_close_orders": 9,
          "qty_pct_close": 0.011946620317074653,
          "qty_pct_entry": 0.01482605975032865,
          "wallet_exposure_limit": 1.0,
          "we_multiplier_close": 0.0,
          "we_multiplier_entry": 158.97199334904312},
 "short": {"backwards_tp": true,
           "delay_between_fills_minutes_close": 1417.513995702472,
           "delay_between_fills_minutes_entry": 945.4571042008138,
           "delay_weight_close": 0,
           "delay_weight_entry": 6.142318089487908,
           "ema_dist_close": -0.0007021181143498225,
           "ema_dist_entry": 0.0014849790109989608,
           "ema_span_0": 1329.0363005669474,
           "ema_span_1": 1395.6755593691046,
           "enabled": true,
           "markup_range": 0.02079065287072982,
           "min_markup": 0.0052840147414381245,
           "n_close_orders": 12,
           "qty_pct_close": 0.011703815785791886,
           "qty_pct_entry": 0.01324262971588126,
           "wallet_exposure_limit": 1.0,
           "we_multiplier_close": 0.0,
           "we_multiplier_entry": 63.09798967924271}}