{"config_name": "clock_0days",
 "long": {"backwards_tp": true,
          "delay_between_fills_minutes_close": 1250.2346844631097,
          "delay_between_fills_minutes_entry": 1177.8156136742637,
          "delay_weight_close": 112.52421226689735,
          "delay_weight_entry": 8.291761128829512,
          "ema_dist_close": 0.0029843322199668114,
          "ema_dist_entry": -0.00339188708807362,
          "ema_span_0": 1059.7591420554804,
          "ema_span_1": 341.5393852843615,
          "enabled": true,
          "markup_range": 0.03969919666283924,
          "min_markup": 0.0052685002708869055,
          "n_close_orders": 3,
          "qty_pct_close": 0.010071788281746156,
          "qty_pct_entry": 0.015938826328912015,
          "wallet_exposure_limit": 1.0,
          "we_multiplier_close": 0.0,
          "we_multiplier_entry": 40.32478318332116},
 "short": {"backwards_tp": true,
           "delay_between_fills_minutes_close": 1223.3810972744152,
           "delay_between_fills_minutes_entry": 1326.649762689964,
           "delay_weight_close": 0.001267657986604742,
           "delay_weight_entry": 11.509790079426157,
           "ema_dist_close": 0.002327995071132196,
           "ema_dist_entry": 0.0006341413219508128,
           "ema_span_0": 1367.5995369777006,
           "ema_span_1": 258.76769743691204,
           "enabled": true,
           "markup_range": 0.029834676866465418,
           "min_markup": 0.008564145819019393,
           "n_close_orders": 12,
           "qty_pct_close": 0.01393167432065859,
           "qty_pct_entry": 0.010625321167644659,
           "wallet_exposure_limit": 1.0,
           "we_multiplier_close": 0.0,
           "we_multiplier_entry": 17.43972291641844}}