{"config_name": "clock_0days",
 "long": {"backwards_tp": true,
          "delay_between_fills_minutes_close": 1291.8317921625335,
          "delay_between_fills_minutes_entry": 1033.4661251164084,
          "delay_weight_close": 0.0024089555848660015,
          "delay_weight_entry": 22.25498664636116,
          "ema_dist_close": 0.0007053141155797782,
          "ema_dist_entry": -0.004868761428518955,
          "ema_span_0": 1230.1861980540361,
          "ema_span_1": 1241.2735582315809,
          "enabled": true,
          "markup_range": 0.010018375603322317,
          "min_markup": 0.008856602642527116,
          "n_close_orders": 8,
          "qty_pct_close": 0.01025567905211315,
          "qty_pct_entry": 0.01211744560284769,
          "wallet_exposure_limit": 1.0,
          "we_multiplier_close": 0.0,
          "we_multiplier_entry": 26.64216646449014},
 "short": {"backwards_tp": true,
           "delay_between_fills_minutes_close": 1405.973500952099,
           "delay_between_fills_minutes_entry": 549.8662658228353,
           "delay_weight_close": 0.022794188712153166,
           "delay_weight_entry": 12.24271361707004,
           "ema_dist_close": 0.0028689285741543584,
           "ema_dist_entry": 0.002143126313271855,
           "ema_span_0": 1148.78126769004,
           "ema_span_1": 1325.403301640875,
           "enabled": true,
           "markup_range": 0.002903438305541949,
           "min_markup": 0.0027676286231475794,
           "n_close_orders": 10,
           "qty_pct_close": 0.010532158940820449,
           "qty_pct_entry": 0.0161636939875485,
           "wallet_exposure_limit": 1.0,
           "we_multiplier_close": 0.0,
           "we_multiplier_entry": 166.444493251084}}