{"config_name": "clock_0days",
 "long": {"backwards_tp": true,
          "delay_between_fills_minutes_close": 414.00117654793337,
          "delay_between_fills_minutes_entry": 1051.0273395434538,
          "delay_weight_close": 0.031024369854750766,
          "delay_weight_entry": 14.01558464356016,
          "ema_dist_close": -0.004793576850809477,
          "ema_dist_entry": -0.002559882505300063,
          "ema_span_0": 1322.2452793812536,
          "ema_span_1": 843.8269320172877,
          "enabled": true,
          "markup_range": 0.018075805394446184,
          "min_markup": 0.008408275448725733,
          "n_close_orders": 5,
          "qty_pct_close": 0.01685577387133363,
          "qty_pct_entry": 0.01848626737316195,
          "wallet_exposure_limit": 1.0,
          "we_multiplier_close": 0.0,
          "we_multiplier_entry": 30.803597546430083},
 "short": {"backwards_tp": true,
           "delay_between_fills_minutes_close": 1296.3606329718166,
           "delay_between_fills_minutes_entry": 987.4079547372826,
           "delay_weight_close": 46.4012118007486,
           "delay_weight_entry": 12.961529114135777,
           "ema_dist_close": 0.0026320935446392506,
           "ema_dist_entry": 0.0029944026228571393,
           "ema_span_0": 1368.105073996909,
           "ema_span_1": 1047.675003279237,
           "enabled": true,
           "markup_range": 0.025074352681792814,
           "min_markup": 0.005218829085269125,
           "n_close_orders": 8,
           "qty_pct_close": 0.012406895835532419,
           "qty_pct_entry": 0.010099299153020545,
           "wallet_exposure_limit": 1.0,
           "we_multiplier_close": 0.0,
           "we_multiplier_entry": 98.93149155292086}}