{"config_name": "181days_adg0.3%_bkr59%",
 "logging_level": 0,
 "long": {"enabled": true,
          "iprc_MAr_coeffs": [[-0.11134036838501193, 0.30005467127117935],
                              [0.20855287595257166, -0.17012957225825007],
                              [0.26403800321930376, -0.2277243221184989]],
          "iprc_const": 0.991469980015729,
          "iqty_MAr_coeffs": [[0.2774308856213801, 0.26524072945306265],
                              [0.22974664934179354, 0.334239864967777],
                              [-0.1670781790300511, -0.018115075717471014]],
          "iqty_const": 0.21141397523959607,
          "markup_MAr_coeffs": [[-0.09287940814234709, -0.2639042962940925],
                                [-0.3012773545586586, 0.2365842814766181],
                                [0.2991919378259051, 0.19175282165924812]],
          "markup_const": 1.0264173362312206,
          "pbr_limit": 0.9024849094147217,
          "pbr_stop_loss": 0.3809700849079533,
          "rprc_MAr_coeffs": [[-0.09003665929920014, -0.39925300516962536],
                              [0.21364190072658887, 0.020244717639791795],
                              [-0.397792181121054, -0.3301576789713583]],
          "rprc_PBr_coeffs": [[-0.07345333288533601, -0.2649072641053918]],
          "rprc_const": 0.9882144749563252,
          "rqty_MAr_coeffs": [[0.22714084526732506, 0.3257550862019244],
                              [0.2546836602831393, 0.31221788797580713],
                              [0.1758474355301911, -0.1544807803645788]],
          "rqty_const": 1.5916009836873208},
 "max_span": 3450.7901314409773,
 "min_span": 380.3337655393395,
 "n_spans": 3,
 "shrt": {"enabled": false,
          "iprc_MAr_coeffs": [[-0.17770504528991007, -0.020629252555441246],
                              [-0.022600551435615682, 0.4],
                              [0.0766275072512429, 0.18828645659047463]],
          "iprc_const": 1.004181906607206,
          "iqty_MAr_coeffs": [[0.13451024688909807, 0.25843025705935546],
                              [-0.10722153918463873, -0.02745013516479121],
                              [-0.3549832036056171, -0.033184996351010056]],
          "iqty_const": 0.13652555020486348,
          "markup_MAr_coeffs": [[-0.27541523423208036, -0.010630712537653802],
                                [0.08154235204684682, 0.2339495152214565],
                                [0.013513758759348071, -0.2217098814781645]],
          "markup_const": 0.9744635183896746,
          "pbr_limit": 1.1115405011574815,
          "pbr_stop_loss": -0.08404640196811886,
          "rprc_MAr_coeffs": [[0.2079887571250485, -0.3460413475581443],
                              [-0.21520917924100919, -0.25698412884202504],
                              [-0.007188913303825206, -0.056082406625629445]],
          "rprc_PBr_coeffs": [[0.4347062016245295, 0.9503717138610566]],
          "rprc_const": 1.0133400251327305,
          "rqty_MAr_coeffs": [[0.12439271494920401, -0.23497496841981502],
                              [0.26627817994197917, -0.299529773922043],
                              [-0.27701255963780574, -0.2637597479812158]],
          "rqty_const": 0.2838834563171931}}
