{
    "key": "fb50b32ccaefe4fdbb46cf5f4a644a23526025838e705f41fa0d6709082f6ff8",
    "balance_pct": 0.104,
    "ddown_factor": 1.006,
    "do_long": 1.0,
    "do_shrt": 1.0,
    "ema_span": 33355.0,
    "ema_spread": 0.0151,
    "entry_qty_pct": 0.3545,
    "grid_coefficient": 319.48,
    "grid_spacing": 0.00075,
    "leverage": 37.0,
    "max_markup": 0.00891,
    "min_close_qty_multiplier": 0.1,
    "min_markup": 0.00152,
    "n_close_orders": 21.0,
    "stop_loss_liq_diff": 0.0358,
    "stop_loss_pos_price_diff": 0.1244,
    "stop_loss_pos_reduction": 0.093,
    "net_pnl_plus_fees": 383.061498303,
    "profit_sum": 458.37146999999976,
    "loss_sum": 0.0,
    "fee_sum": -75.30997169699982,
    "gain": 4.83061498303,
    "average_daily_gain": 1.0819323866749526,
    "n_days": 20,
    "closest_shrt_liq": 0.18869688667240728,
    "closest_long_liq": 0.33107595735596823,
    "closest_liq": 0.18869688667240728,
    "max_n_hours_between_consec_trades": 32.35465055555556,
    "n_trades": 5468,
    "n_closes": 4845,
    "n_reentries": 26,
    "n_stop_losses": 0,
    "max_drawdown": 0.0005358996515134026,
    "biggest_pos_size": 738.0,
    "seconds_elapsed": 49.247713804244995
}