{
    "net_pnl_plus_fees": 1398.703249459109,
    "profit_sum": 1098.4534749736886,
    "loss_sum": -20.565517828858873,
    "fee_sum": 320.8152923142774,
    "gain": 28.974064989182178,
    "average_daily_gain": 1.0631192686098931,
    "n_days": 55,
    "closest_shrt_liq": 1.0,
    "closest_long_liq": 0.04731416171412548,
    "closest_liq": 0.04731416171412548,
    "max_n_hours_between_consec_trades": 30.89684888888889,
    "n_trades": 7566,
    "n_closes": 5265,
    "n_reentries": 635,
    "n_stop_losses": 2,
    "biggest_pos_size": 9887039.0,
    "do_long": 1.0,
    "do_shrt": 0.0,
    "seconds_elapsed": 5.99856162071228,
    "key": "d5a0cc399999f22b73c441558d44e28fb9547e03b18a9dec017fbc3ca66fea7d",
    "balance_pct": 0.426,
    "ddown_factor": 1.852,
    "ema_span": 10385.0,
    "ema_spread": 0.0103,
    "entry_qty_pct": 0.09807,
    "grid_coefficient": 3.43,
    "grid_spacing": 0.00366,
    "leverage": 11.0,
    "max_markup": 0.01213,
    "min_close_qty_multiplier": 0.4,
    "min_markup": 0.00068,
    "n_close_orders": 19.0,
    "stop_loss_liq_diff": 0.0519,
    "stop_loss_pos_price_diff": 0.1423,
    "stop_loss_pos_reduction": 0.133,
    "index": 1198
}