{"config_name": "binance_btcusd_perp_215days_adg0.27%_bkr30.28%",
 "logging_level": 0,
 "long": {"enabled": true,
          "markup_range": 0.009802737684459922,
          "min_markup": 0.003896308965796933,
          "n_close_orders": 10,
          "primary_ddown_factor": 2.4757894996988883,
          "primary_grid_spacing": 0.020398826935113516,
          "primary_grid_spacing_pbr_weighting": [0.029217798708617276,
                                                 0.01473971948908592],
          "primary_initial_qty_pct": 0.003754230946575077,
          "primary_pbr_limit": 0.5884621766605952,
          "secondary_ddown_factor": 2.8366986456103893,
          "secondary_grid_spacing": 0.10335309671830088,
          "secondary_pbr_limit_added": 0.3982366001548149},
 "shrt": {"enabled": false,
          "markup_range": 0,
          "min_markup": 0.0005,
          "n_close_orders": 10,
          "primary_ddown_factor": 0,
          "primary_grid_spacing": 0.001,
          "primary_grid_spacing_pbr_weighting": [0, 0],
          "primary_initial_qty_pct": 0.0001,
          "primary_pbr_limit": 0.3,
          "secondary_ddown_factor": 0.5,
          "secondary_grid_spacing": 0.05,
          "secondary_pbr_limit_added": 0.2}}
